merchant_id,merchant_name,mcc,merchant_category,business_type,city,state,onboarding_date,settlement_account_last4,merchant_status,declared_avg_ticket_size,mcc_inferred,mcc_missing,ticket_size_negative,ticket_size_missing,settlement_account_missing,onboarding_missing
MCH1001,Anand-Kothari,5411,GROCERY,PARTNERSHIP,Pune,Maharashtra,2026-02-17 06:54:00,XXXX6762,ACTIVE,332.55,True,False,False,False,False,False
MCH1002,"Apte, Saha and Edwin",5812,RESTAURANT,PRIVATE_LIMITED,Bengaluru,Karnataka,2026-01-07 09:01:00,XXXX8596,ACTIVE,1671.2,False,False,False,False,False,False
MCH1003,"Nayar, Batta and Barad",5699,APPAREL,PRIVATE_LIMITED,Chennai,Tamil Nadu,,,ACTIVE,792.91,False,False,False,False,True,True
MCH1004,Pillai-Mohan,4131,TRANSPORT,SOLE_PROPRIETOR,Lucknow,Uttar Pradesh,2023-04-08 00:00:00,XXXX4449,ACTIVE,342.7,False,False,False,False,False,False
MCH1005,SAGAR AND SONS,5912,PHARMACY,PARTNERSHIP,Ludhiana,Punjab,2024-02-06 00:00:00,XXXX9775,ACTIVE,967.53,False,False,False,False,False,False
MCH1007,Jain-Wadhwa,7011,HOTEL,PRIVATE_LIMITED,Chennai,Tamil Nadu,2025-06-30 00:00:00,,INACTIVE,-927.51,False,False,True,False,True,False
MCH1009,Bha11a-Dave,4131,TRANSPORT,INDIVIDUAL,Mumbai,Maharashtra,2024-01-08 00:00:00,XXXX3178,ACTIVE,1496.0,True,False,False,False,False,False
MCH1010,Menon-Andra,5411,GROCERY,PRIVATE_LIMITED,Delhi,Delhi,2024-11-17 00:00:00,XXXX4837,ACTIVE,678.36,True,False,False,False,False,False
MCH1011,Wable and Sons,5411,GROCERY,PRIVATE_LIMITED,Ludhiana,Punjab,2023-11-02 00:00:00,,ACTIVE,6536.07,False,False,False,False,True,False
MCH1014,"Agate, Saxena and Pandit",5311,DEPARTMENT_STORE,PARTNERSHIP,Jalandhar,Punjab,2023-12-21 00:00:00,XXXX9270,ACTIVE,1096.96,False,False,False,False,False,False
MCH1015,Mannan-Subramaniam,7011,HOTEL,INDIVIDUAL,Hyderabad,Telangana,2024-05-19 00:00:00,,ACTIVE,-1116.83,False,False,True,False,True,False
MCH1016,"Mangat, Som and Deshmukh",5942,BOOKS_STATIONERY,INDIVIDUAL,Pune,Maharashtra,2025-02-08 00:00:00,XXXX0615,INACTIVE,756.28,False,False,False,False,False,False
MCH1018,Kannan-Khatri,5311,DEPARTMENT_STORE,INDIVIDUAL,Jalandhar,Punjab,2023-03-19 00:00:00,,ACTIVE,1791.0,False,False,False,False,True,False
MCH1019,Iyer-Thaker,5699,APPAREL,PARTNERSHIP,Kolkata,West Bengal,2025-05-23 00:00:00,XXXX9462,ACTIVE,,False,False,False,True,False,False
MCH1020,Garg-Kale,4131,TRANSPORT,SOLE_PROPRIETOR,Amritsar,Punjab,2023-05-09 00:00:00,,ACTIVE,1015.68,False,False,False,False,True,False
MCH1021,Naik-Karpe,5411,GROCERY,SOLE_PROPRIETOR,Mumbai,Maharashtra,2025-11-16 17:48:36,XXXX7444,ACTIVE,2341.57,False,False,False,False,False,False
MCH1022,Ramesh-Bhat,5999,MISC_RETAIL,PRIVATE_LIMITED,Hyderabad,Telangana,,,ACTIVE,3026.17,True,False,False,False,True,True
MCH1032,Nori-Nigam,7011,HOTEL,SOLE_PROPRIETOR,Pune,Maharashtra,2025-09-21 00:00:00,XXXX9058,ACTIVE,652.29,False,False,False,False,False,False
MCH1033,Sidhu and Sons,4814,TELECOM,INDIVIDUAL,Jalandhar,Punjab,2023-09-11 00:00:00,XXXX9623,ACTIVE,1871.48,False,False,False,False,False,False
MCH1034,DEVI-CHAUDHARI,7011,HOTEL,PRIVATE_LIMITED,Delhi,Delhi,2024-06-17 22:15:00,XXXX9097,ACTIVE,243.38,False,False,False,False,False,False
MCH1035,Minhas-Khatri,5812,RESTAURANT,SOLE_PROPRIETOR,Mumbai,Maharashtra,2024-01-24 00:00:00,XXXX9781,ACTIVE,5777.68,False,False,False,False,False,False
MCH1039,Lal-Barad,4814,TELECOM,SOLE_PROPRIETOR,Lucknow,Uttar Pradesh,2025-07-28 00:43:00,,ACTIVE,3062.03,False,False,False,False,True,False
MCH1040,Krishnan and S0ns,5411,GROCERY,SOLE_PROPRIETOR,Jalandhar,Punjab,2023-01-06 00:00:00,XXXX2531,ACTIVE,1030.03,False,False,False,False,False,False
MCH1041,Pat1a-S0m,5699,APPAREL,PRIVATE_LIMITED,Kolkata,West Bengal,2024-04-21 00:00:00,,ACTIVE,3701.53,True,False,False,False,True,False
MCH1044,"Jha, Salvi and Setty",5311,DEPARTMENT_STORE,PARTNERSHIP,Hyderabad,Telangana,2024-10-28 00:00:00,XXXX6020,ACTIVE,1084.93,False,False,False,False,False,False
MCH1047,Rana-Aurora,4814,TELECOM,PARTNERSHIP,Bengaluru,Karnataka,2023-08-20 01:01:00,XXXX8675,ACTIVE,1003.46,False,False,False,False,False,False
MCH1050,Trivedi-Zachariah,5699,APPAREL,SOLE_PROPRIETOR,Jaipur,Rajasthan,2025-01-30 00:00:00,XXXX9602,ACTIVE,2479.88,False,False,False,False,False,False
MCH1053,"gera, grover and sehgal",4814,TELECOM,INDIVIDUAL,Amritsar,Punjab,2025-02-22 00:00:00,,ACTIVE,-708.11,False,False,True,False,True,False
MCH1054,Cheema Ltd,5311,DEPARTMENT_STORE,PRIVATE_LIMITED,Pune,Maharashtra,2023-05-27 00:00:00,,ACTIVE,868.09,False,False,False,False,True,False
MCH1055,Dhingra-Kapoor,5311,DEPARTMENT_STORE,PARTNERSHIP,Bengaluru,Karnataka,2024-12-30 03:08:34,XXXX6904,ACTIVE,-770.74,False,False,True,False,False,False
MCH1056,Mital-Jhaveri,5311,DEPARTMENT_STORE,PARTNERSHIP,Amritsar,Punjab,2023-09-10 00:09:34,XXXX8589,ACTIVE,5938.05,False,False,False,False,False,False
MCH1058,"Vyas,VirkandDatta",5311,DEPARTMENT_STORE,PARTNERSHIP,Pune,Maharashtra,2023-01-20 00:00:00,XXXX0826,ACTIVE,1504.39,False,False,False,False,False,False
MCH1059,Prasad Ltd,4814,TELECOM,PARTNERSHIP,Hyderabad,Telangana,2023-03-18 00:00:00,XXXX9900,ACTIVE,4187.75,False,False,False,False,False,False
MCH1060,"Subramaniam, Rama and Contractor",4131,TRANSPORT,INDIVIDUAL,Hyderabad,Telangana,2024-05-02 09:00:14,XXXX8468,ACTIVE,480.0,False,False,False,False,False,False
MCH1063,"Samra, Sur and Venkataraman",5999,MISC_RETAIL,PRIVATE_LIMITED,Chennai,Tamil Nadu,2023-06-13 00:00:00,XXXX3551,ACTIVE,1297.7,False,False,False,False,False,False
MCH1064,Nanda Ltd,5812,RESTAURANT,INDIVIDUAL,Amritsar,Punjab,2025-09-09 22:49:04,,ACTIVE,1182.15,False,False,False,False,True,False
MCH1068,Mall-Palan,5999,MISC_RETAIL,SOLE_PROPRIETOR,Jaipur,Rajasthan,2026-02-09 09:23:00,XXXX8422,ACTIVE,663.04,True,False,False,False,False,False
MCH1070,Pandya PLC,5999,MISC_RETAIL,PRIVATE_LIMITED,Chennai,Tamil Nadu,2024-09-03 00:00:00,,ACTIVE,1259.2,False,False,False,False,True,False
MCH1071,"Keer, Roy and Narayanan",5912,PHARMACY,SOLE_PROPRIETOR,Jaipur,Rajasthan,2025-04-17 00:00:00,XXXX5007,ACTIVE,619.21,True,False,False,False,False,False
MCH1072,Kalla-Khalsa,5812,RESTAURANT,PRIVATE_LIMITED,Mumbai,Maharashtra,2025-11-10 00:00:00,,INACTIVE,422.23,False,False,False,False,True,False
MCH1073,"Dasgupta,RayandDara",5912,PHARMACY,PARTNERSHIP,Lucknow,Uttar Pradesh,2024-09-22 00:00:00,XXXX7293,INACTIVE,1002.63,True,False,False,False,False,False
MCH1075,Pingle-Mohan,5912,PHARMACY,SOLE_PROPRIETOR,Ludhiana,Punjab,2025-02-24 00:00:00,XXXX2118,ACTIVE,1639.19,False,False,False,False,False,False
MCH1077,Taneja-Nagar,5411,GROCERY,INDIVIDUAL,Amritsar,Punjab,2026-02-27 00:00:00,XXXX3624,ACTIVE,358.21,False,False,False,False,False,False
MCH1079,Sharaf and Sons,4814,TELECOM,SOLE_PROPRIETOR,Pune,Maharashtra,2023-10-20 00:00:00,,ACTIVE,455.39,True,False,False,False,True,False
MCH1081,Mistry Group,5812,RESTAURANT,PRIVATE_LIMITED,Mumbai,Maharashtra,2025-05-27 00:00:00,XXXX5682,ACTIVE,2299.04,False,False,False,False,False,False
MCH1082,Oommen Inc,7011,HOTEL,PARTNERSHIP,Amritsar,Punjab,,XXXX3820,ACTIVE,833.19,False,False,False,False,False,True
MCH1083,Chaudhry-Bhat,5812,RESTAURANT,SOLE_PROPRIETOR,Jalandhar,Punjab,2025-04-30 00:00:00,XXXX6399,INACTIVE,730.39,False,False,False,False,False,False
MCH1084,Krishnamurthy Inc,5999,MISC_RETAIL,PRIVATE_LIMITED,Jalandhar,Punjab,2025-04-21 00:00:00,XXXX7487,ACTIVE,4469.21,False,False,False,False,False,False
MCH1086,Agrawal-Sule,5699,APPAREL,INDIVIDUAL,Ludhiana,Punjab,2023-11-13 00:00:00,,ACTIVE,1355.59,True,False,False,False,True,False
MCH1087,"Mitter, Sawhney and Luthra",7011,HOTEL,PARTNERSHIP,Chennai,Tamil Nadu,2025-04-19 00:00:00,,INACTIVE,2381.71,False,False,False,False,True,False
MCH1089,RANDHAWA-BARAD,5942,BOOKS_STATIONERY,INDIVIDUAL,Jalandhar,Punjab,2025-06-12 00:00:00,,ACTIVE,8714.78,False,False,False,False,True,False
MCH1093,"dubey, uppal and bhatt",5812,RESTAURANT,PRIVATE_LIMITED,Pune,Maharashtra,2025-04-26 00:00:00,,INACTIVE,4005.67,False,False,False,False,True,False
MCH1095,Mander Group,4814,TELECOM,PARTNERSHIP,Kolkata,West Bengal,2023-01-30 03:08:00,XXXX5510,ACTIVE,1277.94,False,False,False,False,False,False
MCH1096,Subramanian-Prasad,5699,APPAREL,INDIVIDUAL,Hyderabad,Telangana,2025-03-07 02:41:50,,ACTIVE,8373.82,False,False,False,False,True,False
MCH1097,"Narayan, Datta and Chowdhury",5999,MISC_RETAIL,INDIVIDUAL,Lucknow,Uttar Pradesh,2025-05-09 00:00:00,,ACTIVE,343.8,False,False,False,False,True,False
MCH1098,"raval, yadav and yogi",7011,HOTEL,PRIVATE_LIMITED,Jaipur,Rajasthan,2023-12-01 00:00:00,XXXX3614,ACTIVE,181.0,False,False,False,False,False,False
MCH1100,swamy inc,5311,DEPARTMENT_STORE,PARTNERSHIP,Ludhiana,Punjab,2024-08-17 00:00:00,XXXX3237,INACTIVE,2008.22,False,False,False,False,False,False
MCH1101,Mangal Inc,5912,PHARMACY,INDIVIDUAL,Chennai,Tamil Nadu,2023-06-19 00:00:00,XXXX7862,ACTIVE,2025.16,False,False,False,False,False,False
MCH1104,Chander LLC,4814,TELECOM,PRIVATE_LIMITED,Delhi,Delhi,2024-09-05 00:00:00,,ACTIVE,778.62,False,False,False,False,True,False
MCH1106,"Agrawal, Ganguly and Kalla",5411,GROCERY,PRIVATE_LIMITED,Delhi,Delhi,2024-08-25 00:00:00,XXXX5020,ACTIVE,1100.28,False,False,False,False,False,False
MCH1107,Sen-Das,4814,TELECOM,PRIVATE_LIMITED,Chennai,Tamil Nadu,2024-09-16 00:00:00,XXXX1555,ACTIVE,,True,False,False,True,False,False
MCH1109,Solanki Ltd,5311,DEPARTMENT_STORE,PARTNERSHIP,Mumbai,Maharashtra,2023-07-23 00:00:00,XXXX9384,ACTIVE,1262.18,False,False,False,False,False,False
MCH1115,Nadkarni LLC,4131,TRANSPORT,PARTNERSHIP,Jalandhar,Punjab,,,ACTIVE,6943.0,False,False,False,False,True,True
MCH1118,ChokshiInc,4131,TRANSPORT,PARTNERSHIP,Jalandhar,Punjab,2025-07-26 00:00:00,XXXX1304,ACTIVE,590.75,False,False,False,False,False,False
MCH1122,"Rana, Choudhury and Garde",5912,PHARMACY,PARTNERSHIP,Ludhiana,Punjab,2024-11-30 00:00:00,XXXX6047,ACTIVE,4792.92,False,False,False,False,False,False
MCH1124,"Hayre, Chana and Bhasin",5699,APPAREL,SOLE_PROPRIETOR,Jaipur,Rajasthan,2024-05-10 00:00:00,,ACTIVE,843.01,False,False,False,False,True,False
MCH1126,"Nayak, Dhaliwal and Soman",5411,GROCERY,PARTNERSHIP,Jalandhar,Punjab,2026-02-12 00:00:00,,ACTIVE,564.83,False,False,False,False,True,False
MCH1128,Natt-Keer,5999,MISC_RETAIL,SOLE_PROPRIETOR,Hyderabad,Telangana,2026-01-10 12:42:55,XXXX1918,ACTIVE,1028.32,False,False,False,False,False,False
MCH1130,Bhargava-Dara,5311,DEPARTMENT_STORE,INDIVIDUAL,Amritsar,Punjab,2025-06-14 00:00:00,XXXX6086,ACTIVE,2188.62,False,False,False,False,False,False
MCH1132,Cheema Inc,5999,MISC_RETAIL,SOLE_PROPRIETOR,Ludhiana,Punjab,2023-09-10 00:00:00,XXXX7122,ACTIVE,,False,False,False,True,False,False
MCH1133,Shere Ltd,5912,PHARMACY,PARTNERSHIP,Bengaluru,Karnataka,2025-06-10 00:00:00,,ACTIVE,11501.53,False,False,False,False,True,False
MCH1134,"Shenoy, Gokhale and Soman",5411,GROCERY,INDIVIDUAL,Delhi,Delhi,2024-12-11 00:00:00,XXXX5369,ACTIVE,284.86,False,False,False,False,False,False
MCH1136,"bahri, kanda and seth",5942,BOOKS_STATIONERY,PRIVATE_LIMITED,Chennai,Tamil Nadu,2023-07-17 00:00:00,XXXX4885,ACTIVE,896.84,False,False,False,False,False,False
MCH1138,"Shan,BuchandTank",5942,BOOKS_STATIONERY,SOLE_PROPRIETOR,Bengaluru,Karnataka,2024-07-03 21:25:00,XXXX0724,ACTIVE,1369.64,False,False,False,False,False,False
MCH1142,"Master, Soni and Kapadia",4814,TELECOM,SOLE_PROPRIETOR,Chennai,Tamil Nadu,2024-10-06 12:07:57,XXXX1051,ACTIVE,252.13,False,False,False,False,False,False
MCH1143,ARYA-KHANNA,4131,TRANSPORT,SOLE_PROPRIETOR,Jalandhar,Punjab,2023-08-16 00:00:00,XXXX0102,ACTIVE,486.39,False,False,False,False,False,False
MCH1144,Morar-Rattan,5699,APPAREL,SOLE_PROPRIETOR,Jaipur,Rajasthan,2025-01-20 00:00:00,,ACTIVE,1182.28,False,False,False,False,True,False
MCH1147,Dayal-Sabharwal,4814,TELECOM,INDIVIDUAL,Kolkata,West Bengal,2023-11-23 00:00:00,XXXX2380,INACTIVE,939.97,False,False,False,False,False,False
MCH1148,Deep-Manda,4131,TRANSPORT,INDIVIDUAL,Amritsar,Punjab,2025-06-15 00:35:23,,ACTIVE,3461.0,False,False,False,False,True,False
MCH1152,Raman-Choudhury,5411,GROCERY,PARTNERSHIP,Chennai,Tamil Nadu,2025-12-19 00:00:00,XXXX0685,ACTIVE,233.0,True,False,False,False,False,False
MCH1153,"Oommen, Sastry and Varty",5311,DEPARTMENT_STORE,PRIVATE_LIMITED,Amritsar,Punjab,2024-06-17 00:00:00,XXXX3616,ACTIVE,873.51,False,False,False,False,False,False
MCH1154,"oommen, tata and randhawa",7011,HOTEL,PARTNERSHIP,Kolkata,West Bengal,2025-04-18 00:00:00,XXXX6897,ACTIVE,655.3,True,False,False,False,False,False
MCH1155,Sha LLC,4131,TRANSPORT,SOLE_PROPRIETOR,Amritsar,Punjab,2024-03-08 00:00:00,,INACTIVE,1753.08,False,False,False,False,True,False
MCH1159,De Ltd,5942,BOOKS_STATIONERY,INDIVIDUAL,Kolkata,West Bengal,2025-12-05 15:35:26,,ACTIVE,1672.61,False,False,False,False,True,False
MCH1161,"Kuruvilla, Pall and Ravel",5411,GROCERY,PRIVATE_LIMITED,Jalandhar,Punjab,2023-12-29 00:00:00,,ACTIVE,549.82,False,False,False,False,True,False
MCH1162,"Anand, Mistry and Khare",5999,MISC_RETAIL,PRIVATE_LIMITED,Delhi,Delhi,2025-12-02 00:00:00,XXXX2346,ACTIVE,1311.0,False,False,False,False,False,False
MCH1163,"Gour, Comar and Palan",4814,TELECOM,PARTNERSHIP,Ludhiana,Punjab,2025-10-25 00:00:00,XXXX5002,INACTIVE,5449.73,False,False,False,False,False,False
MCH1164,Goda PLC,4131,TRANSPORT,PARTNERSHIP,Ludhiana,Punjab,2025-10-27 00:00:00,,ACTIVE,953.0,False,False,False,False,True,False
MCH1168,"Seshadri, Borah and Sachdeva",5912,PHARMACY,INDIVIDUAL,Pune,Maharashtra,2026-01-04 03:19:25,XXXX5162,ACTIVE,4780.41,True,False,False,False,False,False
MCH1169,Dey-Gupta,5812,RESTAURANT,INDIVIDUAL,Bengaluru,Karnataka,2023-03-17 00:00:00,XXXX3532,ACTIVE,1427.7,False,False,False,False,False,False
MCH1170,"Wali, Bala and Sanghvi",5311,DEPARTMENT_STORE,SOLE_PROPRIETOR,Bengaluru,Karnataka,2023-04-01 15:30:00,,INACTIVE,1109.65,False,False,False,False,True,False
MCH1171,Sampath-Shroff,5912,PHARMACY,PARTNERSHIP,Delhi,Delhi,2026-01-19 05:21:00,,ACTIVE,393.94,False,False,False,False,True,False
MCH1174,Mander-Kari,5411,GROCERY,PARTNERSHIP,Jalandhar,Punjab,2023-05-01 00:00:00,,ACTIVE,1013.97,False,False,False,False,True,False
MCH1177,"Mistry, Savant and Jha",4131,TRANSPORT,SOLE_PROPRIETOR,Amritsar,Punjab,2025-08-29 18:32:00,,ACTIVE,1663.99,False,False,False,False,True,False
MCH1179,Suresh-Chand,5942,BOOKS_STATIONERY,PARTNERSHIP,Chennai,Tamil Nadu,2025-11-19 00:00:00,,ACTIVE,,False,False,False,True,True,False
MCH1180,Sangha and Sons,5411,GROCERY,INDIVIDUAL,Hyderabad,Telangana,2023-11-03 00:00:00,XXXX4983,ACTIVE,993.08,False,False,False,False,False,False
MCH1183,Rajan LLC,5812,RESTAURANT,PRIVATE_LIMITED,Bengaluru,Karnataka,2023-02-02 00:00:00,,ACTIVE,1717.84,False,False,False,False,True,False
MCH1185,"Buch, Barad and Toor",5999,MISC_RETAIL,PARTNERSHIP,Jalandhar,Punjab,2024-06-16 00:00:00,XXXX1490,ACTIVE,2955.34,False,False,False,False,False,False
MCH1188,M0rar Ltd,5912,PHARMACY,INDIVIDUAL,Hyderabad,Telangana,2024-02-19 00:00:00,XXXX1273,ACTIVE,1156.7,False,False,False,False,False,False
MCH1189,"rai, doctor and dar",5699,APPAREL,SOLE_PROPRIETOR,Mumbai,Maharashtra,2024-11-13 20:40:00,XXXX2970,ACTIVE,1513.0,False,False,False,False,False,False
MCH1191,raval ltd,4814,TELECOM,INDIVIDUAL,Kolkata,West Bengal,2023-01-19 00:18:56,,INACTIVE,1670.52,False,False,False,False,True,False
MCH1193,"Padmanabhan, Sekhon and Dhawan",5812,RESTAURANT,PARTNERSHIP,Lucknow,Uttar Pradesh,2025-01-16 00:00:00,,ACTIVE,1712.05,False,False,False,False,True,False
MCH1195,Cherian-Rana,4131,TRANSPORT,SOLE_PROPRIETOR,Jalandhar,Punjab,2025-09-09 00:00:00,,ACTIVE,364.17,False,False,False,False,True,False
MCH1197,"Gaba, Wadhwa and Sahni",5411,GROCERY,PRIVATE_LIMITED,Mumbai,Maharashtra,2024-08-01 00:00:00,XXXX6682,ACTIVE,488.96,False,False,False,False,False,False
MCH1199,Chad-Grewal,5812,RESTAURANT,SOLE_PROPRIETOR,Hyderabad,Telangana,2024-11-22 00:00:00,XXXX8001,ACTIVE,187.18,False,False,False,False,False,False
MCH1200,Vora and Sons,5699,APPAREL,PRIVATE_LIMITED,Pune,Maharashtra,2023-02-08 00:00:00,XXXX0910,ACTIVE,1072.0,True,False,False,False,False,False
MCH1202,KOSHY-BORDE,5311,DEPARTMENT_STORE,PARTNERSHIP,Ludhiana,Punjab,2023-04-27 14:11:10,XXXX6772,ACTIVE,1998.99,False,False,False,False,False,False
MCH1204,Rana Group,5311,DEPARTMENT_STORE,PRIVATE_LIMITED,Jaipur,Rajasthan,2025-05-24 15:30:29,,ACTIVE,733.33,False,False,False,False,True,False
MCH1207,"pillai, oak and barman",5812,RESTAURANT,INDIVIDUAL,Delhi,Delhi,2024-04-11 00:00:00,,ACTIVE,1280.08,False,False,False,False,True,False
MCH1210,"Dua, Buch and Kaul",5942,BOOKS_STATIONERY,PRIVATE_LIMITED,Mumbai,Maharashtra,,XXXX0368,INACTIVE,1903.0,True,False,False,False,False,True
MCH1211,"Munshi, Pai and Sibal",5311,DEPARTMENT_STORE,SOLE_PROPRIETOR,Delhi,Delhi,2023-01-04 00:00:00,XXXX7023,ACTIVE,296.16,False,False,False,False,False,False
MCH1213,Ray LLC,5912,PHARMACY,PARTNERSHIP,Pune,Maharashtra,2024-01-07 18:33:52,XXXX8295,ACTIVE,1556.0,False,False,False,False,False,False
MCH1214,Patel-Bhatti,5311,DEPARTMENT_STORE,INDIVIDUAL,Jalandhar,Punjab,2024-10-05 17:31:40,XXXX0366,ACTIVE,1829.91,False,False,False,False,False,False
MCH1216,Mani Ltd,5999,MISC_RETAIL,SOLE_PROPRIETOR,Amritsar,Punjab,2025-04-05 19:50:02,XXXX4868,ACTIVE,228.0,False,False,False,False,False,False
MCH1219,Buta1a Ltd,5699,APPAREL,SOLE_PROPRIETOR,Lucknow,Uttar Pradesh,2025-10-23 00:00:00,XXXX0262,ACTIVE,1046.51,False,False,False,False,False,False
MCH1221,Nadig-Ray,5942,BOOKS_STATIONERY,INDIVIDUAL,Delhi,Delhi,2024-12-22 00:00:00,XXXX2315,ACTIVE,618.0,False,False,False,False,False,False
MCH1222,Dass-Dugar,5411,GROCERY,SOLE_PROPRIETOR,Kolkata,West Bengal,2023-11-07 18:19:21,,ACTIVE,,False,False,False,True,True,False
MCH1224,setty-sami,5942,BOOKS_STATIONERY,INDIVIDUAL,Kolkata,West Bengal,2023-09-02 05:59:00,XXXX4027,ACTIVE,609.48,False,False,False,False,False,False
MCH1226,"APTE, PINGLE AND PAL",7011,HOTEL,PRIVATE_LIMITED,Hyderabad,Telangana,2024-01-03 00:00:00,,ACTIVE,2290.0,True,False,False,False,True,False
MCH1227,"Madan, More and Pal",5411,GROCERY,SOLE_PROPRIETOR,Hyderabad,Telangana,2025-12-08 00:01:00,XXXX3962,ACTIVE,1078.83,False,False,False,False,False,False
MCH1229,"Sen, Dewan and Tripathi",5942,BOOKS_STATIONERY,PRIVATE_LIMITED,Amritsar,Punjab,2025-02-19 00:00:00,XXXX5791,ACTIVE,2028.74,False,False,False,False,False,False
MCH1233,"Upadhyay, Lall and Kala",5942,BOOKS_STATIONERY,PRIVATE_LIMITED,Pune,Maharashtra,2024-07-19 00:00:00,,ACTIVE,-1465.98,False,False,True,False,True,False
MCH1234,"Shah, Pathak and Bera",7011,HOTEL,PARTNERSHIP,Jaipur,Rajasthan,2025-10-06 00:00:00,,ACTIVE,354.58,True,False,False,False,True,False
MCH1237,Agarwal-Kibe,7011,HOTEL,PARTNERSHIP,Mumbai,Maharashtra,2023-03-30 00:00:00,XXXX8784,ACTIVE,750.84,False,False,False,False,False,False
MCH1243,"Buch, Atwal and Roy",5912,PHARMACY,PARTNERSHIP,Ludhiana,Punjab,2025-06-12 08:43:00,,ACTIVE,1323.94,False,False,False,False,True,False
MCH1245,"Kumer, Varghese and Dhawan",5912,PHARMACY,PARTNERSHIP,Pune,Maharashtra,2023-08-23 00:00:00,,ACTIVE,725.32,True,False,False,False,True,False
MCH1247,"Nayak, Lala and Pillai",5411,GROCERY,SOLE_PROPRIETOR,Bengaluru,Karnataka,2023-01-19 00:00:00,XXXX7765,INACTIVE,677.02,False,False,False,False,False,False
MCH1249,"Garg, Saha and Rattan",5999,MISC_RETAIL,PARTNERSHIP,Jalandhar,Punjab,2023-08-21 00:00:00,,ACTIVE,-854.43,False,False,True,False,True,False
MCH1250,BHARDWAJ-WABLE,4131,TRANSPORT,PRIVATE_LIMITED,Pune,Maharashtra,2025-11-04 10:39:00,,ACTIVE,515.0,False,False,False,False,True,False
MCH1254,Pant-Muni,4131,TRANSPORT,PARTNERSHIP,Delhi,Delhi,2023-10-21 00:00:00,,ACTIVE,781.27,False,False,False,False,True,False
MCH1255,La1a and S0ns,4814,TELECOM,PARTNERSHIP,Kolkata,West Bengal,2023-07-19 00:00:00,XXXX2943,INACTIVE,772.22,False,False,False,False,False,False
MCH1256,Vala Inc,5912,PHARMACY,SOLE_PROPRIETOR,Kolkata,West Bengal,2025-01-17 00:00:00,,INACTIVE,1415.24,False,False,False,False,True,False
MCH1257,Varma-Maharaj,5942,BOOKS_STATIONERY,SOLE_PROPRIETOR,Kolkata,West Bengal,2023-04-15 16:16:00,XXXX1302,ACTIVE,3059.27,False,False,False,False,False,False
MCH1259,"Wagle, Verma and Ramanathan",5912,PHARMACY,PRIVATE_LIMITED,Jaipur,Rajasthan,2025-08-12 00:00:00,,ACTIVE,548.2,True,False,False,False,True,False
MCH1260,KOTHARI-NADKARNI,5699,APPAREL,PRIVATE_LIMITED,Lucknow,Uttar Pradesh,2026-01-15 00:00:00,XXXX4093,ACTIVE,2375.4,False,False,False,False,False,False
MCH1261,"Cheema, Savant and Bakshi",5311,DEPARTMENT_STORE,SOLE_PROPRIETOR,Ludhiana,Punjab,2024-06-03 00:00:00,XXXX5867,INACTIVE,,False,False,False,True,False,False
MCH1262,Lad and Sons,7011,HOTEL,INDIVIDUAL,Jalandhar,Punjab,2025-11-17 01:26:45,XXXX6412,ACTIVE,503.65,False,False,False,False,False,False
MCH1263,Memon-Choudhary,5912,PHARMACY,PRIVATE_LIMITED,Hyderabad,Telangana,2025-11-27 22:51:46,,ACTIVE,1888.17,False,False,False,False,True,False
MCH1267,master-tiwari,4814,TELECOM,PRIVATE_LIMITED,Lucknow,Uttar Pradesh,,,INACTIVE,1213.17,False,False,False,False,True,True
MCH1268,Vyas Ltd,5311,DEPARTMENT_STORE,INDIVIDUAL,Amritsar,Punjab,2023-06-28 00:00:00,,ACTIVE,,False,False,False,True,True,False
MCH1269,SHUKLA PLC,5699,APPAREL,INDIVIDUAL,Hyderabad,Telangana,2025-03-03 19:00:09,,ACTIVE,1758.28,False,False,False,False,True,False
MCH1270,Tiwari and Sons,5311,DEPARTMENT_STORE,PRIVATE_LIMITED,Hyderabad,Telangana,2023-06-02 14:56:50,,ACTIVE,1107.02,False,False,False,False,True,False
MCH1272,Garg Inc,4131,TRANSPORT,PARTNERSHIP,Jaipur,Rajasthan,2023-05-28 22:37:00,XXXX7450,ACTIVE,549.87,False,False,False,False,False,False
MCH1275,Kata Group,7011,HOTEL,PARTNERSHIP,Lucknow,Uttar Pradesh,2025-09-11 07:33:00,XXXX0284,ACTIVE,252.53,False,False,False,False,False,False
MCH1277,Bhatnagar-Borah,5812,RESTAURANT,INDIVIDUAL,Kolkata,West Bengal,,XXXX3586,ACTIVE,3540.87,False,False,False,False,False,True
MCH1280,"Ben, Madan and Dey",5942,BOOKS_STATIONERY,PRIVATE_LIMITED,Lucknow,Uttar Pradesh,2025-06-13 00:00:00,,ACTIVE,1308.81,False,False,False,False,True,False
MCH1285,hayer plc,5912,PHARMACY,INDIVIDUAL,Bengaluru,Karnataka,2023-09-24 07:15:32,,ACTIVE,436.7,False,False,False,False,True,False
MCH1288,"jain, loke and zacharia",4131,TRANSPORT,SOLE_PROPRIETOR,Bengaluru,Karnataka,2023-07-17 08:08:00,XXXX2041,ACTIVE,915.81,False,False,False,False,False,False
MCH1292,Gera-Nayak,7011,HOTEL,SOLE_PROPRIETOR,Chennai,Tamil Nadu,2023-09-25 00:00:00,,ACTIVE,267.0,False,False,False,False,True,False
MCH1293,"Kohli, Rajan and Nair",5699,APPAREL,SOLE_PROPRIETOR,Jaipur,Rajasthan,2023-09-04 06:47:00,XXXX7079,ACTIVE,915.17,False,False,False,False,False,False
MCH1294,Rajagopalan Group,5912,PHARMACY,INDIVIDUAL,Amritsar,Punjab,2024-08-29 05:38:00,XXXX1888,ACTIVE,539.82,False,False,False,False,False,False
MCH1296,Gaba-Rama,5912,PHARMACY,INDIVIDUAL,Delhi,Delhi,2023-01-16 00:00:00,XXXX4996,ACTIVE,2547.8,False,False,False,False,False,False
MCH1297,Luthra and Sons,5411,GROCERY,PRIVATE_LIMITED,Delhi,Delhi,2023-06-12 01:16:32,XXXX6474,ACTIVE,381.86,False,False,False,False,False,False
MCH1298,"Raghavan,ReddyandSangha",5942,BOOKS_STATIONERY,SOLE_PROPRIETOR,Hyderabad,Telangana,2025-04-28 00:00:00,XXXX0353,ACTIVE,364.92,False,False,False,False,False,False
MCH1299,mutti plc,5699,APPAREL,PARTNERSHIP,Jaipur,Rajasthan,2023-06-27 00:00:00,XXXX8078,ACTIVE,605.64,False,False,False,False,False,False
MCH1304,sama ltd,5912,PHARMACY,INDIVIDUAL,Bengaluru,Karnataka,2024-02-27 00:00:00,XXXX3459,ACTIVE,4095.57,False,False,False,False,False,False
MCH1305,Ghose-Batta,4131,TRANSPORT,INDIVIDUAL,Hyderabad,Telangana,2025-12-20 00:00:00,,INACTIVE,380.06,False,False,False,False,True,False
MCH1308,SUBRAMANIAM-SHANKAR,5912,PHARMACY,PARTNERSHIP,Bengaluru,Karnataka,2024-12-28 00:00:00,XXXX8030,INACTIVE,2112.78,False,False,False,False,False,False
MCH1309,"Jhaveri, Dasgupta and Kata",5699,APPAREL,INDIVIDUAL,Mumbai,Maharashtra,2023-09-20 00:00:00,XXXX1715,ACTIVE,929.23,False,False,False,False,False,False
MCH1311,"Dugal, Munshi and Kunda",4814,TELECOM,INDIVIDUAL,Jaipur,Rajasthan,2025-03-27 21:22:00,XXXX7230,ACTIVE,1605.92,False,False,False,False,False,False
MCH1314,"Pant, Mammen and Doctor",5699,APPAREL,INDIVIDUAL,Jaipur,Rajasthan,2023-11-12 16:47:12,,ACTIVE,1045.43,False,False,False,False,True,False
MCH1318,GUPTA LLC,4814,TELECOM,PRIVATE_LIMITED,Jaipur,Rajasthan,,XXXX8505,ACTIVE,,False,False,False,True,False,True
MCH1320,Babu-Khatri,5699,APPAREL,INDIVIDUAL,Kolkata,West Bengal,2023-11-24 10:52:12,XXXX8923,INACTIVE,,False,False,False,True,False,False
MCH1321,Borah-Dhaliwal,7011,HOTEL,SOLE_PROPRIETOR,Amritsar,Punjab,2025-12-06 00:00:00,XXXX0908,ACTIVE,7973.89,False,False,False,False,False,False
MCH1323,DHAR AND SONS,5942,BOOKS_STATIONERY,PARTNERSHIP,Amritsar,Punjab,,XXXX3064,ACTIVE,-3792.9,False,False,True,False,False,True
MCH1324,"EDWIN, SAVANT AND TANDON",7011,HOTEL,PARTNERSHIP,Bengaluru,Karnataka,2026-01-26 00:00:00,,ACTIVE,1192.31,False,False,False,False,True,False
MCH1326,"Chaudhry, Agrawa1 and Sridhar",5942,BOOKS_STATIONERY,SOLE_PROPRIETOR,Bengaluru,Karnataka,2024-05-20 00:00:00,XXXX1760,ACTIVE,177.58,False,False,False,False,False,False
MCH1327,GandhiPLC,5699,APPAREL,SOLE_PROPRIETOR,Lucknow,Uttar Pradesh,2023-11-02 00:00:00,XXXX1458,ACTIVE,902.09,False,False,False,False,False,False
MCH1328,Buch and Sons,7011,HOTEL,SOLE_PROPRIETOR,Chennai,Tamil Nadu,2025-03-28 00:00:00,XXXX7471,ACTIVE,711.0,False,False,False,False,False,False
MCH1331,"Garg, Bobal and Jain",4131,TRANSPORT,INDIVIDUAL,Kolkata,West Bengal,2024-06-29 00:00:00,,ACTIVE,3720.61,False,False,False,False,True,False
MCH1333,Sastry PLC,4814,TELECOM,INDIVIDUAL,Amritsar,Punjab,2025-09-18 18:25:49,XXXX3234,INACTIVE,1548.51,False,False,False,False,False,False
MCH1334,"KALITA, SARRAF AND BHARDWAJ",5999,MISC_RETAIL,INDIVIDUAL,Bengaluru,Karnataka,2025-09-28 00:00:00,XXXX6498,ACTIVE,1780.83,False,False,False,False,False,False
MCH1335,"Wagle, Kamdar and Mallick",7011,HOTEL,SOLE_PROPRIETOR,Mumbai,Maharashtra,2024-03-05 01:55:00,XXXX0853,INACTIVE,398.0,False,False,False,False,False,False
MCH1336,Tandon-Pant,5311,DEPARTMENT_STORE,SOLE_PROPRIETOR,Jaipur,Rajasthan,2025-09-04 05:40:18,XXXX0833,ACTIVE,991.0,False,False,False,False,False,False
MCH1340,"Dash, Saxena and Kara",4131,TRANSPORT,PRIVATE_LIMITED,Hyderabad,Telangana,2024-04-03 00:00:00,,INACTIVE,4203.63,False,False,False,False,True,False
MCH1343,"Madan,TrivediandGanguly",5699,APPAREL,INDIVIDUAL,Bengaluru,Karnataka,2025-10-15 00:00:00,XXXX2769,ACTIVE,1927.76,True,False,False,False,False,False
MCH1345,Bhat Inc,5311,DEPARTMENT_STORE,PRIVATE_LIMITED,Hyderabad,Telangana,2025-01-28 00:00:00,XXXX9759,ACTIVE,1702.79,False,False,False,False,False,False
MCH1347,D’ALIA GROUP,7011,HOTEL,PRIVATE_LIMITED,Chennai,Tamil Nadu,2023-07-02 00:00:00,XXXX4418,ACTIVE,1739.0,False,False,False,False,False,False
MCH1349,Bahri and Sons,5912,PHARMACY,INDIVIDUAL,Hyderabad,Telangana,2025-06-08 00:00:00,XXXX2214,ACTIVE,2320.2,False,False,False,False,False,False
MCH1350,"KRISHNAMURTHY, DUTT AND SURA",4814,TELECOM,PARTNERSHIP,Mumbai,Maharashtra,2024-07-25 00:00:00,XXXX3878,ACTIVE,1360.18,False,False,False,False,False,False
MCH1352,"Bandi, Soman and Manne",5812,RESTAURANT,INDIVIDUAL,Jalandhar,Punjab,2026-01-28 00:00:00,,ACTIVE,4146.0,False,False,False,False,True,False
MCH1353,Chada and Sons,4131,TRANSPORT,PARTNERSHIP,Jaipur,Rajasthan,2023-11-25 07:19:00,,ACTIVE,2641.0,False,False,False,False,True,False
MCH1358,"CHAUDRY, BARAL AND MODI",4131,TRANSPORT,INDIVIDUAL,Ludhiana,Punjab,2025-06-07 00:00:00,XXXX3110,ACTIVE,2115.38,False,False,False,False,False,False
MCH1359,Palan-Minhas,5699,APPAREL,INDIVIDUAL,Chennai,Tamil Nadu,2024-08-24 00:00:00,,ACTIVE,1891.91,True,False,False,False,True,False
MCH1363,Rattan-Shere,7011,HOTEL,SOLE_PROPRIETOR,Chennai,Tamil Nadu,2025-08-19 00:00:00,,ACTIVE,926.5,False,False,False,False,True,False
MCH1364,kumar llc,5942,BOOKS_STATIONERY,PARTNERSHIP,Jalandhar,Punjab,2023-04-15 00:00:00,XXXX2838,ACTIVE,1017.95,False,False,False,False,False,False
MCH1365,Ahluwalia-Choudhary,5311,DEPARTMENT_STORE,PRIVATE_LIMITED,Ludhiana,Punjab,2023-10-03 00:00:00,XXXX5844,ACTIVE,4292.21,False,False,False,False,False,False
MCH1366,"shah, roy and srinivasan",5411,GROCERY,SOLE_PROPRIETOR,Kolkata,West Bengal,2023-08-03 07:31:06,XXXX8837,ACTIVE,935.11,True,False,False,False,False,False
MCH1370,Wable LLC,4814,TELECOM,PRIVATE_LIMITED,Jalandhar,Punjab,2023-11-19 00:00:00,XXXX4838,ACTIVE,3898.88,False,False,False,False,False,False
MCH1375,"sahota, johal and shanker",5411,GROCERY,INDIVIDUAL,Jalandhar,Punjab,2025-03-02 00:00:00,XXXX8619,INACTIVE,1836.94,False,False,False,False,False,False
MCH1377,Sinha-Gaba,5411,GROCERY,PRIVATE_LIMITED,Pune,Maharashtra,2025-12-04 06:37:25,XXXX9909,INACTIVE,1471.43,False,False,False,False,False,False
MCH1378,Patil-Deshmukh,5311,DEPARTMENT_STORE,PRIVATE_LIMITED,Chennai,Tamil Nadu,2023-10-09 00:00:00,XXXX6111,ACTIVE,387.99,False,False,False,False,False,False
MCH1379,Chokshi Ltd,5912,PHARMACY,INDIVIDUAL,Chennai,Tamil Nadu,2024-01-23 00:00:00,XXXX4340,ACTIVE,2729.5,False,False,False,False,False,False
MCH1380,Mahal-Khare,5999,MISC_RETAIL,PRIVATE_LIMITED,Mumbai,Maharashtra,2025-02-23 00:44:00,XXXX5068,ACTIVE,3004.0,False,False,False,False,False,False
MCH1383,dubey group,5411,GROCERY,INDIVIDUAL,Hyderabad,Telangana,2023-09-03 16:33:00,XXXX1187,ACTIVE,,True,False,False,True,False,False
MCH1384,Naidu-Bhatti,5812,RESTAURANT,INDIVIDUAL,Ludhiana,Punjab,2024-03-04 00:00:00,,ACTIVE,3910.34,False,False,False,False,True,False
MCH1387,HANDA-TALWAR,4131,TRANSPORT,SOLE_PROPRIETOR,Lucknow,Uttar Pradesh,2023-10-05 03:18:00,,ACTIVE,754.0,False,False,False,False,True,False
MCH1388,"Kala, Kunda and Pandit",5912,PHARMACY,SOLE_PROPRIETOR,Bengaluru,Karnataka,2025-07-22 00:00:00,XXXX1143,ACTIVE,3155.43,False,False,False,False,False,False
MCH1389,munshi-behl,5411,GROCERY,INDIVIDUAL,Pune,Maharashtra,2023-06-17 00:00:00,,ACTIVE,3913.0,False,False,False,False,True,False
MCH1391,"Kale, Shroff and Barad",7011,HOTEL,INDIVIDUAL,Kolkata,West Bengal,2025-10-31 06:57:00,,INACTIVE,2757.0,False,False,False,False,True,False
MCH1392,Johal-Gaba,5912,PHARMACY,PRIVATE_LIMITED,Pune,Maharashtra,2024-02-20 00:00:00,XXXX9354,INACTIVE,4352.7,False,False,False,False,False,False
MCH1393,HEGDE-BAHRI,5912,PHARMACY,PARTNERSHIP,Ludhiana,Punjab,2024-11-15 00:00:00,XXXX5450,ACTIVE,6478.07,False,False,False,False,False,False
MCH1395,Venkatesh LLC,5812,RESTAURANT,PARTNERSHIP,Lucknow,Uttar Pradesh,2023-04-16 01:21:59,XXXX8547,ACTIVE,641.0,False,False,False,False,False,False
MCH1397,Memon LLC,5942,BOOKS_STATIONERY,PRIVATE_LIMITED,Bengaluru,Karnataka,2025-04-18 00:00:00,XXXX0515,ACTIVE,1062.38,True,False,False,False,False,False
MCH1400,Kapoor-Bhalla,5699,APPAREL,PARTNERSHIP,Chennai,Tamil Nadu,2023-05-17 00:00:00,,ACTIVE,913.08,False,False,False,False,True,False
MCH1401,Din and Sons,5411,GROCERY,INDIVIDUAL,Amritsar,Punjab,2025-07-20 20:31:24,XXXX4397,ACTIVE,286.09,False,False,False,False,False,False
MCH1405,chandra inc,5311,DEPARTMENT_STORE,PARTNERSHIP,Ludhiana,Punjab,2026-02-10 00:00:00,XXXX5460,INACTIVE,1248.0,False,False,False,False,False,False
MCH1406,Parmer-Goswami,7011,HOTEL,PRIVATE_LIMITED,Bengaluru,Karnataka,2024-07-11 00:00:00,XXXX3050,ACTIVE,2632.53,False,False,False,False,False,False
MCH1409,Baral LLC,5912,PHARMACY,INDIVIDUAL,Hyderabad,Telangana,2023-03-06 00:00:00,,ACTIVE,-1891.12,False,False,True,False,True,False
MCH1417,"sekhon, parsa and bandi",4814,TELECOM,SOLE_PROPRIETOR,Mumbai,Maharashtra,2026-01-26 00:00:00,,ACTIVE,1501.66,False,False,False,False,True,False
MCH1420,Aggarwal-Garde,4131,TRANSPORT,SOLE_PROPRIETOR,Mumbai,Maharashtra,2024-03-18 00:00:00,XXXX4337,ACTIVE,830.85,False,False,False,False,False,False
MCH1422,Merchant and Sons,5912,PHARMACY,INDIVIDUAL,Hyderabad,Telangana,2023-04-25 00:00:00,,ACTIVE,4074.0,False,False,False,False,True,False
MCH1424,"GOEL, BALAY AND DUA",7011,HOTEL,PRIVATE_LIMITED,Jalandhar,Punjab,2025-10-19 00:36:54,,ACTIVE,5339.46,False,False,False,False,True,False
MCH1428,De-Natarajan,4131,TRANSPORT,INDIVIDUAL,Mumbai,Maharashtra,2025-12-30 00:00:00,XXXX4750,ACTIVE,1289.0,False,False,False,False,False,False
MCH1429,Pal Ltd,5411,GROCERY,INDIVIDUAL,Jaipur,Rajasthan,2024-10-13 00:00:00,XXXX1285,ACTIVE,258.0,False,False,False,False,False,False
MCH1430,"Bhavsar, Dora and Singh",5812,RESTAURANT,PRIVATE_LIMITED,Delhi,Delhi,2024-03-07 00:00:00,,ACTIVE,238.76,False,False,False,False,True,False
MCH1434,Kale and Sons,5812,RESTAURANT,PRIVATE_LIMITED,Jalandhar,Punjab,2023-04-25 00:00:00,XXXX9067,ACTIVE,985.73,False,False,False,False,False,False
MCH1438,Pandit-Menon,5999,MISC_RETAIL,PARTNERSHIP,Bengaluru,Karnataka,2023-11-22 00:00:00,XXXX5594,ACTIVE,409.59,False,False,False,False,False,False
MCH1439,Chawla Ltd,4131,TRANSPORT,INDIVIDUAL,Chennai,Tamil Nadu,2023-05-10 00:00:00,XXXX4366,ACTIVE,6190.53,True,False,False,False,False,False
MCH1441,"Kakar, Parsa and Sodhi",5999,MISC_RETAIL,PARTNERSHIP,Lucknow,Uttar Pradesh,2024-06-09 00:00:00,XXXX3512,ACTIVE,1723.15,False,False,False,False,False,False
MCH1442,Wadhwa-Walla,7011,HOTEL,PRIVATE_LIMITED,Pune,Maharashtra,2025-12-13 00:00:00,,ACTIVE,1483.74,False,False,False,False,True,False
MCH1443,Swamy PLC,5999,MISC_RETAIL,PRIVATE_LIMITED,Lucknow,Uttar Pradesh,2023-06-10 00:00:00,,INACTIVE,209.63,False,False,False,False,True,False
MCH1445,Wali PLC,5411,GROCERY,SOLE_PROPRIETOR,Hyderabad,Telangana,2023-11-09 17:23:59,XXXX3198,ACTIVE,1200.0,False,False,False,False,False,False
MCH1446,Sunder-Sathe,5311,DEPARTMENT_STORE,SOLE_PROPRIETOR,Chennai,Tamil Nadu,2024-11-18 00:00:00,XXXX0028,ACTIVE,3885.08,False,False,False,False,False,False
MCH1447,"Dara, Om and Chaudhry",5699,APPAREL,PRIVATE_LIMITED,Bengaluru,Karnataka,2023-04-29 00:00:00,XXXX1882,INACTIVE,373.0,False,False,False,False,False,False
MCH1448,TAK AND SONS,5999,MISC_RETAIL,SOLE_PROPRIETOR,Mumbai,Maharashtra,2024-03-30 02:02:17,XXXX9348,ACTIVE,2897.23,False,False,False,False,False,False
MCH1449,"Chadha, Ramakrishnan and Badami",7011,HOTEL,PARTNERSHIP,Hyderabad,Telangana,2023-09-28 15:52:52,,INACTIVE,1634.83,False,False,False,False,True,False
MCH1450,"HORA, KUNDA AND DANI",5311,DEPARTMENT_STORE,SOLE_PROPRIETOR,Ludhiana,Punjab,2023-10-30 00:00:00,XXXX1537,INACTIVE,1853.9,False,False,False,False,False,False
MCH1454,Mishra-Batra,5999,MISC_RETAIL,SOLE_PROPRIETOR,Hyderabad,Telangana,2025-12-02 20:43:00,XXXX8660,ACTIVE,163.44,False,False,False,False,False,False
MCH1456,Madan-Ganesh,5699,APPAREL,INDIVIDUAL,Amritsar,Punjab,2025-11-01 00:00:00,,ACTIVE,,False,False,False,True,True,False
MCH1457,Shetty Group,5999,MISC_RETAIL,INDIVIDUAL,Jalandhar,Punjab,2025-07-11 00:00:00,XXXX5554,ACTIVE,1159.43,False,False,False,False,False,False
MCH1458,Chatterjee-Saran,5311,DEPARTMENT_STORE,SOLE_PROPRIETOR,Jalandhar,Punjab,2025-05-09 00:00:00,XXXX1187,INACTIVE,658.54,True,False,False,False,False,False
MCH1459,"Palla, Saini and Date",7011,HOTEL,INDIVIDUAL,Ludhiana,Punjab,2024-02-20 00:00:00,,INACTIVE,1582.79,False,False,False,False,True,False
MCH1462,Swamy Inc,5912,PHARMACY,PRIVATE_LIMITED,Jalandhar,Punjab,2023-09-13 00:00:00,XXXX3880,INACTIVE,1411.0,False,False,False,False,False,False
MCH1465,"Shah, Solanki and Rajagopalan",5699,APPAREL,INDIVIDUAL,Lucknow,Uttar Pradesh,2024-10-04 00:00:00,XXXX9396,INACTIVE,725.72,False,False,False,False,False,False
MCH1469,"CHOUDHURY, JANI AND RAMASWAMY",5942,BOOKS_STATIONERY,SOLE_PROPRIETOR,Bengaluru,Karnataka,2025-03-28 00:00:00,XXXX9996,ACTIVE,416.0,False,False,False,False,False,False
MCH1473,Lata-Khurana,5912,PHARMACY,PARTNERSHIP,Hyderabad,Telangana,,,INACTIVE,326.76,True,False,False,False,True,True
MCH1474,"sami, sur and tank",4131,TRANSPORT,PRIVATE_LIMITED,Pune,Maharashtra,,XXXX6224,ACTIVE,1645.61,False,False,False,False,False,True
MCH1475,"Bora, Bhakta and Aurora",5311,DEPARTMENT_STORE,PRIVATE_LIMITED,Kolkata,West Bengal,2024-06-11 00:00:00,XXXX8979,ACTIVE,1652.87,True,False,False,False,False,False
MCH1477,Ahluwalia-Devan,5912,PHARMACY,PARTNERSHIP,Jaipur,Rajasthan,2024-04-15 00:00:00,XXXX2364,ACTIVE,551.17,False,False,False,False,False,False
MCH1478,Sah0ta LLC,5912,PHARMACY,INDIVIDUAL,Jaipur,Rajasthan,2024-09-12 18:14:03,XXXX4172,INACTIVE,2037.0,False,False,False,False,False,False
MCH1479,"Mandal, Barad and Srinivasan",5942,BOOKS_STATIONERY,PARTNERSHIP,Kolkata,West Bengal,2025-07-27 00:00:00,XXXX4686,ACTIVE,,False,False,False,True,False,False
MCH1480,Bala-Magar,5999,MISC_RETAIL,INDIVIDUAL,Hyderabad,Telangana,,,ACTIVE,,False,False,False,True,True,True
MCH1482,"Bahri,SarinandHora",5999,MISC_RETAIL,PARTNERSHIP,Hyderabad,Telangana,2024-01-26 00:00:00,XXXX8944,INACTIVE,1651.0,False,False,False,False,False,False
MCH1483,Mohan-Kari,5942,BOOKS_STATIONERY,PRIVATE_LIMITED,Amritsar,Punjab,2026-02-11 00:00:00,XXXX3338,ACTIVE,1901.08,False,False,False,False,False,False
MCH1484,"Uppal, Butala and Tata",7011,HOTEL,INDIVIDUAL,Bengaluru,Karnataka,2025-02-18 00:00:00,,ACTIVE,-3825.1,False,False,True,False,True,False
MCH1488,"Chada, Gopal and Rajagopal",4814,TELECOM,SOLE_PROPRIETOR,Jaipur,Rajasthan,2026-01-02 00:00:00,,ACTIVE,1905.0,False,False,False,False,True,False
MCH1491,Tripathi Ltd,5699,APPAREL,PRIVATE_LIMITED,Kolkata,West Bengal,2024-06-20 00:00:00,XXXX2255,ACTIVE,-1820.04,False,False,True,False,False,False
MCH1492,Ganesan LLC,5999,MISC_RETAIL,PARTNERSHIP,Hyderabad,Telangana,2023-08-19 12:27:00,XXXX1196,ACTIVE,3316.76,False,False,False,False,False,False
MCH1493,"Kar, Nath and Koshy",5942,BOOKS_STATIONERY,INDIVIDUAL,Bengaluru,Karnataka,2023-01-28 00:00:00,XXXX9866,ACTIVE,,False,False,False,True,False,False
MCH1494,Joshi-Bala,5311,DEPARTMENT_STORE,SOLE_PROPRIETOR,Mumbai,Maharashtra,2023-12-07 00:00:00,XXXX5210,ACTIVE,997.33,False,False,False,False,False,False
MCH1497,Lanka PLC,5912,PHARMACY,PRIVATE_LIMITED,Amritsar,Punjab,2025-09-24 00:00:00,,ACTIVE,1817.0,False,False,False,False,True,False
MCH1498,Deo-Mand,5999,MISC_RETAIL,SOLE_PROPRIETOR,Chennai,Tamil Nadu,2025-03-01 00:00:00,,ACTIVE,1460.33,False,False,False,False,True,False
MCH1501,Anand-Bhatt,4814,TELECOM,PARTNERSHIP,Hyderabad,Telangana,2025-11-07 00:00:00,XXXX2933,ACTIVE,4185.6,False,False,False,False,False,False
MCH1506,GANDHI-LOKE,5912,PHARMACY,PARTNERSHIP,Chennai,Tamil Nadu,2024-06-13 17:59:00,,ACTIVE,967.0,False,False,False,False,True,False
MCH1509,"Rajan, Dash and Bora",4131,TRANSPORT,PRIVATE_LIMITED,Amritsar,Punjab,2025-04-26 00:00:00,,INACTIVE,806.0,True,False,False,False,True,False
MCH1514,"Lata, Raja and Parsa",5311,DEPARTMENT_STORE,PRIVATE_LIMITED,Jalandhar,Punjab,2024-06-14 17:26:04,XXXX1457,ACTIVE,553.18,False,False,False,False,False,False
MCH1515,"MALL, KARA AND SASTRY",5699,APPAREL,PARTNERSHIP,Hyderabad,Telangana,2024-07-19 00:00:00,XXXX1658,ACTIVE,,False,False,False,True,False,False
MCH1516,LOYAL AND SONS,5999,MISC_RETAIL,PRIVATE_LIMITED,Ludhiana,Punjab,2023-01-12 14:16:00,XXXX1307,ACTIVE,1471.99,False,False,False,False,False,False
MCH1518,"Deol, Mand and Bhattacharyya",4131,TRANSPORT,PARTNERSHIP,Jaipur,Rajasthan,2023-09-17 16:16:07,,INACTIVE,862.0,False,False,False,False,True,False
MCH1522,Mody Inc,5912,PHARMACY,SOLE_PROPRIETOR,Jaipur,Rajasthan,2024-08-04 00:00:00,,ACTIVE,631.57,False,False,False,False,True,False
MCH1525,sant-bhavsar,5942,BOOKS_STATIONERY,INDIVIDUAL,Jaipur,Rajasthan,2023-09-10 00:00:00,XXXX7524,ACTIVE,754.82,False,False,False,False,False,False
MCH1526,CHOWDHURY AND SONS,4814,TELECOM,SOLE_PROPRIETOR,Bengaluru,Karnataka,2023-07-14 00:00:00,XXXX8357,ACTIVE,2697.93,False,False,False,False,False,False
MCH1529,"Sangha,BanerjeeandSengupta",7011,HOTEL,PRIVATE_LIMITED,Ludhiana,Punjab,2023-02-06 00:00:00,,INACTIVE,1257.59,False,False,False,False,True,False
MCH1530,Parmer-Bath,5699,APPAREL,INDIVIDUAL,Lucknow,Uttar Pradesh,2024-04-29 00:00:00,XXXX6055,ACTIVE,375.02,False,False,False,False,False,False
MCH1531,Savant and Sons,7011,HOTEL,PRIVATE_LIMITED,Delhi,Delhi,2026-02-10 00:00:00,,INACTIVE,1019.94,False,False,False,False,True,False
MCH1532,sarna-kota,5999,MISC_RETAIL,PRIVATE_LIMITED,Delhi,Delhi,2024-10-21 00:00:00,,ACTIVE,4843.68,False,False,False,False,True,False
MCH1533,Wason and Sons,5812,RESTAURANT,PARTNERSHIP,Amritsar,Punjab,2025-03-27 07:32:49,,INACTIVE,419.64,False,False,False,False,True,False
MCH1534,"MERCHANT, SARNA AND KORPAL",5912,PHARMACY,PRIVATE_LIMITED,Hyderabad,Telangana,2023-04-02 14:45:00,,INACTIVE,3752.5,False,False,False,False,True,False
MCH1537,Goswami-Sibal,5812,RESTAURANT,PARTNERSHIP,Hyderabad,Telangana,2023-04-05 00:00:00,XXXX4176,ACTIVE,360.35,False,False,False,False,False,False
MCH1540,DAVE LLC,5942,BOOKS_STATIONERY,SOLE_PROPRIETOR,Mumbai,Maharashtra,2024-05-21 00:00:00,,ACTIVE,525.0,False,False,False,False,True,False
MCH1541,Bhattacharyya-Hans,7011,HOTEL,PRIVATE_LIMITED,Kolkata,West Bengal,2024-03-24 00:00:00,XXXX2848,ACTIVE,621.01,False,False,False,False,False,False
MCH1543,Parmer Group,4131,TRANSPORT,INDIVIDUAL,Hyderabad,Telangana,2025-02-04 20:13:00,,ACTIVE,1064.76,False,False,False,False,True,False
MCH1551,malhotra-subramanian,5812,RESTAURANT,PARTNERSHIP,Pune,Maharashtra,2024-06-13 00:00:00,,ACTIVE,1909.07,False,False,False,False,True,False
MCH1552,uppal plc,4131,TRANSPORT,SOLE_PROPRIETOR,Hyderabad,Telangana,,,ACTIVE,1136.0,False,False,False,False,True,True
MCH1553,basu-varma,5942,BOOKS_STATIONERY,SOLE_PROPRIETOR,Kolkata,West Bengal,,,ACTIVE,1630.0,False,False,False,False,True,True
MCH1555,Raj LLC,5942,BOOKS_STATIONERY,INDIVIDUAL,Pune,Maharashtra,2023-04-23 00:00:00,,ACTIVE,602.0,False,False,False,False,True,False
MCH1558,Shroff-Khanna,4814,TELECOM,PARTNERSHIP,Bengaluru,Karnataka,2023-01-20 12:52:42,,ACTIVE,1953.35,False,False,False,False,True,False
MCH1561,Gera-Kota,5942,BOOKS_STATIONERY,SOLE_PROPRIETOR,Jaipur,Rajasthan,2024-06-15 00:00:00,XXXX1390,INACTIVE,530.0,False,False,False,False,False,False
MCH1563,Mandal-Biswas,4814,TELECOM,PARTNERSHIP,Jaipur,Rajasthan,2023-11-10 00:00:00,XXXX1568,INACTIVE,-376.51,False,False,True,False,False,False
MCH1567,Bhargava-Bora,5812,RESTAURANT,PRIVATE_LIMITED,Jalandhar,Punjab,2024-12-20 00:00:00,XXXX0981,ACTIVE,101.33,False,False,False,False,False,False
MCH1568,Chandran Ltd,7011,HOTEL,SOLE_PROPRIETOR,Lucknow,Uttar Pradesh,2024-09-04 00:00:00,,ACTIVE,3618.31,False,False,False,False,True,False
MCH1569,"Bal, Wali and Sheth",4814,TELECOM,PRIVATE_LIMITED,Chennai,Tamil Nadu,2025-10-11 00:00:00,XXXX9971,ACTIVE,1678.57,False,False,False,False,False,False
MCH1571,"Rao, Viswanathan and Joshi",4131,TRANSPORT,SOLE_PROPRIETOR,Chennai,Tamil Nadu,2023-08-03 04:40:51,,ACTIVE,866.2,False,False,False,False,True,False
MCH1573,"Tailor, Som and Soni",4814,TELECOM,PARTNERSHIP,Jalandhar,Punjab,2023-12-11 00:00:00,,ACTIVE,540.2,False,False,False,False,True,False
MCH1578,gala ltd,5999,MISC_RETAIL,INDIVIDUAL,Bengaluru,Karnataka,2023-04-13 00:00:00,,ACTIVE,446.42,False,False,False,False,True,False
MCH1580,"Subramaniam, Krishnamurthy and Din",5999,MISC_RETAIL,SOLE_PROPRIETOR,Kolkata,West Bengal,2025-08-01 00:00:00,XXXX4680,ACTIVE,2992.77,False,False,False,False,False,False
MCH1581,"Nayak, Verma and Sawhney",5311,DEPARTMENT_STORE,PARTNERSHIP,Mumbai,Maharashtra,2025-01-11 00:00:00,,ACTIVE,3655.93,False,False,False,False,True,False
MCH1583,SARIN-MORE,5812,RESTAURANT,PRIVATE_LIMITED,Amritsar,Punjab,2023-10-05 00:00:00,XXXX5303,ACTIVE,1435.48,False,False,False,False,False,False
MCH1585,Khalsa-Kulkarni,5311,DEPARTMENT_STORE,PARTNERSHIP,Delhi,Delhi,2023-05-22 00:00:00,XXXX6587,ACTIVE,3398.13,False,False,False,False,False,False
MCH1587,Srivastava-Saha,5912,PHARMACY,PRIVATE_LIMITED,Kolkata,West Bengal,,XXXX9260,ACTIVE,1502.0,False,False,False,False,False,True
MCH1588,Doctor Ltd,4131,TRANSPORT,INDIVIDUAL,Ludhiana,Punjab,2025-07-27 00:00:00,XXXX2866,INACTIVE,1791.21,False,False,False,False,False,False
MCH1591,Ramaswamy-Babu,5311,DEPARTMENT_STORE,PARTNERSHIP,Amritsar,Punjab,2024-04-18 00:00:00,,ACTIVE,1638.46,False,False,False,False,True,False
MCH1592,AgateInc,5311,DEPARTMENT_STORE,PRIVATE_LIMITED,Hyderabad,Telangana,2025-01-30 02:00:41,XXXX6046,INACTIVE,1072.45,False,False,False,False,False,False
MCH1593,Wali-Murthy,5999,MISC_RETAIL,SOLE_PROPRIETOR,Bengaluru,Karnataka,2026-02-23 12:14:26,XXXX7216,ACTIVE,15388.22,False,False,False,False,False,False
MCH1594,Bera Inc,5999,MISC_RETAIL,PRIVATE_LIMITED,Amritsar,Punjab,2024-09-05 00:00:00,XXXX5213,ACTIVE,2187.43,False,False,False,False,False,False
MCH1599,RASTOGI-KUMER,5311,DEPARTMENT_STORE,PARTNERSHIP,Jalandhar,Punjab,2025-12-25 00:00:00,XXXX0848,ACTIVE,361.82,False,False,False,False,False,False
MCH1600,"warrior, anand and kata",5311,DEPARTMENT_STORE,INDIVIDUAL,Chennai,Tamil Nadu,2025-10-07 00:00:00,XXXX3478,ACTIVE,2937.03,False,False,False,False,False,False
MCH1605,"Patla, Thaman and Chatterjee",4131,TRANSPORT,PARTNERSHIP,Bengaluru,Karnataka,2025-09-22 00:00:00,XXXX0679,ACTIVE,932.8,False,False,False,False,False,False
MCH1609,Ram-Palla,4814,TELECOM,PRIVATE_LIMITED,Mumbai,Maharashtra,2023-07-17 21:30:00,XXXX6822,ACTIVE,554.3,False,False,False,False,False,False
MCH1610,Sodhi-Parekh,5411,GROCERY,PARTNERSHIP,Amritsar,Punjab,,XXXX7277,ACTIVE,1488.13,False,False,False,False,False,True
MCH1611,Karan-Kibe,5411,GROCERY,SOLE_PROPRIETOR,Jalandhar,Punjab,2024-03-06 00:00:00,,ACTIVE,343.64,True,False,False,False,True,False
MCH1612,"Andra, Chana and Saha",5812,RESTAURANT,SOLE_PROPRIETOR,Lucknow,Uttar Pradesh,2025-10-27 00:00:00,XXXX5332,INACTIVE,655.56,False,False,False,False,False,False
MCH1616,"Suresh, Borra and Ganesh",4814,TELECOM,INDIVIDUAL,Chennai,Tamil Nadu,2023-11-10 00:00:00,,ACTIVE,2818.0,False,False,False,False,True,False
MCH1617,Cherian LLC,5311,DEPARTMENT_STORE,INDIVIDUAL,Hyderabad,Telangana,2024-02-09 07:13:57,XXXX5477,ACTIVE,-11340.36,False,False,True,False,False,False
MCH1618,Muni Ltd,5812,RESTAURANT,INDIVIDUAL,Delhi,Delhi,2023-11-01 18:31:16,,ACTIVE,1051.73,False,False,False,False,True,False
MCH1619,DIVAN-BHATTI,5912,PHARMACY,SOLE_PROPRIETOR,Delhi,Delhi,2025-12-24 00:00:00,,ACTIVE,477.85,False,False,False,False,True,False
MCH1621,pandey-soni,5812,RESTAURANT,SOLE_PROPRIETOR,Pune,Maharashtra,2023-11-15 00:00:00,XXXX4420,INACTIVE,769.0,False,False,False,False,False,False
MCH1625,"Bora, Hayer and Koshy",5999,MISC_RETAIL,INDIVIDUAL,Bengaluru,Karnataka,2024-10-24 00:32:36,XXXX7298,ACTIVE,-1201.74,True,False,True,False,False,False
MCH1626,"Pau, Iyengar and Khare",5999,MISC_RETAIL,SOLE_PROPRIETOR,Delhi,Delhi,2025-07-12 00:00:00,XXXX6353,ACTIVE,550.42,False,False,False,False,False,False
MCH1627,DUA LTD,5999,MISC_RETAIL,PRIVATE_LIMITED,Lucknow,Uttar Pradesh,2024-07-31 00:00:00,,ACTIVE,160.25,False,False,False,False,True,False
MCH1628,"rao, buch and kala",5912,PHARMACY,INDIVIDUAL,Lucknow,Uttar Pradesh,2025-01-08 16:04:25,,ACTIVE,789.95,False,False,False,False,True,False
MCH1630,Yogi-Agate,5942,BOOKS_STATIONERY,PARTNERSHIP,Kolkata,West Bengal,2023-10-31 00:00:00,XXXX1041,ACTIVE,444.27,False,False,False,False,False,False
MCH1636,"Natt, Mitter and Oza",7011,HOTEL,SOLE_PROPRIETOR,Delhi,Delhi,2025-01-17 21:22:17,,ACTIVE,987.0,False,False,False,False,True,False
MCH1639,"Borah, Dhaliwal and Morar",5999,MISC_RETAIL,PARTNERSHIP,Kolkata,West Bengal,2024-11-14 10:51:00,XXXX3629,ACTIVE,7799.0,False,False,False,False,False,False
MCH1640,Trivedi-Agrawal,5411,GROCERY,PRIVATE_LIMITED,Jalandhar,Punjab,2025-01-25 11:29:34,XXXX5072,ACTIVE,2316.65,False,False,False,False,False,False
MCH1641,bali llc,5999,MISC_RETAIL,SOLE_PROPRIETOR,Delhi,Delhi,,,ACTIVE,-3239.36,False,False,True,False,True,True
MCH1642,Zacharia-Dhawan,5411,GROCERY,PARTNERSHIP,Kolkata,West Bengal,2023-01-02 04:08:32,XXXX3812,ACTIVE,363.0,False,False,False,False,False,False
MCH1645,Savant-Singha1,5942,BOOKS_STATIONERY,SOLE_PROPRIETOR,Chennai,Tamil Nadu,2024-04-19 00:00:00,XXXX4534,ACTIVE,337.0,False,False,False,False,False,False
MCH1646,"Sane, Zacharia and Samra",5912,PHARMACY,INDIVIDUAL,Jaipur,Rajasthan,2023-12-31 00:00:00,XXXX5998,ACTIVE,1891.86,False,False,False,False,False,False
MCH1647,NARULA LLC,5699,APPAREL,INDIVIDUAL,Ludhiana,Punjab,2024-05-10 18:51:00,XXXX2369,INACTIVE,1898.14,False,False,False,False,False,False
MCH1649,Venkatesh PLC,5812,RESTAURANT,PRIVATE_LIMITED,Delhi,Delhi,2024-03-08 17:27:00,XXXX8789,INACTIVE,851.41,False,False,False,False,False,False
MCH1651,Kumar Inc,5942,BOOKS_STATIONERY,SOLE_PROPRIETOR,Mumbai,Maharashtra,2024-09-03 00:00:00,XXXX7749,ACTIVE,1249.76,False,False,False,False,False,False
MCH1652,Tripathi-Vasa,5311,DEPARTMENT_STORE,PRIVATE_LIMITED,Amritsar,Punjab,2025-08-03 00:00:00,XXXX6821,INACTIVE,1419.63,False,False,False,False,False,False
MCH1653,Mitra Inc,7011,HOTEL,SOLE_PROPRIETOR,Chennai,Tamil Nadu,,XXXX9573,ACTIVE,1669.53,False,False,False,False,False,True
MCH1654,More PLC,5999,MISC_RETAIL,INDIVIDUAL,Bengaluru,Karnataka,2025-02-18 00:00:00,,ACTIVE,2598.19,False,False,False,False,True,False
MCH1656,Dhar PLC,5311,DEPARTMENT_STORE,PARTNERSHIP,Amritsar,Punjab,2025-05-29 22:52:00,XXXX3908,ACTIVE,2992.0,False,False,False,False,False,False
MCH1657,"Kaur, Sandhu and Shanker",5699,APPAREL,PRIVATE_LIMITED,Mumbai,Maharashtra,2025-01-14 15:44:00,,ACTIVE,1224.96,False,False,False,False,True,False
MCH1658,khatri-mohanty,5812,RESTAURANT,SOLE_PROPRIETOR,Jaipur,Rajasthan,2025-08-08 00:00:00,XXXX3603,INACTIVE,2016.79,False,False,False,False,False,False
MCH1661,Mani-Jayaraman,5812,RESTAURANT,PRIVATE_LIMITED,Hyderabad,Telangana,2024-09-16 22:00:20,XXXX6928,ACTIVE,813.04,False,False,False,False,False,False
MCH1663,"Edwin, Kala and Barad",4131,TRANSPORT,INDIVIDUAL,Chennai,Tamil Nadu,2024-07-04 00:00:00,XXXX6430,ACTIVE,449.21,False,False,False,False,False,False
MCH1664,Karan Ltd,4131,TRANSPORT,PARTNERSHIP,Chennai,Tamil Nadu,2025-06-02 00:00:00,XXXX0248,ACTIVE,,False,False,False,True,False,False
MCH1665,Salvi Group,5699,APPAREL,INDIVIDUAL,Bengaluru,Karnataka,2025-11-30 00:00:00,XXXX6481,ACTIVE,946.53,False,False,False,False,False,False
MCH1667,Prashad-Samra,5812,RESTAURANT,PRIVATE_LIMITED,Delhi,Delhi,2025-10-20 03:57:00,XXXX1144,ACTIVE,7788.38,False,False,False,False,False,False
MCH1674,Kari-Tara,4814,TELECOM,PARTNERSHIP,Mumbai,Maharashtra,2024-08-16 00:00:00,XXXX5872,ACTIVE,1266.21,False,False,False,False,False,False
MCH1675,"Dey, Sathe and Sibal",4131,TRANSPORT,PRIVATE_LIMITED,Chennai,Tamil Nadu,2025-09-11 00:00:00,XXXX8422,ACTIVE,1577.75,False,False,False,False,False,False
MCH1676,"Palla, Gupta and Narain",4814,TELECOM,SOLE_PROPRIETOR,Jalandhar,Punjab,2025-11-27 17:23:23,,ACTIVE,750.53,False,False,False,False,True,False
MCH1679,"Chawla, Sura and Pal",4131,TRANSPORT,INDIVIDUAL,Lucknow,Uttar Pradesh,2026-01-30 14:56:48,XXXX9878,INACTIVE,1030.0,False,False,False,False,False,False
MCH1680,"Dube, Sekhon and Nagarajan",5699,APPAREL,SOLE_PROPRIETOR,Ludhiana,Punjab,2025-02-03 01:50:32,,ACTIVE,855.0,False,False,False,False,True,False
MCH1683,"Sampath, Anne and Madan",5812,RESTAURANT,PARTNERSHIP,Chennai,Tamil Nadu,2026-02-14 00:00:00,XXXX9435,ACTIVE,2458.98,False,False,False,False,False,False
MCH1686,Chokshi and Sons,5942,BOOKS_STATIONERY,INDIVIDUAL,Bengaluru,Karnataka,2024-02-02 00:00:00,,ACTIVE,1116.34,False,False,False,False,True,False
MCH1696,Prakash-Dhar,5411,GROCERY,PARTNERSHIP,Bengaluru,Karnataka,2025-09-01 00:00:00,XXXX6178,ACTIVE,567.04,False,False,False,False,False,False
MCH1697,Sodhi-Ramakrishnan,4814,TELECOM,PRIVATE_LIMITED,Lucknow,Uttar Pradesh,2023-04-13 07:04:31,XXXX2438,INACTIVE,1234.06,False,False,False,False,False,False
MCH1704,"Shukla, Hari and Chopra",4131,TRANSPORT,SOLE_PROPRIETOR,Lucknow,Uttar Pradesh,2023-08-04 00:00:00,,INACTIVE,2965.45,False,False,False,False,True,False
MCH1706,"Vala, Nagarajan and Saxena",5311,DEPARTMENT_STORE,PARTNERSHIP,Mumbai,Maharashtra,2023-08-27 00:00:00,XXXX3189,INACTIVE,513.27,False,False,False,False,False,False
MCH1709,sachdeva-khanna,5999,MISC_RETAIL,PARTNERSHIP,Chennai,Tamil Nadu,2023-08-25 07:56:38,XXXX5946,ACTIVE,481.17,False,False,False,False,False,False
MCH1710,"Tara, Dash and Pau",5912,PHARMACY,PARTNERSHIP,Lucknow,Uttar Pradesh,2026-02-26 00:00:00,,ACTIVE,804.19,False,False,False,False,True,False
MCH1711,"Sastry, Kota and Merchant",5411,GROCERY,SOLE_PROPRIETOR,Ludhiana,Punjab,2023-12-17 08:04:00,XXXX7058,ACTIVE,1991.22,False,False,False,False,False,False
MCH1713,Dubey Inc,5812,RESTAURANT,SOLE_PROPRIETOR,Kolkata,West Bengal,2025-06-02 00:00:00,XXXX0557,ACTIVE,1132.0,False,False,False,False,False,False
MCH1714,Sampath LLC,5699,APPAREL,PARTNERSHIP,Lucknow,Uttar Pradesh,2026-02-17 00:00:00,XXXX0748,ACTIVE,585.92,False,False,False,False,False,False
MCH1718,Wason-Vaidya,5311,DEPARTMENT_STORE,PRIVATE_LIMITED,Jalandhar,Punjab,2025-04-04 17:19:00,,ACTIVE,705.66,False,False,False,False,True,False
MCH1721,"Mammen, Ka1a and Gara",7011,HOTEL,INDIVIDUAL,Kolkata,West Bengal,2023-10-07 01:39:20,,ACTIVE,1736.83,False,False,False,False,True,False
MCH1722,Patel-Warrior,7011,HOTEL,INDIVIDUAL,Kolkata,West Bengal,2025-03-15 00:00:00,XXXX3839,ACTIVE,420.0,False,False,False,False,False,False
MCH1725,"Narayanan, Thaker and Sandhu",5999,MISC_RETAIL,PARTNERSHIP,Jaipur,Rajasthan,2025-02-15 04:37:51,XXXX2721,ACTIVE,385.5,False,False,False,False,False,False
MCH1726,RAJA AND SONS,4131,TRANSPORT,PRIVATE_LIMITED,Delhi,Delhi,2025-12-13 00:00:00,,ACTIVE,639.24,False,False,False,False,True,False
MCH1727,Chacko LLC,5999,MISC_RETAIL,PARTNERSHIP,Amritsar,Punjab,2023-07-23 00:00:00,,ACTIVE,1914.68,False,False,False,False,True,False
MCH1729,VORA LLC,5812,RESTAURANT,INDIVIDUAL,Ludhiana,Punjab,2023-12-25 00:00:00,XXXX2495,ACTIVE,-2759.18,True,False,True,False,False,False
MCH1730,Buch Ltd,5699,APPAREL,INDIVIDUAL,Kolkata,West Bengal,2023-04-25 00:00:00,,ACTIVE,813.32,False,False,False,False,True,False
MCH1732,"BAL, LOKE AND CHADHA",5411,GROCERY,PRIVATE_LIMITED,Delhi,Delhi,2024-10-24 00:00:00,XXXX5425,ACTIVE,3477.98,False,False,False,False,False,False
MCH1736,Barman Inc,4131,TRANSPORT,PARTNERSHIP,Jaipur,Rajasthan,2025-06-08 20:56:00,,ACTIVE,1937.05,False,False,False,False,True,False
MCH1739,Joshi Group,5942,BOOKS_STATIONERY,INDIVIDUAL,Ludhiana,Punjab,2024-08-31 19:16:02,XXXX3509,INACTIVE,,True,False,False,True,False,False
MCH1740,"Dhaliwal, Boase and Walla",7011,HOTEL,PARTNERSHIP,Pune,Maharashtra,2025-02-09 00:00:00,XXXX8023,ACTIVE,903.0,False,False,False,False,False,False
MCH1744,"Mani, Tara and Mane",4131,TRANSPORT,SOLE_PROPRIETOR,Ludhiana,Punjab,2023-03-20 16:42:33,,INACTIVE,466.22,False,False,False,False,True,False
MCH1747,Ray Inc,5812,RESTAURANT,SOLE_PROPRIETOR,Pune,Maharashtra,2023-11-04 00:00:00,XXXX1510,ACTIVE,115.81,False,False,False,False,False,False
MCH1750,Sastry-Chaudhari,5699,APPAREL,INDIVIDUAL,Delhi,Delhi,2024-11-17 00:00:00,XXXX2201,ACTIVE,1155.0,True,False,False,False,False,False
MCH1751,Bava-Mukherjee,5411,GROCERY,SOLE_PROPRIETOR,Jaipur,Rajasthan,2023-05-20 00:00:00,XXXX0862,ACTIVE,1591.0,False,False,False,False,False,False
MCH1755,Kulkarni and Sons,4814,TELECOM,INDIVIDUAL,Mumbai,Maharashtra,2025-12-29 00:00:00,XXXX7328,ACTIVE,-1088.47,False,False,True,False,False,False
MCH1756,Vala-Cheema,5311,DEPARTMENT_STORE,INDIVIDUAL,Delhi,Delhi,2023-09-03 00:00:00,XXXX7019,ACTIVE,1245.26,False,False,False,False,False,False
MCH1763,Dhillon Ltd,5311,DEPARTMENT_STORE,PARTNERSHIP,Jalandhar,Punjab,2026-02-22 00:00:00,XXXX2166,ACTIVE,231.69,True,False,False,False,False,False
MCH1764,"Kurian, Vaidya and Loyal",5999,MISC_RETAIL,INDIVIDUAL,Lucknow,Uttar Pradesh,2025-11-16 04:20:00,XXXX8653,INACTIVE,419.98,False,False,False,False,False,False
MCH1767,Bhatnagar-Ka1a,4814,TELECOM,INDIVIDUAL,Jalandhar,Punjab,,XXXX1732,ACTIVE,314.16,True,False,False,False,False,True
MCH1768,"Mody, Tata and Chatterjee",4131,TRANSPORT,SOLE_PROPRIETOR,Chennai,Tamil Nadu,2024-09-08 00:00:00,,ACTIVE,360.87,False,False,False,False,True,False
MCH1769,"Sekhon, Goswami and Rajan",4814,TELECOM,SOLE_PROPRIETOR,Lucknow,Uttar Pradesh,2025-06-28 07:25:18,XXXX1893,ACTIVE,1009.67,False,False,False,False,False,False
MCH1770,Prabhu Inc,5411,GROCERY,PARTNERSHIP,Kolkata,West Bengal,2026-02-19 00:00:00,XXXX6813,ACTIVE,1130.22,False,False,False,False,False,False
MCH1772,"Thakur, Talwar and Chahal",5912,PHARMACY,PARTNERSHIP,Pune,Maharashtra,2025-11-19 01:49:18,XXXX1519,ACTIVE,645.09,False,False,False,False,False,False
MCH1773,Prakash-Malhotra,5411,GROCERY,INDIVIDUAL,Jalandhar,Punjab,,XXXX8369,ACTIVE,1551.73,False,False,False,False,False,True
MCH1774,"Sundaram, Dani and Mall",5942,BOOKS_STATIONERY,PARTNERSHIP,Lucknow,Uttar Pradesh,2024-08-23 00:00:00,XXXX1272,ACTIVE,10785.29,False,False,False,False,False,False
MCH1775,Karnik Inc,5411,GROCERY,PRIVATE_LIMITED,Lucknow,Uttar Pradesh,2023-04-13 08:51:51,XXXX8344,ACTIVE,313.0,False,False,False,False,False,False
MCH1776,Vohra and Sons,5999,MISC_RETAIL,PRIVATE_LIMITED,Lucknow,Uttar Pradesh,2023-06-16 00:00:00,XXXX6558,ACTIVE,843.8,False,False,False,False,False,False
MCH1779,"MAHARAJ, JAGGI AND REDDY",7011,HOTEL,PARTNERSHIP,Bengaluru,Karnataka,2024-09-02 00:00:00,,ACTIVE,1540.91,False,False,False,False,True,False
MCH1782,Kari PLC,5411,GROCERY,SOLE_PROPRIETOR,Mumbai,Maharashtra,2024-06-26 00:00:00,,ACTIVE,-4762.58,False,False,True,False,True,False
MCH1785,Shere-Pall,5311,DEPARTMENT_STORE,SOLE_PROPRIETOR,Kolkata,West Bengal,2023-08-05 05:22:00,,ACTIVE,2271.85,False,False,False,False,True,False
MCH1786,"Ganguly, Mammen and Babu",5411,GROCERY,SOLE_PROPRIETOR,Pune,Maharashtra,2025-05-22 00:00:00,XXXX1295,ACTIVE,1212.0,False,False,False,False,False,False
MCH1787,JOHAL AND SONS,5942,BOOKS_STATIONERY,SOLE_PROPRIETOR,Chennai,Tamil Nadu,2024-04-09 00:00:00,XXXX8187,ACTIVE,1495.88,False,False,False,False,False,False
MCH1788,"Dass, Rajagopal and Madan",4814,TELECOM,PRIVATE_LIMITED,Pune,Maharashtra,2024-11-12 00:00:00,,INACTIVE,1479.46,True,False,False,False,True,False
MCH1789,Loke-Chanda,5942,BOOKS_STATIONERY,PARTNERSHIP,Jaipur,Rajasthan,2023-02-25 00:00:00,,ACTIVE,15713.68,False,False,False,False,True,False
MCH1792,Palan-Naidu,5699,APPAREL,PARTNERSHIP,Bengaluru,Karnataka,2023-01-28 00:00:00,XXXX9821,ACTIVE,443.5,False,False,False,False,False,False
MCH1793,Jaggi PLC,7011,HOTEL,SOLE_PROPRIETOR,Delhi,Delhi,2024-08-21 00:47:16,,ACTIVE,2705.89,False,False,False,False,True,False
MCH1796,Kohli-Nagar,5942,BOOKS_STATIONERY,INDIVIDUAL,Amritsar,Punjab,2024-07-20 00:00:00,,ACTIVE,741.16,False,False,False,False,True,False
MCH1800,Mall PLC,5311,DEPARTMENT_STORE,PRIVATE_LIMITED,Hyderabad,Telangana,2025-10-24 00:00:00,,ACTIVE,1030.0,False,False,False,False,True,False
MCH1806,Thaker-Dutt,5699,APPAREL,INDIVIDUAL,Ludhiana,Punjab,2024-05-02 09:16:54,XXXX2088,ACTIVE,6418.0,True,False,False,False,False,False
MCH1809,Grewal Inc,5311,DEPARTMENT_STORE,PRIVATE_LIMITED,Bengaluru,Karnataka,2025-10-31 03:18:09,XXXX2394,ACTIVE,2181.93,False,False,False,False,False,False
MCH1811,Shukla-Ganesan,7011,HOTEL,INDIVIDUAL,Delhi,Delhi,2024-01-14 13:33:19,XXXX5611,INACTIVE,871.51,True,False,False,False,False,False
MCH1812,Om PLC,5812,RESTAURANT,SOLE_PROPRIETOR,Amritsar,Punjab,2024-11-26 18:01:01,,ACTIVE,2079.98,False,False,False,False,True,False
MCH1813,Balan-Deo,5311,DEPARTMENT_STORE,PARTNERSHIP,Pune,Maharashtra,2024-08-28 00:00:00,XXXX5863,ACTIVE,-610.94,False,False,True,False,False,False
MCH1815,Saha-Varghese,4131,TRANSPORT,PRIVATE_LIMITED,Delhi,Delhi,2024-04-22 07:33:36,XXXX3927,ACTIVE,846.74,False,False,False,False,False,False
MCH1816,Aurora-Kata,5311,DEPARTMENT_STORE,SOLE_PROPRIETOR,Lucknow,Uttar Pradesh,2025-03-15 01:24:29,,ACTIVE,1797.52,False,False,False,False,True,False
MCH1817,Wadhwa Group,4814,TELECOM,PARTNERSHIP,Kolkata,West Bengal,2024-06-30 00:00:00,XXXX3881,ACTIVE,200.17,True,False,False,False,False,False
MCH1818,BAKSHI-GOLLA,5699,APPAREL,PRIVATE_LIMITED,Kolkata,West Bengal,2023-10-04 00:00:00,XXXX3501,ACTIVE,4859.19,False,False,False,False,False,False
MCH1823,"Patla, Bhasin and Parsa",7011,HOTEL,PARTNERSHIP,Lucknow,Uttar Pradesh,2023-06-15 00:00:00,,ACTIVE,3003.2,True,False,False,False,True,False
MCH1827,Saha Ltd,5999,MISC_RETAIL,PARTNERSHIP,Pune,Maharashtra,2026-01-12 00:00:00,XXXX8128,ACTIVE,790.89,False,False,False,False,False,False
MCH1828,Goel PLC,5699,APPAREL,PRIVATE_LIMITED,Chennai,Tamil Nadu,2025-10-15 00:00:00,XXXX2989,ACTIVE,4227.93,False,False,False,False,False,False
MCH1829,Ramaswamy Group,4131,TRANSPORT,SOLE_PROPRIETOR,Kolkata,West Bengal,2024-03-15 00:00:00,,ACTIVE,2351.23,False,False,False,False,True,False
MCH1830,shan llc,7011,HOTEL,PRIVATE_LIMITED,Lucknow,Uttar Pradesh,,XXXX8714,ACTIVE,405.35,False,False,False,False,False,True
MCH1832,Mistry-Chaudhary,5999,MISC_RETAIL,INDIVIDUAL,Hyderabad,Telangana,2024-12-11 00:06:45,,INACTIVE,448.33,False,False,False,False,True,False
MCH1833,"Sabharwal, Chopra and Nayar",4131,TRANSPORT,PRIVATE_LIMITED,Pune,Maharashtra,2023-07-26 05:30:00,XXXX4590,ACTIVE,1391.53,False,False,False,False,False,False
MCH1836,"Nazareth, Bahl and Manda",5411,GROCERY,PRIVATE_LIMITED,Hyderabad,Telangana,2023-11-15 00:00:00,XXXX3943,ACTIVE,,False,False,False,True,False,False
MCH1838,Manda-Deshpande,5942,BOOKS_STATIONERY,PARTNERSHIP,Jalandhar,Punjab,2025-09-04 06:22:16,XXXX9941,ACTIVE,2224.32,False,False,False,False,False,False
MCH1839,Krish Group,5411,GROCERY,SOLE_PROPRIETOR,Jalandhar,Punjab,2024-01-29 20:47:00,,ACTIVE,1503.47,False,False,False,False,True,False
MCH1840,Chahal and Sons,5942,BOOKS_STATIONERY,SOLE_PROPRIETOR,Ludhiana,Punjab,2026-02-06 00:00:00,XXXX9616,ACTIVE,764.0,False,False,False,False,False,False
MCH1841,Kadakia-Rao,7011,HOTEL,SOLE_PROPRIETOR,Kolkata,West Bengal,2025-07-01 00:00:00,XXXX5964,ACTIVE,532.17,True,False,False,False,False,False
MCH1842,"Singh, Dhillon and Garg",4814,TELECOM,PARTNERSHIP,Lucknow,Uttar Pradesh,2024-10-21 00:00:00,XXXX1664,INACTIVE,-182.82,False,False,True,False,False,False
MCH1843,Edwin and Sons,5999,MISC_RETAIL,SOLE_PROPRIETOR,Delhi,Delhi,2024-09-19 00:00:00,,ACTIVE,,False,False,False,True,True,False
MCH1845,Goel Inc,4131,TRANSPORT,PRIVATE_LIMITED,Delhi,Delhi,2023-10-17 00:00:00,XXXX7527,ACTIVE,1675.96,False,False,False,False,False,False
MCH1846,Kurian-Chad,7011,HOTEL,PARTNERSHIP,Chennai,Tamil Nadu,2023-03-23 22:54:26,,ACTIVE,597.53,False,False,False,False,True,False
MCH1848,Acharya-Bail,5311,DEPARTMENT_STORE,PARTNERSHIP,Pune,Maharashtra,2025-09-05 00:00:00,XXXX2533,ACTIVE,3044.0,False,False,False,False,False,False
MCH1852,Prabhu Group,5411,GROCERY,INDIVIDUAL,Mumbai,Maharashtra,2024-03-31 00:00:00,XXXX9924,ACTIVE,786.71,False,False,False,False,False,False
MCH1853,Narayanan-Chander,4131,TRANSPORT,SOLE_PROPRIETOR,Amritsar,Punjab,2023-10-10 00:20:00,XXXX3538,ACTIVE,13872.38,False,False,False,False,False,False
MCH1854,"Sule, Prashad and Balay",7011,HOTEL,PARTNERSHIP,Amritsar,Punjab,2023-09-21 00:00:00,XXXX8005,ACTIVE,5318.31,True,False,False,False,False,False
MCH1855,Kala-Shan,5812,RESTAURANT,PRIVATE_LIMITED,Kolkata,West Bengal,2023-11-13 00:38:34,,INACTIVE,1474.0,True,False,False,False,True,False
MCH1856,Baria-Balay,5311,DEPARTMENT_STORE,SOLE_PROPRIETOR,Lucknow,Uttar Pradesh,2023-12-26 15:21:00,XXXX1618,ACTIVE,2071.73,False,False,False,False,False,False
MCH1861,Vora-Balan,5411,GROCERY,SOLE_PROPRIETOR,Pune,Maharashtra,2025-10-17 00:39:00,XXXX3364,INACTIVE,2646.57,False,False,False,False,False,False
MCH1862,Puri Inc,4131,TRANSPORT,INDIVIDUAL,Mumbai,Maharashtra,2024-11-15 12:30:15,XXXX8644,ACTIVE,1444.68,False,False,False,False,False,False
MCH1863,Sachar-Gokhale,5942,BOOKS_STATIONERY,PRIVATE_LIMITED,Hyderabad,Telangana,2024-03-24 16:08:37,XXXX8775,ACTIVE,760.42,False,False,False,False,False,False
MCH1865,Chandra-Pandey,5942,BOOKS_STATIONERY,INDIVIDUAL,Pune,Maharashtra,2025-11-15 00:00:00,,ACTIVE,3847.74,False,False,False,False,True,False
MCH1872,chaudry group,5999,MISC_RETAIL,PRIVATE_LIMITED,Bengaluru,Karnataka,2024-02-02 00:00:00,XXXX1432,ACTIVE,1044.41,False,False,False,False,False,False
MCH1873,Oak-Ramachandran,4814,TELECOM,PRIVATE_LIMITED,Amritsar,Punjab,2024-05-23 15:31:00,XXXX5817,ACTIVE,942.83,True,False,False,False,False,False
MCH1874,"Bail, Madan and Mahal",5411,GROCERY,PRIVATE_LIMITED,Jalandhar,Punjab,2025-11-03 21:30:47,XXXX1803,ACTIVE,928.89,False,False,False,False,False,False
MCH1876,"Deol, Sandal and Nagi",5999,MISC_RETAIL,PARTNERSHIP,Bengaluru,Karnataka,2024-04-29 00:00:00,XXXX6581,ACTIVE,603.93,False,False,False,False,False,False
MCH1878,Narula Group,7011,HOTEL,PRIVATE_LIMITED,Delhi,Delhi,2025-02-26 00:00:00,XXXX5015,ACTIVE,,False,False,False,True,False,False
MCH1879,muni-sachdeva,5999,MISC_RETAIL,INDIVIDUAL,Chennai,Tamil Nadu,2023-12-16 00:00:00,XXXX4876,ACTIVE,687.52,False,False,False,False,False,False
MCH1881,"Bawa, Ganesan and Oak",5912,PHARMACY,PARTNERSHIP,Chennai,Tamil Nadu,2023-12-14 00:00:00,,INACTIVE,-1349.05,False,False,True,False,True,False
MCH1882,kamdar-banik,5812,RESTAURANT,PARTNERSHIP,Ludhiana,Punjab,,,INACTIVE,427.5,False,False,False,False,True,True
MCH1883,"BAHL, KASHYAP AND SIBAL",5812,RESTAURANT,PRIVATE_LIMITED,Jalandhar,Punjab,2023-01-04 00:00:00,XXXX4248,ACTIVE,,False,False,False,True,False,False
MCH1884,Nagi LLC,4131,TRANSPORT,PRIVATE_LIMITED,Bengaluru,Karnataka,2025-01-08 00:00:00,XXXX9086,ACTIVE,628.95,False,False,False,False,False,False
MCH1885,mahal ltd,5999,MISC_RETAIL,PRIVATE_LIMITED,Hyderabad,Telangana,2025-11-07 18:42:57,,ACTIVE,618.0,False,False,False,False,True,False
MCH1887,Peri Inc,5311,DEPARTMENT_STORE,PRIVATE_LIMITED,Bengaluru,Karnataka,2023-02-26 00:00:00,,ACTIVE,2706.7,False,False,False,False,True,False
MCH1889,Bakshi LLC,5999,MISC_RETAIL,INDIVIDUAL,Jalandhar,Punjab,2024-02-13 09:50:36,XXXX2818,ACTIVE,2474.04,False,False,False,False,False,False
MCH1892,Shanker-De,7011,HOTEL,PRIVATE_LIMITED,Mumbai,Maharashtra,2024-02-12 01:08:42,XXXX6877,ACTIVE,987.4,False,False,False,False,False,False
MCH1894,Setty-Doshi,5812,RESTAURANT,PARTNERSHIP,Bengaluru,Karnataka,2025-08-11 00:00:00,XXXX3273,ACTIVE,2961.06,False,False,False,False,False,False
MCH1899,Subramaniam-Bedi,5942,BOOKS_STATIONERY,PRIVATE_LIMITED,Ludhiana,Punjab,2025-09-27 00:00:00,XXXX4698,ACTIVE,,True,False,False,True,False,False
MCH1904,Sandal Inc,4814,TELECOM,INDIVIDUAL,Jalandhar,Punjab,2024-03-23 06:08:07,XXXX1925,ACTIVE,1398.65,False,False,False,False,False,False
MCH1906,"TANEJA, MAHAJAN AND SARNA",5311,DEPARTMENT_STORE,INDIVIDUAL,Bengaluru,Karnataka,2026-01-16 00:00:00,XXXX9571,INACTIVE,2772.0,False,False,False,False,False,False
MCH1908,"RAGHAVAN, BADAMI AND MANI",5942,BOOKS_STATIONERY,PARTNERSHIP,Kolkata,West Bengal,2025-05-29 11:41:39,XXXX6948,ACTIVE,856.0,False,False,False,False,False,False
MCH1909,murthy and sons,5942,BOOKS_STATIONERY,SOLE_PROPRIETOR,Pune,Maharashtra,2023-11-25 00:00:00,XXXX9272,ACTIVE,823.0,False,False,False,False,False,False
MCH1912,Keer-Mitra,4131,TRANSPORT,SOLE_PROPRIETOR,Chennai,Tamil Nadu,2024-10-27 18:55:18,XXXX9508,ACTIVE,3259.24,False,False,False,False,False,False
MCH1913,"Sandal, Srinivas and Lata",5912,PHARMACY,PARTNERSHIP,Lucknow,Uttar Pradesh,2023-06-09 00:00:00,XXXX8993,ACTIVE,468.17,False,False,False,False,False,False
MCH1917,"Bera, Bhakta and Dhillon",5942,BOOKS_STATIONERY,SOLE_PROPRIETOR,Mumbai,Maharashtra,2023-08-06 01:48:07,XXXX9668,ACTIVE,293.0,False,False,False,False,False,False
MCH1921,Raj LLC,5999,MISC_RETAIL,PARTNERSHIP,Lucknow,Uttar Pradesh,2024-02-12 00:00:00,XXXX0419,ACTIVE,2280.24,False,False,False,False,False,False
MCH1922,"DEO, SARAF AND KALE",5942,BOOKS_STATIONERY,SOLE_PROPRIETOR,Lucknow,Uttar Pradesh,,,ACTIVE,2507.85,True,False,False,False,True,True
MCH1923,Barad-Devan,5699,APPAREL,PRIVATE_LIMITED,Hyderabad,Telangana,2025-12-08 00:00:00,,ACTIVE,300.28,False,False,False,False,True,False
MCH1924,"Choudhary, Iyer and Boase",5912,PHARMACY,PARTNERSHIP,Jaipur,Rajasthan,2024-11-12 00:00:00,XXXX3944,ACTIVE,7220.04,False,False,False,False,False,False
MCH1926,bhattacharyya-om,5311,DEPARTMENT_STORE,INDIVIDUAL,Mumbai,Maharashtra,2025-06-16 00:00:00,XXXX8494,ACTIVE,2425.42,False,False,False,False,False,False
MCH1929,"Bahri,DaraandSaran",5942,BOOKS_STATIONERY,PRIVATE_LIMITED,Jaipur,Rajasthan,2025-12-26 09:06:43,XXXX4676,ACTIVE,-2563.73,False,False,True,False,False,False
MCH1934,"Deol,DugarandParmer",5942,BOOKS_STATIONERY,PRIVATE_LIMITED,Chennai,Tamil Nadu,2025-06-26 13:50:54,,ACTIVE,2520.96,False,False,False,False,True,False
MCH1936,"Batra, Ramanathan and Din",5912,PHARMACY,SOLE_PROPRIETOR,Hyderabad,Telangana,2024-07-16 00:00:00,XXXX3173,ACTIVE,143.98,False,False,False,False,False,False
MCH1939,"Lal,SahniandChopra",7011,HOTEL,PRIVATE_LIMITED,Ludhiana,Punjab,2026-02-05 00:00:00,XXXX8735,ACTIVE,509.0,False,False,False,False,False,False
MCH1940,ANNE GROUP,4131,TRANSPORT,SOLE_PROPRIETOR,Hyderabad,Telangana,2025-01-16 19:34:00,XXXX3192,ACTIVE,2525.67,False,False,False,False,False,False
MCH1941,Bath-Sunder,4814,TELECOM,SOLE_PROPRIETOR,Jaipur,Rajasthan,2024-05-22 00:00:00,,INACTIVE,,False,False,False,True,True,False
MCH1944,Srinivas-Singh,7011,HOTEL,INDIVIDUAL,Mumbai,Maharashtra,2025-08-27 00:00:00,XXXX4745,ACTIVE,1161.95,True,False,False,False,False,False
MCH1946,Sibal LLC,7011,HOTEL,SOLE_PROPRIETOR,Jalandhar,Punjab,2026-01-24 21:05:43,XXXX7008,ACTIVE,2804.71,False,False,False,False,False,False
MCH1947,"Batra, Kar and Sodhi",5699,APPAREL,PARTNERSHIP,Bengaluru,Karnataka,2025-08-24 19:46:43,XXXX6721,ACTIVE,3015.23,False,False,False,False,False,False
MCH1948,"Sundaram, Sami and Jha",4814,TELECOM,PRIVATE_LIMITED,Jaipur,Rajasthan,2024-07-17 00:00:00,XXXX9756,ACTIVE,634.29,False,False,False,False,False,False
MCH1952,Madan Inc,5942,BOOKS_STATIONERY,PARTNERSHIP,Chennai,Tamil Nadu,2024-06-28 00:00:00,XXXX2215,INACTIVE,1643.17,False,False,False,False,False,False
MCH1953,"Banerjee, Maharaj and Rege",7011,HOTEL,SOLE_PROPRIETOR,Jalandhar,Punjab,2025-12-14 00:00:00,XXXX3216,ACTIVE,1226.94,False,False,False,False,False,False
MCH1954,"Kunda, Kata and Shetty",4814,TELECOM,INDIVIDUAL,Pune,Maharashtra,2025-10-19 00:00:00,XXXX1036,ACTIVE,923.81,True,False,False,False,False,False
MCH1955,"SRINIVAS, KHURANA AND CHOUDHRY",5999,MISC_RETAIL,PRIVATE_LIMITED,Jalandhar,Punjab,2025-01-18 12:28:00,XXXX5304,ACTIVE,883.05,False,False,False,False,False,False
MCH1956,Sodhi PLC,5912,PHARMACY,INDIVIDUAL,Amritsar,Punjab,2025-09-28 15:41:51,XXXX9509,INACTIVE,1459.74,False,False,False,False,False,False
MCH1959,Khatri-Kumar,5912,PHARMACY,PRIVATE_LIMITED,Mumbai,Maharashtra,2025-09-01 20:33:00,XXXX0153,ACTIVE,622.0,False,False,False,False,False,False
MCH1960,Bail-Chand,5411,GROCERY,PARTNERSHIP,Hyderabad,Telangana,2024-08-26 00:00:00,XXXX7716,ACTIVE,613.0,False,False,False,False,False,False
MCH1965,chawla-sawhney,4814,TELECOM,INDIVIDUAL,Bengaluru,Karnataka,2025-08-21 00:00:00,,ACTIVE,4592.95,False,False,False,False,True,False
MCH1966,Munshi-Bath,4131,TRANSPORT,PRIVATE_LIMITED,Bengaluru,Karnataka,2026-01-27 00:00:00,,INACTIVE,1858.12,False,False,False,False,True,False
MCH1968,Shroff-Mani,5411,GROCERY,PARTNERSHIP,Mumbai,Maharashtra,2024-04-10 00:00:00,XXXX1953,ACTIVE,1674.0,True,False,False,False,False,False
MCH1969,Narain-Menon,5311,DEPARTMENT_STORE,INDIVIDUAL,Delhi,Delhi,2025-11-16 00:00:00,XXXX3850,ACTIVE,453.33,False,False,False,False,False,False
MCH1971,Khanna and Sons,4814,TELECOM,PARTNERSHIP,Mumbai,Maharashtra,2026-02-06 00:00:00,XXXX1386,ACTIVE,2326.17,False,False,False,False,False,False
MCH1973,"Walia, Khatri and Saha",5942,BOOKS_STATIONERY,SOLE_PROPRIETOR,Lucknow,Uttar Pradesh,2025-11-16 00:00:00,XXXX4975,ACTIVE,,False,False,False,True,False,False
MCH1974,Kap00r LLC,4131,TRANSPORT,PARTNERSHIP,Chennai,Tamil Nadu,2024-05-12 08:25:13,XXXX8473,ACTIVE,,False,False,False,True,False,False
MCH1976,"MUTTI, SASTRY AND JHA",5942,BOOKS_STATIONERY,PRIVATE_LIMITED,Amritsar,Punjab,2023-04-08 00:00:00,,ACTIVE,2928.73,False,False,False,False,True,False
MCH1977,Chahal-Kumer,5942,BOOKS_STATIONERY,SOLE_PROPRIETOR,Kolkata,West Bengal,2025-09-01 00:00:00,XXXX3479,ACTIVE,897.0,False,False,False,False,False,False
MCH1982,"Behl, Jayaraman and Divan",5699,APPAREL,SOLE_PROPRIETOR,Mumbai,Maharashtra,2025-10-09 00:00:00,,ACTIVE,298.94,False,False,False,False,True,False
MCH1983,Jayaraman PLC,5912,PHARMACY,SOLE_PROPRIETOR,Hyderabad,Telangana,2024-12-13 00:00:00,XXXX0480,ACTIVE,657.32,False,False,False,False,False,False
MCH1984,"Lala, Wagle and Bal",5699,APPAREL,PARTNERSHIP,Chennai,Tamil Nadu,2025-01-08 00:00:00,,ACTIVE,5244.88,False,False,False,False,True,False
MCH1986,Vaidya-Roy,5699,APPAREL,INDIVIDUAL,Bengaluru,Karnataka,2026-01-19 00:00:00,,ACTIVE,1981.5,False,False,False,False,True,False
MCH1987,"DORA, SARMA AND BISWAS",4814,TELECOM,PARTNERSHIP,Mumbai,Maharashtra,2023-01-31 00:00:00,XXXX2999,ACTIVE,3268.84,False,False,False,False,False,False
MCH1990,Mitra PLC,7011,HOTEL,PARTNERSHIP,Amritsar,Punjab,2024-04-12 00:00:00,XXXX5001,ACTIVE,1251.23,False,False,False,False,False,False
MCH1993,DHALIWAL PLC,4814,TELECOM,SOLE_PROPRIETOR,Amritsar,Punjab,,XXXX7818,ACTIVE,428.65,False,False,False,False,False,True
MCH1994,"Naik, Bhasin and Virk",7011,HOTEL,SOLE_PROPRIETOR,Amritsar,Punjab,2024-09-24 12:17:05,XXXX6647,ACTIVE,886.83,False,False,False,False,False,False
MCH1995,"Mand, Halder and Rajagopalan",5942,BOOKS_STATIONERY,PARTNERSHIP,Jaipur,Rajasthan,2024-04-04 00:00:00,XXXX8966,INACTIVE,158.78,False,False,False,False,False,False
MCH2003,Rajagopalan Inc,5311,DEPARTMENT_STORE,INDIVIDUAL,Pune,Maharashtra,2023-06-16 00:00:00,XXXX7704,ACTIVE,567.0,False,False,False,False,False,False
MCH2007,"MAHAL, DIVAN AND SHARAF",5999,MISC_RETAIL,SOLE_PROPRIETOR,Jalandhar,Punjab,2023-02-02 22:14:37,XXXX6835,ACTIVE,435.32,False,False,False,False,False,False
MCH2009,"Tiwari, Naidu and Muni",5699,APPAREL,PARTNERSHIP,Pune,Maharashtra,2024-04-05 00:00:00,XXXX8381,ACTIVE,732.0,False,False,False,False,False,False
MCH2013,"Nanda, Saraf and Halder",5411,GROCERY,INDIVIDUAL,Kolkata,West Bengal,2025-04-22 00:00:00,,ACTIVE,-1721.62,False,False,True,False,True,False
MCH2014,Sundaram and Sons,5999,MISC_RETAIL,PRIVATE_LIMITED,Ludhiana,Punjab,2024-01-27 00:00:00,XXXX5436,ACTIVE,4199.0,False,False,False,False,False,False
MCH2015,Gulati LLC,4814,TELECOM,PRIVATE_LIMITED,Jaipur,Rajasthan,2023-06-22 07:04:00,,ACTIVE,17945.28,False,False,False,False,True,False
MCH2016,"Amble, Yadav and Dube",5999,MISC_RETAIL,PARTNERSHIP,Kolkata,West Bengal,2025-03-18 00:00:00,XXXX3614,INACTIVE,10324.69,False,False,False,False,False,False
MCH2019,WALLA-RANGANATHAN,5999,MISC_RETAIL,PARTNERSHIP,Bengaluru,Karnataka,2024-05-22 00:00:00,,ACTIVE,1915.39,False,False,False,False,True,False
MCH2020,Prabhu-Kar,5699,APPAREL,PRIVATE_LIMITED,Jalandhar,Punjab,2025-03-15 21:17:00,XXXX1985,INACTIVE,2649.5,False,False,False,False,False,False
MCH2021,Shenoy-Wable,5912,PHARMACY,SOLE_PROPRIETOR,Delhi,Delhi,2025-06-05 00:00:00,XXXX7599,ACTIVE,2287.51,False,False,False,False,False,False
MCH2022,Nagi-Gala,5999,MISC_RETAIL,INDIVIDUAL,Chennai,Tamil Nadu,2024-04-08 00:00:00,,ACTIVE,3182.35,False,False,False,False,True,False
MCH2024,"Ram, Manda and Chopra",4131,TRANSPORT,SOLE_PROPRIETOR,Pune,Maharashtra,2025-07-24 00:00:00,,ACTIVE,-1122.98,False,False,True,False,True,False
MCH2027,"Boase, Ghosh and Manda",5311,DEPARTMENT_STORE,PARTNERSHIP,Chennai,Tamil Nadu,2023-12-16 00:00:00,XXXX6284,ACTIVE,1163.7,False,False,False,False,False,False
MCH2028,Viswanathan LLC,4814,TELECOM,INDIVIDUAL,Pune,Maharashtra,2024-05-23 00:00:00,XXXX2833,ACTIVE,634.0,True,False,False,False,False,False
MCH2029,Bhalla-Brahmbhatt,5999,MISC_RETAIL,SOLE_PROPRIETOR,Jalandhar,Punjab,2023-06-20 12:29:06,,ACTIVE,276.02,False,False,False,False,True,False
MCH2030,Singh-Banerjee,4131,TRANSPORT,INDIVIDUAL,Ludhiana,Punjab,2023-02-25 00:00:00,,ACTIVE,3976.0,False,False,False,False,True,False
MCH2032,"Doshi, Sur and Sarna",5812,RESTAURANT,PRIVATE_LIMITED,Pune,Maharashtra,2023-07-15 00:00:00,,ACTIVE,771.07,True,False,False,False,True,False
MCH2033,"Munshi, Sundaram and Bhasin",5699,APPAREL,PRIVATE_LIMITED,Pune,Maharashtra,2025-09-30 00:00:00,XXXX3680,ACTIVE,294.83,False,False,False,False,False,False
MCH2035,HORA-GROVER,4131,TRANSPORT,SOLE_PROPRIETOR,Delhi,Delhi,2026-01-07 09:43:17,,ACTIVE,212.97,False,False,False,False,True,False
MCH2037,Kadakia LLC,5411,GROCERY,PARTNERSHIP,Delhi,Delhi,2024-10-13 00:00:00,XXXX3925,ACTIVE,426.54,True,False,False,False,False,False
MCH2038,DARA-SAMA,7011,HOTEL,INDIVIDUAL,Hyderabad,Telangana,2023-08-20 00:00:00,XXXX3581,ACTIVE,801.94,False,False,False,False,False,False
MCH2040,Goel-Dewan,5999,MISC_RETAIL,INDIVIDUAL,Delhi,Delhi,2025-12-07 00:00:00,XXXX9625,ACTIVE,320.83,True,False,False,False,False,False
MCH2041,"Sagar, Chakraborty and Kurian",4131,TRANSPORT,SOLE_PROPRIETOR,Ludhiana,Punjab,2024-03-22 10:36:41,,INACTIVE,,False,False,False,True,True,False
MCH2042,"Rai, Das and Bava",5311,DEPARTMENT_STORE,PARTNERSHIP,Pune,Maharashtra,2023-12-17 00:00:00,XXXX9876,ACTIVE,1564.88,False,False,False,False,False,False
MCH2044,"Upadhyay, Kapoor and Nazareth",7011,HOTEL,INDIVIDUAL,Lucknow,Uttar Pradesh,2023-01-02 00:58:55,XXXX2043,ACTIVE,368.05,False,False,False,False,False,False
MCH2045,Nadig-Bal,5699,APPAREL,PRIVATE_LIMITED,Pune,Maharashtra,2024-02-05 23:14:00,,ACTIVE,-2363.1,False,False,True,False,True,False
MCH2046,Konda-Garde,5411,GROCERY,SOLE_PROPRIETOR,Lucknow,Uttar Pradesh,2026-01-28 00:00:00,,ACTIVE,1405.98,False,False,False,False,True,False
MCH2047,"KALITA, NAGARAJAN AND JOSHI",5999,MISC_RETAIL,INDIVIDUAL,Pune,Maharashtra,2024-07-07 00:00:00,XXXX2097,INACTIVE,341.63,False,False,False,False,False,False
MCH2051,Deshpande PLC,5912,PHARMACY,PRIVATE_LIMITED,Chennai,Tamil Nadu,2024-10-06 00:00:00,XXXX7427,ACTIVE,625.93,False,False,False,False,False,False
MCH2052,"Saraf, Maharaj and Kakar",5999,MISC_RETAIL,INDIVIDUAL,Pune,Maharashtra,2025-01-30 00:00:00,XXXX8291,ACTIVE,3476.81,False,False,False,False,False,False
MCH2056,"Kadakia, Nagi and Ramakrishnan",5699,APPAREL,SOLE_PROPRIETOR,Mumbai,Maharashtra,2023-02-23 00:00:00,XXXX6025,ACTIVE,2168.0,False,False,False,False,False,False
MCH2060,Grover-Dugar,7011,HOTEL,INDIVIDUAL,Chennai,Tamil Nadu,2025-10-02 05:31:26,XXXX4510,ACTIVE,540.0,True,False,False,False,False,False
MCH2063,Bhavsar Gr0up,4131,TRANSPORT,PRIVATE_LIMITED,Chennai,Tamil Nadu,2025-10-10 15:34:00,,ACTIVE,2405.73,False,False,False,False,True,False
MCH2064,date and sons,5812,RESTAURANT,PRIVATE_LIMITED,Delhi,Delhi,2025-08-05 00:00:00,,ACTIVE,1715.0,False,False,False,False,True,False
MCH2067,"Barad, Rai and Kapur",5411,GROCERY,PRIVATE_LIMITED,Jaipur,Rajasthan,2023-03-04 00:00:00,XXXX4796,ACTIVE,999.18,False,False,False,False,False,False
MCH2071,Dube-Kapadia,4814,TELECOM,SOLE_PROPRIETOR,Amritsar,Punjab,2024-08-19 04:07:47,XXXX4750,ACTIVE,1392.0,True,False,False,False,False,False
MCH2074,D’Alia Inc,5699,APPAREL,PARTNERSHIP,Jaipur,Rajasthan,2025-10-22 19:54:55,XXXX7399,ACTIVE,1616.2,False,False,False,False,False,False
MCH2075,"Dhar,DeoandRau",5912,PHARMACY,INDIVIDUAL,Delhi,Delhi,2024-09-01 00:59:41,XXXX9516,ACTIVE,1584.12,False,False,False,False,False,False
MCH2076,Chad Ltd,5942,BOOKS_STATIONERY,SOLE_PROPRIETOR,Jalandhar,Punjab,2024-07-03 02:08:00,XXXX5416,ACTIVE,579.16,False,False,False,False,False,False
MCH2077,KARA PLC,5812,RESTAURANT,INDIVIDUAL,Amritsar,Punjab,2025-11-15 02:48:00,XXXX1473,ACTIVE,239.1,False,False,False,False,False,False
MCH2078,Chada-Dubey,5311,DEPARTMENT_STORE,INDIVIDUAL,Bengaluru,Karnataka,2025-03-14 00:00:00,,ACTIVE,1915.85,False,False,False,False,True,False
MCH2081,Date PLC,5311,DEPARTMENT_STORE,PRIVATE_LIMITED,Lucknow,Uttar Pradesh,2023-04-01 00:00:00,XXXX3660,ACTIVE,275.64,False,False,False,False,False,False
MCH2083,Patla-Basak,5912,PHARMACY,INDIVIDUAL,Kolkata,West Bengal,2024-10-08 01:26:00,,INACTIVE,556.93,False,False,False,False,True,False
MCH2084,"Murthy, Dutt and Bakshi",4131,TRANSPORT,PRIVATE_LIMITED,Mumbai,Maharashtra,2024-04-03 00:00:00,,ACTIVE,659.75,False,False,False,False,True,False
MCH2085,KALA-SHAH,4131,TRANSPORT,PRIVATE_LIMITED,Pune,Maharashtra,2024-07-22 00:00:00,XXXX7338,ACTIVE,3590.82,False,False,False,False,False,False
MCH2087,DUBEY-DOCTOR,5999,MISC_RETAIL,INDIVIDUAL,Amritsar,Punjab,2025-04-17 00:00:00,XXXX6100,ACTIVE,4751.6,False,False,False,False,False,False
MCH2090,Upadhyay PLC,5812,RESTAURANT,SOLE_PROPRIETOR,Delhi,Delhi,2026-01-05 04:15:56,XXXX9312,ACTIVE,439.31,False,False,False,False,False,False
MCH2092,"Dubey, Tara and Thaker",4131,TRANSPORT,INDIVIDUAL,Kolkata,West Bengal,2023-11-09 00:00:00,XXXX1847,ACTIVE,1262.97,False,False,False,False,False,False
MCH2093,Ghosh-Gaba,5999,MISC_RETAIL,SOLE_PROPRIETOR,Ludhiana,Punjab,2024-02-05 00:00:00,XXXX7804,ACTIVE,2389.0,True,False,False,False,False,False
MCH2094,Ratti Ltd,5411,GROCERY,SOLE_PROPRIETOR,Bengaluru,Karnataka,,XXXX4958,ACTIVE,4897.48,False,False,False,False,False,True
MCH2096,"Taneja, Basu and Bal",4814,TELECOM,PRIVATE_LIMITED,Pune,Maharashtra,2024-09-28 00:00:00,XXXX0442,ACTIVE,1660.3,False,False,False,False,False,False
MCH2098,Ranganathan-Chopra,4131,TRANSPORT,PRIVATE_LIMITED,Chennai,Tamil Nadu,2023-05-13 00:00:00,,ACTIVE,4538.04,False,False,False,False,True,False
MCH2099,Atwal Group,5699,APPAREL,PARTNERSHIP,Mumbai,Maharashtra,2025-10-23 20:48:00,XXXX7789,ACTIVE,245.52,True,False,False,False,False,False
MCH2100,"Jani, Bobal and Singhal",7011,HOTEL,INDIVIDUAL,Bengaluru,Karnataka,,,ACTIVE,1281.0,False,False,False,False,True,True
MCH2102,"Mand, Bobal and Saini",5812,RESTAURANT,INDIVIDUAL,Ludhiana,Punjab,2024-04-25 00:00:00,,ACTIVE,-2985.52,False,False,True,False,True,False
MCH2104,Iyengar PLC,5699,APPAREL,PRIVATE_LIMITED,Lucknow,Uttar Pradesh,2025-03-20 13:20:17,,INACTIVE,1344.05,True,False,False,False,True,False
MCH2105,Nagar-Misra,5912,PHARMACY,PRIVATE_LIMITED,Jaipur,Rajasthan,2024-03-17 02:55:14,XXXX8442,ACTIVE,1101.76,False,False,False,False,False,False
MCH2106,"Doctor, Karnik and Sridhar",5999,MISC_RETAIL,PARTNERSHIP,Bengaluru,Karnataka,2023-08-16 00:00:00,XXXX6082,INACTIVE,871.69,False,False,False,False,False,False
MCH2107,"wali, srinivas and vyas",5912,PHARMACY,PRIVATE_LIMITED,Chennai,Tamil Nadu,2023-08-29 00:00:00,XXXX4711,ACTIVE,679.27,False,False,False,False,False,False
MCH2108,Sankar-Desai,5912,PHARMACY,SOLE_PROPRIETOR,Ludhiana,Punjab,2023-10-30 00:00:00,XXXX4754,INACTIVE,1535.43,False,False,False,False,False,False
MCH2111,Dubey-Oommen,7011,HOTEL,INDIVIDUAL,Ludhiana,Punjab,2023-07-26 08:03:00,,ACTIVE,5111.16,False,False,False,False,True,False
MCH2115,Kohli-Doshi,4131,TRANSPORT,SOLE_PROPRIETOR,Chennai,Tamil Nadu,2024-05-24 11:16:59,XXXX7245,ACTIVE,8526.65,False,False,False,False,False,False
MCH2116,Chaudhari and Sons,5699,APPAREL,INDIVIDUAL,Jaipur,Rajasthan,2023-09-02 00:00:00,XXXX7517,ACTIVE,947.14,False,False,False,False,False,False
MCH2117,Lal Group,7011,HOTEL,PARTNERSHIP,Jaipur,Rajasthan,2025-10-28 00:00:00,,ACTIVE,2615.21,True,False,False,False,True,False
MCH2118,Jani-Subramaniam,5942,BOOKS_STATIONERY,PARTNERSHIP,Ludhiana,Punjab,2024-05-30 00:00:00,XXXX9855,ACTIVE,1546.09,False,False,False,False,False,False
MCH2119,Kashyap Ltd,5699,APPAREL,INDIVIDUAL,Chennai,Tamil Nadu,2023-07-23 08:53:50,XXXX1780,INACTIVE,1155.58,False,False,False,False,False,False
MCH2120,"Yohannan, Patla and Parmer",7011,HOTEL,PARTNERSHIP,Delhi,Delhi,2024-01-01 00:00:00,XXXX7380,ACTIVE,-3366.53,False,False,True,False,False,False
MCH2122,"Bava, Bal and Mittal",5912,PHARMACY,INDIVIDUAL,Pune,Maharashtra,2024-01-04 00:00:00,,ACTIVE,1119.03,True,False,False,False,True,False
MCH2123,"Pandey, Swamy and Desai",5912,PHARMACY,PRIVATE_LIMITED,Hyderabad,Telangana,2024-03-31 00:00:00,XXXX3370,ACTIVE,2367.0,False,False,False,False,False,False
MCH2124,"Chander, Kohli and Dube",4131,TRANSPORT,INDIVIDUAL,Delhi,Delhi,2024-02-15 00:00:00,XXXX2531,ACTIVE,1551.09,False,False,False,False,False,False
MCH2126,Golla and Sons,5311,DEPARTMENT_STORE,PARTNERSHIP,Hyderabad,Telangana,2024-04-15 00:00:00,XXXX7319,ACTIVE,342.0,False,False,False,False,False,False
MCH2128,Ghosh-Sharaf,5812,RESTAURANT,PARTNERSHIP,Amritsar,Punjab,2023-12-21 00:00:00,XXXX6722,ACTIVE,3157.17,False,False,False,False,False,False
MCH2129,Bhavsar-De,5912,PHARMACY,SOLE_PROPRIETOR,Hyderabad,Telangana,,XXXX9511,ACTIVE,4898.0,False,False,False,False,False,True
MCH2131,Boase-Varghese,5699,APPAREL,SOLE_PROPRIETOR,Pune,Maharashtra,2025-03-29 00:00:00,,ACTIVE,2157.11,False,False,False,False,True,False
MCH2133,Bose-Saraf,5999,MISC_RETAIL,SOLE_PROPRIETOR,Mumbai,Maharashtra,2024-09-19 00:00:00,XXXX8626,ACTIVE,-434.11,False,False,True,False,False,False
MCH2135,"Singh, Talwar and Sur",5411,GROCERY,PRIVATE_LIMITED,Jalandhar,Punjab,2025-01-15 00:00:00,,INACTIVE,704.34,False,False,False,False,True,False
MCH2137,Saran and Sons,5699,APPAREL,PRIVATE_LIMITED,Delhi,Delhi,2023-11-10 00:00:00,,ACTIVE,2376.86,False,False,False,False,True,False
MCH2139,"Bali, Mahajan and Oza",5942,BOOKS_STATIONERY,SOLE_PROPRIETOR,Bengaluru,Karnataka,2023-02-12 00:00:00,XXXX2161,ACTIVE,512.11,False,False,False,False,False,False
MCH2142,"Banerjee, Ghose and Parekh",5942,BOOKS_STATIONERY,SOLE_PROPRIETOR,Delhi,Delhi,2024-08-23 00:00:00,XXXX2309,ACTIVE,-3367.02,False,False,True,False,False,False
MCH2144,Choudhary-Kashyap,5942,BOOKS_STATIONERY,PARTNERSHIP,Ludhiana,Punjab,2024-08-13 16:56:48,XXXX3571,ACTIVE,350.72,False,False,False,False,False,False
MCH2148,Dora Ltd,5912,PHARMACY,PRIVATE_LIMITED,Amritsar,Punjab,2024-05-30 17:40:28,,ACTIVE,343.34,False,False,False,False,True,False
MCH2149,"Doctor, Varughese and Hans",5942,BOOKS_STATIONERY,INDIVIDUAL,Bengaluru,Karnataka,2025-05-07 00:00:00,XXXX2634,ACTIVE,3778.33,False,False,False,False,False,False
MCH2152,"Choudhry, Chauhan and Dayal",5942,BOOKS_STATIONERY,PRIVATE_LIMITED,Pune,Maharashtra,2025-11-28 17:27:17,XXXX4605,ACTIVE,1507.67,False,False,False,False,False,False
MCH2153,"Dara, Vala and Venkatesh",5699,APPAREL,PARTNERSHIP,Chennai,Tamil Nadu,2023-06-21 00:00:00,,ACTIVE,-1608.19,False,False,True,False,True,False
MCH2154,"Badal, Yadav and Mane",5999,MISC_RETAIL,SOLE_PROPRIETOR,Lucknow,Uttar Pradesh,2023-08-02 02:36:07,XXXX9820,ACTIVE,-4388.39,False,False,True,False,False,False
MCH2155,Vig-Bobal,4814,TELECOM,PRIVATE_LIMITED,Delhi,Delhi,2023-05-03 00:00:00,XXXX5202,ACTIVE,8483.0,False,False,False,False,False,False
MCH2157,PARMER-SINHA,5912,PHARMACY,PARTNERSHIP,Delhi,Delhi,2023-10-22 03:49:00,,ACTIVE,1536.42,False,False,False,False,True,False
MCH2159,Sawhney LLC,5812,RESTAURANT,SOLE_PROPRIETOR,Jalandhar,Punjab,2024-05-16 00:00:00,XXXX8022,ACTIVE,1420.0,False,False,False,False,False,False
MCH2165,Venkataraman-Seshadri,5912,PHARMACY,SOLE_PROPRIETOR,Pune,Maharashtra,2024-06-26 00:00:00,,ACTIVE,137.68,False,False,False,False,True,False
MCH2166,SANT-VENKATESH,5912,PHARMACY,INDIVIDUAL,Amritsar,Punjab,2024-09-20 00:00:00,XXXX6270,ACTIVE,789.14,False,False,False,False,False,False
MCH2169,"Yogi, Bhakta and Suresh",5812,RESTAURANT,PRIVATE_LIMITED,Hyderabad,Telangana,2023-04-25 08:08:00,XXXX3751,ACTIVE,5225.51,False,False,False,False,False,False
MCH2172,"taneja, raj and vora",7011,HOTEL,SOLE_PROPRIETOR,Hyderabad,Telangana,2025-06-15 03:11:00,,ACTIVE,466.45,False,False,False,False,True,False
MCH2174,"Sood, Chowdhury and Chacko",7011,HOTEL,PRIVATE_LIMITED,Delhi,Delhi,2024-03-13 00:00:00,XXXX0729,INACTIVE,1287.16,False,False,False,False,False,False
MCH2177,Ramakrishnan Inc,5411,GROCERY,INDIVIDUAL,Jaipur,Rajasthan,2023-10-13 20:27:27,XXXX9156,ACTIVE,1755.18,False,False,False,False,False,False
MCH2179,CHANDA-SURA,5699,APPAREL,PRIVATE_LIMITED,Jalandhar,Punjab,2026-01-07 00:00:00,XXXX4523,ACTIVE,1281.24,False,False,False,False,False,False
MCH2180,Chaudry-Sidhu,5699,APPAREL,PRIVATE_LIMITED,Pune,Maharashtra,,XXXX6419,ACTIVE,3354.42,True,False,False,False,False,True
MCH2183,Savant LLC,4131,TRANSPORT,SOLE_PROPRIETOR,Delhi,Delhi,,XXXX8842,ACTIVE,-202.62,False,False,True,False,False,True
MCH2185,wagle inc,5912,PHARMACY,PRIVATE_LIMITED,Pune,Maharashtra,,XXXX8242,INACTIVE,828.0,True,False,False,False,False,True
MCH2186,Venkatesh and Sons,5912,PHARMACY,SOLE_PROPRIETOR,Lucknow,Uttar Pradesh,2025-11-23 00:00:00,,ACTIVE,661.82,False,False,False,False,True,False
MCH2187,Balan and Sons,5999,MISC_RETAIL,SOLE_PROPRIETOR,Bengaluru,Karnataka,2024-10-22 00:00:00,,ACTIVE,1340.0,False,False,False,False,True,False
MCH2188,"Sundaram, Prakash and Sheth",5699,APPAREL,SOLE_PROPRIETOR,Hyderabad,Telangana,2025-11-02 20:29:00,,ACTIVE,-778.36,False,False,True,False,True,False
MCH2189,"Mammen, Balakrishnan and Prakash",5311,DEPARTMENT_STORE,SOLE_PROPRIETOR,Jaipur,Rajasthan,2025-05-14 00:00:00,,ACTIVE,2363.97,False,False,False,False,True,False
MCH2191,"CHOUDHRY, RAI AND CHOKSHI",5942,BOOKS_STATIONERY,PRIVATE_LIMITED,Chennai,Tamil Nadu,2025-04-14 00:00:00,,ACTIVE,3020.11,True,False,False,False,True,False
MCH2196,Badal-Ghosh,4131,TRANSPORT,INDIVIDUAL,Delhi,Delhi,2024-04-07 00:00:00,XXXX7232,ACTIVE,188.84,False,False,False,False,False,False
MCH2197,Palan-Bhatti,5311,DEPARTMENT_STORE,PARTNERSHIP,Delhi,Delhi,,XXXX4050,ACTIVE,2800.25,False,False,False,False,False,True
MCH2198,"Arya, Dalal and Keer",5812,RESTAURANT,PRIVATE_LIMITED,Jaipur,Rajasthan,2023-09-08 16:05:16,,ACTIVE,2776.31,False,False,False,False,True,False
MCH2199,Subramanian Inc,5311,DEPARTMENT_STORE,PRIVATE_LIMITED,Bengaluru,Karnataka,2024-01-14 00:00:00,,INACTIVE,369.25,False,False,False,False,True,False
MCH2200,Choudhry-Vig,4814,TELECOM,PRIVATE_LIMITED,Jaipur,Rajasthan,2023-04-21 06:16:00,XXXX9384,ACTIVE,207.14,False,False,False,False,False,False
MCH2201,"Chandra, Sen and Ray",5812,RESTAURANT,PRIVATE_LIMITED,Bengaluru,Karnataka,2025-11-17 00:00:00,XXXX8373,ACTIVE,-384.1,False,False,True,False,False,False
MCH2202,"dass, vala and goda",5912,PHARMACY,PRIVATE_LIMITED,Hyderabad,Telangana,2023-06-19 00:00:00,XXXX1580,INACTIVE,-1191.83,False,False,True,False,False,False
MCH2203,"DAR, KHURANA AND VASA",5812,RESTAURANT,SOLE_PROPRIETOR,Jaipur,Rajasthan,2024-07-05 09:28:00,,ACTIVE,14312.42,False,False,False,False,True,False
MCH2205,Mannan and Sons,5999,MISC_RETAIL,SOLE_PROPRIETOR,Ludhiana,Punjab,2023-07-23 00:00:00,XXXX7174,INACTIVE,490.97,False,False,False,False,False,False
MCH2211,KRISHNAN-SIBAL,5942,BOOKS_STATIONERY,INDIVIDUAL,Bengaluru,Karnataka,2023-05-28 18:32:06,,ACTIVE,1189.37,False,False,False,False,True,False
MCH2212,Parmar Group,4131,TRANSPORT,PRIVATE_LIMITED,Jalandhar,Punjab,2025-02-01 07:40:00,,ACTIVE,4432.56,True,False,False,False,True,False
MCH2213,"Dash,SoniandPalla",7011,HOTEL,INDIVIDUAL,Kolkata,West Bengal,2023-04-30 00:00:00,,ACTIVE,4392.08,False,False,False,False,True,False
MCH2214,Varkey-Seshadri,4131,TRANSPORT,PARTNERSHIP,Delhi,Delhi,2024-12-18 00:00:00,XXXX2995,ACTIVE,-649.44,False,False,True,False,False,False
MCH2215,Maharaj-Kale,7011,HOTEL,INDIVIDUAL,Kolkata,West Bengal,2024-08-03 00:00:00,,ACTIVE,3526.35,False,False,False,False,True,False
MCH2217,"Rai, Bala and Shenoy",5411,GROCERY,INDIVIDUAL,Mumbai,Maharashtra,2023-08-15 00:00:00,XXXX8510,ACTIVE,728.77,False,False,False,False,False,False
MCH2218,"Upadhyay, Sharma and Kothari",7011,HOTEL,PARTNERSHIP,Lucknow,Uttar Pradesh,2024-04-23 18:51:00,XXXX9851,ACTIVE,-341.57,False,False,True,False,False,False
MCH2220,Tailor and Sons,5311,DEPARTMENT_STORE,SOLE_PROPRIETOR,Mumbai,Maharashtra,2025-06-23 20:54:27,,ACTIVE,940.64,False,False,False,False,True,False
MCH2222,"Mani, Ravel and Agrawal",5699,APPAREL,SOLE_PROPRIETOR,Lucknow,Uttar Pradesh,2023-10-01 00:00:00,,ACTIVE,815.84,True,False,False,False,True,False
MCH2223,Dhaliwal LLC,4814,TELECOM,INDIVIDUAL,Mumbai,Maharashtra,2024-07-14 16:20:52,XXXX3669,ACTIVE,543.88,False,False,False,False,False,False
MCH2224,luthra-nagy,5942,BOOKS_STATIONERY,INDIVIDUAL,Jaipur,Rajasthan,2025-10-23 00:00:00,XXXX5153,INACTIVE,890.7,True,False,False,False,False,False
MCH2229,"Kala, Baral and Subramanian",5311,DEPARTMENT_STORE,PRIVATE_LIMITED,Mumbai,Maharashtra,2025-12-21 00:00:00,,ACTIVE,577.0,False,False,False,False,True,False
MCH2231,"Goyal, Balakrishnan and Patla",7011,HOTEL,PRIVATE_LIMITED,Bengaluru,Karnataka,2024-11-10 09:09:32,,INACTIVE,1360.71,False,False,False,False,True,False
MCH2232,Borde-Sule,5311,DEPARTMENT_STORE,PARTNERSHIP,Hyderabad,Telangana,2025-02-24 00:00:00,XXXX4909,ACTIVE,642.26,False,False,False,False,False,False
MCH2236,Yohannan-Chada,5311,DEPARTMENT_STORE,PRIVATE_LIMITED,Kolkata,West Bengal,2023-01-24 08:58:43,XXXX8531,INACTIVE,5340.64,False,False,False,False,False,False
MCH2237,Chatterjee-Din,4814,TELECOM,SOLE_PROPRIETOR,Lucknow,Uttar Pradesh,2023-01-23 00:00:00,XXXX2934,ACTIVE,,False,False,False,True,False,False
MCH2238,Chakrabarti-Lata,5699,APPAREL,INDIVIDUAL,Amritsar,Punjab,2024-10-19 10:57:01,XXXX7365,ACTIVE,1650.0,False,False,False,False,False,False
MCH2240,"Shenoy, Tara and Kala",5912,PHARMACY,PARTNERSHIP,Chennai,Tamil Nadu,2023-03-25 00:00:00,,ACTIVE,1500.77,False,False,False,False,True,False
MCH2241,Patla-Prabhakar,5942,BOOKS_STATIONERY,PARTNERSHIP,Kolkata,West Bengal,2026-01-15 00:00:00,,ACTIVE,868.0,False,False,False,False,True,False
MCH2244,Master PLC,5912,PHARMACY,PRIVATE_LIMITED,Jalandhar,Punjab,2024-06-10 01:44:00,,INACTIVE,2383.0,False,False,False,False,True,False
MCH2248,Mutti-Manne,5812,RESTAURANT,PARTNERSHIP,Ludhiana,Punjab,2023-11-22 00:00:00,,INACTIVE,1021.0,False,False,False,False,True,False
MCH2249,Bahri-Nagarajan,7011,HOTEL,SOLE_PROPRIETOR,Ludhiana,Punjab,2024-11-17 00:00:00,XXXX0572,ACTIVE,590.8,False,False,False,False,False,False
MCH2250,"Sachdev, Ma1h0tra and Saraf",4131,TRANSPORT,INDIVIDUAL,Ludhiana,Punjab,2023-12-17 00:00:00,XXXX4502,INACTIVE,4090.25,False,False,False,False,False,False
MCH2255,Lal Ltd,5311,DEPARTMENT_STORE,INDIVIDUAL,Jaipur,Rajasthan,2023-05-29 00:00:00,XXXX0314,ACTIVE,1404.67,False,False,False,False,False,False
MCH2257,Mandal-Sankaran,5311,DEPARTMENT_STORE,INDIVIDUAL,Mumbai,Maharashtra,2024-04-18 23:11:42,,ACTIVE,4831.04,False,False,False,False,True,False
MCH2258,Walia Group,5311,DEPARTMENT_STORE,SOLE_PROPRIETOR,Jalandhar,Punjab,2025-10-14 00:00:00,XXXX1416,ACTIVE,1902.49,False,False,False,False,False,False
MCH2261,Gr0ver Inc,5812,RESTAURANT,SOLE_PROPRIETOR,Mumbai,Maharashtra,2025-11-25 01:19:55,,ACTIVE,1519.0,False,False,False,False,True,False
MCH2263,Puri-D’Alia,5311,DEPARTMENT_STORE,PRIVATE_LIMITED,Amritsar,Punjab,2024-08-29 00:00:00,XXXX3333,ACTIVE,2781.79,False,False,False,False,False,False
MCH2264,"Sule, Sarma and Sur",5311,DEPARTMENT_STORE,INDIVIDUAL,Delhi,Delhi,2025-10-21 00:00:00,XXXX5959,INACTIVE,4017.0,False,False,False,False,False,False
MCH2265,"Bail, Gopal and Khare",5912,PHARMACY,PARTNERSHIP,Lucknow,Uttar Pradesh,2024-08-04 00:00:00,XXXX7453,INACTIVE,-785.4,True,False,True,False,False,False
MCH2266,Natarajan and Sons,5912,PHARMACY,INDIVIDUAL,Chennai,Tamil Nadu,2025-04-17 01:53:35,XXXX4696,ACTIVE,447.78,False,False,False,False,False,False
MCH2267,Bobal and Sons,7011,HOTEL,PARTNERSHIP,Delhi,Delhi,2023-01-03 00:00:00,XXXX2559,ACTIVE,2114.71,False,False,False,False,False,False
MCH2268,"Verma, Aurora and De",5999,MISC_RETAIL,PRIVATE_LIMITED,Jalandhar,Punjab,,XXXX1930,ACTIVE,995.42,False,False,False,False,False,True
MCH2269,"dalal, samra and kala",7011,HOTEL,SOLE_PROPRIETOR,Pune,Maharashtra,2025-10-08 00:00:00,,ACTIVE,-356.96,False,False,True,False,True,False
MCH2274,"KUNDA, VIG AND PARSA",5999,MISC_RETAIL,SOLE_PROPRIETOR,Mumbai,Maharashtra,2023-06-06 04:13:00,XXXX2871,ACTIVE,3028.0,False,False,False,False,False,False
MCH2278,"Mohanty, Bobal and Minhas",7011,HOTEL,SOLE_PROPRIETOR,Pune,Maharashtra,2023-08-25 22:07:00,XXXX6997,ACTIVE,4540.82,False,False,False,False,False,False
MCH2279,Sarma Inc,5912,PHARMACY,PRIVATE_LIMITED,Mumbai,Maharashtra,2024-07-29 00:00:00,XXXX5398,ACTIVE,2197.82,False,False,False,False,False,False
MCH2282,mall group,5311,DEPARTMENT_STORE,PARTNERSHIP,Jalandhar,Punjab,2024-02-08 23:31:25,XXXX0033,ACTIVE,654.0,True,False,False,False,False,False
MCH2283,"Dhawan, Pa11a and Krishnan",7011,HOTEL,PARTNERSHIP,Hyderabad,Telangana,,XXXX0306,ACTIVE,954.74,False,False,False,False,False,True
MCH2284,Nayak Group,5699,APPAREL,PRIVATE_LIMITED,Mumbai,Maharashtra,2025-10-01 04:44:36,XXXX8146,INACTIVE,998.2,False,False,False,False,False,False
MCH2287,Baral Inc,5912,PHARMACY,INDIVIDUAL,Delhi,Delhi,2025-06-11 00:00:00,,ACTIVE,920.82,False,False,False,False,True,False
MCH2289,Tank-Datta,5812,RESTAURANT,PRIVATE_LIMITED,Hyderabad,Telangana,2025-10-26 00:00:00,XXXX2436,ACTIVE,372.03,False,False,False,False,False,False
MCH2293,"pandit, bhavsar and barman",4814,TELECOM,PRIVATE_LIMITED,Pune,Maharashtra,2023-03-20 00:50:23,,ACTIVE,792.61,False,False,False,False,True,False
MCH2296,Buch Ltd,4131,TRANSPORT,PARTNERSHIP,Ludhiana,Punjab,2023-06-19 12:35:26,XXXX9780,ACTIVE,8012.35,False,False,False,False,False,False
MCH2297,Mutti and Sons,5942,BOOKS_STATIONERY,PARTNERSHIP,Ludhiana,Punjab,2026-01-15 05:18:27,,ACTIVE,1134.74,False,False,False,False,True,False
MCH2299,Ahluwalia Inc,4131,TRANSPORT,PARTNERSHIP,Ludhiana,Punjab,2024-12-02 23:31:00,,ACTIVE,2936.54,False,False,False,False,True,False
MCH2302,"Sekhon, Tak and Dhingra",5942,BOOKS_STATIONERY,SOLE_PROPRIETOR,Amritsar,Punjab,2023-11-11 00:00:00,XXXX0195,ACTIVE,852.28,False,False,False,False,False,False
MCH2306,GOSWAMI INC,7011,HOTEL,SOLE_PROPRIETOR,Bengaluru,Karnataka,,XXXX7298,ACTIVE,1562.95,False,False,False,False,False,True
MCH2308,Bhattacharyya LLC,5311,DEPARTMENT_STORE,SOLE_PROPRIETOR,Jalandhar,Punjab,2023-10-14 00:00:00,,INACTIVE,4753.89,False,False,False,False,True,False
MCH2309,"bajaj, chakraborty and malhotra",5311,DEPARTMENT_STORE,INDIVIDUAL,Amritsar,Punjab,2026-01-24 07:59:49,XXXX5942,ACTIVE,355.13,False,False,False,False,False,False
MCH2310,Raj Ltd,5411,GROCERY,PARTNERSHIP,Jaipur,Rajasthan,2026-02-13 22:28:00,,INACTIVE,681.98,False,False,False,False,True,False
MCH2313,gulati llc,5999,MISC_RETAIL,PRIVATE_LIMITED,Kolkata,West Bengal,2024-06-09 00:00:00,XXXX9043,INACTIVE,-3231.31,False,False,True,False,False,False
MCH2314,"Tank, Bera and Dash",5812,RESTAURANT,SOLE_PROPRIETOR,Kolkata,West Bengal,2023-02-01 01:03:00,,ACTIVE,2905.93,True,False,False,False,True,False
MCH2327,KIBE-CHAR,5812,RESTAURANT,PARTNERSHIP,Hyderabad,Telangana,2025-10-09 00:00:00,XXXX0303,ACTIVE,848.32,False,False,False,False,False,False
MCH2332,Toor Inc,7011,HOTEL,INDIVIDUAL,Ludhiana,Punjab,2023-04-20 08:12:00,XXXX7105,ACTIVE,-3555.73,False,False,True,False,False,False
MCH2335,GaneshLtd,5999,MISC_RETAIL,PRIVATE_LIMITED,Pune,Maharashtra,2025-03-03 00:00:00,,ACTIVE,,False,False,False,True,True,False
MCH2336,Narasimhan Inc,5411,GROCERY,SOLE_PROPRIETOR,Jalandhar,Punjab,2025-06-18 00:00:00,,INACTIVE,791.05,True,False,False,False,True,False
MCH2344,"Purohit, Rege and Patil",5699,APPAREL,PRIVATE_LIMITED,Jaipur,Rajasthan,,,ACTIVE,,True,False,False,True,True,True
MCH2345,"Kibe, Verma and Koshy",4814,TELECOM,INDIVIDUAL,Bengaluru,Karnataka,2024-06-28 00:00:00,XXXX4184,ACTIVE,808.61,False,False,False,False,False,False
MCH2346,Palla-Mannan,5699,APPAREL,PARTNERSHIP,Chennai,Tamil Nadu,2025-04-29 00:00:00,XXXX3607,ACTIVE,468.76,False,False,False,False,False,False
MCH2347,"Dara, Ravel and Soni",5912,PHARMACY,SOLE_PROPRIETOR,Amritsar,Punjab,2023-12-09 00:00:00,XXXX5938,ACTIVE,3169.93,False,False,False,False,False,False
MCH2350,"Gill, Sura and Doshi",5812,RESTAURANT,INDIVIDUAL,Pune,Maharashtra,2026-02-19 21:03:12,,ACTIVE,668.0,False,False,False,False,True,False
MCH2353,sood-vasa,5411,GROCERY,SOLE_PROPRIETOR,Mumbai,Maharashtra,2026-01-24 05:19:00,,ACTIVE,2728.11,False,False,False,False,True,False
MCH2354,"TOOR, NAGI AND DARA",5912,PHARMACY,SOLE_PROPRIETOR,Pune,Maharashtra,2024-04-12 23:57:41,XXXX8881,ACTIVE,1954.79,False,False,False,False,False,False
MCH2356,"Vyas, Chhabra and Kala",7011,HOTEL,PRIVATE_LIMITED,Chennai,Tamil Nadu,2024-08-07 00:00:00,,ACTIVE,2064.97,True,False,False,False,True,False
MCH2357,SHAN LTD,5999,MISC_RETAIL,INDIVIDUAL,Jalandhar,Punjab,2025-06-16 00:00:00,XXXX8144,ACTIVE,945.26,False,False,False,False,False,False
MCH2360,Bhakta-Nazareth,5942,BOOKS_STATIONERY,PRIVATE_LIMITED,Jaipur,Rajasthan,2024-06-21 00:00:00,,INACTIVE,755.69,False,False,False,False,True,False
MCH2368,Chadha-Barman,5912,PHARMACY,INDIVIDUAL,Jalandhar,Punjab,2025-11-27 00:00:00,XXXX5450,INACTIVE,3326.29,False,False,False,False,False,False
MCH2370,Mutti-Sarma,5699,APPAREL,INDIVIDUAL,Delhi,Delhi,2024-08-03 00:00:00,,ACTIVE,6053.56,False,False,False,False,True,False
MCH2376,"Lata, Krishnamurthy and Lal",5311,DEPARTMENT_STORE,PARTNERSHIP,Jalandhar,Punjab,2025-12-05 00:00:00,,ACTIVE,113.0,False,False,False,False,True,False
MCH2378,"Rau, Pradhan and Bansa1",5411,GROCERY,INDIVIDUAL,Lucknow,Uttar Pradesh,2024-02-09 01:00:15,XXXX6864,ACTIVE,6158.0,False,False,False,False,False,False
MCH2382,Parsa-Mandal,4814,TELECOM,INDIVIDUAL,Jalandhar,Punjab,2026-01-30 05:50:43,,INACTIVE,16892.62,False,False,False,False,True,False
MCH2383,Dewan-Misra,4814,TELECOM,SOLE_PROPRIETOR,Ludhiana,Punjab,2023-05-09 17:41:00,,ACTIVE,923.06,False,False,False,False,True,False
MCH2384,Dugar-Sathe,4814,TELECOM,PARTNERSHIP,Ludhiana,Punjab,2023-10-01 00:00:00,XXXX0707,ACTIVE,7203.05,True,False,False,False,False,False
MCH2387,Dar-Dass,5912,PHARMACY,PARTNERSHIP,Lucknow,Uttar Pradesh,,,ACTIVE,1022.15,False,False,False,False,True,True
MCH2390,Bandi-Sidhu,5311,DEPARTMENT_STORE,SOLE_PROPRIETOR,Jaipur,Rajasthan,,XXXX9688,ACTIVE,1091.1,False,False,False,False,False,True
MCH2392,Shetty and Sons,5411,GROCERY,INDIVIDUAL,Amritsar,Punjab,2025-12-18 00:00:00,XXXX1862,ACTIVE,655.01,True,False,False,False,False,False
MCH2394,RAJAGOPALAN LLC,5812,RESTAURANT,PARTNERSHIP,Kolkata,West Bengal,,XXXX3997,ACTIVE,2001.35,False,False,False,False,False,True
MCH2395,Sathe-Dixit,4131,TRANSPORT,PRIVATE_LIMITED,Chennai,Tamil Nadu,2023-12-24 00:00:00,,ACTIVE,941.52,False,False,False,False,True,False
MCH2398,Kapur-Dani,5311,DEPARTMENT_STORE,INDIVIDUAL,Chennai,Tamil Nadu,2023-09-15 16:58:35,XXXX6193,ACTIVE,711.05,False,False,False,False,False,False
MCH2402,Dhillon Group,5912,PHARMACY,INDIVIDUAL,Mumbai,Maharashtra,2024-02-12 07:15:12,XXXX2348,ACTIVE,1477.89,False,False,False,False,False,False
MCH2403,Chana-Yohannan,5411,GROCERY,PARTNERSHIP,Kolkata,West Bengal,2025-07-28 00:00:00,,ACTIVE,574.13,False,False,False,False,True,False
MCH2404,Mutti-Seshadri,5411,GROCERY,INDIVIDUAL,Ludhiana,Punjab,2026-01-13 07:54:00,,ACTIVE,233.4,False,False,False,False,True,False
MCH2407,CHAUDHRY PLC,5912,PHARMACY,PRIVATE_LIMITED,Pune,Maharashtra,,XXXX3369,ACTIVE,5215.07,True,False,False,False,False,True
MCH2408,"Kumar, Din and Sule",5999,MISC_RETAIL,SOLE_PROPRIETOR,Bengaluru,Karnataka,,,ACTIVE,-2001.55,False,False,True,False,True,True
MCH2411,SARAF-GOLA,4131,TRANSPORT,INDIVIDUAL,Jaipur,Rajasthan,2023-02-09 06:15:13,,ACTIVE,2300.71,False,False,False,False,True,False
MCH2412,Nadig Inc,5942,BOOKS_STATIONERY,INDIVIDUAL,Hyderabad,Telangana,2024-12-08 07:03:51,XXXX9581,ACTIVE,144.12,False,False,False,False,False,False
MCH2416,"Gokhale, Dua and Murty",5411,GROCERY,SOLE_PROPRIETOR,Delhi,Delhi,2024-09-15 00:00:00,XXXX9400,ACTIVE,4341.41,False,False,False,False,False,False
MCH2417,"Reddy, Patel and Manda",5912,PHARMACY,INDIVIDUAL,Bengaluru,Karnataka,2025-03-13 00:00:00,XXXX5551,ACTIVE,1553.29,False,False,False,False,False,False
MCH2418,Doctor Group,4131,TRANSPORT,SOLE_PROPRIETOR,Bengaluru,Karnataka,2023-03-25 11:18:00,XXXX8390,ACTIVE,523.42,False,False,False,False,False,False
MCH2419,Suri Ltd,5999,MISC_RETAIL,INDIVIDUAL,Mumbai,Maharashtra,2024-02-05 00:00:00,XXXX1109,ACTIVE,-5184.52,False,False,True,False,False,False
MCH2421,Chanda PLC,4131,TRANSPORT,PARTNERSHIP,Lucknow,Uttar Pradesh,2023-10-11 20:31:00,XXXX7539,ACTIVE,146.0,False,False,False,False,False,False
MCH2422,SAMPATH-BALASUBRAMANIAN,4814,TELECOM,PRIVATE_LIMITED,Bengaluru,Karnataka,2025-06-25 00:00:00,XXXX1719,ACTIVE,2352.58,True,False,False,False,False,False
MCH2423,Ratti-Gupta,4131,TRANSPORT,PRIVATE_LIMITED,Hyderabad,Telangana,2023-02-09 07:16:00,XXXX3058,ACTIVE,1549.78,False,False,False,False,False,False
MCH2424,PATIL LTD,5912,PHARMACY,PARTNERSHIP,Chennai,Tamil Nadu,2023-10-08 14:00:00,,ACTIVE,737.41,False,False,False,False,True,False
MCH2425,SURI-KURIAN,5411,GROCERY,PARTNERSHIP,Ludhiana,Punjab,2023-06-06 04:11:03,,ACTIVE,1800.35,False,False,False,False,True,False
MCH2428,Suresh-Varma,4814,TELECOM,PRIVATE_LIMITED,Hyderabad,Telangana,2024-05-31 00:00:00,XXXX3635,ACTIVE,949.0,False,False,False,False,False,False
MCH2430,Bora Group,4814,TELECOM,INDIVIDUAL,Amritsar,Punjab,2026-01-27 15:52:53,XXXX2677,ACTIVE,827.43,False,False,False,False,False,False
MCH2432,Parmar-Parmer,4131,TRANSPORT,INDIVIDUAL,Kolkata,West Bengal,,,ACTIVE,2557.63,False,False,False,False,True,True
MCH2435,"BADAL, CHADA AND NARANG",5699,APPAREL,PRIVATE_LIMITED,Ludhiana,Punjab,,XXXX5854,ACTIVE,2576.23,False,False,False,False,False,True
MCH2436,"Bhagat, Amble and Dixit",4131,TRANSPORT,INDIVIDUAL,Lucknow,Uttar Pradesh,2024-07-27 10:21:56,XXXX8612,ACTIVE,2085.74,False,False,False,False,False,False
MCH2438,Saxena-Sagar,5999,MISC_RETAIL,SOLE_PROPRIETOR,Amritsar,Punjab,2025-06-21 03:10:13,XXXX3658,ACTIVE,1010.25,False,False,False,False,False,False
MCH2440,Hans-Master,7011,HOTEL,SOLE_PROPRIETOR,Ludhiana,Punjab,2023-02-15 11:47:00,XXXX6054,ACTIVE,1395.0,False,False,False,False,False,False
MCH2441,bhatnagar plc,4814,TELECOM,INDIVIDUAL,Jaipur,Rajasthan,2024-05-04 23:00:00,XXXX6528,ACTIVE,1789.0,False,False,False,False,False,False
MCH2442,Gole PLC,5812,RESTAURANT,PARTNERSHIP,Mumbai,Maharashtra,2024-08-28 00:00:00,XXXX1670,ACTIVE,625.13,False,False,False,False,False,False
MCH2444,"Sachar, Das and Deo",4131,TRANSPORT,SOLE_PROPRIETOR,Jalandhar,Punjab,2025-05-12 00:00:00,,ACTIVE,563.27,False,False,False,False,True,False
MCH2445,"Vohra, Gill and Saini",5311,DEPARTMENT_STORE,INDIVIDUAL,Jaipur,Rajasthan,2025-05-01 00:00:00,XXXX4477,INACTIVE,887.98,False,False,False,False,False,False
MCH2447,anand llc,4131,TRANSPORT,SOLE_PROPRIETOR,Jaipur,Rajasthan,,,INACTIVE,1803.52,False,False,False,False,True,True
MCH2448,shan ltd,5699,APPAREL,PRIVATE_LIMITED,Delhi,Delhi,2023-03-22 16:55:53,,ACTIVE,331.32,False,False,False,False,True,False
MCH2450,bail plc,5812,RESTAURANT,PRIVATE_LIMITED,Hyderabad,Telangana,2024-04-25 12:52:00,XXXX3279,ACTIVE,3923.0,False,False,False,False,False,False
MCH2451,"HALDER, KANNAN AND DIXIT",7011,HOTEL,PRIVATE_LIMITED,Kolkata,West Bengal,2025-11-20 00:00:00,XXXX4941,INACTIVE,610.7,False,False,False,False,False,False
MCH2459,Gala and Sons,4131,TRANSPORT,SOLE_PROPRIETOR,Jaipur,Rajasthan,2025-04-16 00:00:00,XXXX3997,ACTIVE,789.05,False,False,False,False,False,False
MCH2463,"Pillai, Tank and Das",7011,HOTEL,SOLE_PROPRIETOR,Chennai,Tamil Nadu,2025-08-13 00:00:00,XXXX3229,ACTIVE,1834.3,False,False,False,False,False,False
MCH2470,Mutti-Bawa,5912,PHARMACY,INDIVIDUAL,Jalandhar,Punjab,2025-12-13 00:00:00,XXXX5194,INACTIVE,444.91,True,False,False,False,False,False
MCH2471,Das Group,5942,BOOKS_STATIONERY,INDIVIDUAL,Jalandhar,Punjab,2024-05-30 00:00:00,XXXX0744,ACTIVE,3177.16,False,False,False,False,False,False
MCH2473,Lanka Inc,5942,BOOKS_STATIONERY,INDIVIDUAL,Bengaluru,Karnataka,2025-01-20 01:42:00,XXXX0119,ACTIVE,1883.19,False,False,False,False,False,False
MCH2474,"Setty, Reddy and Singh",5912,PHARMACY,SOLE_PROPRIETOR,Kolkata,West Bengal,2023-12-11 00:00:00,XXXX1604,ACTIVE,3043.1,True,False,False,False,False,False
MCH2475,Bains-Sahota,5411,GROCERY,INDIVIDUAL,Bengaluru,Karnataka,2023-08-16 00:00:00,XXXX6630,ACTIVE,-619.32,False,False,True,False,False,False
MCH2476,Choudhary-Borah,7011,HOTEL,PRIVATE_LIMITED,Kolkata,West Bengal,2025-10-15 00:00:00,XXXX6921,ACTIVE,1108.38,False,False,False,False,False,False
MCH2478,"Bala, Sane and Som",5699,APPAREL,SOLE_PROPRIETOR,Hyderabad,Telangana,2023-02-15 00:00:00,XXXX4685,ACTIVE,911.53,False,False,False,False,False,False
MCH2480,Banik-Nagar,5812,RESTAURANT,PRIVATE_LIMITED,Jaipur,Rajasthan,2025-07-27 00:00:00,XXXX7952,ACTIVE,3594.0,False,False,False,False,False,False
MCH2486,"Mohanty, Iyer and Sharma",7011,HOTEL,INDIVIDUAL,Chennai,Tamil Nadu,2023-10-23 21:00:00,XXXX8520,ACTIVE,2266.0,False,False,False,False,False,False
MCH2487,"Virk, Ganguly and Saraf",5812,RESTAURANT,PARTNERSHIP,Bengaluru,Karnataka,2024-04-24 00:00:00,,INACTIVE,362.02,False,False,False,False,True,False
MCH2492,"dhawan, salvi and dara",5812,RESTAURANT,PARTNERSHIP,Lucknow,Uttar Pradesh,2025-08-07 00:00:00,XXXX8560,INACTIVE,3500.9,False,False,False,False,False,False
MCH2493,"Tella, Lata and Tripathi",4814,TELECOM,INDIVIDUAL,Jaipur,Rajasthan,2023-10-28 00:00:00,XXXX1354,ACTIVE,-4200.08,False,False,True,False,False,False
MCH2494,Sane Ltd,5699,APPAREL,PARTNERSHIP,Amritsar,Punjab,,XXXX4201,ACTIVE,582.0,False,False,False,False,False,True
MCH2495,Solanki LLC,5942,BOOKS_STATIONERY,PRIVATE_LIMITED,Delhi,Delhi,2023-05-19 00:00:00,XXXX4153,ACTIVE,1374.43,True,False,False,False,False,False
MCH2498,Peri-Sachdeva,7011,HOTEL,INDIVIDUAL,Lucknow,Uttar Pradesh,2024-07-22 00:00:00,XXXX6113,ACTIVE,1576.69,False,False,False,False,False,False
MCH2501,ravel inc,5912,PHARMACY,PARTNERSHIP,Ludhiana,Punjab,2024-08-13 00:00:00,XXXX9432,ACTIVE,2494.94,True,False,False,False,False,False
MCH2503,Ravel PLC,4814,TELECOM,INDIVIDUAL,Kolkata,West Bengal,2025-03-10 00:00:00,XXXX9598,ACTIVE,858.0,False,False,False,False,False,False
MCH2504,Mittal Ltd,5999,MISC_RETAIL,INDIVIDUAL,Pune,Maharashtra,2024-12-29 00:00:00,XXXX5857,INACTIVE,1689.96,False,False,False,False,False,False
MCH2506,"Sarna, Vora and Seth",4131,TRANSPORT,INDIVIDUAL,Jaipur,Rajasthan,2024-06-13 02:51:27,,ACTIVE,222.33,False,False,False,False,True,False
MCH2510,Kakar Group,5411,GROCERY,SOLE_PROPRIETOR,Hyderabad,Telangana,2024-03-29 12:22:51,XXXX3606,ACTIVE,744.85,False,False,False,False,False,False
MCH2513,BhallaInc,5699,APPAREL,PARTNERSHIP,Amritsar,Punjab,2023-11-09 00:00:00,XXXX8868,ACTIVE,5544.37,True,False,False,False,False,False
MCH2514,"Dua, Peri and Sani",4814,TELECOM,SOLE_PROPRIETOR,Kolkata,West Bengal,,XXXX9744,ACTIVE,937.87,True,False,False,False,False,True
MCH2516,Ben-Varghese,5411,GROCERY,SOLE_PROPRIETOR,Chennai,Tamil Nadu,2023-08-04 21:20:00,,INACTIVE,398.68,True,False,False,False,True,False
MCH2522,Savant-Sangha,5311,DEPARTMENT_STORE,PARTNERSHIP,Mumbai,Maharashtra,2024-03-01 15:56:00,XXXX5374,ACTIVE,702.03,False,False,False,False,False,False
MCH2523,Sarma Inc,5999,MISC_RETAIL,INDIVIDUAL,Kolkata,West Bengal,2025-09-05 00:00:00,,ACTIVE,2146.62,False,False,False,False,True,False
MCH2525,NARAYAN-MALLICK,5912,PHARMACY,SOLE_PROPRIETOR,Amritsar,Punjab,2025-03-17 22:22:00,,ACTIVE,1084.48,False,False,False,False,True,False
MCH2528,Cherian Ltd,5999,MISC_RETAIL,PRIVATE_LIMITED,Jalandhar,Punjab,2024-08-03 00:00:00,,ACTIVE,830.85,False,False,False,False,True,False
MCH2529,Sheth-Pal,5942,BOOKS_STATIONERY,INDIVIDUAL,Lucknow,Uttar Pradesh,2023-08-23 00:00:00,XXXX1385,ACTIVE,1398.37,False,False,False,False,False,False
MCH2530,bal-sant,5999,MISC_RETAIL,PARTNERSHIP,Kolkata,West Bengal,2023-08-06 17:36:00,XXXX3441,ACTIVE,372.49,False,False,False,False,False,False
MCH2532,Chad Inc,5999,MISC_RETAIL,PARTNERSHIP,Jaipur,Rajasthan,2023-01-11 00:00:00,XXXX5786,INACTIVE,351.38,False,False,False,False,False,False
MCH2533,Khatri-Devi,5411,GROCERY,SOLE_PROPRIETOR,Jaipur,Rajasthan,2024-11-23 15:52:39,XXXX9147,ACTIVE,3147.37,True,False,False,False,False,False
MCH2534,Shetty-Sundaram,5411,GROCERY,PRIVATE_LIMITED,Pune,Maharashtra,2025-03-10 16:30:29,,ACTIVE,709.87,False,False,False,False,True,False
MCH2535,MODY-GREWAL,5699,APPAREL,SOLE_PROPRIETOR,Mumbai,Maharashtra,2026-02-11 00:00:00,XXXX4471,ACTIVE,1997.41,False,False,False,False,False,False
MCH2536,Divan-Radhakrishnan,4131,TRANSPORT,PRIVATE_LIMITED,Pune,Maharashtra,2025-07-09 00:00:00,XXXX4946,ACTIVE,,False,False,False,True,False,False
MCH2542,Thakur Group,5411,GROCERY,SOLE_PROPRIETOR,Kolkata,West Bengal,2023-12-15 00:00:00,XXXX6427,INACTIVE,3711.74,False,False,False,False,False,False
MCH2546,Kant Group,5912,PHARMACY,SOLE_PROPRIETOR,Amritsar,Punjab,2025-04-04 00:00:00,XXXX1946,ACTIVE,4120.12,True,False,False,False,False,False
MCH2548,ANNE LLC,5812,RESTAURANT,PARTNERSHIP,Kolkata,West Bengal,2024-03-28 00:00:00,,ACTIVE,2367.01,False,False,False,False,True,False
MCH2550,Misra-Natarajan,4131,TRANSPORT,INDIVIDUAL,Ludhiana,Punjab,2023-02-06 04:42:00,XXXX6714,ACTIVE,1549.99,True,False,False,False,False,False
MCH2551,"Krishnamurthy, Murthy and Savant",5699,APPAREL,PRIVATE_LIMITED,Pune,Maharashtra,2023-09-27 00:00:00,XXXX9848,ACTIVE,3427.0,False,False,False,False,False,False
MCH2552,"MUKHERJEE, IYENGAR AND DEO",5942,BOOKS_STATIONERY,PARTNERSHIP,Pune,Maharashtra,2025-03-15 00:00:00,XXXX0179,ACTIVE,3414.98,False,False,False,False,False,False
MCH2556,"ZACHARIAH, MANNE AND BEDI",5942,BOOKS_STATIONERY,PARTNERSHIP,Kolkata,West Bengal,2024-10-05 01:12:00,XXXX4555,ACTIVE,1248.82,False,False,False,False,False,False
MCH2559,"Sastry, Dhar and Kibe",7011,HOTEL,PARTNERSHIP,Pune,Maharashtra,2023-05-08 00:00:00,XXXX0681,ACTIVE,1827.84,False,False,False,False,False,False
MCH2564,Bumb and Sons,7011,HOTEL,PRIVATE_LIMITED,Hyderabad,Telangana,2025-04-18 00:00:00,XXXX0675,ACTIVE,1155.71,False,False,False,False,False,False
MCH2566,Oommen Inc,5999,MISC_RETAIL,PRIVATE_LIMITED,Delhi,Delhi,,XXXX9507,ACTIVE,2200.23,False,False,False,False,False,True
MCH2567,"Magar, Hora and Khare",4131,TRANSPORT,SOLE_PROPRIETOR,Delhi,Delhi,2024-09-30 00:00:00,XXXX9537,ACTIVE,572.7,False,False,False,False,False,False
MCH2568,"Dhaliwal, Bhat and Sarin",5411,GROCERY,PARTNERSHIP,Mumbai,Maharashtra,2023-04-28 00:00:00,XXXX2137,ACTIVE,803.0,False,False,False,False,False,False
MCH2571,Deep-Chakraborty,5812,RESTAURANT,PARTNERSHIP,Delhi,Delhi,2024-07-31 00:00:00,,INACTIVE,3828.75,False,False,False,False,True,False
MCH2574,Bala and Sons,5699,APPAREL,INDIVIDUAL,Delhi,Delhi,,XXXX0924,INACTIVE,197.23,False,False,False,False,False,True
MCH2575,Rast0gi-Verma,5912,PHARMACY,INDIVIDUAL,Pune,Maharashtra,2025-04-09 16:48:12,XXXX2986,ACTIVE,549.08,False,False,False,False,False,False
MCH2576,"Shan,SemandPau",5311,DEPARTMENT_STORE,PARTNERSHIP,Hyderabad,Telangana,2023-12-03 00:00:00,XXXX1191,ACTIVE,472.21,False,False,False,False,False,False
MCH2577,Dua Inc,5812,RESTAURANT,SOLE_PROPRIETOR,Bengaluru,Karnataka,2023-11-23 00:00:00,,ACTIVE,23536.65,False,False,False,False,True,False
MCH2579,More Inc,5942,BOOKS_STATIONERY,PARTNERSHIP,Jaipur,Rajasthan,2024-06-05 00:00:00,,ACTIVE,4068.74,True,False,False,False,True,False
MCH2580,Rajag0pa1an-S0man,5812,RESTAURANT,PRIVATE_LIMITED,Jaipur,Rajasthan,2023-07-17 00:00:00,XXXX4205,ACTIVE,7864.69,False,False,False,False,False,False
MCH2582,Lal PLC,5912,PHARMACY,SOLE_PROPRIETOR,Delhi,Delhi,2025-09-13 00:00:00,,ACTIVE,1344.48,False,False,False,False,True,False
MCH2583,Gole-Prabhakar,4814,TELECOM,PRIVATE_LIMITED,Bengaluru,Karnataka,2025-04-21 00:00:00,XXXX1523,ACTIVE,323.0,False,False,False,False,False,False
MCH2585,ROY LLC,5411,GROCERY,SOLE_PROPRIETOR,Jaipur,Rajasthan,2025-10-13 00:00:00,XXXX7701,ACTIVE,2233.97,True,False,False,False,False,False
MCH2588,datta inc,5699,APPAREL,PRIVATE_LIMITED,Jaipur,Rajasthan,2024-09-28 00:00:00,XXXX7714,ACTIVE,311.95,False,False,False,False,False,False
MCH2589,Dhawan-Thaker,5311,DEPARTMENT_STORE,SOLE_PROPRIETOR,Hyderabad,Telangana,2025-12-01 00:00:00,XXXX8775,INACTIVE,-611.95,False,False,True,False,False,False
MCH2590,Goyal Group,7011,HOTEL,INDIVIDUAL,Delhi,Delhi,2025-06-22 04:22:00,XXXX8497,ACTIVE,531.43,False,False,False,False,False,False
MCH2591,"Deol, Palla and Goel",5411,GROCERY,INDIVIDUAL,Hyderabad,Telangana,2025-08-22 00:00:00,XXXX8743,ACTIVE,468.59,True,False,False,False,False,False
MCH2592,"Garg, Saha and Sampath",5999,MISC_RETAIL,PRIVATE_LIMITED,Hyderabad,Telangana,2024-03-28 13:13:52,,ACTIVE,3945.98,False,False,False,False,True,False
MCH2593,Gour Inc,5999,MISC_RETAIL,SOLE_PROPRIETOR,Jalandhar,Punjab,2025-10-20 00:00:00,XXXX8883,ACTIVE,1307.82,False,False,False,False,False,False
MCH2596,Vasa PLC,4131,TRANSPORT,SOLE_PROPRIETOR,Hyderabad,Telangana,2025-08-20 22:49:00,,ACTIVE,-2736.9,False,False,True,False,True,False
MCH2598,Sani Gr0up,5699,APPAREL,PARTNERSHIP,Pune,Maharashtra,2025-11-27 17:05:19,XXXX2674,ACTIVE,489.0,True,False,False,False,False,False
MCH2600,Prabhakar and Sons,5699,APPAREL,PARTNERSHIP,Kolkata,West Bengal,2024-12-17 20:12:43,XXXX7155,ACTIVE,-1712.51,False,False,True,False,False,False
MCH2601,"Mangal, Lalla and Desai",4131,TRANSPORT,PRIVATE_LIMITED,Ludhiana,Punjab,2025-02-19 00:00:00,XXXX7238,ACTIVE,1601.46,False,False,False,False,False,False
MCH2604,Sharaf-Kaur,4131,TRANSPORT,PRIVATE_LIMITED,Lucknow,Uttar Pradesh,2023-10-30 00:00:00,XXXX0255,ACTIVE,1813.01,False,False,False,False,False,False
MCH2605,Gera-Karpe,5699,APPAREL,INDIVIDUAL,Mumbai,Maharashtra,2026-02-25 00:00:00,XXXX1628,ACTIVE,1371.0,False,False,False,False,False,False
MCH2607,"Deep, Prasad and Dass",5699,APPAREL,PRIVATE_LIMITED,Hyderabad,Telangana,2023-05-29 00:00:00,XXXX6918,INACTIVE,1570.82,True,False,False,False,False,False
MCH2608,"Loyal, Ghosh and Gaba",5999,MISC_RETAIL,INDIVIDUAL,Hyderabad,Telangana,2025-03-21 00:00:00,XXXX7456,ACTIVE,869.47,False,False,False,False,False,False
MCH2610,"Dhar, Mahajan and Sarkar",5912,PHARMACY,PRIVATE_LIMITED,Delhi,Delhi,2025-08-09 18:24:29,XXXX0765,ACTIVE,-3319.36,False,False,True,False,False,False
MCH2612,Vala Ltd,7011,HOTEL,SOLE_PROPRIETOR,Lucknow,Uttar Pradesh,2023-08-11 00:00:00,,ACTIVE,,False,False,False,True,True,False
MCH2613,"Grewal, Gade and Bhattacharyya",4814,TELECOM,PRIVATE_LIMITED,Kolkata,West Bengal,2023-06-04 01:02:27,,INACTIVE,1066.15,False,False,False,False,True,False
MCH2617,Mander-Parmar,4814,TELECOM,PRIVATE_LIMITED,Kolkata,West Bengal,2023-08-05 08:15:00,XXXX0066,ACTIVE,5191.58,False,False,False,False,False,False
MCH2618,"Loyal, Nadkarni and Mangal",5942,BOOKS_STATIONERY,PARTNERSHIP,Bengaluru,Karnataka,2026-01-27 20:44:00,XXXX7170,ACTIVE,816.0,False,False,False,False,False,False
MCH2623,"Oak, Nadig and Doshi",5411,GROCERY,SOLE_PROPRIETOR,Jalandhar,Punjab,2025-03-18 11:32:41,XXXX1997,ACTIVE,1380.47,False,False,False,False,False,False
MCH2624,Pandya Group,5311,DEPARTMENT_STORE,INDIVIDUAL,Mumbai,Maharashtra,2023-12-09 00:00:00,XXXX8323,INACTIVE,606.95,False,False,False,False,False,False
MCH2627,Gupta and Sons,5699,APPAREL,INDIVIDUAL,Delhi,Delhi,2025-04-01 17:51:00,XXXX3155,ACTIVE,1249.33,False,False,False,False,False,False
MCH2628,Muni PLC,5311,DEPARTMENT_STORE,INDIVIDUAL,Pune,Maharashtra,2024-07-13 00:00:00,XXXX5804,ACTIVE,-1382.04,True,False,True,False,False,False
MCH2632,Agate-Gandhi,5311,DEPARTMENT_STORE,PARTNERSHIP,Chennai,Tamil Nadu,2026-01-14 00:00:00,XXXX9383,ACTIVE,-243.56,False,False,True,False,False,False
MCH2634,"KARNIK, BAINS AND RATTI",5311,DEPARTMENT_STORE,INDIVIDUAL,Bengaluru,Karnataka,2025-03-20 07:33:00,XXXX1890,ACTIVE,581.71,False,False,False,False,False,False
MCH2636,Rau PLC,5311,DEPARTMENT_STORE,PARTNERSHIP,Delhi,Delhi,2024-04-06 14:07:44,,ACTIVE,5739.27,False,False,False,False,True,False
MCH2637,Joshi Group,5999,MISC_RETAIL,PARTNERSHIP,Chennai,Tamil Nadu,2025-02-20 00:00:00,,ACTIVE,-760.41,False,False,True,False,True,False
MCH2639,Sunder-Keer,5411,GROCERY,PARTNERSHIP,Jaipur,Rajasthan,2025-04-19 00:00:00,,ACTIVE,-853.1,False,False,True,False,True,False
MCH2641,Varma-Saha,5999,MISC_RETAIL,INDIVIDUAL,Bengaluru,Karnataka,2024-10-09 00:00:00,,INACTIVE,5621.28,False,False,False,False,True,False
MCH2646,Parsa-Gole,5999,MISC_RETAIL,PRIVATE_LIMITED,Hyderabad,Telangana,2025-12-18 03:23:00,XXXX3679,ACTIVE,450.19,False,False,False,False,False,False
MCH2647,Saha Inc,5999,MISC_RETAIL,PRIVATE_LIMITED,Lucknow,Uttar Pradesh,2023-04-06 00:00:00,,ACTIVE,1551.4,False,False,False,False,True,False
MCH2648,Batta LLC,5999,MISC_RETAIL,PARTNERSHIP,Jaipur,Rajasthan,2024-10-10 00:00:00,,ACTIVE,416.94,False,False,False,False,True,False
MCH2649,Pandya PLC,5411,GROCERY,INDIVIDUAL,Pune,Maharashtra,2025-05-31 00:00:00,XXXX1050,ACTIVE,6206.32,True,False,False,False,False,False
MCH2650,Choudhary Ltd,5942,BOOKS_STATIONERY,INDIVIDUAL,Delhi,Delhi,2024-09-22 00:00:00,,INACTIVE,1197.2,False,False,False,False,True,False
MCH2654,saxena-sarkar,4814,TELECOM,SOLE_PROPRIETOR,Pune,Maharashtra,2026-01-10 00:00:00,,ACTIVE,3080.46,False,False,False,False,True,False
MCH2655,"Brahmbhatt, Desai and Sangha",4814,TELECOM,SOLE_PROPRIETOR,Amritsar,Punjab,2026-01-04 00:00:00,XXXX9649,ACTIVE,3102.0,False,False,False,False,False,False
MCH2656,"Patla, Deo and Babu",5912,PHARMACY,PARTNERSHIP,Jaipur,Rajasthan,2026-02-02 00:00:00,XXXX6367,ACTIVE,1217.69,False,False,False,False,False,False
MCH2658,"Parmar, Purohit and Bhasin",5812,RESTAURANT,SOLE_PROPRIETOR,Bengaluru,Karnataka,,XXXX5885,ACTIVE,548.82,False,False,False,False,False,True
MCH2665,"Arora, Bir and Mahal",5311,DEPARTMENT_STORE,SOLE_PROPRIETOR,Lucknow,Uttar Pradesh,2024-11-15 20:23:00,XXXX9161,INACTIVE,2101.74,False,False,False,False,False,False
MCH2671,Mohanty-Chakrabarti,5999,MISC_RETAIL,PARTNERSHIP,Jalandhar,Punjab,2023-05-08 18:02:00,,ACTIVE,1187.55,False,False,False,False,True,False
MCH2674,nair llc,4131,TRANSPORT,SOLE_PROPRIETOR,Delhi,Delhi,2025-02-24 00:00:00,XXXX0245,INACTIVE,-396.74,False,False,True,False,False,False
MCH2675,Venkataraman-Rastogi,5942,BOOKS_STATIONERY,PRIVATE_LIMITED,Amritsar,Punjab,2025-06-23 00:00:00,XXXX4971,ACTIVE,877.85,False,False,False,False,False,False
MCH2676,Subramanian Inc,5912,PHARMACY,PARTNERSHIP,Kolkata,West Bengal,2025-04-01 00:00:00,XXXX8335,ACTIVE,1679.3,False,False,False,False,False,False
MCH2679,"Barman, Bains and Shan",5912,PHARMACY,PRIVATE_LIMITED,Mumbai,Maharashtra,2024-12-25 00:00:00,XXXX8880,ACTIVE,1334.82,False,False,False,False,False,False
MCH2681,Upadhyay-Bava,7011,HOTEL,INDIVIDUAL,Pune,Maharashtra,2024-02-16 00:00:00,XXXX3032,ACTIVE,230.72,False,False,False,False,False,False
MCH2684,Barad-Jaggi,5942,BOOKS_STATIONERY,SOLE_PROPRIETOR,Delhi,Delhi,2024-04-13 01:13:00,XXXX6838,ACTIVE,518.0,False,False,False,False,False,False
MCH2690,nagarajan inc,5912,PHARMACY,SOLE_PROPRIETOR,Lucknow,Uttar Pradesh,2023-06-22 00:00:00,XXXX2112,INACTIVE,3091.83,False,False,False,False,False,False
MCH2691,PATHAK AND SONS,7011,HOTEL,PRIVATE_LIMITED,Lucknow,Uttar Pradesh,2024-09-06 00:00:00,,ACTIVE,5340.32,True,False,False,False,True,False
MCH2693,Tandon-Kaur,5311,DEPARTMENT_STORE,INDIVIDUAL,Chennai,Tamil Nadu,2025-04-06 00:00:00,XXXX3352,ACTIVE,1966.59,False,False,False,False,False,False
MCH2694,Misra PLC,5699,APPAREL,INDIVIDUAL,Pune,Maharashtra,,,INACTIVE,2669.29,False,False,False,False,True,True
MCH2695,Patil Inc,5411,GROCERY,PARTNERSHIP,Pune,Maharashtra,2024-06-26 00:00:00,XXXX6028,ACTIVE,792.09,False,False,False,False,False,False
MCH2696,"Dave, Chaudhari and Bhatti",5411,GROCERY,INDIVIDUAL,Delhi,Delhi,2024-11-25 00:00:00,XXXX0248,ACTIVE,-9658.06,False,False,True,False,False,False
MCH2697,Shan-Warrior,4131,TRANSPORT,PRIVATE_LIMITED,Bengaluru,Karnataka,2024-02-08 04:05:00,,INACTIVE,1199.93,False,False,False,False,True,False
MCH2698,KalaLLC,7011,HOTEL,INDIVIDUAL,Lucknow,Uttar Pradesh,2023-08-19 00:00:00,XXXX7898,INACTIVE,3590.19,False,False,False,False,False,False
MCH2701,BAIL LTD,5999,MISC_RETAIL,INDIVIDUAL,Jaipur,Rajasthan,2025-02-27 08:06:00,XXXX0509,ACTIVE,863.24,True,False,False,False,False,False
MCH2704,Sengupta-Sarin,5699,APPAREL,PRIVATE_LIMITED,Pune,Maharashtra,2023-03-08 07:11:36,XXXX8556,ACTIVE,2593.67,False,False,False,False,False,False
MCH2708,"Mand, Zacharia and Vora",4131,TRANSPORT,SOLE_PROPRIETOR,Chennai,Tamil Nadu,2026-01-20 00:00:00,XXXX2440,ACTIVE,363.56,False,False,False,False,False,False
MCH2709,"Iyengar, Dugar and Chacko",7011,HOTEL,PRIVATE_LIMITED,Jaipur,Rajasthan,2023-09-16 04:28:40,XXXX4012,ACTIVE,2413.11,False,False,False,False,False,False
MCH2710,"Batta, Shetty and Ka1ita",5699,APPAREL,INDIVIDUAL,Hyderabad,Telangana,2025-08-17 02:25:30,XXXX7887,ACTIVE,109.84,False,False,False,False,False,False
MCH2712,"RAI, GHOSE AND WADHWA",5411,GROCERY,PRIVATE_LIMITED,Amritsar,Punjab,2023-09-30 00:00:00,XXXX9691,ACTIVE,2957.32,False,False,False,False,False,False
MCH2713,Dayal Group,5699,APPAREL,INDIVIDUAL,Pune,Maharashtra,2024-08-10 00:00:00,XXXX1668,INACTIVE,1199.07,False,False,False,False,False,False
MCH2718,"Krishna, Prabhu and Kara",7011,HOTEL,INDIVIDUAL,Bengaluru,Karnataka,2024-12-20 00:00:00,XXXX2324,ACTIVE,529.14,False,False,False,False,False,False
MCH2719,"RANGANATHAN, MALL AND AGGARWAL",5812,RESTAURANT,PARTNERSHIP,Lucknow,Uttar Pradesh,2024-05-24 21:02:58,,ACTIVE,2283.24,False,False,False,False,True,False
MCH2723,Purohit-Dani,5812,RESTAURANT,INDIVIDUAL,Amritsar,Punjab,2024-04-16 04:10:00,XXXX6527,ACTIVE,1384.67,True,False,False,False,False,False
MCH2724,Saha Group,5311,DEPARTMENT_STORE,INDIVIDUAL,Jaipur,Rajasthan,2026-02-09 01:33:05,XXXX6603,INACTIVE,,True,False,False,True,False,False
MCH2725,Varma-Loke,5812,RESTAURANT,PARTNERSHIP,Kolkata,West Bengal,2023-12-21 15:48:41,,INACTIVE,4486.37,False,False,False,False,True,False
MCH2726,"Chawla, Tata and Chander",5699,APPAREL,PARTNERSHIP,Chennai,Tamil Nadu,2025-10-11 02:35:19,XXXX2870,INACTIVE,2102.32,False,False,False,False,False,False
MCH2727,Ahluwalia and Sons,5942,BOOKS_STATIONERY,PARTNERSHIP,Bengaluru,Karnataka,2023-07-24 00:00:00,XXXX1020,ACTIVE,133.58,False,False,False,False,False,False
MCH2730,hans llc,5999,MISC_RETAIL,INDIVIDUAL,Jaipur,Rajasthan,2025-06-23 00:00:00,,ACTIVE,1392.27,True,False,False,False,True,False
MCH2731,Krishna-Kumar,5311,DEPARTMENT_STORE,PRIVATE_LIMITED,Ludhiana,Punjab,2025-12-18 00:00:00,XXXX8549,ACTIVE,1031.53,False,False,False,False,False,False
MCH2733,CHAUHAN LTD,5411,GROCERY,SOLE_PROPRIETOR,Delhi,Delhi,2024-12-27 00:00:00,,ACTIVE,872.28,False,False,False,False,True,False
MCH2737,"Sani, Chowdhury and Ganesan",5999,MISC_RETAIL,PARTNERSHIP,Bengaluru,Karnataka,2023-05-01 00:00:00,XXXX7451,ACTIVE,610.07,False,False,False,False,False,False
MCH2738,Yadav Group,5999,MISC_RETAIL,INDIVIDUAL,Pune,Maharashtra,2024-11-03 22:47:58,XXXX7832,ACTIVE,1282.34,False,False,False,False,False,False
MCH2741,"Palan, Bhalla and Srinivasan",5812,RESTAURANT,INDIVIDUAL,Jaipur,Rajasthan,2025-12-19 01:05:00,XXXX0289,ACTIVE,1319.0,False,False,False,False,False,False
MCH2742,"Manne, Patil and Mukhopadhyay",5942,BOOKS_STATIONERY,SOLE_PROPRIETOR,Pune,Maharashtra,2025-03-10 00:00:00,XXXX6214,ACTIVE,1389.0,False,False,False,False,False,False
MCH2743,Joshi PLC,5912,PHARMACY,PRIVATE_LIMITED,Kolkata,West Bengal,2024-12-02 17:56:14,,ACTIVE,,True,False,False,True,True,False
MCH2744,"DIVAN, NARANG AND JHAVERI",5912,PHARMACY,PARTNERSHIP,Lucknow,Uttar Pradesh,2025-11-04 23:49:11,XXXX4279,INACTIVE,734.64,False,False,False,False,False,False
MCH2746,"tella, mane and pillai",7011,HOTEL,PRIVATE_LIMITED,Ludhiana,Punjab,2023-03-12 00:00:00,XXXX7180,INACTIVE,395.56,False,False,False,False,False,False
MCH2748,"Banerjee, Wason and Dyal",5812,RESTAURANT,PRIVATE_LIMITED,Pune,Maharashtra,2023-11-16 23:24:41,XXXX5034,ACTIVE,1037.44,False,False,False,False,False,False
MCH2749,Borde PLC,7011,HOTEL,PARTNERSHIP,Jalandhar,Punjab,2025-11-15 14:42:20,XXXX4900,ACTIVE,299.85,False,False,False,False,False,False
MCH2750,Rao-Narayanan,5942,BOOKS_STATIONERY,INDIVIDUAL,Ludhiana,Punjab,2024-05-13 00:00:00,,ACTIVE,-3052.68,False,False,True,False,True,False
MCH2752,Palla LLC,4131,TRANSPORT,SOLE_PROPRIETOR,Lucknow,Uttar Pradesh,2023-01-13 21:44:09,XXXX1787,ACTIVE,69.28,False,False,False,False,False,False
MCH2753,"Karan, Ganguly and Desai",5999,MISC_RETAIL,PRIVATE_LIMITED,Amritsar,Punjab,2023-03-31 00:00:00,,ACTIVE,1254.6,False,False,False,False,True,False
MCH2754,Chahal Group,5812,RESTAURANT,SOLE_PROPRIETOR,Amritsar,Punjab,2023-09-27 00:00:00,,ACTIVE,1452.51,False,False,False,False,True,False
MCH2755,"majumdar, ravi and dave",5999,MISC_RETAIL,PARTNERSHIP,Mumbai,Maharashtra,2026-02-13 00:00:00,,ACTIVE,-889.32,False,False,True,False,True,False
MCH2757,Chhabra-Dugar,5699,APPAREL,SOLE_PROPRIETOR,Kolkata,West Bengal,2025-11-16 00:00:00,XXXX2280,ACTIVE,1214.2,False,False,False,False,False,False
MCH2761,Sabharwa1-Pati1,5999,MISC_RETAIL,PRIVATE_LIMITED,Hyderabad,Telangana,2025-04-04 00:00:00,,INACTIVE,2607.92,False,False,False,False,True,False
MCH2763,Thaman-Virk,5912,PHARMACY,PRIVATE_LIMITED,Bengaluru,Karnataka,2025-07-23 00:00:00,XXXX7625,ACTIVE,563.88,False,False,False,False,False,False
MCH2764,"Yogi, Jani and Choudhry",4814,TELECOM,INDIVIDUAL,Ludhiana,Punjab,2024-04-19 00:00:00,XXXX1350,ACTIVE,516.18,False,False,False,False,False,False
MCH2765,Mukhopadhyay Inc,5311,DEPARTMENT_STORE,SOLE_PROPRIETOR,Lucknow,Uttar Pradesh,2024-11-19 00:00:00,XXXX9677,ACTIVE,3568.4,False,False,False,False,False,False
MCH2766,Kanda-Brahmbhatt,5311,DEPARTMENT_STORE,SOLE_PROPRIETOR,Chennai,Tamil Nadu,2025-06-18 00:00:00,XXXX1473,ACTIVE,1540.08,False,False,False,False,False,False
MCH2767,"Munshi, Kohli and Pai",5699,APPAREL,PRIVATE_LIMITED,Lucknow,Uttar Pradesh,2026-02-28 11:47:10,XXXX2395,ACTIVE,1994.09,True,False,False,False,False,False
MCH2769,sehgal plc,4814,TELECOM,PRIVATE_LIMITED,Amritsar,Punjab,2023-09-19 00:00:00,XXXX7952,ACTIVE,131.0,False,False,False,False,False,False
MCH2770,"Deep, Ganguly and Solanki",5699,APPAREL,INDIVIDUAL,Chennai,Tamil Nadu,2025-07-31 00:00:00,,ACTIVE,660.0,False,False,False,False,True,False
MCH2772,Rajagopalan-Lal,5699,APPAREL,PARTNERSHIP,Jalandhar,Punjab,2025-05-03 00:00:00,XXXX6125,INACTIVE,594.07,False,False,False,False,False,False
MCH2776,Datta Ltd,4814,TELECOM,PARTNERSHIP,Jaipur,Rajasthan,2024-11-09 21:59:20,XXXX0390,ACTIVE,1643.13,False,False,False,False,False,False
MCH2778,madan plc,5912,PHARMACY,SOLE_PROPRIETOR,Amritsar,Punjab,2024-03-25 00:00:00,XXXX3934,ACTIVE,4029.72,False,False,False,False,False,False
MCH2786,Gola Inc,5699,APPAREL,PARTNERSHIP,Chennai,Tamil Nadu,2024-12-19 14:34:15,XXXX8423,ACTIVE,576.47,False,False,False,False,False,False
MCH2788,"Dash, Mallick and Sachdev",5812,RESTAURANT,INDIVIDUAL,Bengaluru,Karnataka,2025-04-06 04:08:29,XXXX6463,ACTIVE,3989.94,False,False,False,False,False,False
MCH2789,Peri-Panchal,5311,DEPARTMENT_STORE,PARTNERSHIP,Jalandhar,Punjab,,,ACTIVE,1044.19,False,False,False,False,True,True
MCH2791,"Rastogi, Mannan and Sabharwal",5912,PHARMACY,SOLE_PROPRIETOR,Delhi,Delhi,2025-08-21 00:00:00,,ACTIVE,,True,False,False,True,True,False
MCH2792,"VARKEY, UPPAL AND MITTER",4131,TRANSPORT,PARTNERSHIP,Delhi,Delhi,2024-11-06 13:47:30,XXXX2367,ACTIVE,130.0,True,False,False,False,False,False
MCH2797,Sandhu-Singh,7011,HOTEL,PARTNERSHIP,Bengaluru,Karnataka,2025-05-27 00:00:00,XXXX2336,ACTIVE,1083.54,False,False,False,False,False,False
MCH2799,KADAKIA-NAYAK,5812,RESTAURANT,SOLE_PROPRIETOR,Delhi,Delhi,2025-05-04 23:51:09,XXXX1896,ACTIVE,-249.35,False,False,True,False,False,False
MCH2800,Raja-Naik,5311,DEPARTMENT_STORE,PRIVATE_LIMITED,Bengaluru,Karnataka,2024-04-18 00:00:00,XXXX7388,INACTIVE,1096.85,False,False,False,False,False,False
MCH2801,"Khurana, Oza and Divan",4814,TELECOM,PRIVATE_LIMITED,Delhi,Delhi,2025-10-14 00:00:00,,ACTIVE,406.76,False,False,False,False,True,False
MCH2806,Jhaveri-Babu,7011,HOTEL,SOLE_PROPRIETOR,Lucknow,Uttar Pradesh,2023-09-15 11:54:30,XXXX2533,INACTIVE,1939.0,False,False,False,False,False,False
MCH2813,"Sha, Bhatia and Vig",5311,DEPARTMENT_STORE,INDIVIDUAL,Chennai,Tamil Nadu,2024-10-24 13:37:28,XXXX7177,ACTIVE,3821.16,True,False,False,False,False,False
MCH2814,"SANI, KHARE AND RAMACHANDRAN",5912,PHARMACY,PARTNERSHIP,Jalandhar,Punjab,2024-02-24 00:00:00,XXXX1070,ACTIVE,1581.52,False,False,False,False,False,False
MCH2816,Yogi-Palan,5999,MISC_RETAIL,INDIVIDUAL,Mumbai,Maharashtra,2025-02-14 00:00:00,XXXX6896,INACTIVE,2753.81,True,False,False,False,False,False
MCH2817,Keer and Sons,5999,MISC_RETAIL,PRIVATE_LIMITED,Ludhiana,Punjab,2025-05-19 00:00:00,XXXX7166,INACTIVE,2074.28,False,False,False,False,False,False
MCH2818,Sibal Inc,5411,GROCERY,SOLE_PROPRIETOR,Jalandhar,Punjab,2025-06-03 00:00:00,XXXX1129,ACTIVE,600.04,False,False,False,False,False,False
MCH2825,Koshy-Gola,5812,RESTAURANT,PARTNERSHIP,Bengaluru,Karnataka,2025-09-25 00:14:43,XXXX1502,ACTIVE,-3012.53,False,False,True,False,False,False
MCH2827,Bala-Bhatti,5999,MISC_RETAIL,INDIVIDUAL,Bengaluru,Karnataka,2024-05-10 20:16:00,XXXX9246,INACTIVE,381.0,False,False,False,False,False,False
MCH2829,Narain Ltd,5999,MISC_RETAIL,SOLE_PROPRIETOR,Bengaluru,Karnataka,2023-02-15 14:46:04,,ACTIVE,1912.36,False,False,False,False,True,False
MCH2830,"Joshi,ChaudhariandToor",5411,GROCERY,INDIVIDUAL,Bengaluru,Karnataka,2023-04-15 14:55:00,,ACTIVE,756.0,False,False,False,False,True,False
MCH2831,Rastogi-Devi,5999,MISC_RETAIL,PRIVATE_LIMITED,Delhi,Delhi,2023-10-20 00:00:00,XXXX4746,ACTIVE,501.88,True,False,False,False,False,False
MCH2832,Parmer Inc,5311,DEPARTMENT_STORE,PRIVATE_LIMITED,Pune,Maharashtra,2025-10-26 00:00:00,,ACTIVE,831.48,False,False,False,False,True,False
MCH2833,Kapoor-Shankar,7011,HOTEL,SOLE_PROPRIETOR,Jalandhar,Punjab,,XXXX7768,ACTIVE,474.69,False,False,False,False,False,True
MCH2836,RAI AND SONS,5912,PHARMACY,PRIVATE_LIMITED,Chennai,Tamil Nadu,2024-07-15 12:28:59,XXXX2773,INACTIVE,3262.99,False,False,False,False,False,False
MCH2838,"Goel, Chand and Pai",5999,MISC_RETAIL,PARTNERSHIP,Pune,Maharashtra,2024-12-28 00:00:00,,ACTIVE,-1086.22,False,False,True,False,True,False
MCH2839,"brar, varughese and cherian",5411,GROCERY,PARTNERSHIP,Pune,Maharashtra,2025-04-21 03:59:43,,ACTIVE,614.31,False,False,False,False,True,False
MCH2841,"Memon, Samra and Rajagopal",5942,BOOKS_STATIONERY,SOLE_PROPRIETOR,Mumbai,Maharashtra,2024-06-13 00:00:00,,ACTIVE,,False,False,False,True,True,False
MCH2842,Patel-Chacko,7011,HOTEL,INDIVIDUAL,Bengaluru,Karnataka,2025-08-13 00:00:00,,ACTIVE,2354.89,True,False,False,False,True,False
MCH2844,Misra-Seth,4131,TRANSPORT,INDIVIDUAL,Amritsar,Punjab,2023-05-24 00:00:00,XXXX4860,ACTIVE,162.5,False,False,False,False,False,False
MCH2845,Narasimhan LLC,5999,MISC_RETAIL,PARTNERSHIP,Amritsar,Punjab,2024-10-01 00:00:00,XXXX3176,ACTIVE,5926.94,False,False,False,False,False,False
MCH2846,"SHA, RAMANATHAN AND KOTA",5411,GROCERY,INDIVIDUAL,Jaipur,Rajasthan,2025-09-30 00:00:00,XXXX6998,INACTIVE,2995.95,False,False,False,False,False,False
MCH2849,Ba1 LLC,5999,MISC_RETAIL,SOLE_PROPRIETOR,Mumbai,Maharashtra,2024-02-01 00:00:00,XXXX2269,INACTIVE,910.62,False,False,False,False,False,False
MCH2850,Reddy-Kara,4131,TRANSPORT,PRIVATE_LIMITED,Jaipur,Rajasthan,2024-04-22 00:00:00,XXXX7186,ACTIVE,-953.86,False,False,True,False,False,False
MCH2851,Kalla-Jain,7011,HOTEL,INDIVIDUAL,Mumbai,Maharashtra,2025-11-29 00:00:00,XXXX3740,ACTIVE,3022.0,False,False,False,False,False,False
MCH2857,Bhattacharyya Inc,4131,TRANSPORT,PRIVATE_LIMITED,Jalandhar,Punjab,2025-07-13 00:00:00,XXXX5690,ACTIVE,4557.38,False,False,False,False,False,False
MCH2859,"Doctor, Bir and Lanka",5411,GROCERY,PRIVATE_LIMITED,Hyderabad,Telangana,2025-04-03 00:00:00,,ACTIVE,2296.45,False,False,False,False,True,False
MCH2860,Ahluwalia Ltd,7011,HOTEL,PRIVATE_LIMITED,Bengaluru,Karnataka,2026-01-27 00:00:00,XXXX7941,ACTIVE,250.0,False,False,False,False,False,False
MCH2861,Hayer Inc,5311,DEPARTMENT_STORE,PRIVATE_LIMITED,Pune,Maharashtra,2024-11-09 19:09:35,XXXX6916,ACTIVE,676.0,False,False,False,False,False,False
MCH2862,Bhasin Group,5699,APPAREL,PARTNERSHIP,Jaipur,Rajasthan,2023-07-20 00:00:00,XXXX4655,ACTIVE,544.8,False,False,False,False,False,False
MCH2870,"Loyal, Buch and Ghose",5812,RESTAURANT,SOLE_PROPRIETOR,Delhi,Delhi,2025-05-27 02:11:43,,ACTIVE,2213.61,False,False,False,False,True,False
MCH2875,Chander-Parmer,5311,DEPARTMENT_STORE,PARTNERSHIP,Ludhiana,Punjab,2024-11-12 00:00:00,XXXX0207,ACTIVE,351.55,False,False,False,False,False,False
MCH2879,"Pillay, Vora and Karnik",5812,RESTAURANT,INDIVIDUAL,Ludhiana,Punjab,2024-05-20 19:55:26,XXXX8654,ACTIVE,,False,False,False,True,False,False
MCH2881,J0ha1 PLC,5812,RESTAURANT,PARTNERSHIP,Amritsar,Punjab,2023-05-16 23:44:00,XXXX9337,ACTIVE,807.63,True,False,False,False,False,False
MCH2884,Malhotra-Sarin,5942,BOOKS_STATIONERY,SOLE_PROPRIETOR,Pune,Maharashtra,2025-02-27 00:00:00,,ACTIVE,683.54,False,False,False,False,True,False
MCH2885,"Varkey, Goda and Bala",5812,RESTAURANT,PRIVATE_LIMITED,Mumbai,Maharashtra,2023-01-23 00:00:00,XXXX2844,ACTIVE,4853.92,False,False,False,False,False,False
MCH2886,"Kurian, Dash and Walla",7011,HOTEL,PRIVATE_LIMITED,Bengaluru,Karnataka,2023-05-25 01:14:00,XXXX6301,INACTIVE,8233.35,False,False,False,False,False,False
MCH2887,Rau-Saha,5699,APPAREL,SOLE_PROPRIETOR,Delhi,Delhi,2023-08-17 00:00:00,XXXX7555,ACTIVE,,False,False,False,True,False,False
MCH2888,Chahal LLC,5912,PHARMACY,PRIVATE_LIMITED,Mumbai,Maharashtra,2023-04-21 00:00:00,XXXX3951,ACTIVE,631.05,False,False,False,False,False,False
MCH2894,Rege-Baria,5699,APPAREL,PRIVATE_LIMITED,Delhi,Delhi,2024-12-22 00:00:00,XXXX3813,ACTIVE,2107.84,False,False,False,False,False,False
MCH2896,Jayaraman-Nazareth,5912,PHARMACY,PRIVATE_LIMITED,Kolkata,West Bengal,2025-07-30 12:10:42,,ACTIVE,1312.79,False,False,False,False,True,False
MCH2897,Bath Ltd,5999,MISC_RETAIL,PRIVATE_LIMITED,Hyderabad,Telangana,2025-07-23 05:48:07,,ACTIVE,2239.12,False,False,False,False,True,False
MCH2899,Sampath-Mannan,5812,RESTAURANT,INDIVIDUAL,Bengaluru,Karnataka,2023-05-27 00:00:00,,ACTIVE,-379.53,False,False,True,False,True,False
MCH2902,Karpe LLC,5912,PHARMACY,PRIVATE_LIMITED,Jaipur,Rajasthan,2023-07-25 18:13:40,XXXX3528,ACTIVE,1088.17,True,False,False,False,False,False
MCH2903,Swamy-Parsa,5699,APPAREL,INDIVIDUAL,Mumbai,Maharashtra,2023-04-14 00:00:00,,INACTIVE,1218.16,False,False,False,False,True,False
MCH2904,IYENGAR-COMAR,5999,MISC_RETAIL,PRIVATE_LIMITED,Delhi,Delhi,2026-01-05 00:00:00,XXXX7160,ACTIVE,1147.91,False,False,False,False,False,False
MCH2905,Goyal-Gopal,5912,PHARMACY,INDIVIDUAL,Delhi,Delhi,2024-02-13 00:00:00,,INACTIVE,2312.5,False,False,False,False,True,False
MCH2907,VARUGHESE-MANI,5912,PHARMACY,SOLE_PROPRIETOR,Chennai,Tamil Nadu,2023-04-25 00:00:00,,ACTIVE,1106.0,False,False,False,False,True,False
MCH2910,"Mall, Sankaran and Mittal",4131,TRANSPORT,PRIVATE_LIMITED,Delhi,Delhi,2025-09-28 00:00:00,XXXX0107,ACTIVE,3631.28,False,False,False,False,False,False
MCH2912,Natt-Kohli,5411,GROCERY,PRIVATE_LIMITED,Jalandhar,Punjab,2024-07-09 22:05:41,XXXX0399,INACTIVE,1895.43,True,False,False,False,False,False
MCH2914,BASSI-VARGHESE,5812,RESTAURANT,SOLE_PROPRIETOR,Hyderabad,Telangana,2025-01-01 00:00:00,XXXX8465,INACTIVE,90.0,False,False,False,False,False,False
MCH2915,"Chakrabarti, Hora and Sha",4814,TELECOM,PARTNERSHIP,Chennai,Tamil Nadu,2024-03-15 00:00:00,XXXX2214,ACTIVE,18355.56,False,False,False,False,False,False
MCH2917,Gole-Rau,5812,RESTAURANT,SOLE_PROPRIETOR,Chennai,Tamil Nadu,2025-10-10 00:00:00,XXXX0356,INACTIVE,-1917.48,False,False,True,False,False,False
MCH2919,Menon-Vaidya,5912,PHARMACY,SOLE_PROPRIETOR,Delhi,Delhi,2023-03-20 14:46:24,,ACTIVE,3825.85,True,False,False,False,True,False
MCH2921,Bakshi-Narayanan,7011,HOTEL,PRIVATE_LIMITED,Lucknow,Uttar Pradesh,2024-06-18 00:00:00,XXXX0910,ACTIVE,-6327.48,False,False,True,False,False,False
MCH2922,Chhabra-Jha,5999,MISC_RETAIL,SOLE_PROPRIETOR,Mumbai,Maharashtra,2024-10-10 00:00:00,XXXX7973,ACTIVE,-1096.49,False,False,True,False,False,False
MCH2923,bahri plc,5912,PHARMACY,SOLE_PROPRIETOR,Bengaluru,Karnataka,2024-11-11 00:00:00,,ACTIVE,1195.19,False,False,False,False,True,False
MCH2924,Chaudhary-Dugar,5942,BOOKS_STATIONERY,INDIVIDUAL,Mumbai,Maharashtra,2024-12-26 03:07:13,XXXX0099,ACTIVE,770.99,False,False,False,False,False,False
MCH2926,Sule-Thaker,5942,BOOKS_STATIONERY,PARTNERSHIP,Bengaluru,Karnataka,2024-12-16 18:18:00,XXXX3557,ACTIVE,1590.53,False,False,False,False,False,False
MCH2928,"Hans, Parmer and Buch",5812,RESTAURANT,PRIVATE_LIMITED,Ludhiana,Punjab,2025-12-04 00:00:00,,INACTIVE,1903.0,False,False,False,False,True,False
MCH2934,Sama PLC,5311,DEPARTMENT_STORE,INDIVIDUAL,Jalandhar,Punjab,2023-10-13 00:00:00,XXXX1180,ACTIVE,1759.02,True,False,False,False,False,False
MCH2938,"Babu, Lata and Zacharia",5411,GROCERY,PRIVATE_LIMITED,Pune,Maharashtra,2024-09-06 00:00:00,XXXX4228,ACTIVE,823.9,False,False,False,False,False,False
MCH2941,SenGroup,5311,DEPARTMENT_STORE,SOLE_PROPRIETOR,Mumbai,Maharashtra,2024-09-22 00:00:00,XXXX4390,ACTIVE,1783.76,False,False,False,False,False,False
MCH2943,Kh0s1a LLC,5812,RESTAURANT,PRIVATE_LIMITED,Mumbai,Maharashtra,2024-03-29 00:00:00,XXXX8006,ACTIVE,2741.64,False,False,False,False,False,False
MCH2945,Agarwa1-Cherian,4814,TELECOM,SOLE_PROPRIETOR,Jalandhar,Punjab,2025-10-06 00:00:00,XXXX2889,INACTIVE,1759.15,True,False,False,False,False,False
MCH2946,Divan Inc,4814,TELECOM,PRIVATE_LIMITED,Jaipur,Rajasthan,2024-09-22 00:00:00,XXXX7575,ACTIVE,1246.97,False,False,False,False,False,False
MCH2949,"Mahal, Natt and Ghosh",5999,MISC_RETAIL,PARTNERSHIP,Jaipur,Rajasthan,2024-07-19 00:00:00,XXXX5290,ACTIVE,-2320.74,False,False,True,False,False,False
MCH2950,"Rastogi, Bhavsar and Varghese",5942,BOOKS_STATIONERY,PRIVATE_LIMITED,Bengaluru,Karnataka,2024-11-26 00:00:00,XXXX0146,ACTIVE,2370.66,False,False,False,False,False,False
MCH2951,"THAKUR, SUBRAMANIAM AND AGRAWAL",7011,HOTEL,PARTNERSHIP,Mumbai,Maharashtra,2026-02-06 00:00:00,XXXX1392,ACTIVE,-3115.69,False,False,True,False,False,False
MCH2954,"Keer, Borra and Hayre",7011,HOTEL,PRIVATE_LIMITED,Ludhiana,Punjab,2025-12-23 00:00:00,,ACTIVE,-1556.07,False,False,True,False,True,False
MCH2956,"wali, khatri and mistry",4814,TELECOM,SOLE_PROPRIETOR,Lucknow,Uttar Pradesh,2025-06-02 00:00:00,XXXX3150,INACTIVE,4934.63,False,False,False,False,False,False
MCH2959,Kanda LLC,5812,RESTAURANT,PRIVATE_LIMITED,Kolkata,West Bengal,2023-10-08 00:00:00,,ACTIVE,6588.76,False,False,False,False,True,False
MCH2960,Malhotra-Buch,4131,TRANSPORT,PRIVATE_LIMITED,Chennai,Tamil Nadu,2023-01-06 00:00:00,XXXX6660,ACTIVE,2348.07,False,False,False,False,False,False
MCH2962,"Naik, Ranganathan and Sahota",4814,TELECOM,PARTNERSHIP,Pune,Maharashtra,2024-08-23 00:00:00,XXXX5665,ACTIVE,174.64,False,False,False,False,False,False
MCH2964,Bala-Sarkar,4814,TELECOM,INDIVIDUAL,Jalandhar,Punjab,2025-06-20 00:00:00,XXXX7882,ACTIVE,1298.45,False,False,False,False,False,False
MCH2965,shroff-prabhakar,5411,GROCERY,PARTNERSHIP,Amritsar,Punjab,,XXXX4281,ACTIVE,2028.0,False,False,False,False,False,True
MCH2969,Randhawa-Karnik,7011,HOTEL,SOLE_PROPRIETOR,Bengaluru,Karnataka,2023-07-27 00:00:00,,ACTIVE,310.59,False,False,False,False,True,False
MCH2970,GOLLA-VORA,5699,APPAREL,INDIVIDUAL,Kolkata,West Bengal,2025-02-01 00:00:00,,ACTIVE,326.25,False,False,False,False,True,False
MCH2971,"Garg, Merchant and Kuruvilla",5699,APPAREL,INDIVIDUAL,Ludhiana,Punjab,2024-08-28 00:00:00,,ACTIVE,-205.16,False,False,True,False,True,False
MCH2973,"Bhargava, Dani and Krishnamurthy",4131,TRANSPORT,PARTNERSHIP,Ludhiana,Punjab,2023-08-30 00:00:00,,ACTIVE,3748.31,False,False,False,False,True,False
MCH2975,"Bora, Mander and Dalal",5942,BOOKS_STATIONERY,SOLE_PROPRIETOR,Chennai,Tamil Nadu,2023-09-05 00:00:00,,INACTIVE,3477.51,False,False,False,False,True,False
MCH2978,Deshpande LLC,7011,HOTEL,PRIVATE_LIMITED,Lucknow,Uttar Pradesh,2023-02-01 23:57:31,XXXX0228,ACTIVE,194.6,False,False,False,False,False,False
MCH2979,"Kurian, Guha and Gaba",5999,MISC_RETAIL,INDIVIDUAL,Chennai,Tamil Nadu,2023-03-11 13:48:16,XXXX6692,ACTIVE,7883.21,False,False,False,False,False,False
MCH2980,Mander and Sons,5411,GROCERY,SOLE_PROPRIETOR,Kolkata,West Bengal,2023-04-03 00:00:00,,ACTIVE,1129.72,False,False,False,False,True,False
MCH2981,"RASTOGI, VARMA AND SARRAF",5999,MISC_RETAIL,PARTNERSHIP,Lucknow,Uttar Pradesh,2023-10-07 00:00:00,XXXX3025,ACTIVE,1266.61,False,False,False,False,False,False
MCH2986,Kade-Anne,4131,TRANSPORT,PARTNERSHIP,Amritsar,Punjab,2025-11-29 00:00:00,,INACTIVE,736.81,False,False,False,False,True,False
MCH2988,"Mangal, Gokhale and Malhotra",5812,RESTAURANT,SOLE_PROPRIETOR,Mumbai,Maharashtra,2023-10-10 10:11:05,,ACTIVE,3595.96,False,False,False,False,True,False
MCH2990,Rout and Sons,7011,HOTEL,SOLE_PROPRIETOR,Ludhiana,Punjab,2025-08-30 00:00:00,XXXX7294,ACTIVE,1050.53,False,False,False,False,False,False
MCH2993,"Dube, Yadav and Konda",5942,BOOKS_STATIONERY,INDIVIDUAL,Jaipur,Rajasthan,2025-07-14 00:00:00,XXXX1915,ACTIVE,2422.76,False,False,False,False,False,False
MCH2994,Ratta Group,4131,TRANSPORT,PARTNERSHIP,Ludhiana,Punjab,2023-11-14 00:00:00,XXXX6959,ACTIVE,2132.38,False,False,False,False,False,False
MCH2995,Patil Ltd,7011,HOTEL,PRIVATE_LIMITED,Amritsar,Punjab,2025-12-25 00:00:00,XXXX4538,ACTIVE,492.36,False,False,False,False,False,False
MCH2996,Rege-Khanna,5411,GROCERY,INDIVIDUAL,Lucknow,Uttar Pradesh,2023-10-15 00:00:00,,INACTIVE,-745.45,False,False,True,False,True,False
MCH2997,Mohanty Ltd,7011,HOTEL,INDIVIDUAL,Bengaluru,Karnataka,2024-10-16 00:00:00,XXXX3975,ACTIVE,2948.35,False,False,False,False,False,False
MCH3002,"Dey, Chopra and Vig",5699,APPAREL,INDIVIDUAL,Ludhiana,Punjab,2024-10-27 00:00:00,XXXX8029,ACTIVE,761.12,False,False,False,False,False,False
MCH3005,"Saxena, Narain and Mander",5699,APPAREL,PRIVATE_LIMITED,Kolkata,West Bengal,2024-03-25 00:00:00,XXXX9457,INACTIVE,1149.79,False,False,False,False,False,False
MCH3006,BISWAS-RAM,5999,MISC_RETAIL,INDIVIDUAL,Lucknow,Uttar Pradesh,2023-08-14 00:00:00,XXXX8226,ACTIVE,638.0,False,False,False,False,False,False
MCH3008,"Datta, Sarkar and Nori",5311,DEPARTMENT_STORE,PARTNERSHIP,Ludhiana,Punjab,2024-11-11 00:00:00,,ACTIVE,-522.31,False,False,True,False,True,False
MCH3011,"Ahluwalia, Contractor and Comar",5311,DEPARTMENT_STORE,SOLE_PROPRIETOR,Delhi,Delhi,2023-11-30 00:00:00,XXXX1217,INACTIVE,2626.62,False,False,False,False,False,False
MCH3012,Sathe LLC,5411,GROCERY,PRIVATE_LIMITED,Chennai,Tamil Nadu,2024-10-23 02:09:00,,INACTIVE,448.76,True,False,False,False,True,False
MCH3014,Nagarajan-Bandi,5311,DEPARTMENT_STORE,INDIVIDUAL,Delhi,Delhi,2025-06-09 00:00:00,XXXX4761,ACTIVE,3013.17,False,False,False,False,False,False
MCH3017,Ramanathan and Sons,5311,DEPARTMENT_STORE,PARTNERSHIP,Delhi,Delhi,2024-07-06 00:00:00,,ACTIVE,-3967.02,False,False,True,False,True,False
MCH3021,"Gupta, Mukherjee and Setty",4131,TRANSPORT,SOLE_PROPRIETOR,Mumbai,Maharashtra,2026-02-14 00:00:00,XXXX2366,ACTIVE,614.86,False,False,False,False,False,False
MCH3023,Raj-Bajwa,4131,TRANSPORT,PARTNERSHIP,Lucknow,Uttar Pradesh,2024-11-10 00:00:00,XXXX0376,ACTIVE,6135.0,False,False,False,False,False,False
MCH3024,Kade-Bhatia,5812,RESTAURANT,PARTNERSHIP,Delhi,Delhi,2025-09-22 17:31:43,,ACTIVE,2093.0,False,False,False,False,True,False
MCH3025,"Sachdeva, Bora and Hegde",4131,TRANSPORT,PRIVATE_LIMITED,Pune,Maharashtra,2024-08-15 00:00:00,XXXX5664,ACTIVE,611.84,False,False,False,False,False,False
MCH3029,Sarma PLC,4131,TRANSPORT,SOLE_PROPRIETOR,Mumbai,Maharashtra,2024-06-15 00:00:00,XXXX0080,ACTIVE,163.28,False,False,False,False,False,False
MCH3030,"Sengupta, Bhagat and Kota",5942,BOOKS_STATIONERY,PRIVATE_LIMITED,Chennai,Tamil Nadu,2025-09-07 00:00:00,,ACTIVE,194.19,False,False,False,False,True,False
MCH3031,Morar and Sons,5411,GROCERY,INDIVIDUAL,Pune,Maharashtra,2025-04-23 00:00:00,,ACTIVE,4053.43,False,False,False,False,True,False
MCH3037,Wagle Ltd,5411,GROCERY,INDIVIDUAL,Hyderabad,Telangana,2026-01-30 00:00:00,XXXX1382,ACTIVE,2391.24,False,False,False,False,False,False
MCH3039,Murty Inc,5411,GROCERY,INDIVIDUAL,Delhi,Delhi,2023-12-03 08:34:21,XXXX5915,ACTIVE,1465.47,False,False,False,False,False,False
MCH3040,"Dhar, Kunda and Desai",5411,GROCERY,PARTNERSHIP,Jaipur,Rajasthan,2025-03-05 00:00:00,,ACTIVE,267.0,False,False,False,False,True,False
MCH3044,Gupta PLC,5942,BOOKS_STATIONERY,SOLE_PROPRIETOR,Bengaluru,Karnataka,2023-04-27 00:00:00,,INACTIVE,582.54,False,False,False,False,True,False
MCH3046,Walla PLC,5942,BOOKS_STATIONERY,PRIVATE_LIMITED,Jalandhar,Punjab,2023-12-03 00:00:00,XXXX5479,INACTIVE,6756.54,False,False,False,False,False,False
MCH3048,Kala Group,7011,HOTEL,PRIVATE_LIMITED,Jaipur,Rajasthan,2023-11-11 00:00:00,,ACTIVE,613.58,False,False,False,False,True,False
MCH3051,Hora-Mahajan,5699,APPAREL,PRIVATE_LIMITED,Jaipur,Rajasthan,2023-03-04 00:00:00,,ACTIVE,3699.21,False,False,False,False,True,False
MCH3055,"Batta, Sha and Dugar",7011,HOTEL,PRIVATE_LIMITED,Chennai,Tamil Nadu,2025-08-18 17:51:00,XXXX2455,ACTIVE,262.1,False,False,False,False,False,False
MCH3057,Nagy-Banik,5311,DEPARTMENT_STORE,PARTNERSHIP,Kolkata,West Bengal,2024-03-15 00:00:00,XXXX7610,ACTIVE,764.15,False,False,False,False,False,False
MCH3058,Patla-Padmanabhan,5942,BOOKS_STATIONERY,INDIVIDUAL,Pune,Maharashtra,2024-10-18 00:00:00,XXXX3223,ACTIVE,974.77,False,False,False,False,False,False
MCH3060,Deep-Tata,5311,DEPARTMENT_STORE,INDIVIDUAL,Amritsar,Punjab,2023-04-17 00:00:00,,ACTIVE,-2601.81,False,False,True,False,True,False
MCH3061,Bansal Inc,5311,DEPARTMENT_STORE,PRIVATE_LIMITED,Chennai,Tamil Nadu,2024-09-02 00:00:00,XXXX4596,ACTIVE,2114.75,False,False,False,False,False,False
MCH3063,Bansal Inc,4131,TRANSPORT,INDIVIDUAL,Jaipur,Rajasthan,2025-07-02 00:00:00,,INACTIVE,282.67,False,False,False,False,True,False
MCH3069,MAGAR INC,5699,APPAREL,INDIVIDUAL,Mumbai,Maharashtra,2024-10-18 00:00:00,,ACTIVE,5346.85,False,False,False,False,True,False
MCH3070,"Patel, Sandal and Sinha",4814,TELECOM,INDIVIDUAL,Hyderabad,Telangana,2025-09-18 00:00:00,XXXX6846,ACTIVE,1706.27,False,False,False,False,False,False
MCH3071,Misra-Padmanabhan,5812,RESTAURANT,SOLE_PROPRIETOR,Ludhiana,Punjab,2024-07-24 08:52:44,XXXX9652,ACTIVE,,False,False,False,True,False,False
MCH3072,Vora-Soman,5699,APPAREL,INDIVIDUAL,Amritsar,Punjab,2026-02-13 04:04:19,XXXX8595,ACTIVE,1993.93,False,False,False,False,False,False
MCH3075,Bedi-Ramanathan,4131,TRANSPORT,INDIVIDUAL,Jalandhar,Punjab,2023-09-29 00:00:00,XXXX7029,ACTIVE,1301.0,False,False,False,False,False,False
MCH3077,Warrior Ltd,4131,TRANSPORT,PARTNERSHIP,Kolkata,West Bengal,2023-04-02 00:00:00,,ACTIVE,1448.69,False,False,False,False,True,False
MCH3078,"gandhi, rout and sankaran",7011,HOTEL,SOLE_PROPRIETOR,Bengaluru,Karnataka,2023-07-10 04:10:18,,ACTIVE,752.09,False,False,False,False,True,False
MCH3079,"Bobal, Balay and Batra",7011,HOTEL,PRIVATE_LIMITED,Bengaluru,Karnataka,,XXXX1002,ACTIVE,486.3,False,False,False,False,False,True
MCH3080,lad-soman,5411,GROCERY,SOLE_PROPRIETOR,Jalandhar,Punjab,2024-12-01 13:22:52,,ACTIVE,-152.69,False,False,True,False,True,False
MCH3081,"Anne, Choudhry and Nanda",5912,PHARMACY,PARTNERSHIP,Hyderabad,Telangana,2024-12-23 00:00:00,XXXX0840,ACTIVE,590.0,False,False,False,False,False,False
MCH3084,Mani-Chowdhury,5699,APPAREL,PARTNERSHIP,Hyderabad,Telangana,2023-09-27 01:37:00,,ACTIVE,1594.62,False,False,False,False,True,False
MCH3085,"SARKAR, MEMON AND MAND",4131,TRANSPORT,INDIVIDUAL,Pune,Maharashtra,2025-07-16 00:00:00,,ACTIVE,-1826.45,True,False,True,False,True,False
MCH3086,Pant Inc,5812,RESTAURANT,PRIVATE_LIMITED,Chennai,Tamil Nadu,2023-10-13 11:54:24,XXXX6152,ACTIVE,287.52,False,False,False,False,False,False
MCH3088,Suresh LLC,5411,GROCERY,PARTNERSHIP,Chennai,Tamil Nadu,2024-03-08 00:00:00,,ACTIVE,4739.6,False,False,False,False,True,False
MCH3089,Tata PLC,5942,BOOKS_STATIONERY,SOLE_PROPRIETOR,Jalandhar,Punjab,2025-08-30 00:00:00,XXXX2474,ACTIVE,-2328.32,False,False,True,False,False,False
MCH3092,"Dutta, Vasa and Jayaraman",5999,MISC_RETAIL,PRIVATE_LIMITED,Amritsar,Punjab,,XXXX7056,ACTIVE,1605.55,False,False,False,False,False,True
MCH3093,"B0ba1, Madan and Narain",5999,MISC_RETAIL,INDIVIDUAL,Jalandhar,Punjab,2025-06-12 00:00:00,XXXX7779,INACTIVE,2015.86,True,False,False,False,False,False
MCH3094,Wag1e-Thakkar,5699,APPAREL,INDIVIDUAL,Bengaluru,Karnataka,2024-12-30 00:00:00,XXXX3410,ACTIVE,1038.48,False,False,False,False,False,False
MCH3095,HANS-SHAN,5999,MISC_RETAIL,PARTNERSHIP,Kolkata,West Bengal,2024-05-28 00:00:00,XXXX2011,ACTIVE,1208.82,False,False,False,False,False,False
MCH3096,"Pradhan, Anne and Dhillon",5812,RESTAURANT,INDIVIDUAL,Kolkata,West Bengal,2025-02-25 00:00:00,XXXX9447,ACTIVE,,False,False,False,True,False,False
MCH3099,Peri-Parmer,5699,APPAREL,PARTNERSHIP,Delhi,Delhi,2024-06-22 00:00:00,,ACTIVE,2046.1,False,False,False,False,True,False
MCH3105,Bandi PLC,5311,DEPARTMENT_STORE,SOLE_PROPRIETOR,Mumbai,Maharashtra,2026-01-05 07:13:24,XXXX0023,ACTIVE,1578.41,False,False,False,False,False,False
MCH3107,KAPOOR INC,5912,PHARMACY,PARTNERSHIP,Pune,Maharashtra,2023-10-28 00:00:00,XXXX4643,ACTIVE,-1009.16,True,False,True,False,False,False
MCH3111,Cherian-G0swami,4814,TELECOM,PRIVATE_LIMITED,Bengaluru,Karnataka,,,ACTIVE,1311.29,True,False,False,False,True,True
MCH3119,CHANA-DESHMUKH,5311,DEPARTMENT_STORE,PRIVATE_LIMITED,Hyderabad,Telangana,2024-12-02 00:00:00,,ACTIVE,4993.0,False,False,False,False,True,False
MCH3122,"TOOR, KUNDA AND MUNSHI",5942,BOOKS_STATIONERY,PARTNERSHIP,Mumbai,Maharashtra,2025-04-14 21:07:00,XXXX0123,ACTIVE,797.24,False,False,False,False,False,False
MCH3123,"Hegde, Bahl and Comar",4131,TRANSPORT,PRIVATE_LIMITED,Delhi,Delhi,2023-06-01 00:00:00,XXXX7962,ACTIVE,2133.64,True,False,False,False,False,False
MCH3125,Din-Dara,5699,APPAREL,PARTNERSHIP,Delhi,Delhi,2025-11-15 00:00:00,XXXX2741,ACTIVE,3672.47,False,False,False,False,False,False
MCH3129,"Ghose,HariandGarde",5411,GROCERY,SOLE_PROPRIETOR,Ludhiana,Punjab,2025-06-27 03:24:00,XXXX7824,ACTIVE,1908.27,False,False,False,False,False,False
MCH3130,"arora, karnik and sarraf",5942,BOOKS_STATIONERY,SOLE_PROPRIETOR,Kolkata,West Bengal,2023-07-10 21:24:05,,INACTIVE,1573.29,False,False,False,False,True,False
MCH3134,Rajan PLC,5311,DEPARTMENT_STORE,INDIVIDUAL,Jaipur,Rajasthan,2024-09-30 00:49:20,XXXX5566,ACTIVE,993.0,False,False,False,False,False,False
MCH3139,"Dhar, Kumar and Sawhney",5699,APPAREL,PARTNERSHIP,Pune,Maharashtra,2025-01-24 00:00:00,XXXX0682,INACTIVE,2338.9,False,False,False,False,False,False
MCH3140,Sarraf-Viswanathan,4131,TRANSPORT,PARTNERSHIP,Ludhiana,Punjab,2023-07-30 00:00:00,XXXX1894,INACTIVE,1614.0,False,False,False,False,False,False
MCH3142,"dugar, merchant and kala",5942,BOOKS_STATIONERY,PRIVATE_LIMITED,Jaipur,Rajasthan,2024-01-01 08:46:47,XXXX5925,ACTIVE,619.08,False,False,False,False,False,False
MCH3143,"ZACHARIA, BUCH AND YADAV",5311,DEPARTMENT_STORE,PARTNERSHIP,Hyderabad,Telangana,2023-03-13 00:00:00,XXXX1807,ACTIVE,4822.0,False,False,False,False,False,False
MCH3144,raval-korpal,7011,HOTEL,PARTNERSHIP,Delhi,Delhi,,,ACTIVE,1879.74,False,False,False,False,True,True
MCH3145,Chaudry and Sons,5311,DEPARTMENT_STORE,INDIVIDUAL,Bengaluru,Karnataka,2026-01-29 00:00:00,,ACTIVE,,False,False,False,True,True,False
MCH3146,Batta-Sharaf,4131,TRANSPORT,INDIVIDUAL,Pune,Maharashtra,2024-10-02 00:00:00,XXXX8102,ACTIVE,898.04,False,False,False,False,False,False
MCH3147,Acharya-Uppal,4131,TRANSPORT,INDIVIDUAL,Chennai,Tamil Nadu,2024-02-10 02:28:00,XXXX1239,ACTIVE,343.0,False,False,False,False,False,False
MCH3148,RaoLtd,4814,TELECOM,INDIVIDUAL,Delhi,Delhi,2023-01-16 00:00:00,,ACTIVE,1684.65,False,False,False,False,True,False
MCH3154,Bhardwaj Ltd,4131,TRANSPORT,INDIVIDUAL,Mumbai,Maharashtra,2024-10-28 07:15:31,XXXX9089,INACTIVE,633.37,False,False,False,False,False,False
MCH3155,Agarwal Ltd,5311,DEPARTMENT_STORE,PARTNERSHIP,Chennai,Tamil Nadu,2023-11-23 15:28:55,,ACTIVE,1414.89,False,False,False,False,True,False
MCH3156,"Bal, Deo and Kala",5999,MISC_RETAIL,PARTNERSHIP,Lucknow,Uttar Pradesh,,XXXX4715,ACTIVE,2486.0,False,False,False,False,False,True
MCH3161,Mittal-Bawa,5999,MISC_RETAIL,PRIVATE_LIMITED,Jalandhar,Punjab,2023-04-01 15:06:38,,ACTIVE,2703.14,False,False,False,False,True,False
MCH3163,Majumdar-Minhas,5999,MISC_RETAIL,SOLE_PROPRIETOR,Chennai,Tamil Nadu,2025-04-05 12:08:30,XXXX0342,INACTIVE,2179.72,False,False,False,False,False,False
MCH3167,"grewal, biswas and naidu",5411,GROCERY,SOLE_PROPRIETOR,Jaipur,Rajasthan,2024-02-19 00:00:00,,ACTIVE,2704.22,False,False,False,False,True,False
MCH3172,SONI-VARTY,4814,TELECOM,SOLE_PROPRIETOR,Bengaluru,Karnataka,2025-07-10 02:41:34,XXXX7710,ACTIVE,3097.6,False,False,False,False,False,False
MCH3176,Gera Inc,4814,TELECOM,PRIVATE_LIMITED,Lucknow,Uttar Pradesh,2024-03-10 00:00:00,XXXX4373,ACTIVE,1047.58,False,False,False,False,False,False
MCH3177,"Ping1e, Ra0 and Varty",4131,TRANSPORT,INDIVIDUAL,Kolkata,West Bengal,2025-04-19 12:39:17,XXXX0077,INACTIVE,1840.14,False,False,False,False,False,False
MCH3178,GanesanGroup,5699,APPAREL,INDIVIDUAL,Delhi,Delhi,2025-12-01 00:00:00,,ACTIVE,136.0,False,False,False,False,True,False
MCH3179,"Din,MukhopadhyayandBawa",5999,MISC_RETAIL,SOLE_PROPRIETOR,Chennai,Tamil Nadu,2023-10-31 00:00:00,XXXX7343,INACTIVE,1687.99,False,False,False,False,False,False
MCH3180,Sanghvi and S0ns,5912,PHARMACY,PRIVATE_LIMITED,Delhi,Delhi,2023-06-03 00:00:00,XXXX6774,ACTIVE,2608.0,False,False,False,False,False,False
MCH3181,"Kothari, Sengupta and Sandal",4131,TRANSPORT,PRIVATE_LIMITED,Lucknow,Uttar Pradesh,2025-12-06 23:52:00,,ACTIVE,9001.75,False,False,False,False,True,False
MCH3184,"Sane, Dhawan and Prabhakar",4814,TELECOM,INDIVIDUAL,Mumbai,Maharashtra,2023-12-09 00:00:00,,ACTIVE,1192.54,False,False,False,False,True,False
MCH3187,"Mand, Singhal and Raman",5912,PHARMACY,SOLE_PROPRIETOR,Kolkata,West Bengal,2023-07-11 07:10:22,XXXX3897,ACTIVE,4276.66,False,False,False,False,False,False
MCH3189,Kapoor-Hegde,5411,GROCERY,PARTNERSHIP,Hyderabad,Telangana,2023-02-01 03:59:34,XXXX4992,ACTIVE,3153.88,False,False,False,False,False,False
MCH3191,Dhawan-Warrior,4131,TRANSPORT,SOLE_PROPRIETOR,Hyderabad,Telangana,2024-09-12 01:09:18,,ACTIVE,1885.9,False,False,False,False,True,False
MCH3199,deshmukh-karnik,5311,DEPARTMENT_STORE,PARTNERSHIP,Jaipur,Rajasthan,2023-08-10 00:00:00,XXXX4011,ACTIVE,2251.19,False,False,False,False,False,False
MCH3201,BAHL AND SONS,5942,BOOKS_STATIONERY,SOLE_PROPRIETOR,Amritsar,Punjab,2024-05-27 00:00:00,XXXX5431,ACTIVE,576.96,False,False,False,False,False,False
MCH3203,Randhawa-Pant,5311,DEPARTMENT_STORE,PARTNERSHIP,Jaipur,Rajasthan,2024-12-16 07:20:41,XXXX9443,ACTIVE,,False,False,False,True,False,False
MCH3206,Ahuja-Din,5311,DEPARTMENT_STORE,SOLE_PROPRIETOR,Hyderabad,Telangana,2026-01-11 13:50:54,XXXX4117,ACTIVE,1244.0,False,False,False,False,False,False
MCH3207,"Gala, Khatri and Khalsa",5912,PHARMACY,PARTNERSHIP,Amritsar,Punjab,2024-04-23 00:00:00,XXXX4821,ACTIVE,929.51,False,False,False,False,False,False
MCH3211,"Mani, Hora and Hayer",5912,PHARMACY,PRIVATE_LIMITED,Bengaluru,Karnataka,2026-01-31 00:00:00,XXXX4687,ACTIVE,3678.27,False,False,False,False,False,False
MCH3212,Merchant LLC,5999,MISC_RETAIL,PRIVATE_LIMITED,Bengaluru,Karnataka,2023-07-06 11:16:53,XXXX9545,ACTIVE,980.37,False,False,False,False,False,False
MCH3214,Dubey Inc,4131,TRANSPORT,INDIVIDUAL,Bengaluru,Karnataka,2024-07-24 00:45:00,XXXX6450,ACTIVE,2052.0,False,False,False,False,False,False
MCH3216,K0thari-Bhatia,5411,GROCERY,SOLE_PROPRIETOR,Hyderabad,Telangana,2025-01-28 12:09:00,XXXX9166,ACTIVE,1987.15,False,False,False,False,False,False
MCH3218,"KEER, SONI AND DESHPANDE",5912,PHARMACY,SOLE_PROPRIETOR,Mumbai,Maharashtra,2024-03-10 00:00:00,XXXX6650,ACTIVE,3727.56,False,False,False,False,False,False
MCH3219,Aggarwal Group,5311,DEPARTMENT_STORE,PARTNERSHIP,Lucknow,Uttar Pradesh,2025-08-29 00:00:00,XXXX1191,ACTIVE,1058.64,False,False,False,False,False,False
MCH3221,Baria-Dube,7011,HOTEL,SOLE_PROPRIETOR,Kolkata,West Bengal,,XXXX0716,INACTIVE,338.34,False,False,False,False,False,True
MCH3229,Keer-Kale,5912,PHARMACY,SOLE_PROPRIETOR,Mumbai,Maharashtra,2024-02-28 21:40:00,XXXX9948,ACTIVE,276.23,False,False,False,False,False,False
MCH3231,Gokhale Group,5411,GROCERY,INDIVIDUAL,Jalandhar,Punjab,,,ACTIVE,205.0,False,False,False,False,True,True
MCH3232,Shroff-Bobal,5812,RESTAURANT,PARTNERSHIP,Kolkata,West Bengal,2024-04-26 00:00:00,,ACTIVE,613.79,False,False,False,False,True,False
MCH3233,"Dada, Pingle and Date",5699,APPAREL,INDIVIDUAL,Pune,Maharashtra,2025-11-23 00:00:00,,INACTIVE,5434.84,False,False,False,False,True,False
MCH3234,Lad Inc,4814,TELECOM,INDIVIDUAL,Kolkata,West Bengal,2024-02-21 00:00:00,XXXX2857,ACTIVE,-9763.29,True,False,True,False,False,False
MCH3237,Gaba Inc,5999,MISC_RETAIL,SOLE_PROPRIETOR,Delhi,Delhi,2023-03-06 15:03:00,XXXX6869,INACTIVE,,False,False,False,True,False,False
MCH3240,"roy, dash and bobal",5411,GROCERY,PARTNERSHIP,Pune,Maharashtra,2023-11-13 00:00:00,XXXX8811,ACTIVE,1077.02,False,False,False,False,False,False
MCH3242,"upadhyay, dash and vaidya",5999,MISC_RETAIL,PARTNERSHIP,Jaipur,Rajasthan,,,ACTIVE,1731.73,False,False,False,False,True,True
MCH3244,Murthy Group,5912,PHARMACY,PRIVATE_LIMITED,Jalandhar,Punjab,2025-03-07 05:29:26,,ACTIVE,3366.47,False,False,False,False,True,False
MCH3247,Nagarajan-Shan,5912,PHARMACY,INDIVIDUAL,Chennai,Tamil Nadu,2025-04-07 21:55:00,XXXX7447,INACTIVE,2666.23,True,False,False,False,False,False
MCH3250,Bose-Kalita,5311,DEPARTMENT_STORE,SOLE_PROPRIETOR,Mumbai,Maharashtra,,,INACTIVE,1514.47,False,False,False,False,True,True
MCH3251,BALAN-KUNDA,5411,GROCERY,INDIVIDUAL,Ludhiana,Punjab,2024-12-14 00:00:00,,ACTIVE,3266.06,False,False,False,False,True,False
MCH3252,"Patel, Saran and Bala",5699,APPAREL,INDIVIDUAL,Pune,Maharashtra,2023-06-18 00:00:00,XXXX5999,ACTIVE,1917.91,False,False,False,False,False,False
MCH3253,Khatri-Krishnamurthy,5942,BOOKS_STATIONERY,PARTNERSHIP,Lucknow,Uttar Pradesh,2023-12-19 08:58:42,,ACTIVE,2086.58,False,False,False,False,True,False
MCH3254,"Chanda, Maharaj and Chandra",4131,TRANSPORT,PARTNERSHIP,Hyderabad,Telangana,2025-11-03 00:00:00,XXXX4859,ACTIVE,1842.04,False,False,False,False,False,False
MCH3255,"Shah, Kala and Sarraf",7011,HOTEL,PRIVATE_LIMITED,Jalandhar,Punjab,2024-06-09 00:00:00,XXXX8773,ACTIVE,807.0,False,False,False,False,False,False
MCH3256,"Patil, Tripathi and Seshadri",5942,BOOKS_STATIONERY,PARTNERSHIP,Ludhiana,Punjab,2025-02-11 00:00:00,XXXX1461,ACTIVE,4035.32,False,False,False,False,False,False
MCH3259,Bajaj-Mann,4131,TRANSPORT,INDIVIDUAL,Amritsar,Punjab,2024-05-09 00:00:00,XXXX2272,ACTIVE,426.0,False,False,False,False,False,False
MCH3260,Viswanathan Inc,4131,TRANSPORT,INDIVIDUAL,Amritsar,Punjab,2025-09-24 18:33:11,,INACTIVE,2698.89,False,False,False,False,True,False
MCH3263,SARNA-CHAUHAN,5812,RESTAURANT,SOLE_PROPRIETOR,Lucknow,Uttar Pradesh,2025-05-18 00:00:00,XXXX5203,ACTIVE,2348.1,False,False,False,False,False,False
MCH3264,"Narayanan, Krishnan and Bail",5411,GROCERY,SOLE_PROPRIETOR,Jaipur,Rajasthan,2025-03-25 00:00:00,XXXX4525,ACTIVE,3885.91,False,False,False,False,False,False
MCH3265,Mittal Ltd,5942,BOOKS_STATIONERY,PRIVATE_LIMITED,Hyderabad,Telangana,2024-08-15 00:38:28,XXXX5980,ACTIVE,4170.98,False,False,False,False,False,False
MCH3266,"Lalla, Baral and Pau",5311,DEPARTMENT_STORE,PRIVATE_LIMITED,Chennai,Tamil Nadu,2025-09-17 12:56:00,XXXX6824,ACTIVE,1627.34,False,False,False,False,False,False
MCH3267,Balasubramanian-Butala,5699,APPAREL,INDIVIDUAL,Chennai,Tamil Nadu,2025-10-20 00:00:00,XXXX4438,ACTIVE,1843.39,True,False,False,False,False,False
MCH3268,Kadakia-Rajan,5699,APPAREL,SOLE_PROPRIETOR,Pune,Maharashtra,2024-11-16 14:24:23,,ACTIVE,2055.32,False,False,False,False,True,False
MCH3269,Kara-Ramaswamy,5812,RESTAURANT,PARTNERSHIP,Pune,Maharashtra,2023-12-07 00:00:00,,ACTIVE,1481.0,True,False,False,False,True,False
MCH3270,"CHOKSHI, DASH AND SRIVASTAVA",4131,TRANSPORT,PARTNERSHIP,Chennai,Tamil Nadu,2024-10-07 00:00:00,,ACTIVE,1910.46,False,False,False,False,True,False
MCH3272,Gera Group,5699,APPAREL,SOLE_PROPRIETOR,Chennai,Tamil Nadu,2023-03-04 12:44:00,XXXX7807,ACTIVE,2272.01,False,False,False,False,False,False
MCH3274,Sen-Chawla,5311,DEPARTMENT_STORE,PRIVATE_LIMITED,Chennai,Tamil Nadu,2023-02-25 00:00:00,XXXX7096,ACTIVE,-1472.57,False,False,True,False,False,False
MCH3275,Sridhar and Sons,5699,APPAREL,PARTNERSHIP,Delhi,Delhi,2024-04-15 07:33:51,,INACTIVE,,False,False,False,True,True,False
MCH3277,Issac-Lata,4814,TELECOM,PARTNERSHIP,Delhi,Delhi,2025-09-22 00:00:00,XXXX1265,ACTIVE,1571.63,True,False,False,False,False,False
MCH3279,"Zachariah, Gill and Palla",5812,RESTAURANT,INDIVIDUAL,Pune,Maharashtra,2025-12-25 00:00:00,,ACTIVE,,False,False,False,True,True,False
MCH3280,"Vohra, Bora and Vasa",5411,GROCERY,PRIVATE_LIMITED,Pune,Maharashtra,2023-10-16 16:01:00,,INACTIVE,412.76,False,False,False,False,True,False
MCH3281,Ranganathan and Sons,5311,DEPARTMENT_STORE,PARTNERSHIP,Kolkata,West Bengal,2024-03-01 00:00:00,XXXX9655,ACTIVE,-649.49,False,False,True,False,False,False
MCH3284,Lal and Sons,4814,TELECOM,PRIVATE_LIMITED,Ludhiana,Punjab,2024-02-18 00:00:00,XXXX5805,INACTIVE,3943.29,True,False,False,False,False,False
MCH3285,"Prasad, Luthra and Suri",5311,DEPARTMENT_STORE,PARTNERSHIP,Bengaluru,Karnataka,2023-02-22 00:00:00,XXXX2550,ACTIVE,669.58,False,False,False,False,False,False
MCH3287,"dave, ganesan and biswas",5311,DEPARTMENT_STORE,INDIVIDUAL,Bengaluru,Karnataka,,XXXX5111,ACTIVE,1007.0,False,False,False,False,False,True
MCH3288,"Bains, Arya and Sanghvi",7011,HOTEL,PARTNERSHIP,Mumbai,Maharashtra,2025-11-26 00:00:00,XXXX1030,INACTIVE,-3587.5,False,False,True,False,False,False
MCH3289,Tripathi-Mandal,4814,TELECOM,INDIVIDUAL,Chennai,Tamil Nadu,2024-12-29 00:00:00,XXXX2012,ACTIVE,1368.37,False,False,False,False,False,False
MCH3291,Sanghvi-Nair,7011,HOTEL,PRIVATE_LIMITED,Bengaluru,Karnataka,2023-09-25 00:00:00,,ACTIVE,3917.0,False,False,False,False,True,False
MCH3292,Murthy PLC,5942,BOOKS_STATIONERY,INDIVIDUAL,Chennai,Tamil Nadu,2023-06-21 00:00:00,XXXX2688,INACTIVE,2151.78,False,False,False,False,False,False
MCH3294,"Murty, Vala and Pall",4131,TRANSPORT,INDIVIDUAL,Ludhiana,Punjab,2024-12-10 00:00:00,XXXX9470,ACTIVE,822.03,False,False,False,False,False,False
MCH3296,Sampath-Chopra,5999,MISC_RETAIL,INDIVIDUAL,Bengaluru,Karnataka,2025-11-18 00:00:00,XXXX2813,ACTIVE,1074.2,False,False,False,False,False,False
MCH3298,"kurian, sheth and bains",5699,APPAREL,INDIVIDUAL,Delhi,Delhi,2025-04-20 00:00:00,XXXX3758,ACTIVE,3789.0,False,False,False,False,False,False
MCH3299,"Varghese, Tripathi and Ganesh",5999,MISC_RETAIL,SOLE_PROPRIETOR,Bengaluru,Karnataka,2023-07-12 00:00:00,,INACTIVE,2177.34,False,False,False,False,True,False
MCH3301,REDDY AND SONS,5942,BOOKS_STATIONERY,PARTNERSHIP,Jaipur,Rajasthan,2023-06-25 03:39:00,XXXX0178,ACTIVE,2571.65,False,False,False,False,False,False
MCH3307,Uppal and Sons,7011,HOTEL,PRIVATE_LIMITED,Pune,Maharashtra,2023-07-03 20:38:00,XXXX3269,ACTIVE,1033.39,False,False,False,False,False,False
MCH3308,"DHAWAN, RANGANATHAN AND LUTHRA",5699,APPAREL,PARTNERSHIP,Amritsar,Punjab,2026-01-09 00:00:00,XXXX7835,INACTIVE,2438.38,False,False,False,False,False,False
MCH3311,Sule Ltd,5942,BOOKS_STATIONERY,SOLE_PROPRIETOR,Pune,Maharashtra,2026-01-30 17:36:53,XXXX2539,ACTIVE,1079.15,False,False,False,False,False,False
MCH3313,Comar-Sidhu,5311,DEPARTMENT_STORE,SOLE_PROPRIETOR,Lucknow,Uttar Pradesh,2023-07-30 00:00:00,XXXX0907,INACTIVE,408.55,False,False,False,False,False,False
MCH3319,"Jani, Tailor and Radhakrishnan",5699,APPAREL,SOLE_PROPRIETOR,Jalandhar,Punjab,2024-08-26 05:30:00,XXXX7398,ACTIVE,-516.88,False,False,True,False,False,False
MCH3321,Barad-Trivedi,4131,TRANSPORT,SOLE_PROPRIETOR,Amritsar,Punjab,2025-09-19 04:50:00,,ACTIVE,2096.6,True,False,False,False,True,False
MCH3323,Dey PLC,4814,TELECOM,SOLE_PROPRIETOR,Jaipur,Rajasthan,2024-12-24 05:37:48,XXXX2284,INACTIVE,559.08,False,False,False,False,False,False
MCH3324,Char-Gera,5699,APPAREL,PARTNERSHIP,Pune,Maharashtra,2026-02-20 00:00:00,XXXX8894,INACTIVE,2076.73,False,False,False,False,False,False
MCH3325,Varty-Vig,5912,PHARMACY,PARTNERSHIP,Kolkata,West Bengal,2023-10-29 00:00:00,XXXX1753,ACTIVE,4212.0,False,False,False,False,False,False
MCH3327,Balay Ltd,5912,PHARMACY,PARTNERSHIP,Amritsar,Punjab,2024-06-10 00:00:00,XXXX9142,ACTIVE,799.92,False,False,False,False,False,False
MCH3328,Singh-Comar,5912,PHARMACY,SOLE_PROPRIETOR,Pune,Maharashtra,2025-12-14 00:00:00,XXXX6840,ACTIVE,-3993.96,False,False,True,False,False,False
MCH3330,"Keer, Gupta and Som",5311,DEPARTMENT_STORE,PRIVATE_LIMITED,Jalandhar,Punjab,2025-11-26 00:00:00,XXXX9837,ACTIVE,3134.69,False,False,False,False,False,False
MCH3331,"Shukla, Kadakia and Kata",5699,APPAREL,PRIVATE_LIMITED,Ludhiana,Punjab,2025-03-18 00:00:00,,ACTIVE,1008.43,False,False,False,False,True,False
MCH3333,Dada PLC,5999,MISC_RETAIL,PRIVATE_LIMITED,Mumbai,Maharashtra,2024-03-18 00:00:00,,ACTIVE,668.0,False,False,False,False,True,False
MCH3334,Majumdar-Raja,4814,TELECOM,PRIVATE_LIMITED,Hyderabad,Telangana,2023-09-02 04:50:00,XXXX8806,ACTIVE,2941.2,False,False,False,False,False,False
MCH3335,Choudhary Ltd,5699,APPAREL,PARTNERSHIP,Lucknow,Uttar Pradesh,2025-08-11 00:00:00,,ACTIVE,413.6,False,False,False,False,True,False
MCH3338,"Mistry, Majumdar and Ghosh",4814,TELECOM,INDIVIDUAL,Ludhiana,Punjab,2024-04-26 08:50:51,XXXX8958,ACTIVE,1989.0,False,False,False,False,False,False
MCH3340,Bhargava LLC,5699,APPAREL,SOLE_PROPRIETOR,Kolkata,West Bengal,2025-10-12 02:52:58,,INACTIVE,-4266.92,False,False,True,False,True,False
MCH3341,Ramesh Inc,5912,PHARMACY,INDIVIDUAL,Mumbai,Maharashtra,2024-11-15 02:33:00,,ACTIVE,1745.15,False,False,False,False,True,False
MCH3348,"Chauhan, Chowdhury and Dhillon",5942,BOOKS_STATIONERY,INDIVIDUAL,Amritsar,Punjab,2023-12-16 00:00:00,XXXX3125,ACTIVE,-3038.21,False,False,True,False,False,False
MCH3351,"Loke, Narasimhan and Gandhi",5912,PHARMACY,PARTNERSHIP,Amritsar,Punjab,2023-06-22 00:00:00,,INACTIVE,1029.99,False,False,False,False,True,False
MCH3353,sachar ltd,5942,BOOKS_STATIONERY,PRIVATE_LIMITED,Jalandhar,Punjab,2023-06-06 00:00:00,,INACTIVE,446.0,False,False,False,False,True,False
MCH3354,"Barad, Ahluwalia and Mahal",5942,BOOKS_STATIONERY,PARTNERSHIP,Lucknow,Uttar Pradesh,2026-02-06 09:23:45,XXXX7924,ACTIVE,906.14,False,False,False,False,False,False
MCH3357,"Sundaram, Kara and Sibal",7011,HOTEL,PARTNERSHIP,Amritsar,Punjab,2025-11-14 12:11:27,XXXX8234,ACTIVE,246.81,False,False,False,False,False,False
MCH3358,Suri-Dhillon,4131,TRANSPORT,INDIVIDUAL,Kolkata,West Bengal,2023-09-22 00:00:00,XXXX2949,INACTIVE,665.29,False,False,False,False,False,False
MCH3361,Sabharwal-Shah,4131,TRANSPORT,PARTNERSHIP,Jalandhar,Punjab,2024-01-06 00:00:00,XXXX5561,INACTIVE,887.23,True,False,False,False,False,False
MCH3362,Chander-Sangha,5411,GROCERY,PRIVATE_LIMITED,Amritsar,Punjab,2026-02-26 04:43:00,,INACTIVE,12795.59,False,False,False,False,True,False
MCH3369,"yadav, deep and bassi",5999,MISC_RETAIL,INDIVIDUAL,Lucknow,Uttar Pradesh,2024-05-16 00:00:00,XXXX4103,ACTIVE,786.0,False,False,False,False,False,False
MCH3371,Raju Inc,4131,TRANSPORT,PARTNERSHIP,Hyderabad,Telangana,2025-04-19 05:25:00,XXXX2143,ACTIVE,4057.11,False,False,False,False,False,False
MCH3376,Sama-Gaba,5411,GROCERY,INDIVIDUAL,Hyderabad,Telangana,,XXXX4890,ACTIVE,732.24,False,False,False,False,False,True
MCH3379,Sura Inc,5411,GROCERY,SOLE_PROPRIETOR,Chennai,Tamil Nadu,2023-11-28 00:00:00,,ACTIVE,851.53,False,False,False,False,True,False
MCH3382,"Patla, Thakur and Kaur",4131,TRANSPORT,PRIVATE_LIMITED,Pune,Maharashtra,2025-02-06 19:20:09,,ACTIVE,470.22,False,False,False,False,True,False
MCH3383,Muni Inc,5999,MISC_RETAIL,SOLE_PROPRIETOR,Delhi,Delhi,2023-04-21 22:36:00,XXXX2845,ACTIVE,5804.6,False,False,False,False,False,False
MCH3384,GILL-BAKSHI,5999,MISC_RETAIL,PARTNERSHIP,Kolkata,West Bengal,2023-06-27 00:00:00,XXXX7640,ACTIVE,1223.35,False,False,False,False,False,False
MCH3386,"balay, chacko and dani",5311,DEPARTMENT_STORE,PRIVATE_LIMITED,Jaipur,Rajasthan,2025-10-27 15:17:05,XXXX2339,ACTIVE,2775.53,False,False,False,False,False,False
MCH3387,Boase Ltd,4814,TELECOM,SOLE_PROPRIETOR,Chennai,Tamil Nadu,2024-10-20 00:00:00,,ACTIVE,4926.8,False,False,False,False,True,False
MCH3388,"Ha1der, Chander and Krishnamurthy",5311,DEPARTMENT_STORE,INDIVIDUAL,Ludhiana,Punjab,2025-03-23 00:51:00,XXXX5780,INACTIVE,447.14,False,False,False,False,False,False
MCH3389,"Barad, Murthy and Muni",5912,PHARMACY,INDIVIDUAL,Amritsar,Punjab,2025-03-19 00:00:00,,ACTIVE,234.09,True,False,False,False,True,False
MCH3391,Dass Inc,4131,TRANSPORT,PARTNERSHIP,Lucknow,Uttar Pradesh,,XXXX1148,ACTIVE,1298.0,False,False,False,False,False,True
MCH3393,"PANCHAL, MISTRY AND SAWHNEY",5411,GROCERY,SOLE_PROPRIETOR,Amritsar,Punjab,,,ACTIVE,612.0,True,False,False,False,True,True
MCH3395,"Boase, Dutt and Sami",5912,PHARMACY,PARTNERSHIP,Jaipur,Rajasthan,2024-07-22 00:00:00,,INACTIVE,619.0,False,False,False,False,True,False
MCH3398,Chaudhary Ltd,5699,APPAREL,SOLE_PROPRIETOR,Chennai,Tamil Nadu,2023-11-18 08:31:43,XXXX6306,INACTIVE,1864.25,False,False,False,False,False,False
MCH3399,MUNI AND SONS,5699,APPAREL,PRIVATE_LIMITED,Amritsar,Punjab,2024-07-04 00:00:00,XXXX7070,ACTIVE,-3737.76,False,False,True,False,False,False
MCH3401,chana llc,5411,GROCERY,INDIVIDUAL,Chennai,Tamil Nadu,,XXXX4048,ACTIVE,3703.23,False,False,False,False,False,True
MCH3402,"Lala, Loyal and Trivedi",5999,MISC_RETAIL,PARTNERSHIP,Pune,Maharashtra,2025-12-14 00:00:00,XXXX2751,INACTIVE,1152.61,False,False,False,False,False,False
MCH3404,"parekh, lad and soman",5311,DEPARTMENT_STORE,INDIVIDUAL,Mumbai,Maharashtra,2023-02-16 00:00:00,XXXX7390,ACTIVE,-1405.46,False,False,True,False,False,False
MCH3405,"DARA, BOASE AND CHADA",5999,MISC_RETAIL,PARTNERSHIP,Pune,Maharashtra,2024-03-06 00:00:00,XXXX5690,ACTIVE,210.2,False,False,False,False,False,False
MCH3406,"Swamy, Borah and Sampath",5311,DEPARTMENT_STORE,INDIVIDUAL,Mumbai,Maharashtra,2024-05-22 03:05:47,XXXX9630,INACTIVE,438.79,False,False,False,False,False,False
MCH3407,Lal LLC,5999,MISC_RETAIL,PRIVATE_LIMITED,Jalandhar,Punjab,2023-09-27 00:00:00,XXXX9006,ACTIVE,3232.78,True,False,False,False,False,False
MCH3409,BADAMI AND SONS,7011,HOTEL,SOLE_PROPRIETOR,Bengaluru,Karnataka,2024-05-31 00:00:00,,ACTIVE,1179.18,False,False,False,False,True,False
MCH3410,Mutti PLC,7011,HOTEL,SOLE_PROPRIETOR,Chennai,Tamil Nadu,2023-05-23 00:00:00,XXXX0528,ACTIVE,4042.64,False,False,False,False,False,False
MCH3412,Tak and Sons,7011,HOTEL,SOLE_PROPRIETOR,Jaipur,Rajasthan,2024-10-31 00:00:00,XXXX3873,ACTIVE,4884.39,False,False,False,False,False,False
MCH3414,Sahota Ltd,4814,TELECOM,PRIVATE_LIMITED,Amritsar,Punjab,2025-12-29 00:00:00,XXXX5439,ACTIVE,1607.54,False,False,False,False,False,False
MCH3415,Keer Inc,5812,RESTAURANT,SOLE_PROPRIETOR,Chennai,Tamil Nadu,2025-06-05 05:53:37,XXXX8129,ACTIVE,-184.25,False,False,True,False,False,False
MCH3416,"Rau, Baral and Karan",4814,TELECOM,PRIVATE_LIMITED,Ludhiana,Punjab,2024-02-02 00:00:00,,ACTIVE,894.0,False,False,False,False,True,False
MCH3418,Parsa-Parikh,5912,PHARMACY,PARTNERSHIP,Hyderabad,Telangana,2024-07-15 00:00:00,XXXX6608,ACTIVE,8725.31,False,False,False,False,False,False
MCH3419,"bansal, naidu and baria",5912,PHARMACY,PRIVATE_LIMITED,Pune,Maharashtra,2024-03-26 00:00:00,,ACTIVE,357.64,False,False,False,False,True,False
MCH3420,"Mani, Kota and Deol",4131,TRANSPORT,INDIVIDUAL,Jaipur,Rajasthan,2024-01-18 11:43:00,,INACTIVE,453.43,False,False,False,False,True,False
MCH3421,"Sandhu, Saxena and Talwar",5942,BOOKS_STATIONERY,SOLE_PROPRIETOR,Delhi,Delhi,,XXXX6543,INACTIVE,1117.58,False,False,False,False,False,True
MCH3423,Sant-Singh,7011,HOTEL,PARTNERSHIP,Delhi,Delhi,2023-01-01 09:47:09,XXXX9967,ACTIVE,11283.23,False,False,False,False,False,False
MCH3424,Tandon-Raja,5411,GROCERY,PRIVATE_LIMITED,Pune,Maharashtra,2023-08-09 00:00:00,XXXX6498,INACTIVE,1643.97,False,False,False,False,False,False
MCH3426,"Morar, Dar and Raja",5311,DEPARTMENT_STORE,INDIVIDUAL,Jalandhar,Punjab,2023-10-25 00:00:00,XXXX0393,INACTIVE,1252.0,False,False,False,False,False,False
MCH3431,Ghosh and Sons,5812,RESTAURANT,SOLE_PROPRIETOR,Mumbai,Maharashtra,2025-11-24 00:00:00,XXXX5519,INACTIVE,1904.92,True,False,False,False,False,False
MCH3433,"Pathak, Sathe and Rama",5411,GROCERY,PRIVATE_LIMITED,Kolkata,West Bengal,2025-12-22 00:00:00,XXXX0746,INACTIVE,3697.0,False,False,False,False,False,False
MCH3435,"MITTER, CHAKRABARTI AND SWAMINATHAN",5812,RESTAURANT,INDIVIDUAL,Ludhiana,Punjab,2023-04-23 00:00:00,XXXX3745,ACTIVE,1050.63,False,False,False,False,False,False
MCH3438,Murty-Parmar,4814,TELECOM,PRIVATE_LIMITED,Amritsar,Punjab,2024-04-10 00:00:00,XXXX4897,ACTIVE,621.11,True,False,False,False,False,False
MCH3439,"PALAN, BORA AND PURI",5411,GROCERY,PRIVATE_LIMITED,Ludhiana,Punjab,2024-03-05 00:36:00,XXXX3701,ACTIVE,1840.58,False,False,False,False,False,False
MCH3440,"Sahni, Thakur and Kale",5411,GROCERY,PARTNERSHIP,Hyderabad,Telangana,2024-10-14 11:53:00,XXXX2661,ACTIVE,797.0,False,False,False,False,False,False
MCH3441,"Naidu, Nayar and Chand",5942,BOOKS_STATIONERY,PARTNERSHIP,Ludhiana,Punjab,2023-05-29 00:00:00,XXXX8849,ACTIVE,817.0,False,False,False,False,False,False
MCH3442,Choudhry-Ravi,5699,APPAREL,PARTNERSHIP,Mumbai,Maharashtra,2025-09-09 00:00:00,XXXX0565,ACTIVE,3189.0,False,False,False,False,False,False
MCH3445,"Madan, Naidu and Andra",7011,HOTEL,PRIVATE_LIMITED,Jaipur,Rajasthan,2023-07-09 00:00:00,XXXX3966,ACTIVE,983.3,False,False,False,False,False,False
MCH3446,Ganesan-Contractor,5411,GROCERY,SOLE_PROPRIETOR,Lucknow,Uttar Pradesh,2026-01-24 03:27:14,XXXX6735,INACTIVE,348.14,False,False,False,False,False,False
MCH3447,ANDRA-EDWIN,5699,APPAREL,INDIVIDUAL,Hyderabad,Telangana,2023-10-09 13:58:47,XXXX8236,ACTIVE,1619.69,False,False,False,False,False,False
MCH3449,NIGAM-AGATE,5999,MISC_RETAIL,PARTNERSHIP,Mumbai,Maharashtra,2026-02-13 03:43:32,XXXX2457,ACTIVE,236.02,False,False,False,False,False,False
MCH3451,AMBLE-NAIR,5912,PHARMACY,SOLE_PROPRIETOR,Amritsar,Punjab,2025-10-06 00:00:00,XXXX8569,INACTIVE,,False,False,False,True,False,False
MCH3452,"Tandon, Oza and Sharma",5411,GROCERY,SOLE_PROPRIETOR,Pune,Maharashtra,2025-04-08 00:00:00,,INACTIVE,-186.45,False,False,True,False,True,False
MCH3453,"Sangha, Minhas and Patil",7011,HOTEL,PRIVATE_LIMITED,Jaipur,Rajasthan,2023-11-15 00:00:00,XXXX9653,ACTIVE,-1768.03,False,False,True,False,False,False
MCH3454,Rajagopal-Wason,5812,RESTAURANT,PARTNERSHIP,Hyderabad,Telangana,2024-08-22 15:32:00,XXXX7731,ACTIVE,-1479.06,False,False,True,False,False,False
MCH3455,Singhal LLC,5311,DEPARTMENT_STORE,INDIVIDUAL,Jalandhar,Punjab,2026-01-06 05:10:00,,ACTIVE,11222.95,False,False,False,False,True,False
MCH3459,Nagi-Saini,4814,TELECOM,SOLE_PROPRIETOR,Hyderabad,Telangana,2023-09-03 00:00:00,XXXX2112,ACTIVE,2617.26,False,False,False,False,False,False
MCH3460,CHAND-BORA,5411,GROCERY,INDIVIDUAL,Kolkata,West Bengal,2025-02-05 10:51:56,,ACTIVE,,False,False,False,True,True,False
MCH3461,"Balakrishnan, Sachdeva and Sekhon",5999,MISC_RETAIL,INDIVIDUAL,Mumbai,Maharashtra,2025-09-23 02:42:23,XXXX6012,ACTIVE,1049.37,False,False,False,False,False,False
MCH3465,"Patla, Tiwari and Bobal",4814,TELECOM,PRIVATE_LIMITED,Amritsar,Punjab,2024-09-10 22:44:00,XXXX1926,ACTIVE,662.0,False,False,False,False,False,False
MCH3468,Aurora-Ben,7011,HOTEL,PRIVATE_LIMITED,Hyderabad,Telangana,2025-03-16 00:00:00,,ACTIVE,199.0,True,False,False,False,True,False
MCH3469,Ha1der-Bains,4814,TELECOM,PRIVATE_LIMITED,Ludhiana,Punjab,,XXXX4134,ACTIVE,943.76,True,False,False,False,False,True
MCH3470,CHOPRA-GARDE,4814,TELECOM,INDIVIDUAL,Bengaluru,Karnataka,2025-03-02 00:00:00,,ACTIVE,509.62,False,False,False,False,True,False
MCH3473,"Mahal, Butala and Shenoy",4131,TRANSPORT,INDIVIDUAL,Amritsar,Punjab,2025-11-20 23:26:00,XXXX6351,INACTIVE,456.8,False,False,False,False,False,False
MCH3475,"Wadhwa, Banik and Prakash",5812,RESTAURANT,PRIVATE_LIMITED,Jaipur,Rajasthan,2025-01-16 00:00:00,XXXX7270,ACTIVE,335.53,False,False,False,False,False,False
MCH3477,"Mangal, Comar and Krish",5311,DEPARTMENT_STORE,SOLE_PROPRIETOR,Mumbai,Maharashtra,2025-03-30 09:40:40,,ACTIVE,13897.21,False,False,False,False,True,False
MCH3481,"RAJA, BRAR AND NAGAR",5411,GROCERY,PRIVATE_LIMITED,Delhi,Delhi,2023-03-13 00:00:00,XXXX8620,ACTIVE,1791.83,True,False,False,False,False,False
MCH3483,"Puri, Sachdeva and Jhaveri",5812,RESTAURANT,PRIVATE_LIMITED,Jaipur,Rajasthan,2025-08-15 00:00:00,XXXX0583,INACTIVE,1128.9,False,False,False,False,False,False
MCH3484,Sidhu LLC,5999,MISC_RETAIL,INDIVIDUAL,Ludhiana,Punjab,,,ACTIVE,-876.31,False,False,True,False,True,True
MCH3487,Soni and Sons,5912,PHARMACY,SOLE_PROPRIETOR,Lucknow,Uttar Pradesh,2023-05-16 03:23:00,XXXX5287,ACTIVE,1671.71,False,False,False,False,False,False
MCH3488,Sarna-Ramaswamy,5699,APPAREL,PRIVATE_LIMITED,Kolkata,West Bengal,2025-12-10 17:02:29,XXXX7182,ACTIVE,1118.6,False,False,False,False,False,False
MCH3489,Bahl-Bhavsar,4131,TRANSPORT,PARTNERSHIP,Delhi,Delhi,,XXXX6898,ACTIVE,908.03,False,False,False,False,False,True
MCH3490,Sachdev-Din,5411,GROCERY,INDIVIDUAL,Delhi,Delhi,2023-02-21 00:00:00,XXXX6089,INACTIVE,570.0,False,False,False,False,False,False
MCH3491,"Chawla, Tella and Madan",4814,TELECOM,SOLE_PROPRIETOR,Lucknow,Uttar Pradesh,2025-05-23 00:00:00,,ACTIVE,1044.7,True,False,False,False,True,False
MCH3497,"Gokhale, Parmer and Contractor",4131,TRANSPORT,INDIVIDUAL,Jalandhar,Punjab,2023-11-03 21:39:51,,ACTIVE,-403.24,True,False,True,False,True,False
MCH3498,AGATE AND SONS,4814,TELECOM,INDIVIDUAL,Chennai,Tamil Nadu,,,ACTIVE,1499.04,False,False,False,False,True,True
MCH3499,"Mand, Munshi and Bali",5311,DEPARTMENT_STORE,SOLE_PROPRIETOR,Chennai,Tamil Nadu,2026-02-01 00:00:00,,ACTIVE,1115.88,False,False,False,False,True,False
MCH3501,Chandran-Tripathi,5999,MISC_RETAIL,PRIVATE_LIMITED,Mumbai,Maharashtra,,XXXX5978,ACTIVE,1658.21,False,False,False,False,False,True
MCH3502,"Bail, Sawhney and Majumdar",5812,RESTAURANT,INDIVIDUAL,Hyderabad,Telangana,2024-02-05 16:37:39,,ACTIVE,4792.39,True,False,False,False,True,False
MCH3504,"Ram, Dora and Bhatti",5942,BOOKS_STATIONERY,INDIVIDUAL,Pune,Maharashtra,2025-05-08 00:00:00,XXXX5198,INACTIVE,520.17,False,False,False,False,False,False
MCH3506,Peri Group,7011,HOTEL,INDIVIDUAL,Bengaluru,Karnataka,,XXXX4682,ACTIVE,3808.09,False,False,False,False,False,True
MCH3507,"Sundaram, Shan and Subramanian",7011,HOTEL,INDIVIDUAL,Amritsar,Punjab,2023-01-28 00:00:00,XXXX8153,ACTIVE,950.31,False,False,False,False,False,False
MCH3508,Prabhu and Sons,4131,TRANSPORT,PRIVATE_LIMITED,Delhi,Delhi,2024-07-26 00:00:00,,ACTIVE,1850.0,False,False,False,False,True,False
MCH3509,Tandon-Thakur,5999,MISC_RETAIL,PRIVATE_LIMITED,Pune,Maharashtra,2024-03-27 19:41:52,XXXX6916,ACTIVE,253.7,False,False,False,False,False,False
MCH3510,Sankaran Inc,5699,APPAREL,INDIVIDUAL,Hyderabad,Telangana,2026-02-18 00:00:00,XXXX5819,INACTIVE,2317.0,False,False,False,False,False,False
MCH3511,"Konda, Venkatesh and Jha",5411,GROCERY,INDIVIDUAL,Lucknow,Uttar Pradesh,2025-06-28 00:00:00,XXXX1598,ACTIVE,,False,False,False,True,False,False
MCH3512,"Bhatti, Khosla and Chhabra",4814,TELECOM,PRIVATE_LIMITED,Amritsar,Punjab,2023-05-04 23:36:19,,ACTIVE,1112.0,True,False,False,False,True,False
MCH3513,"Gade, Raghavan and Ben",5942,BOOKS_STATIONERY,INDIVIDUAL,Chennai,Tamil Nadu,2024-07-21 08:51:00,XXXX9529,INACTIVE,1116.95,False,False,False,False,False,False
MCH3518,Borah and Sons,4131,TRANSPORT,SOLE_PROPRIETOR,Mumbai,Maharashtra,2026-02-06 15:51:00,XXXX5126,ACTIVE,451.33,False,False,False,False,False,False
MCH3520,"Kannan, Bail and Sundaram",5699,APPAREL,SOLE_PROPRIETOR,Ludhiana,Punjab,2024-09-16 08:13:00,XXXX2156,ACTIVE,-383.3,False,False,True,False,False,False
MCH3523,"Khare, Radhakrishnan and Gala",5812,RESTAURANT,INDIVIDUAL,Jaipur,Rajasthan,2025-12-04 00:00:00,,ACTIVE,-577.79,False,False,True,False,True,False
MCH3530,DUGAR PLC,5699,APPAREL,INDIVIDUAL,Ludhiana,Punjab,2024-10-08 01:53:00,,ACTIVE,,False,False,False,True,True,False
MCH3533,Tiwari-Gulati,7011,HOTEL,PRIVATE_LIMITED,Mumbai,Maharashtra,2025-10-07 00:00:00,XXXX9579,ACTIVE,709.41,False,False,False,False,False,False
MCH3535,Kaur LLC,7011,HOTEL,INDIVIDUAL,Ludhiana,Punjab,2023-04-22 12:53:03,XXXX4614,ACTIVE,438.79,False,False,False,False,False,False
MCH3536,"Chaudry, Halder and Kota",5812,RESTAURANT,PARTNERSHIP,Jaipur,Rajasthan,2023-11-05 00:00:00,XXXX7447,INACTIVE,3533.21,False,False,False,False,False,False
MCH3539,"Korpal, Nair and Chana",5699,APPAREL,SOLE_PROPRIETOR,Mumbai,Maharashtra,2024-05-29 00:00:00,XXXX3369,INACTIVE,2681.05,False,False,False,False,False,False
MCH3541,"SRIVASTAVA, TELLA AND KONDA",4814,TELECOM,PRIVATE_LIMITED,Delhi,Delhi,2024-10-31 00:00:00,XXXX6960,ACTIVE,2341.43,False,False,False,False,False,False
MCH3545,"CHACKO, OZA AND JAGGI",7011,HOTEL,SOLE_PROPRIETOR,Hyderabad,Telangana,2023-09-30 00:00:00,,ACTIVE,867.82,False,False,False,False,True,False
MCH3547,RAMANATHAN-DADA,5812,RESTAURANT,PRIVATE_LIMITED,Delhi,Delhi,2025-02-03 00:00:00,,ACTIVE,5262.6,False,False,False,False,True,False
MCH3548,"Bhakta, Dhaliwal and Comar",4814,TELECOM,INDIVIDUAL,Jaipur,Rajasthan,,XXXX8268,ACTIVE,1931.09,False,False,False,False,False,True
MCH3549,Khalsa and Sons,5812,RESTAURANT,INDIVIDUAL,Amritsar,Punjab,2025-01-07 00:00:00,XXXX4867,ACTIVE,1756.73,False,False,False,False,False,False
MCH3551,"Chaudry, Toor and Lala",4814,TELECOM,SOLE_PROPRIETOR,Bengaluru,Karnataka,2023-12-15 17:19:51,,ACTIVE,941.64,False,False,False,False,True,False
MCH3552,"morar, ahuja and ravel",5942,BOOKS_STATIONERY,SOLE_PROPRIETOR,Pune,Maharashtra,2024-08-03 00:00:00,XXXX7743,ACTIVE,8846.0,False,False,False,False,False,False
MCH3553,"Bajwa, Tata and Narula",5912,PHARMACY,PRIVATE_LIMITED,Lucknow,Uttar Pradesh,2023-01-02 19:20:00,XXXX4910,ACTIVE,-1334.71,False,False,True,False,False,False
MCH3554,"Chowdhury, Mann and Mitter",4131,TRANSPORT,INDIVIDUAL,Jalandhar,Punjab,2025-04-27 19:48:07,XXXX2146,ACTIVE,893.92,False,False,False,False,False,False
MCH3555,Chaudhari-Dutta,5311,DEPARTMENT_STORE,PARTNERSHIP,Kolkata,West Bengal,2023-03-31 00:00:00,XXXX8836,ACTIVE,712.21,False,False,False,False,False,False
MCH3556,Andra-Nagar,5999,MISC_RETAIL,SOLE_PROPRIETOR,Pune,Maharashtra,2025-05-04 18:43:19,,ACTIVE,1107.13,False,False,False,False,True,False
MCH3558,"Bhattacharyya, Mahal and Setty",4131,TRANSPORT,PARTNERSHIP,Jaipur,Rajasthan,2023-07-28 00:00:00,XXXX0455,ACTIVE,4448.97,False,False,False,False,False,False
MCH3559,Chokshi Inc,5812,RESTAURANT,PRIVATE_LIMITED,Bengaluru,Karnataka,2024-12-23 00:00:00,XXXX5330,INACTIVE,-535.7,False,False,True,False,False,False
MCH3561,Kumar LLC,5812,RESTAURANT,PARTNERSHIP,Chennai,Tamil Nadu,2025-10-18 00:00:00,XXXX7445,ACTIVE,715.0,False,False,False,False,False,False
MCH3563,Shan Inc,5912,PHARMACY,SOLE_PROPRIETOR,Bengaluru,Karnataka,2024-04-01 06:07:35,XXXX8095,ACTIVE,335.55,False,False,False,False,False,False
MCH3564,Chadha-Sarin,5812,RESTAURANT,INDIVIDUAL,Lucknow,Uttar Pradesh,2024-06-09 00:00:00,XXXX4527,ACTIVE,506.02,False,False,False,False,False,False
MCH3567,Kala Ltd,4814,TELECOM,SOLE_PROPRIETOR,Amritsar,Punjab,2023-05-15 00:00:00,XXXX4197,ACTIVE,1794.62,False,False,False,False,False,False
MCH3568,"CHOUDHURY, TRIVEDI AND BHATNAGAR",5311,DEPARTMENT_STORE,PRIVATE_LIMITED,Ludhiana,Punjab,2025-04-10 00:00:00,XXXX4927,ACTIVE,1208.3,False,False,False,False,False,False
MCH3569,Choudhury-Prashad,5942,BOOKS_STATIONERY,SOLE_PROPRIETOR,Lucknow,Uttar Pradesh,2025-02-17 00:00:00,,ACTIVE,1411.0,False,False,False,False,True,False
MCH3570,sura-barman,5999,MISC_RETAIL,PRIVATE_LIMITED,Jalandhar,Punjab,2023-05-22 22:03:03,XXXX7872,INACTIVE,1099.0,False,False,False,False,False,False
MCH3571,"Aurora, Kamdar and Vasa",5411,GROCERY,PRIVATE_LIMITED,Lucknow,Uttar Pradesh,2023-02-03 00:00:00,,ACTIVE,583.65,False,False,False,False,True,False
MCH3572,Kohli PLC,4131,TRANSPORT,SOLE_PROPRIETOR,Delhi,Delhi,2025-11-20 00:00:00,XXXX5864,ACTIVE,-1042.66,True,False,True,False,False,False
MCH3574,Sodhi-Shan,4131,TRANSPORT,PARTNERSHIP,Pune,Maharashtra,2025-05-31 00:00:00,XXXX8670,INACTIVE,4407.0,False,False,False,False,False,False
MCH3577,"dhawan, bobal and vala",5942,BOOKS_STATIONERY,SOLE_PROPRIETOR,Lucknow,Uttar Pradesh,2025-01-26 18:18:18,XXXX7402,ACTIVE,,True,False,False,True,False,False
MCH3578,"badal, gopal and walla",4131,TRANSPORT,INDIVIDUAL,Amritsar,Punjab,2024-05-19 20:33:00,XXXX2575,ACTIVE,14795.0,False,False,False,False,False,False
MCH3581,"Chadha, Sankaran and Pau",5699,APPAREL,PARTNERSHIP,Kolkata,West Bengal,2024-05-07 00:00:00,,ACTIVE,,False,False,False,True,True,False
MCH3586,Dayal-Nagar,5912,PHARMACY,PARTNERSHIP,Hyderabad,Telangana,2026-01-28 00:00:00,XXXX7480,ACTIVE,2093.13,True,False,False,False,False,False
MCH3587,Sagar-Raval,7011,HOTEL,PARTNERSHIP,Jalandhar,Punjab,2024-07-31 00:00:00,,ACTIVE,1064.25,False,False,False,False,True,False
MCH3591,"Panchal, Balasubramanian and Dey",5942,BOOKS_STATIONERY,PRIVATE_LIMITED,Kolkata,West Bengal,2025-03-15 00:00:00,XXXX6733,ACTIVE,2193.61,False,False,False,False,False,False
MCH3592,"Sem, Chandran and Dara",5999,MISC_RETAIL,SOLE_PROPRIETOR,Delhi,Delhi,2023-11-15 09:32:00,XXXX8913,INACTIVE,-1166.62,False,False,True,False,False,False
MCH3593,"Kara,BrarandApte",4814,TELECOM,PRIVATE_LIMITED,Mumbai,Maharashtra,2023-12-04 15:44:19,,ACTIVE,474.6,False,False,False,False,True,False
MCH3594,Om-Tiwari,4131,TRANSPORT,PARTNERSHIP,Pune,Maharashtra,2024-07-28 00:22:00,XXXX4916,ACTIVE,-1023.26,True,False,True,False,False,False
MCH3595,"SRIVASTAVA, MERCHANT AND KOTA",5311,DEPARTMENT_STORE,PRIVATE_LIMITED,Ludhiana,Punjab,2025-01-03 13:32:00,XXXX1600,INACTIVE,1153.0,False,False,False,False,False,False
MCH3596,CHOUDHRY LTD,4131,TRANSPORT,PRIVATE_LIMITED,Lucknow,Uttar Pradesh,2024-11-11 00:00:00,XXXX7623,ACTIVE,311.69,False,False,False,False,False,False
MCH3598,Kapur-Sahni,4814,TELECOM,PRIVATE_LIMITED,Bengaluru,Karnataka,2024-12-07 15:58:25,XXXX3753,ACTIVE,7252.05,False,False,False,False,False,False
MCH3600,Gole and Sons,4131,TRANSPORT,SOLE_PROPRIETOR,Delhi,Delhi,2023-09-10 00:00:00,,INACTIVE,1548.59,False,False,False,False,True,False
MCH3601,Deshpande-Nigam,4131,TRANSPORT,PARTNERSHIP,Bengaluru,Karnataka,2024-12-06 06:21:00,XXXX8463,ACTIVE,2765.11,False,False,False,False,False,False
MCH3602,"Panchal, Karpe and Bhatti",7011,HOTEL,PARTNERSHIP,Amritsar,Punjab,2023-08-29 00:00:00,XXXX6765,ACTIVE,754.95,False,False,False,False,False,False
MCH3604,"Shetty, Bali and Sama",5411,GROCERY,PARTNERSHIP,Ludhiana,Punjab,2023-01-04 01:07:44,XXXX7557,ACTIVE,394.0,False,False,False,False,False,False
MCH3605,Bhasin Ltd,4131,TRANSPORT,PARTNERSHIP,Ludhiana,Punjab,2023-11-15 00:00:00,,ACTIVE,1858.98,False,False,False,False,True,False
MCH3607,Va1a-D0ra,5812,RESTAURANT,INDIVIDUAL,Ludhiana,Punjab,2024-11-09 00:00:00,,ACTIVE,1953.09,False,False,False,False,True,False
MCH3608,"Raj, Sarin and Sibal",4814,TELECOM,PARTNERSHIP,Jaipur,Rajasthan,2024-12-08 00:00:00,XXXX8045,INACTIVE,1956.65,False,False,False,False,False,False
MCH3610,"Deo, Krish and Lanka",5699,APPAREL,PRIVATE_LIMITED,Chennai,Tamil Nadu,2025-01-07 11:18:09,XXXX9399,ACTIVE,,False,False,False,True,False,False
MCH3611,"ratti, sunder and kapoor",4131,TRANSPORT,PRIVATE_LIMITED,Bengaluru,Karnataka,,XXXX2260,ACTIVE,787.19,False,False,False,False,False,True
MCH3612,Kala Inc,5812,RESTAURANT,SOLE_PROPRIETOR,Mumbai,Maharashtra,2025-08-17 02:43:00,XXXX2701,ACTIVE,577.0,False,False,False,False,False,False
MCH3613,LAD-CHACKO,4814,TELECOM,PRIVATE_LIMITED,Jaipur,Rajasthan,2025-04-02 00:00:00,XXXX9897,ACTIVE,466.16,False,False,False,False,False,False
MCH3614,Morar-Sundaram,5812,RESTAURANT,INDIVIDUAL,Mumbai,Maharashtra,2023-08-09 00:00:00,XXXX5060,ACTIVE,1484.85,False,False,False,False,False,False
MCH3616,trivedi-ramachandran,5411,GROCERY,PARTNERSHIP,Jalandhar,Punjab,2025-07-02 00:00:00,XXXX1853,INACTIVE,181.96,False,False,False,False,False,False
MCH3618,"Narang, Atwal and Merchant",5912,PHARMACY,SOLE_PROPRIETOR,Mumbai,Maharashtra,2023-07-25 00:00:00,XXXX4377,ACTIVE,1728.22,True,False,False,False,False,False
MCH3619,"MODY, SAMI AND BATTA",5999,MISC_RETAIL,SOLE_PROPRIETOR,Kolkata,West Bengal,2026-01-27 07:14:00,XXXX5023,INACTIVE,3456.23,False,False,False,False,False,False
MCH3625,Singhal Ltd,5812,RESTAURANT,SOLE_PROPRIETOR,Mumbai,Maharashtra,2025-10-28 12:02:57,XXXX0908,ACTIVE,10079.36,False,False,False,False,False,False
MCH3627,"CHANDRA, VENKATARAMAN AND PALLA",5912,PHARMACY,SOLE_PROPRIETOR,Jaipur,Rajasthan,2025-10-09 00:00:00,XXXX1941,ACTIVE,379.66,False,False,False,False,False,False
MCH3628,MITRA LTD,5699,APPAREL,SOLE_PROPRIETOR,Delhi,Delhi,2023-08-05 00:00:00,,ACTIVE,3214.64,False,False,False,False,True,False
MCH3630,Chacko Ltd,5812,RESTAURANT,PARTNERSHIP,Mumbai,Maharashtra,2023-06-11 00:00:00,,INACTIVE,2433.39,False,False,False,False,True,False
MCH3637,"Lalla, Deep and Sama",5699,APPAREL,INDIVIDUAL,Pune,Maharashtra,2023-05-27 00:00:00,XXXX5290,ACTIVE,560.03,False,False,False,False,False,False
MCH3640,Parikh-Raghavan,7011,HOTEL,SOLE_PROPRIETOR,Hyderabad,Telangana,2023-04-11 22:07:00,XXXX8829,ACTIVE,400.1,False,False,False,False,False,False
MCH3641,"khurana, barman and suresh",5699,APPAREL,INDIVIDUAL,Delhi,Delhi,2025-08-06 08:41:00,XXXX0826,ACTIVE,2224.44,False,False,False,False,False,False
MCH3642,Prabhu-Pai,5411,GROCERY,SOLE_PROPRIETOR,Kolkata,West Bengal,2025-11-24 00:00:00,,ACTIVE,3223.63,False,False,False,False,True,False
MCH3649,"Jain, Sama and Sarma",5999,MISC_RETAIL,PARTNERSHIP,Mumbai,Maharashtra,2025-06-08 21:51:00,XXXX8840,ACTIVE,671.85,False,False,False,False,False,False
MCH3652,Varghese PLC,5999,MISC_RETAIL,PARTNERSHIP,Ludhiana,Punjab,,,ACTIVE,2254.0,True,False,False,False,True,True
MCH3654,Ganesan Ltd,5812,RESTAURANT,SOLE_PROPRIETOR,Jalandhar,Punjab,2024-02-11 00:00:00,XXXX6762,ACTIVE,286.1,False,False,False,False,False,False
MCH3655,Batra LLC,5912,PHARMACY,SOLE_PROPRIETOR,Pune,Maharashtra,2024-08-17 00:00:00,,ACTIVE,-528.59,False,False,True,False,True,False
MCH3656,"Sani, Rajagopalan and Sachar",5411,GROCERY,INDIVIDUAL,Chennai,Tamil Nadu,2024-11-26 00:00:00,XXXX1097,ACTIVE,901.19,False,False,False,False,False,False
MCH3659,REGE-RAJA,5942,BOOKS_STATIONERY,INDIVIDUAL,Amritsar,Punjab,2024-12-27 00:00:00,XXXX6878,ACTIVE,-2311.5,False,False,True,False,False,False
MCH3661,"Deshmukh, Patla and Goel",4131,TRANSPORT,INDIVIDUAL,Ludhiana,Punjab,2023-11-17 00:00:00,XXXX0412,INACTIVE,1439.0,False,False,False,False,False,False
MCH3662,"Mand, Walia and Bhalla",5411,GROCERY,PRIVATE_LIMITED,Chennai,Tamil Nadu,2023-04-08 17:49:00,XXXX4721,ACTIVE,677.63,False,False,False,False,False,False
MCH3663,Saini-Gaba,5699,APPAREL,SOLE_PROPRIETOR,Jaipur,Rajasthan,2025-02-03 00:00:00,,ACTIVE,377.05,False,False,False,False,True,False
MCH3666,Gera-Ranganathan,4131,TRANSPORT,PARTNERSHIP,Jaipur,Rajasthan,2023-04-12 00:00:00,,ACTIVE,243.55,False,False,False,False,True,False
MCH3668,Pandey-Uppal,4131,TRANSPORT,SOLE_PROPRIETOR,Pune,Maharashtra,2024-09-03 18:09:51,XXXX9816,ACTIVE,795.26,False,False,False,False,False,False
MCH3669,"Dutta, Banerjee and Saini",5999,MISC_RETAIL,PRIVATE_LIMITED,Lucknow,Uttar Pradesh,2024-09-03 00:00:00,XXXX3658,ACTIVE,2883.4,False,False,False,False,False,False
MCH3671,"VALA, DHAR AND WASON",5912,PHARMACY,INDIVIDUAL,Chennai,Tamil Nadu,,,ACTIVE,2167.0,False,False,False,False,True,True
MCH3672,Ramaswamy PLC,5942,BOOKS_STATIONERY,PRIVATE_LIMITED,Kolkata,West Bengal,2025-01-24 00:00:00,XXXX8500,ACTIVE,9848.33,True,False,False,False,False,False
MCH3674,Wason and Sons,5812,RESTAURANT,INDIVIDUAL,Delhi,Delhi,2025-07-19 21:11:25,XXXX1084,ACTIVE,-582.77,False,False,True,False,False,False
MCH3675,Grewal and Sons,4814,TELECOM,PRIVATE_LIMITED,Pune,Maharashtra,2025-10-19 00:00:00,XXXX3460,INACTIVE,263.38,False,False,False,False,False,False
MCH3677,Toor and Sons,5912,PHARMACY,SOLE_PROPRIETOR,Amritsar,Punjab,2025-03-03 06:28:03,XXXX6857,ACTIVE,4703.03,False,False,False,False,False,False
MCH3678,"Ramanathan, Oza and Aggarwal",5699,APPAREL,PARTNERSHIP,Jalandhar,Punjab,2023-04-03 10:00:00,XXXX6267,ACTIVE,1617.86,False,False,False,False,False,False
MCH3679,Kumer LLC,4814,TELECOM,PRIVATE_LIMITED,Hyderabad,Telangana,2025-12-15 00:00:00,XXXX7762,ACTIVE,587.47,False,False,False,False,False,False
MCH3680,Pradhan Ltd,4131,TRANSPORT,PRIVATE_LIMITED,Hyderabad,Telangana,2025-11-22 00:00:00,XXXX9577,ACTIVE,519.26,False,False,False,False,False,False
MCH3682,"Dash, Kashyap and Goda",5311,DEPARTMENT_STORE,PRIVATE_LIMITED,Amritsar,Punjab,2025-12-01 18:10:00,XXXX0050,INACTIVE,1702.0,False,False,False,False,False,False
MCH3683,Mander Group,5411,GROCERY,INDIVIDUAL,Mumbai,Maharashtra,2023-10-09 00:00:00,XXXX7562,ACTIVE,4247.99,False,False,False,False,False,False
MCH3684,Chahal-Reddy,5411,GROCERY,PARTNERSHIP,Delhi,Delhi,,,ACTIVE,629.48,True,False,False,False,True,True
MCH3686,Prasad Inc,5812,RESTAURANT,SOLE_PROPRIETOR,Mumbai,Maharashtra,2024-09-04 03:46:00,XXXX7219,ACTIVE,1179.14,False,False,False,False,False,False
MCH3688,"Nayak, Brar and Sahni",4814,TELECOM,INDIVIDUAL,Chennai,Tamil Nadu,2025-08-20 00:00:00,,INACTIVE,2787.88,False,False,False,False,True,False
MCH3689,"Palla, Gara and Malhotra",5942,BOOKS_STATIONERY,PARTNERSHIP,Bengaluru,Karnataka,2025-02-04 00:00:00,XXXX7273,INACTIVE,1319.27,False,False,False,False,False,False
MCH3690,Aurora Inc,4131,TRANSPORT,PARTNERSHIP,Bengaluru,Karnataka,2025-04-26 00:00:00,XXXX3060,ACTIVE,915.55,False,False,False,False,False,False
MCH3693,"Rajagopal, Savant and Ganesan",4814,TELECOM,INDIVIDUAL,Jalandhar,Punjab,2025-02-26 00:00:00,XXXX6831,ACTIVE,893.17,False,False,False,False,False,False
MCH3694,"Date, Naidu and Raja",5912,PHARMACY,PARTNERSHIP,Jalandhar,Punjab,2024-11-22 04:13:38,XXXX0352,ACTIVE,4933.54,False,False,False,False,False,False
MCH3696,"pandya, maharaj and sundaram",5942,BOOKS_STATIONERY,INDIVIDUAL,Pune,Maharashtra,2025-08-07 00:00:00,,INACTIVE,416.04,False,False,False,False,True,False
MCH3697,Cherian LLC,7011,HOTEL,INDIVIDUAL,Chennai,Tamil Nadu,2023-11-04 13:30:00,,ACTIVE,2525.65,False,False,False,False,True,False
MCH3698,"Prashad, Viswanathan and Sama",5311,DEPARTMENT_STORE,PARTNERSHIP,Amritsar,Punjab,2026-02-09 00:00:00,,ACTIVE,514.0,False,False,False,False,True,False
MCH3699,Lal Ltd,5999,MISC_RETAIL,PRIVATE_LIMITED,Jaipur,Rajasthan,2023-06-25 06:53:54,XXXX6316,ACTIVE,479.97,False,False,False,False,False,False
MCH3700,"Sinha, Purohit and Shetty",5912,PHARMACY,INDIVIDUAL,Bengaluru,Karnataka,2025-04-01 00:00:00,XXXX5091,INACTIVE,1238.03,False,False,False,False,False,False
MCH3701,Mand-Bhat,5999,MISC_RETAIL,SOLE_PROPRIETOR,Lucknow,Uttar Pradesh,2024-05-07 00:00:00,XXXX4164,INACTIVE,231.29,False,False,False,False,False,False
MCH3703,Khatri-Shuk1a,5812,RESTAURANT,PRIVATE_LIMITED,Jalandhar,Punjab,,,INACTIVE,3523.05,False,False,False,False,True,True
MCH3705,"Prakash, Korpal and Narasimhan",5812,RESTAURANT,SOLE_PROPRIETOR,Jaipur,Rajasthan,2025-11-10 00:00:00,,ACTIVE,753.96,False,False,False,False,True,False
MCH3712,Narain-Vaidya,7011,HOTEL,INDIVIDUAL,Hyderabad,Telangana,2025-07-05 00:23:00,XXXX6325,ACTIVE,333.0,False,False,False,False,False,False
MCH3715,BANSAL INC,5942,BOOKS_STATIONERY,INDIVIDUAL,Lucknow,Uttar Pradesh,2024-11-27 00:00:00,,INACTIVE,2025.81,False,False,False,False,True,False
MCH3718,"S0m, Barman and Bhavsar",5411,GROCERY,SOLE_PROPRIETOR,Pune,Maharashtra,,XXXX1898,ACTIVE,312.19,False,False,False,False,False,True
MCH3720,"Bedi, Sanghvi and Balakrishnan",5411,GROCERY,INDIVIDUAL,Delhi,Delhi,2024-04-14 08:30:13,XXXX5514,ACTIVE,610.0,False,False,False,False,False,False
MCH3722,jhaveri ltd,5912,PHARMACY,PRIVATE_LIMITED,Ludhiana,Punjab,2024-06-29 00:00:00,XXXX9131,ACTIVE,4309.0,False,False,False,False,False,False
MCH3723,wagle-dugar,5411,GROCERY,INDIVIDUAL,Bengaluru,Karnataka,2023-05-31 00:00:00,XXXX2973,ACTIVE,1906.51,False,False,False,False,False,False
MCH3725,Balan Inc,5912,PHARMACY,SOLE_PROPRIETOR,Kolkata,West Bengal,2024-10-04 18:42:00,XXXX4682,ACTIVE,2579.6,False,False,False,False,False,False
MCH3726,Varughese PLC,4814,TELECOM,INDIVIDUAL,Lucknow,Uttar Pradesh,2024-11-13 08:40:19,,ACTIVE,3572.06,False,False,False,False,True,False
MCH3732,"Bhat, Sarin and Wag1e",7011,HOTEL,SOLE_PROPRIETOR,Lucknow,Uttar Pradesh,2025-06-23 19:32:43,,ACTIVE,604.0,True,False,False,False,True,False
MCH3733,Ramakrishnan-Chaudhuri,7011,HOTEL,SOLE_PROPRIETOR,Amritsar,Punjab,2025-03-15 00:00:00,,ACTIVE,1213.25,False,False,False,False,True,False
MCH3736,"Morar, Roy and Bali",5411,GROCERY,PRIVATE_LIMITED,Ludhiana,Punjab,2023-05-18 00:00:00,XXXX6003,ACTIVE,1684.27,True,False,False,False,False,False
MCH3737,Raval-Kurian,5812,RESTAURANT,INDIVIDUAL,Mumbai,Maharashtra,2026-01-23 00:00:00,,ACTIVE,-352.99,False,False,True,False,True,False
MCH3739,Murty Ltd,5311,DEPARTMENT_STORE,PRIVATE_LIMITED,Chennai,Tamil Nadu,2025-09-15 00:00:00,XXXX2052,ACTIVE,571.15,False,False,False,False,False,False
MCH3742,"Mall, Sarma and Merchant",5999,MISC_RETAIL,PARTNERSHIP,Jalandhar,Punjab,2025-06-19 08:34:00,,ACTIVE,330.87,False,False,False,False,True,False
MCH3743,doctor ltd,5912,PHARMACY,SOLE_PROPRIETOR,Hyderabad,Telangana,2023-01-16 20:06:00,XXXX0695,ACTIVE,12417.3,False,False,False,False,False,False
MCH3748,Bedi-Cherian,5311,DEPARTMENT_STORE,INDIVIDUAL,Mumbai,Maharashtra,2025-03-19 00:00:00,XXXX2002,INACTIVE,1343.58,False,False,False,False,False,False
MCH3753,vohra-din,5699,APPAREL,PRIVATE_LIMITED,Kolkata,West Bengal,2025-03-30 00:00:00,XXXX3390,ACTIVE,754.9,False,False,False,False,False,False
MCH3754,Dugal-Chawla,5812,RESTAURANT,PARTNERSHIP,Kolkata,West Bengal,2025-01-18 00:00:00,XXXX2119,ACTIVE,-581.93,False,False,True,False,False,False
MCH3755,Hayer and Sons,5812,RESTAURANT,PRIVATE_LIMITED,Pune,Maharashtra,2025-08-02 17:59:03,XXXX6455,ACTIVE,1098.64,False,False,False,False,False,False
MCH3757,Chokshi PLC,4814,TELECOM,PRIVATE_LIMITED,Jaipur,Rajasthan,2025-10-23 10:04:00,XXXX9701,ACTIVE,2492.69,False,False,False,False,False,False
MCH3758,Dube Ltd,5999,MISC_RETAIL,SOLE_PROPRIETOR,Delhi,Delhi,2023-09-10 22:18:52,XXXX1071,ACTIVE,1607.42,False,False,False,False,False,False
MCH3760,Das-Ahuja,5812,RESTAURANT,SOLE_PROPRIETOR,Lucknow,Uttar Pradesh,2023-01-13 00:00:00,XXXX3657,ACTIVE,755.0,False,False,False,False,False,False
MCH3761,"Bal,MittalandPrabhakar",5999,MISC_RETAIL,PRIVATE_LIMITED,Pune,Maharashtra,2025-06-11 00:00:00,,ACTIVE,6900.33,False,False,False,False,True,False
MCH3764,Tandon and Sons,5912,PHARMACY,PARTNERSHIP,Mumbai,Maharashtra,2025-12-30 00:00:00,,ACTIVE,3428.0,False,False,False,False,True,False
MCH3765,Mohanty LLC,5311,DEPARTMENT_STORE,PARTNERSHIP,Hyderabad,Telangana,2023-06-20 05:11:20,XXXX8127,ACTIVE,1911.75,False,False,False,False,False,False
MCH3771,Bumb Inc,5999,MISC_RETAIL,PARTNERSHIP,Lucknow,Uttar Pradesh,2024-11-06 00:00:00,,ACTIVE,2602.75,False,False,False,False,True,False
MCH3776,"Kapadia, Sathe and Shenoy",5311,DEPARTMENT_STORE,PARTNERSHIP,Delhi,Delhi,,XXXX7884,ACTIVE,1854.99,False,False,False,False,False,True
MCH3778,"Bhagat, Sama and Murthy",4814,TELECOM,INDIVIDUAL,Amritsar,Punjab,2026-01-18 00:00:00,XXXX6292,INACTIVE,2790.66,True,False,False,False,False,False
MCH3779,aggarwal-hans,5311,DEPARTMENT_STORE,PRIVATE_LIMITED,Kolkata,West Bengal,2024-12-04 08:30:32,XXXX4270,ACTIVE,-1502.01,False,False,True,False,False,False
MCH3780,HEGDE GROUP,5311,DEPARTMENT_STORE,PRIVATE_LIMITED,Lucknow,Uttar Pradesh,2026-02-27 20:38:00,XXXX3079,INACTIVE,315.62,False,False,False,False,False,False
MCH3786,Ratta-Bhasin,5999,MISC_RETAIL,PARTNERSHIP,Bengaluru,Karnataka,2023-08-22 00:00:00,,ACTIVE,1037.97,False,False,False,False,True,False
MCH3787,"Boase, Mand and Khatri",5411,GROCERY,PARTNERSHIP,Pune,Maharashtra,2025-03-21 00:49:00,XXXX3603,ACTIVE,1436.68,False,False,False,False,False,False
MCH3788,BHARGAVA AND SONS,4131,TRANSPORT,PARTNERSHIP,Bengaluru,Karnataka,2025-12-18 00:00:00,XXXX1991,ACTIVE,2495.65,False,False,False,False,False,False
MCH3793,"Sankar, Parsa and Shere",7011,HOTEL,SOLE_PROPRIETOR,Ludhiana,Punjab,2025-03-30 00:00:00,XXXX4371,ACTIVE,6906.85,False,False,False,False,False,False
MCH3795,Sinha-Ramesh,4814,TELECOM,PARTNERSHIP,Hyderabad,Telangana,2024-06-19 00:00:00,XXXX9092,ACTIVE,1083.1,False,False,False,False,False,False
MCH3796,Mani-Saha,5812,RESTAURANT,INDIVIDUAL,Chennai,Tamil Nadu,2023-08-06 00:00:00,XXXX0073,ACTIVE,860.72,True,False,False,False,False,False
MCH3797,"Dhaliwal, Parekh and Dey",7011,HOTEL,PARTNERSHIP,Jalandhar,Punjab,2024-11-02 00:00:00,XXXX1096,INACTIVE,,False,False,False,True,False,False
MCH3801,"Arya, Sachar and Khanna",5912,PHARMACY,PARTNERSHIP,Bengaluru,Karnataka,2024-01-03 13:59:47,XXXX2457,INACTIVE,639.86,False,False,False,False,False,False
MCH3803,"Tara, Wali and Sachdev",5942,BOOKS_STATIONERY,INDIVIDUAL,Lucknow,Uttar Pradesh,2025-10-14 23:06:00,,ACTIVE,2461.72,False,False,False,False,True,False
MCH3804,"Pingle, Choudhry and Sastry",5942,BOOKS_STATIONERY,SOLE_PROPRIETOR,Delhi,Delhi,2025-10-13 00:00:00,,ACTIVE,729.5,False,False,False,False,True,False
MCH3805,Issac-Munshi,5999,MISC_RETAIL,PRIVATE_LIMITED,Bengaluru,Karnataka,2023-02-19 00:00:00,XXXX9164,ACTIVE,7651.0,False,False,False,False,False,False
MCH3806,ParmerLLC,5411,GROCERY,SOLE_PROPRIETOR,Jaipur,Rajasthan,2024-11-04 00:00:00,XXXX4450,ACTIVE,1939.0,False,False,False,False,False,False
MCH3810,Mallick-Lall,5411,GROCERY,PRIVATE_LIMITED,Lucknow,Uttar Pradesh,2025-12-07 00:00:00,XXXX7137,INACTIVE,630.92,False,False,False,False,False,False
MCH3811,"bhat, anand and bakshi",7011,HOTEL,INDIVIDUAL,Bengaluru,Karnataka,,XXXX2216,ACTIVE,563.14,True,False,False,False,False,True
MCH3817,Subramanian Group,5311,DEPARTMENT_STORE,SOLE_PROPRIETOR,Ludhiana,Punjab,,XXXX6376,ACTIVE,3916.72,False,False,False,False,False,True
MCH3818,Gopal-Khalsa,4814,TELECOM,PARTNERSHIP,Amritsar,Punjab,,,ACTIVE,200.35,False,False,False,False,True,True
MCH3819,Butala-Patla,5999,MISC_RETAIL,INDIVIDUAL,Delhi,Delhi,2023-04-08 00:00:00,XXXX5729,ACTIVE,2466.12,False,False,False,False,False,False
MCH3820,Behl LLC,5311,DEPARTMENT_STORE,PARTNERSHIP,Jalandhar,Punjab,2023-05-30 00:00:00,XXXX4749,INACTIVE,983.06,False,False,False,False,False,False
MCH3822,Anne and Sons,5411,GROCERY,PRIVATE_LIMITED,Amritsar,Punjab,2026-01-21 20:10:57,,ACTIVE,2115.91,False,False,False,False,True,False
MCH3824,Chand-Sarna,5812,RESTAURANT,SOLE_PROPRIETOR,Kolkata,West Bengal,2025-08-24 00:00:00,,ACTIVE,733.85,False,False,False,False,True,False
MCH3829,Bansal Ltd,7011,HOTEL,PRIVATE_LIMITED,Pune,Maharashtra,2024-12-04 00:00:00,XXXX7846,ACTIVE,2565.33,False,False,False,False,False,False
MCH3835,"Pillai, Ratti and Chaudhuri",4814,TELECOM,PARTNERSHIP,Ludhiana,Punjab,2023-01-15 10:05:00,XXXX6710,INACTIVE,6901.65,False,False,False,False,False,False
MCH3837,"Char, Naik and Sachdev",5999,MISC_RETAIL,PRIVATE_LIMITED,Delhi,Delhi,2026-01-25 00:00:00,XXXX8517,ACTIVE,5233.0,False,False,False,False,False,False
MCH3841,"SANDHU, KHOSLA AND GUHA",5999,MISC_RETAIL,PARTNERSHIP,Bengaluru,Karnataka,2024-09-16 00:00:00,XXXX3593,INACTIVE,2207.18,False,False,False,False,False,False
MCH3842,"Rao, Rajagopal and Ratti",4131,TRANSPORT,PRIVATE_LIMITED,Jaipur,Rajasthan,2024-01-27 00:00:00,,ACTIVE,444.1,False,False,False,False,True,False
MCH3845,Hora-Bath,4131,TRANSPORT,INDIVIDUAL,Bengaluru,Karnataka,2024-08-16 14:46:25,XXXX0800,ACTIVE,2098.39,False,False,False,False,False,False
MCH3846,Khanna-Badal,5311,DEPARTMENT_STORE,PRIVATE_LIMITED,Delhi,Delhi,2025-04-18 21:01:00,XXXX4839,ACTIVE,3521.78,False,False,False,False,False,False
MCH3847,Nair PLC,5311,DEPARTMENT_STORE,SOLE_PROPRIETOR,Pune,Maharashtra,,,ACTIVE,660.47,False,False,False,False,True,True
MCH3849,Das-Ratta,4814,TELECOM,INDIVIDUAL,Chennai,Tamil Nadu,2024-06-13 00:11:00,XXXX6761,ACTIVE,4368.0,False,False,False,False,False,False
MCH3853,Bhat-Dutt,5411,GROCERY,SOLE_PROPRIETOR,Hyderabad,Telangana,2023-03-05 00:00:00,,ACTIVE,,False,False,False,True,True,False
MCH3854,"Was0n, Chauhan and Gh0se",5812,RESTAURANT,PRIVATE_LIMITED,Hyderabad,Telangana,2025-09-01 00:00:00,XXXX7265,ACTIVE,528.0,False,False,False,False,False,False
MCH3856,"Sankaran, Anne and Buch",5812,RESTAURANT,INDIVIDUAL,Kolkata,West Bengal,2025-05-06 17:56:20,XXXX0835,ACTIVE,454.0,False,False,False,False,False,False
MCH3859,"mall, bassi and seshadri",5411,GROCERY,PARTNERSHIP,Mumbai,Maharashtra,,,ACTIVE,610.0,False,False,False,False,True,True
MCH3860,sama group,5699,APPAREL,SOLE_PROPRIETOR,Chennai,Tamil Nadu,2023-10-03 00:00:00,,ACTIVE,448.66,False,False,False,False,True,False
MCH3869,HEGDE LTD,5311,DEPARTMENT_STORE,PARTNERSHIP,Pune,Maharashtra,2026-01-28 22:35:06,,ACTIVE,-342.59,True,False,True,False,True,False
MCH3872,Krish Group,5699,APPAREL,PARTNERSHIP,Amritsar,Punjab,2024-03-14 00:00:00,,ACTIVE,3660.6,False,False,False,False,True,False
MCH3873,"DUGAL, THAKUR AND PURI",7011,HOTEL,PRIVATE_LIMITED,Jalandhar,Punjab,2023-07-02 00:00:00,,ACTIVE,1499.22,False,False,False,False,True,False
MCH3874,"Dora,DeshpandeandSeth",4814,TELECOM,PRIVATE_LIMITED,Jalandhar,Punjab,2024-05-18 00:12:00,XXXX2093,ACTIVE,1119.69,True,False,False,False,False,False
MCH3875,natt ltd,5812,RESTAURANT,PRIVATE_LIMITED,Jalandhar,Punjab,2025-04-07 00:00:00,,ACTIVE,4372.03,False,False,False,False,True,False
MCH3880,Sankaran-M0dy,4131,TRANSPORT,SOLE_PROPRIETOR,Hyderabad,Telangana,2026-02-26 18:34:00,XXXX4851,ACTIVE,794.44,False,False,False,False,False,False
MCH3882,Kannan PLC,5912,PHARMACY,INDIVIDUAL,Pune,Maharashtra,2024-06-08 00:00:00,XXXX6395,ACTIVE,1470.9,False,False,False,False,False,False
MCH3883,Vohra and Sons,7011,HOTEL,INDIVIDUAL,Mumbai,Maharashtra,2023-11-17 00:00:00,XXXX1949,ACTIVE,-2320.22,False,False,True,False,False,False
MCH3885,Thakur Inc,4131,TRANSPORT,PRIVATE_LIMITED,Chennai,Tamil Nadu,,XXXX8188,ACTIVE,618.81,False,False,False,False,False,True
MCH3886,Gandhi Inc,5812,RESTAURANT,SOLE_PROPRIETOR,Kolkata,West Bengal,2025-12-18 00:00:00,XXXX0009,ACTIVE,-3831.0,False,False,True,False,False,False
MCH3887,Pa11a-Sah0ta,7011,HOTEL,PARTNERSHIP,Kolkata,West Bengal,2025-11-19 10:50:37,XXXX9238,INACTIVE,1596.95,False,False,False,False,False,False
MCH3888,"Gandhi, Cherian and Chhabra",4814,TELECOM,PARTNERSHIP,Hyderabad,Telangana,2025-02-27 00:00:00,XXXX8624,ACTIVE,-1400.8,False,False,True,False,False,False
MCH3889,Bhagat-Sarna,7011,HOTEL,SOLE_PROPRIETOR,Kolkata,West Bengal,2024-06-21 09:31:16,XXXX2885,ACTIVE,2088.06,False,False,False,False,False,False
MCH3890,Tata-Bal,5912,PHARMACY,INDIVIDUAL,Pune,Maharashtra,2026-02-22 00:00:00,,ACTIVE,668.0,True,False,False,False,True,False
MCH3893,Dhingra-Chaudhuri,5912,PHARMACY,SOLE_PROPRIETOR,Chennai,Tamil Nadu,2025-08-03 00:00:00,XXXX2466,ACTIVE,2445.5,False,False,False,False,False,False
MCH3895,Wable-Sarna,7011,HOTEL,PRIVATE_LIMITED,Jaipur,Rajasthan,2024-06-20 00:00:00,,INACTIVE,797.39,True,False,False,False,True,False
MCH3896,"Bansal, Thakkar and Dar",5942,BOOKS_STATIONERY,SOLE_PROPRIETOR,Bengaluru,Karnataka,2023-04-20 00:00:00,XXXX0394,ACTIVE,,False,False,False,True,False,False
MCH3898,Wadhwa-Sahni,5699,APPAREL,PRIVATE_LIMITED,Ludhiana,Punjab,2025-08-05 00:00:00,,ACTIVE,,False,False,False,True,True,False
MCH3899,Goswami-Bath,4131,TRANSPORT,SOLE_PROPRIETOR,Hyderabad,Telangana,2023-01-14 00:00:00,,ACTIVE,-1271.48,False,False,True,False,True,False
MCH3900,Mand-Bedi,5812,RESTAURANT,PRIVATE_LIMITED,Kolkata,West Bengal,2025-02-20 00:00:00,XXXX1674,ACTIVE,1036.74,False,False,False,False,False,False
MCH3903,"KHARE, BALASUBRAMANIAN AND MITAL",5942,BOOKS_STATIONERY,SOLE_PROPRIETOR,Jaipur,Rajasthan,2024-08-25 14:04:47,XXXX1518,ACTIVE,3531.21,False,False,False,False,False,False
MCH3907,"Goswami, Chaudhary and Nanda",4814,TELECOM,INDIVIDUAL,Ludhiana,Punjab,2025-06-13 00:00:00,,ACTIVE,552.22,False,False,False,False,True,False
MCH3908,Kanda LLC,5999,MISC_RETAIL,SOLE_PROPRIETOR,Pune,Maharashtra,2024-07-05 00:00:00,XXXX4246,ACTIVE,-7690.26,False,False,True,False,False,False
MCH3911,"Majumdar, Sane and Raval",5812,RESTAURANT,SOLE_PROPRIETOR,Pune,Maharashtra,2025-09-05 21:26:37,XXXX8520,INACTIVE,2093.32,False,False,False,False,False,False
MCH3913,Tank-Pathak,5311,DEPARTMENT_STORE,INDIVIDUAL,Jalandhar,Punjab,,,ACTIVE,2215.86,False,False,False,False,True,True
MCH3916,"Parmer, Chakrabarti and Sibal",4131,TRANSPORT,INDIVIDUAL,Jaipur,Rajasthan,2025-01-03 00:00:00,XXXX6443,ACTIVE,794.0,False,False,False,False,False,False
MCH3917,CHOWDHURY-PANDIT,5699,APPAREL,PRIVATE_LIMITED,Hyderabad,Telangana,2023-04-02 00:00:00,XXXX2174,ACTIVE,-445.99,True,False,True,False,False,False
MCH3920,SharmaLLC,5942,BOOKS_STATIONERY,PRIVATE_LIMITED,Lucknow,Uttar Pradesh,2024-06-23 21:51:00,XXXX5069,INACTIVE,1885.7,True,False,False,False,False,False
MCH3925,Buch-Zachariah,5999,MISC_RETAIL,PARTNERSHIP,Amritsar,Punjab,2025-03-01 20:26:00,XXXX7969,ACTIVE,-2071.12,False,False,True,False,False,False
MCH3926,Master-Sarin,5999,MISC_RETAIL,INDIVIDUAL,Hyderabad,Telangana,2025-05-08 00:00:00,,ACTIVE,1913.5,False,False,False,False,True,False
MCH3927,Basak-Shukla,4814,TELECOM,PRIVATE_LIMITED,Jalandhar,Punjab,2023-03-18 00:00:00,XXXX5375,INACTIVE,980.64,False,False,False,False,False,False
MCH3930,Kashyap-Rastogi,5699,APPAREL,INDIVIDUAL,Lucknow,Uttar Pradesh,,XXXX4709,ACTIVE,510.04,False,False,False,False,False,True
MCH3935,Majumdar-Aggarwal,5311,DEPARTMENT_STORE,PRIVATE_LIMITED,Delhi,Delhi,2024-07-07 10:50:51,XXXX5543,ACTIVE,3614.23,False,False,False,False,False,False
MCH3936,Bath Inc,5411,GROCERY,INDIVIDUAL,Lucknow,Uttar Pradesh,2023-06-13 00:00:00,,ACTIVE,879.38,False,False,False,False,True,False
MCH3938,Acharya Group,7011,HOTEL,SOLE_PROPRIETOR,Kolkata,West Bengal,2024-10-17 00:00:00,,ACTIVE,2349.37,False,False,False,False,True,False
MCH3940,Chad-Dara,5411,GROCERY,PARTNERSHIP,Chennai,Tamil Nadu,2024-11-09 00:00:00,XXXX0176,ACTIVE,-3610.64,True,False,True,False,False,False
MCH3941,Bassi-Deshmukh,4814,TELECOM,INDIVIDUAL,Amritsar,Punjab,2025-10-25 00:00:00,,ACTIVE,979.98,False,False,False,False,True,False
MCH3945,Mukhopadhyay-Raghavan,4131,TRANSPORT,SOLE_PROPRIETOR,Mumbai,Maharashtra,2023-03-05 00:00:00,XXXX6774,ACTIVE,942.71,False,False,False,False,False,False
MCH3946,Dhar-Buch,5812,RESTAURANT,PARTNERSHIP,Delhi,Delhi,2025-07-02 06:28:57,XXXX9376,ACTIVE,1451.62,False,False,False,False,False,False
MCH3953,"Ray, Minhas and Yohannan",5411,GROCERY,SOLE_PROPRIETOR,Kolkata,West Bengal,2023-03-18 00:00:00,XXXX6303,ACTIVE,8126.93,False,False,False,False,False,False
MCH3955,"Swamy, Dhingra and Sheth",5311,DEPARTMENT_STORE,INDIVIDUAL,Chennai,Tamil Nadu,2024-11-25 00:00:00,,INACTIVE,508.0,False,False,False,False,True,False
MCH3956,Kota Ltd,5311,DEPARTMENT_STORE,PRIVATE_LIMITED,Hyderabad,Telangana,2023-11-14 00:00:00,,ACTIVE,656.81,False,False,False,False,True,False
MCH3959,"Kant, Goel and Pradhan",5999,MISC_RETAIL,INDIVIDUAL,Hyderabad,Telangana,2025-03-19 00:00:00,XXXX9762,ACTIVE,1214.73,False,False,False,False,False,False
MCH3964,"Bala, Chanda and Loyal",5942,BOOKS_STATIONERY,PARTNERSHIP,Jaipur,Rajasthan,2023-09-05 00:00:00,XXXX4388,ACTIVE,2002.33,False,False,False,False,False,False
MCH3966,NATH-DIXIT,5411,GROCERY,PARTNERSHIP,Pune,Maharashtra,2023-08-21 00:00:00,XXXX2614,ACTIVE,1005.47,False,False,False,False,False,False
MCH3968,"Peri, Sane and Mohanty",5812,RESTAURANT,INDIVIDUAL,Mumbai,Maharashtra,2024-06-10 04:21:00,,ACTIVE,1174.15,False,False,False,False,True,False
MCH3970,"Chawla, Sami and Mani",5942,BOOKS_STATIONERY,SOLE_PROPRIETOR,Pune,Maharashtra,2023-04-25 00:00:00,XXXX3871,ACTIVE,2506.67,False,False,False,False,False,False
MCH3971,Sura PLC,7011,HOTEL,INDIVIDUAL,Delhi,Delhi,2024-04-17 13:25:57,,ACTIVE,748.82,False,False,False,False,True,False
MCH3974,"Mishra, Baral and Char",5942,BOOKS_STATIONERY,SOLE_PROPRIETOR,Chennai,Tamil Nadu,2026-02-22 00:00:00,XXXX0042,INACTIVE,2017.65,False,False,False,False,False,False
MCH3980,Chadha-Raval,5699,APPAREL,PARTNERSHIP,Bengaluru,Karnataka,2023-04-14 00:00:00,XXXX9643,ACTIVE,1323.06,False,False,False,False,False,False
MCH3983,"Magar, Tara and Gera",5912,PHARMACY,SOLE_PROPRIETOR,Amritsar,Punjab,2024-12-15 02:44:24,XXXX1963,ACTIVE,511.0,False,False,False,False,False,False
MCH3984,"wadhwa, sunder and bobal",7011,HOTEL,PRIVATE_LIMITED,Chennai,Tamil Nadu,2023-08-10 16:06:00,XXXX6545,ACTIVE,1305.55,False,False,False,False,False,False
MCH3987,"Dubey, Aggarwa1 and Mangat",5942,BOOKS_STATIONERY,INDIVIDUAL,Hyderabad,Telangana,2024-04-20 00:00:00,XXXX3575,ACTIVE,474.5,False,False,False,False,False,False
MCH3988,Barad-Bawa,7011,HOTEL,INDIVIDUAL,Amritsar,Punjab,2023-11-20 00:00:00,XXXX1285,ACTIVE,602.31,False,False,False,False,False,False
MCH3989,Madan LLC,5411,GROCERY,PARTNERSHIP,Jaipur,Rajasthan,2023-09-18 07:54:00,XXXX2686,ACTIVE,238.33,False,False,False,False,False,False
MCH3990,Dey-Chaudhari,5912,PHARMACY,INDIVIDUAL,Chennai,Tamil Nadu,2025-03-14 00:00:00,XXXX4167,ACTIVE,-1780.37,False,False,True,False,False,False
MCH3993,VAIDYA LTD,5999,MISC_RETAIL,PARTNERSHIP,Chennai,Tamil Nadu,2023-12-23 03:28:00,XXXX4125,ACTIVE,372.73,False,False,False,False,False,False
MCH3997,Bhatia Inc,4814,TELECOM,PARTNERSHIP,Kolkata,West Bengal,2025-01-19 14:57:11,XXXX8184,INACTIVE,-702.23,False,False,True,False,False,False
MCH3998,"krish, tak and peri",4814,TELECOM,PARTNERSHIP,Ludhiana,Punjab,2023-08-16 00:00:00,,ACTIVE,1019.25,False,False,False,False,True,False
MCH4000,"Dewan, Sunder and Bhakta",5411,GROCERY,PRIVATE_LIMITED,Kolkata,West Bengal,2023-06-25 20:40:27,XXXX5943,ACTIVE,-3205.97,False,False,True,False,False,False
MCH4002,"Bora, Kant and Chauhan",5411,GROCERY,INDIVIDUAL,Bengaluru,Karnataka,2023-06-16 12:46:40,XXXX7147,ACTIVE,,False,False,False,True,False,False
MCH4006,Thakur-Narayan,5411,GROCERY,PRIVATE_LIMITED,Amritsar,Punjab,2024-06-23 00:00:00,XXXX3278,INACTIVE,282.17,False,False,False,False,False,False
MCH4008,"deep, rajagopal and tandon",4814,TELECOM,PRIVATE_LIMITED,Hyderabad,Telangana,2024-06-02 00:03:04,,ACTIVE,1196.0,True,False,False,False,True,False
MCH4009,Batra Inc,5912,PHARMACY,INDIVIDUAL,Bengaluru,Karnataka,2023-02-01 00:00:00,XXXX5230,INACTIVE,1109.0,False,False,False,False,False,False
MCH4010,"Barad, Mukherjee and Joshi",5411,GROCERY,SOLE_PROPRIETOR,Amritsar,Punjab,2024-01-28 00:00:00,,ACTIVE,992.35,False,False,False,False,True,False
MCH4021,"BALAKRISHNAN, MISTRY AND VIG",5912,PHARMACY,INDIVIDUAL,Hyderabad,Telangana,2025-04-12 00:00:00,XXXX7264,ACTIVE,1395.91,False,False,False,False,False,False
MCH4022,Varughese-Taneja,5699,APPAREL,INDIVIDUAL,Bengaluru,Karnataka,2025-12-12 06:48:08,XXXX7119,INACTIVE,724.48,False,False,False,False,False,False
MCH4023,"Dhaliwal, Dugar and Vasa",5942,BOOKS_STATIONERY,PARTNERSHIP,Chennai,Tamil Nadu,2023-01-02 00:00:00,XXXX6404,ACTIVE,-2123.31,False,False,True,False,False,False
MCH4024,Choudhury Ltd,5999,MISC_RETAIL,INDIVIDUAL,Ludhiana,Punjab,2025-03-28 00:00:00,XXXX5782,ACTIVE,-2449.8,False,False,True,False,False,False
MCH4025,Hegde-Sule,5311,DEPARTMENT_STORE,INDIVIDUAL,Hyderabad,Telangana,,XXXX6804,INACTIVE,1108.29,False,False,False,False,False,True
MCH4026,NAGY LTD,5812,RESTAURANT,PRIVATE_LIMITED,Kolkata,West Bengal,,,ACTIVE,1027.0,False,False,False,False,True,True
MCH4027,"Hegde, Ratti and Gera",5411,GROCERY,PRIVATE_LIMITED,Hyderabad,Telangana,2025-02-08 00:00:00,,ACTIVE,-659.89,False,False,True,False,True,False
MCH4028,TANEJA-BHATTACHARYYA,4131,TRANSPORT,PARTNERSHIP,Lucknow,Uttar Pradesh,2023-07-14 00:00:00,,ACTIVE,2673.0,False,False,False,False,True,False
MCH4029,Kuruvilla and Sons,5411,GROCERY,PRIVATE_LIMITED,Pune,Maharashtra,,XXXX9908,ACTIVE,55.43,False,False,False,False,False,True
MCH4030,Nayar PLC,5942,BOOKS_STATIONERY,PRIVATE_LIMITED,Amritsar,Punjab,2023-08-02 19:27:00,,ACTIVE,1079.32,True,False,False,False,True,False
MCH4031,"Mitra, Bali and Rai",5942,BOOKS_STATIONERY,PRIVATE_LIMITED,Lucknow,Uttar Pradesh,2026-01-12 00:00:00,,ACTIVE,9089.26,False,False,False,False,True,False
MCH4033,Kota PLC,5699,APPAREL,INDIVIDUAL,Ludhiana,Punjab,2025-02-23 00:33:29,XXXX9399,ACTIVE,-1305.4,False,False,True,False,False,False
MCH4034,Tiwari-Lad,5999,MISC_RETAIL,INDIVIDUAL,Ludhiana,Punjab,2023-12-13 00:00:00,XXXX6100,INACTIVE,2041.77,False,False,False,False,False,False
MCH4037,chaudhuri llc,5311,DEPARTMENT_STORE,INDIVIDUAL,Hyderabad,Telangana,2024-11-23 00:00:00,XXXX7191,ACTIVE,-2168.76,False,False,True,False,False,False
MCH4040,"Bahri, Solanki and Magar",5311,DEPARTMENT_STORE,PRIVATE_LIMITED,Chennai,Tamil Nadu,2025-01-28 03:48:23,XXXX4675,ACTIVE,1173.0,False,False,False,False,False,False
MCH4041,Salvi-Mishra,5812,RESTAURANT,SOLE_PROPRIETOR,Amritsar,Punjab,,XXXX3815,INACTIVE,1291.58,False,False,False,False,False,True
MCH4042,ROUT-MAHARAJ,5999,MISC_RETAIL,PARTNERSHIP,Amritsar,Punjab,2024-12-01 06:50:00,XXXX9245,ACTIVE,696.23,False,False,False,False,False,False
MCH4043,choudhry and sons,5912,PHARMACY,PRIVATE_LIMITED,Bengaluru,Karnataka,2024-02-05 18:00:28,XXXX3422,ACTIVE,367.6,False,False,False,False,False,False
MCH4047,KAUL-BARAD,5311,DEPARTMENT_STORE,SOLE_PROPRIETOR,Mumbai,Maharashtra,2025-05-13 00:00:00,XXXX0729,ACTIVE,986.5,False,False,False,False,False,False
MCH4048,"Lall, Kara and Uppal",5812,RESTAURANT,PARTNERSHIP,Jalandhar,Punjab,2024-06-14 00:00:00,,INACTIVE,1748.0,False,False,False,False,True,False
MCH4050,"Sur, N0ri and G011a",5699,APPAREL,SOLE_PROPRIETOR,Mumbai,Maharashtra,2024-04-07 00:00:00,XXXX6069,ACTIVE,577.94,False,False,False,False,False,False
MCH4051,Desai-Tank,5812,RESTAURANT,PARTNERSHIP,Lucknow,Uttar Pradesh,2025-02-21 00:00:00,XXXX7388,ACTIVE,389.0,False,False,False,False,False,False
MCH4052,Bal-Choudhary,5812,RESTAURANT,PARTNERSHIP,Jalandhar,Punjab,,XXXX5480,ACTIVE,2217.99,False,False,False,False,False,True
MCH4055,rai plc,5812,RESTAURANT,PRIVATE_LIMITED,Ludhiana,Punjab,2023-08-12 00:00:00,XXXX0097,ACTIVE,283.42,False,False,False,False,False,False
MCH4061,Mody-Vig,5999,MISC_RETAIL,INDIVIDUAL,Amritsar,Punjab,2024-07-28 06:12:20,,ACTIVE,2007.74,False,False,False,False,True,False
MCH4062,Rana Group,5999,MISC_RETAIL,INDIVIDUAL,Mumbai,Maharashtra,2023-09-20 00:00:00,XXXX3317,INACTIVE,1544.23,False,False,False,False,False,False
MCH4064,"Sidhu, Kunda and Hayre",7011,HOTEL,INDIVIDUAL,Pune,Maharashtra,2025-02-05 00:00:00,XXXX9354,ACTIVE,1462.39,False,False,False,False,False,False
MCH4066,Nazareth Group,5942,BOOKS_STATIONERY,SOLE_PROPRIETOR,Kolkata,West Bengal,2023-01-28 16:03:19,XXXX8711,ACTIVE,-507.68,True,False,True,False,False,False
MCH4068,Balakrishnan Inc,4814,TELECOM,INDIVIDUAL,Jalandhar,Punjab,2024-11-23 00:00:00,,ACTIVE,1322.89,False,False,False,False,True,False
MCH4072,Singhal-Natarajan,5812,RESTAURANT,SOLE_PROPRIETOR,Chennai,Tamil Nadu,,XXXX4620,ACTIVE,2593.54,False,False,False,False,False,True
MCH4073,Gopal PLC,5812,RESTAURANT,INDIVIDUAL,Jaipur,Rajasthan,2024-12-27 20:52:16,XXXX0031,ACTIVE,,False,False,False,True,False,False
MCH4075,Sankar-Mandal,5812,RESTAURANT,PARTNERSHIP,Ludhiana,Punjab,,XXXX6718,ACTIVE,1056.32,False,False,False,False,False,True
MCH4077,verma-dugar,5812,RESTAURANT,PRIVATE_LIMITED,Kolkata,West Bengal,2023-07-31 00:00:00,XXXX8015,ACTIVE,1359.17,False,False,False,False,False,False
MCH4080,Shenoy-Kashyap,4814,TELECOM,PRIVATE_LIMITED,Jaipur,Rajasthan,2025-10-04 03:56:06,XXXX5436,ACTIVE,2043.03,False,False,False,False,False,False
MCH4081,Srinivasan-Bahri,4814,TELECOM,SOLE_PROPRIETOR,Delhi,Delhi,2025-06-07 00:00:00,,ACTIVE,2928.84,False,False,False,False,True,False
MCH4082,Khurana Inc,5999,MISC_RETAIL,PRIVATE_LIMITED,Delhi,Delhi,2023-06-02 00:00:00,XXXX3660,INACTIVE,288.7,False,False,False,False,False,False
MCH4083,"Loyal, Dara and Sharaf",4814,TELECOM,INDIVIDUAL,Chennai,Tamil Nadu,2024-02-15 01:01:36,,ACTIVE,1752.1,False,False,False,False,True,False
MCH4084,Mitra PLC,5311,DEPARTMENT_STORE,INDIVIDUAL,Jalandhar,Punjab,2023-12-15 00:00:00,XXXX5719,ACTIVE,973.94,False,False,False,False,False,False
MCH4086,"Kannan, Varghese and Lalla",5311,DEPARTMENT_STORE,PRIVATE_LIMITED,Mumbai,Maharashtra,2024-12-08 00:00:00,XXXX0742,ACTIVE,1459.96,False,False,False,False,False,False
MCH4087,"basak, lal and tailor",4814,TELECOM,PRIVATE_LIMITED,Pune,Maharashtra,2025-10-03 00:37:00,,ACTIVE,298.11,False,False,False,False,True,False
MCH4089,Mistry and Sons,5411,GROCERY,SOLE_PROPRIETOR,Mumbai,Maharashtra,2024-07-20 00:00:00,XXXX7080,ACTIVE,1563.22,False,False,False,False,False,False
MCH4090,Dada LLC,5999,MISC_RETAIL,INDIVIDUAL,Chennai,Tamil Nadu,2025-02-27 00:00:00,XXXX0101,ACTIVE,1538.0,False,False,False,False,False,False
MCH4092,Mukhopadhyay Group,5812,RESTAURANT,PRIVATE_LIMITED,Hyderabad,Telangana,2025-12-24 00:00:00,XXXX3479,ACTIVE,504.84,False,False,False,False,False,False
MCH4093,Krishnamurthy PLC,7011,HOTEL,PRIVATE_LIMITED,Lucknow,Uttar Pradesh,2024-03-15 00:00:00,XXXX5675,INACTIVE,1291.9,False,False,False,False,False,False
MCH4094,Thakur-Shah,5311,DEPARTMENT_STORE,INDIVIDUAL,Chennai,Tamil Nadu,2024-12-25 00:00:00,XXXX9146,ACTIVE,1848.8,False,False,False,False,False,False
MCH4096,"Bhat, Kapoor and Borah",5999,MISC_RETAIL,PRIVATE_LIMITED,Hyderabad,Telangana,2024-11-27 00:00:00,XXXX4059,ACTIVE,2092.25,False,False,False,False,False,False
MCH4097,"Kala, Khatri and D’Alia",5411,GROCERY,PRIVATE_LIMITED,Ludhiana,Punjab,2024-05-17 00:00:00,XXXX0289,INACTIVE,1958.39,False,False,False,False,False,False
MCH4099,"Dewan, Rastogi and Jayaraman",5311,DEPARTMENT_STORE,INDIVIDUAL,Ludhiana,Punjab,2025-08-06 12:15:48,,ACTIVE,1926.0,True,False,False,False,True,False
MCH4100,RAJA-VASA,7011,HOTEL,SOLE_PROPRIETOR,Jalandhar,Punjab,2025-06-28 00:00:00,XXXX4171,ACTIVE,479.15,False,False,False,False,False,False
MCH4101,"Sani, Ben and Subramaniam",5311,DEPARTMENT_STORE,PRIVATE_LIMITED,Pune,Maharashtra,2025-10-20 20:35:21,XXXX9217,ACTIVE,1377.51,False,False,False,False,False,False
MCH4102,Dass LLC,5912,PHARMACY,PARTNERSHIP,Kolkata,West Bengal,2026-02-19 00:00:00,XXXX9287,ACTIVE,375.32,False,False,False,False,False,False
MCH4104,Sawhney-Suri,4814,TELECOM,INDIVIDUAL,Hyderabad,Telangana,2023-12-15 00:00:00,XXXX4591,INACTIVE,295.0,False,False,False,False,False,False
MCH4106,Dey and Sons,5411,GROCERY,PRIVATE_LIMITED,Hyderabad,Telangana,2026-01-31 00:00:00,XXXX0072,ACTIVE,4216.77,False,False,False,False,False,False
MCH4107,Pandey-Sastry,5699,APPAREL,SOLE_PROPRIETOR,Jalandhar,Punjab,2025-09-30 00:00:00,,INACTIVE,319.0,False,False,False,False,True,False
MCH4109,"Lal, Handa and Mammen",5942,BOOKS_STATIONERY,INDIVIDUAL,Kolkata,West Bengal,2024-07-01 21:55:00,,ACTIVE,1181.07,False,False,False,False,True,False
MCH4110,Suresh-Bassi,5942,BOOKS_STATIONERY,INDIVIDUAL,Mumbai,Maharashtra,2024-09-18 08:58:00,,INACTIVE,1527.43,False,False,False,False,True,False
MCH4111,Brahmbhatt LLC,5999,MISC_RETAIL,PARTNERSHIP,Lucknow,Uttar Pradesh,,,INACTIVE,682.69,False,False,False,False,True,True
MCH4112,Sodhi-Desai,5311,DEPARTMENT_STORE,SOLE_PROPRIETOR,Hyderabad,Telangana,2023-06-06 00:00:00,,INACTIVE,3193.0,True,False,False,False,True,False
MCH4113,"Anand,ChoudharyandContractor",5912,PHARMACY,INDIVIDUAL,Chennai,Tamil Nadu,2023-09-07 00:00:00,XXXX2771,ACTIVE,-418.15,False,False,True,False,False,False
MCH4114,"Pandya, Jayaraman and Ray",4814,TELECOM,SOLE_PROPRIETOR,Hyderabad,Telangana,2025-01-15 00:00:00,XXXX0894,INACTIVE,436.15,False,False,False,False,False,False
MCH4115,"Bandi, Rau and Hayre",4131,TRANSPORT,SOLE_PROPRIETOR,Jaipur,Rajasthan,2025-05-03 00:00:00,XXXX8558,INACTIVE,748.37,False,False,False,False,False,False
MCH4118,Upadhyay LLC,4131,TRANSPORT,PRIVATE_LIMITED,Kolkata,West Bengal,2024-03-16 00:00:00,,ACTIVE,,False,False,False,True,True,False
MCH4122,"Lata, Magar and Savant",5999,MISC_RETAIL,PARTNERSHIP,Bengaluru,Karnataka,2025-12-03 23:29:42,XXXX2898,ACTIVE,3699.77,False,False,False,False,False,False
MCH4123,"Parekh, Patla and Kar",5942,BOOKS_STATIONERY,PARTNERSHIP,Jalandhar,Punjab,2024-11-09 00:00:00,XXXX0642,ACTIVE,2764.76,False,False,False,False,False,False
MCH4124,"Dara, Salvi and Sawhney",5411,GROCERY,SOLE_PROPRIETOR,Bengaluru,Karnataka,2025-10-12 00:00:00,XXXX0167,ACTIVE,2121.35,False,False,False,False,False,False
MCH4126,"WALI, MAHAL AND PRABHU",4131,TRANSPORT,INDIVIDUAL,Hyderabad,Telangana,2023-12-09 15:51:00,XXXX7234,ACTIVE,1593.0,False,False,False,False,False,False
MCH4127,Subramaniam-Jhaveri,4131,TRANSPORT,SOLE_PROPRIETOR,Jaipur,Rajasthan,2024-05-22 00:00:00,XXXX1628,INACTIVE,5333.88,False,False,False,False,False,False
MCH4129,"Lad, Raja and Sachdev",7011,HOTEL,PARTNERSHIP,Mumbai,Maharashtra,2023-11-09 00:00:00,XXXX7946,ACTIVE,954.07,False,False,False,False,False,False
MCH4131,"Goyal, Krishnamurthy and Dewan",4131,TRANSPORT,INDIVIDUAL,Jaipur,Rajasthan,2023-10-24 14:15:00,XXXX7745,INACTIVE,319.32,False,False,False,False,False,False
MCH4133,Buch-Hayre,5912,PHARMACY,PARTNERSHIP,Kolkata,West Bengal,2024-02-16 00:00:00,,INACTIVE,-1903.02,False,False,True,False,True,False
MCH4135,sunder ltd,5411,GROCERY,PARTNERSHIP,Ludhiana,Punjab,2025-01-28 00:00:00,,ACTIVE,6745.05,False,False,False,False,True,False
MCH4136,SEHGAL PLC,5699,APPAREL,PARTNERSHIP,Mumbai,Maharashtra,2024-07-30 00:00:00,,ACTIVE,2564.97,False,False,False,False,True,False
MCH4141,Sarkar and Sons,4814,TELECOM,PARTNERSHIP,Bengaluru,Karnataka,2023-06-10 00:00:00,,ACTIVE,1485.34,False,False,False,False,True,False
MCH4145,"Dalal, Dass and Vaidya",5942,BOOKS_STATIONERY,SOLE_PROPRIETOR,Pune,Maharashtra,2025-09-16 00:00:00,XXXX6938,INACTIVE,-1294.48,False,False,True,False,False,False
MCH4148,"Muni, Chaudhari and De",5999,MISC_RETAIL,PRIVATE_LIMITED,Kolkata,West Bengal,2024-12-20 00:00:00,XXXX7120,INACTIVE,2139.38,False,False,False,False,False,False
MCH4153,Shroff Ltd,5999,MISC_RETAIL,SOLE_PROPRIETOR,Kolkata,West Bengal,2025-11-07 00:00:00,,ACTIVE,3578.7,False,False,False,False,True,False
MCH4157,Minhas-Saran,4814,TELECOM,PARTNERSHIP,Mumbai,Maharashtra,2025-11-02 00:00:00,,ACTIVE,-2413.97,False,False,True,False,True,False
MCH4158,SASTRY INC,5942,BOOKS_STATIONERY,PARTNERSHIP,Delhi,Delhi,2024-08-15 00:00:00,XXXX0572,INACTIVE,480.93,True,False,False,False,False,False
MCH4163,Rajag0pa1an-Hans,5812,RESTAURANT,SOLE_PROPRIETOR,Pune,Maharashtra,2023-06-29 15:13:09,XXXX8024,ACTIVE,,False,False,False,True,False,False
MCH4164,Iyengar LLC,5999,MISC_RETAIL,SOLE_PROPRIETOR,Jaipur,Rajasthan,,XXXX7207,ACTIVE,440.0,False,False,False,False,False,True
MCH4165,"Dhar,PallaandKorpal",4814,TELECOM,PRIVATE_LIMITED,Pune,Maharashtra,2024-05-29 00:00:00,XXXX0872,INACTIVE,,False,False,False,True,False,False
MCH4167,"Thakur, Purohit and Gade",5311,DEPARTMENT_STORE,INDIVIDUAL,Lucknow,Uttar Pradesh,2024-06-08 00:00:00,XXXX3875,ACTIVE,642.28,False,False,False,False,False,False
MCH4168,"Chad, Dyal and Golla",5999,MISC_RETAIL,PARTNERSHIP,Pune,Maharashtra,2023-06-10 10:22:54,XXXX8341,ACTIVE,1194.41,False,False,False,False,False,False
MCH4169,"Vaidya, Vasa and Palan",4814,TELECOM,INDIVIDUAL,Hyderabad,Telangana,2024-11-15 00:00:00,,ACTIVE,1965.48,False,False,False,False,True,False
MCH4170,Bassi Group,5999,MISC_RETAIL,SOLE_PROPRIETOR,Ludhiana,Punjab,2024-10-13 06:13:37,XXXX5746,ACTIVE,591.58,False,False,False,False,False,False
MCH4172,"khosla, tak and mahajan",5912,PHARMACY,PARTNERSHIP,Kolkata,West Bengal,2024-03-23 00:00:00,,ACTIVE,1964.28,False,False,False,False,True,False
MCH4176,Sani-Bhalla,7011,HOTEL,INDIVIDUAL,Delhi,Delhi,2024-07-22 00:00:00,XXXX6805,ACTIVE,1216.13,True,False,False,False,False,False
MCH4179,"Choudhry, Bera and Pandit",5699,APPAREL,PARTNERSHIP,Kolkata,West Bengal,2025-08-14 04:33:40,XXXX6782,ACTIVE,1930.08,False,False,False,False,False,False
MCH4180,"Iyer, Saha and Kumar",7011,HOTEL,PARTNERSHIP,Lucknow,Uttar Pradesh,2025-04-16 00:00:00,XXXX0001,ACTIVE,3864.5,False,False,False,False,False,False
MCH4182,"More, Sarma and Baria",4814,TELECOM,INDIVIDUAL,Mumbai,Maharashtra,2026-01-01 00:00:00,XXXX3295,ACTIVE,4102.61,False,False,False,False,False,False
MCH4184,Dua-Agate,7011,HOTEL,PARTNERSHIP,Kolkata,West Bengal,2023-03-24 00:00:00,XXXX3198,INACTIVE,1198.31,True,False,False,False,False,False
MCH4185,Nath-Chaudhuri,4814,TELECOM,PRIVATE_LIMITED,Jaipur,Rajasthan,2024-08-14 00:00:00,XXXX0396,ACTIVE,587.44,False,False,False,False,False,False
MCH4187,"Tella, Hayre and Patla",5812,RESTAURANT,SOLE_PROPRIETOR,Jaipur,Rajasthan,2023-09-08 00:00:00,,INACTIVE,2332.84,False,False,False,False,True,False
MCH4191,"Mangal, Seshadri and Kakar",5699,APPAREL,PRIVATE_LIMITED,Pune,Maharashtra,2024-01-26 00:00:00,,ACTIVE,1192.21,False,False,False,False,True,False
MCH4194,Srinivasan-Lala,4131,TRANSPORT,INDIVIDUAL,Ludhiana,Punjab,2025-08-15 00:00:00,,ACTIVE,2059.54,False,False,False,False,True,False
MCH4197,Chaudry Group,5912,PHARMACY,PRIVATE_LIMITED,Pune,Maharashtra,,XXXX8099,ACTIVE,4814.44,False,False,False,False,False,True
MCH4200,"Sood, Kurian and Raghavan",5699,APPAREL,INDIVIDUAL,Jaipur,Rajasthan,2024-08-18 00:00:00,XXXX7450,ACTIVE,2010.35,False,False,False,False,False,False
MCH4205,Behl-Narula,5311,DEPARTMENT_STORE,SOLE_PROPRIETOR,Kolkata,West Bengal,2023-11-27 20:51:25,,ACTIVE,4442.0,False,False,False,False,True,False
MCH4208,devi-mangal,5942,BOOKS_STATIONERY,SOLE_PROPRIETOR,Ludhiana,Punjab,2025-08-27 16:16:44,,ACTIVE,1564.41,False,False,False,False,True,False
MCH4209,GARG-GOEL,5812,RESTAURANT,PARTNERSHIP,Amritsar,Punjab,2025-08-02 09:42:09,XXXX8716,ACTIVE,1244.58,False,False,False,False,False,False
MCH4211,Amb1e-Saha,5411,GROCERY,SOLE_PROPRIETOR,Delhi,Delhi,2023-06-27 00:00:00,,ACTIVE,525.0,True,False,False,False,True,False
MCH4212,Raman-Kohli,5411,GROCERY,PARTNERSHIP,Ludhiana,Punjab,2024-10-27 10:39:27,XXXX4405,ACTIVE,3361.0,False,False,False,False,False,False
MCH4214,"Mitra, Oak and Keer",5699,APPAREL,INDIVIDUAL,Bengaluru,Karnataka,2024-02-12 00:00:00,,ACTIVE,1159.46,False,False,False,False,True,False
MCH4216,Ratta and Sons,5942,BOOKS_STATIONERY,PARTNERSHIP,Jalandhar,Punjab,2023-10-07 00:00:00,XXXX5580,ACTIVE,1337.5,False,False,False,False,False,False
MCH4218,Srivastava Ltd,5942,BOOKS_STATIONERY,SOLE_PROPRIETOR,Mumbai,Maharashtra,2023-11-20 00:00:00,XXXX1300,ACTIVE,1744.69,False,False,False,False,False,False
MCH4220,GOPAL-DARA,5699,APPAREL,INDIVIDUAL,Bengaluru,Karnataka,2025-10-02 13:08:23,,ACTIVE,532.47,False,False,False,False,True,False
MCH4221,"Rastogi, Goda and Naidu",5999,MISC_RETAIL,INDIVIDUAL,Jalandhar,Punjab,,,ACTIVE,745.75,False,False,False,False,True,True
MCH4223,"Bajwa, Khurana and Sinha",5311,DEPARTMENT_STORE,SOLE_PROPRIETOR,Bengaluru,Karnataka,2025-03-15 00:00:00,,ACTIVE,585.1,True,False,False,False,True,False
MCH4225,Karnik LLC,5699,APPAREL,INDIVIDUAL,Ludhiana,Punjab,2025-02-05 13:25:31,XXXX3917,ACTIVE,537.99,False,False,False,False,False,False
MCH4227,Panchal PLC,5999,MISC_RETAIL,SOLE_PROPRIETOR,Kolkata,West Bengal,2025-01-09 00:00:00,,ACTIVE,1533.36,False,False,False,False,True,False
MCH4228,"SINGHAL, BHASIN AND KAUL",5699,APPAREL,PRIVATE_LIMITED,Amritsar,Punjab,2025-05-23 00:00:00,XXXX0647,ACTIVE,896.57,False,False,False,False,False,False
MCH4230,Jha Group,5912,PHARMACY,PRIVATE_LIMITED,Jaipur,Rajasthan,,XXXX6774,ACTIVE,911.06,False,False,False,False,False,True
MCH4232,sehgal-rama,5411,GROCERY,PARTNERSHIP,Kolkata,West Bengal,2023-03-31 00:00:00,XXXX1805,ACTIVE,4112.72,False,False,False,False,False,False
MCH4233,Padmanabhan and Sons,5999,MISC_RETAIL,SOLE_PROPRIETOR,Ludhiana,Punjab,2025-02-04 00:00:00,XXXX5588,ACTIVE,1697.48,False,False,False,False,False,False
MCH4235,NAGAR-SHARMA,5311,DEPARTMENT_STORE,SOLE_PROPRIETOR,Kolkata,West Bengal,2024-10-02 00:00:00,,ACTIVE,1671.65,False,False,False,False,True,False
MCH4236,"Sinha, Shukla and Lad",5699,APPAREL,SOLE_PROPRIETOR,Delhi,Delhi,2025-07-08 12:08:37,XXXX9139,ACTIVE,844.0,False,False,False,False,False,False
MCH4237,"Deshmukh, Ghose and Chhabra",5812,RESTAURANT,SOLE_PROPRIETOR,Pune,Maharashtra,2024-02-12 12:00:50,,INACTIVE,5905.65,True,False,False,False,True,False
MCH4243,"Ramesh, Venkatesh and Ravel",5311,DEPARTMENT_STORE,SOLE_PROPRIETOR,Amritsar,Punjab,2025-06-24 00:00:00,,ACTIVE,133.28,False,False,False,False,True,False
MCH4244,"DOCTOR, PILLAY AND NORI",5311,DEPARTMENT_STORE,INDIVIDUAL,Ludhiana,Punjab,2026-02-22 00:00:00,XXXX9991,ACTIVE,2111.57,False,False,False,False,False,False
MCH4245,Dua Group,4131,TRANSPORT,PARTNERSHIP,Ludhiana,Punjab,2024-07-25 18:42:24,XXXX0036,ACTIVE,323.1,False,False,False,False,False,False
MCH4246,Rama-Dasgupta,5311,DEPARTMENT_STORE,INDIVIDUAL,Amritsar,Punjab,2025-01-05 00:00:00,,ACTIVE,2336.28,False,False,False,False,True,False
MCH4248,"Bahl, Prashad and Reddy",5311,DEPARTMENT_STORE,SOLE_PROPRIETOR,Lucknow,Uttar Pradesh,2025-06-30 00:00:00,,ACTIVE,4921.5,False,False,False,False,True,False
MCH4249,"NARASIMHAN, NATT AND CHADA",7011,HOTEL,SOLE_PROPRIETOR,Pune,Maharashtra,2023-12-28 07:11:47,XXXX5769,ACTIVE,1048.88,False,False,False,False,False,False
MCH4250,"SUBRAMANIAM, DATTA AND PATEL",5411,GROCERY,PARTNERSHIP,Kolkata,West Bengal,2023-06-07 00:00:00,,ACTIVE,1320.67,False,False,False,False,True,False
MCH4253,MANDER-SAGAR,5999,MISC_RETAIL,INDIVIDUAL,Ludhiana,Punjab,2024-12-12 00:00:00,,ACTIVE,348.43,True,False,False,False,True,False
MCH4260,"Kalla, Banerjee and Choudhary",4814,TELECOM,PARTNERSHIP,Ludhiana,Punjab,,,ACTIVE,389.14,False,False,False,False,True,True
MCH4261,Swaminathan Ltd,7011,HOTEL,PRIVATE_LIMITED,Lucknow,Uttar Pradesh,2025-06-08 20:07:40,XXXX1395,ACTIVE,965.51,True,False,False,False,False,False
MCH4263,Kari and Sons,4814,TELECOM,PRIVATE_LIMITED,Kolkata,West Bengal,2023-11-27 00:00:00,,ACTIVE,-616.52,False,False,True,False,True,False
MCH4273,Bava Group,5999,MISC_RETAIL,PRIVATE_LIMITED,Ludhiana,Punjab,2024-12-28 15:12:00,XXXX2644,INACTIVE,2773.64,False,False,False,False,False,False
MCH4274,Walia Group,4131,TRANSPORT,PRIVATE_LIMITED,Mumbai,Maharashtra,2025-10-29 00:00:00,XXXX0693,ACTIVE,1705.04,False,False,False,False,False,False
MCH4275,"Boase, Chanda and Bajaj",5311,DEPARTMENT_STORE,INDIVIDUAL,Delhi,Delhi,2025-06-29 18:15:12,XXXX6193,ACTIVE,684.1,False,False,False,False,False,False
MCH4277,Khalsa Inc,5311,DEPARTMENT_STORE,INDIVIDUAL,Amritsar,Punjab,2023-01-31 21:37:31,XXXX9372,ACTIVE,1332.99,False,False,False,False,False,False
MCH4278,Thakkar-Gupta,5311,DEPARTMENT_STORE,PRIVATE_LIMITED,Amritsar,Punjab,2025-05-31 00:00:00,,INACTIVE,703.48,False,False,False,False,True,False
MCH4282,PINGLE LTD,5311,DEPARTMENT_STORE,SOLE_PROPRIETOR,Amritsar,Punjab,2023-05-26 08:14:58,,ACTIVE,816.0,False,False,False,False,True,False
MCH4283,Joshi-Srinivas,5411,GROCERY,PARTNERSHIP,Amritsar,Punjab,2023-09-01 00:00:00,,ACTIVE,1135.0,False,False,False,False,True,False
MCH4284,Chawla LLC,4131,TRANSPORT,SOLE_PROPRIETOR,Ludhiana,Punjab,2026-02-13 00:00:00,XXXX7941,ACTIVE,385.0,False,False,False,False,False,False
MCH4285,Bhatnagar-Atwal,5942,BOOKS_STATIONERY,PARTNERSHIP,Jalandhar,Punjab,,,INACTIVE,988.9,False,False,False,False,True,True
MCH4287,"Kuruvilla, Chanda and Sood",4131,TRANSPORT,INDIVIDUAL,Jalandhar,Punjab,2025-04-01 00:00:00,,ACTIVE,1244.04,False,False,False,False,True,False
MCH4288,KASHYAP-PUROHIT,5699,APPAREL,PRIVATE_LIMITED,Jaipur,Rajasthan,2025-10-08 00:00:00,,ACTIVE,262.02,False,False,False,False,True,False
MCH4289,singhal-dasgupta,5699,APPAREL,PARTNERSHIP,Bengaluru,Karnataka,2025-02-17 00:00:00,XXXX5689,ACTIVE,-809.48,True,False,True,False,False,False
MCH4290,Venkataraman-Wadhwa,5999,MISC_RETAIL,INDIVIDUAL,Lucknow,Uttar Pradesh,2023-04-16 00:00:00,XXXX0913,ACTIVE,1056.0,False,False,False,False,False,False
MCH4296,Varty-Varma,5999,MISC_RETAIL,PRIVATE_LIMITED,Amritsar,Punjab,2026-02-24 00:00:00,,ACTIVE,,False,False,False,True,True,False
MCH4298,Jain Group,4814,TELECOM,PRIVATE_LIMITED,Delhi,Delhi,2024-06-01 00:00:00,XXXX0723,INACTIVE,316.99,False,False,False,False,False,False
MCH4299,Master PLC,5699,APPAREL,PRIVATE_LIMITED,Delhi,Delhi,2023-05-31 00:00:00,XXXX0419,ACTIVE,3539.65,False,False,False,False,False,False
MCH4301,Thakur Inc,5942,BOOKS_STATIONERY,PARTNERSHIP,Delhi,Delhi,2023-04-29 06:39:16,,ACTIVE,4449.0,False,False,False,False,True,False
MCH4303,"Dhingra, Khurana and Zachariah",4814,TELECOM,PARTNERSHIP,Mumbai,Maharashtra,2023-08-25 03:02:00,,ACTIVE,2476.0,False,False,False,False,True,False
MCH4305,Padmanabhan-Thaker,4131,TRANSPORT,INDIVIDUAL,Ludhiana,Punjab,2024-10-17 00:00:00,,ACTIVE,572.69,False,False,False,False,True,False
MCH4306,"Narula, Hegde and Minhas",5411,GROCERY,PRIVATE_LIMITED,Bengaluru,Karnataka,2025-08-03 01:58:17,,ACTIVE,-2023.94,False,False,True,False,True,False
MCH4308,Natt Group,5912,PHARMACY,PARTNERSHIP,Delhi,Delhi,2023-01-16 00:00:00,XXXX9558,ACTIVE,2114.37,False,False,False,False,False,False
MCH4312,Dada-Hari,5699,APPAREL,SOLE_PROPRIETOR,Ludhiana,Punjab,2024-02-17 00:00:00,XXXX5151,ACTIVE,2174.33,False,False,False,False,False,False
MCH4314,Deshmukh Ltd,5699,APPAREL,PRIVATE_LIMITED,Jalandhar,Punjab,,XXXX9858,INACTIVE,986.05,False,False,False,False,False,True
MCH4318,Nagar and Sons,4131,TRANSPORT,SOLE_PROPRIETOR,Lucknow,Uttar Pradesh,2023-12-20 15:21:00,XXXX5093,ACTIVE,1159.12,False,False,False,False,False,False
MCH4319,"Setty, Sarkar and Mahajan",5311,DEPARTMENT_STORE,PRIVATE_LIMITED,Mumbai,Maharashtra,2025-02-01 00:00:00,XXXX4403,ACTIVE,1351.02,False,False,False,False,False,False
MCH4320,Vala and Sons,4814,TELECOM,PRIVATE_LIMITED,Mumbai,Maharashtra,2024-10-14 00:00:00,XXXX1416,INACTIVE,-288.28,False,False,True,False,False,False
MCH4322,Patla PLC,4814,TELECOM,PRIVATE_LIMITED,Pune,Maharashtra,2025-10-17 00:00:00,XXXX9948,ACTIVE,274.0,False,False,False,False,False,False
MCH4323,"Ben, Wagle and Shan",5812,RESTAURANT,SOLE_PROPRIETOR,Chennai,Tamil Nadu,2023-05-11 05:53:16,XXXX8757,INACTIVE,,False,False,False,True,False,False
MCH4324,Choudhury Group,5311,DEPARTMENT_STORE,INDIVIDUAL,Chennai,Tamil Nadu,2024-11-02 00:00:00,XXXX9617,ACTIVE,10680.0,False,False,False,False,False,False
MCH4325,choudhry llc,7011,HOTEL,PRIVATE_LIMITED,Jaipur,Rajasthan,2023-06-07 00:00:00,,INACTIVE,,False,False,False,True,True,False
MCH4326,Morar-Jani,7011,HOTEL,PARTNERSHIP,Lucknow,Uttar Pradesh,2025-12-14 00:00:00,,ACTIVE,9768.01,False,False,False,False,True,False
MCH4330,"Viswanathan, Morar and Barad",4131,TRANSPORT,INDIVIDUAL,Jalandhar,Punjab,2023-10-04 00:00:00,,ACTIVE,151.73,False,False,False,False,True,False
MCH4331,"Wali, Buch and Nagi",5699,APPAREL,SOLE_PROPRIETOR,Amritsar,Punjab,2025-07-31 20:39:00,XXXX6763,INACTIVE,1154.33,False,False,False,False,False,False
MCH4332,Varma PLC,5942,BOOKS_STATIONERY,INDIVIDUAL,Mumbai,Maharashtra,2025-01-22 00:00:00,XXXX6546,ACTIVE,229.07,False,False,False,False,False,False
MCH4334,"Nazareth, Loyal and Dhar",5311,DEPARTMENT_STORE,INDIVIDUAL,Ludhiana,Punjab,2025-11-09 00:00:00,XXXX3344,ACTIVE,6505.28,False,False,False,False,False,False
MCH4336,"Prasad, Bhagat and De",5411,GROCERY,PARTNERSHIP,Hyderabad,Telangana,2023-05-22 00:00:00,XXXX7033,ACTIVE,614.99,False,False,False,False,False,False
MCH4337,Sethi Ltd,4814,TELECOM,INDIVIDUAL,Jalandhar,Punjab,2026-01-28 00:00:00,XXXX3458,INACTIVE,3672.22,False,False,False,False,False,False
MCH4338,Johal-Dara,7011,HOTEL,INDIVIDUAL,Jaipur,Rajasthan,2025-07-06 20:41:00,XXXX8581,INACTIVE,3419.42,False,False,False,False,False,False
MCH4340,"Nadig, Kothari and Khalsa",7011,HOTEL,PARTNERSHIP,Mumbai,Maharashtra,,,ACTIVE,1756.35,False,False,False,False,True,True
MCH4342,S0m PLC,4814,TELECOM,PRIVATE_LIMITED,Jaipur,Rajasthan,2025-11-08 00:00:00,,INACTIVE,337.31,False,False,False,False,True,False
MCH4349,Atwal-Sura,5942,BOOKS_STATIONERY,SOLE_PROPRIETOR,Pune,Maharashtra,2025-12-21 00:00:00,XXXX6348,ACTIVE,463.78,True,False,False,False,False,False
MCH4352,suri ltd,5912,PHARMACY,INDIVIDUAL,Lucknow,Uttar Pradesh,2023-08-21 00:00:00,,ACTIVE,-2179.96,False,False,True,False,True,False
MCH4353,"Sha, Thaman and Bhasin",5699,APPAREL,PARTNERSHIP,Lucknow,Uttar Pradesh,2024-05-02 00:00:00,XXXX4052,INACTIVE,-391.43,False,False,True,False,False,False
MCH4354,Natarajan-Lad,7011,HOTEL,PARTNERSHIP,Amritsar,Punjab,2023-08-18 00:00:00,XXXX6382,ACTIVE,703.43,False,False,False,False,False,False
MCH4355,Sur-Pandit,5699,APPAREL,PARTNERSHIP,Lucknow,Uttar Pradesh,2023-04-18 00:00:00,XXXX6737,ACTIVE,,False,False,False,True,False,False
MCH4356,"Guha, Sheth and Ravi",5912,PHARMACY,PARTNERSHIP,Kolkata,West Bengal,2024-07-06 00:00:00,XXXX7300,ACTIVE,2725.51,False,False,False,False,False,False
MCH4357,Som and Sons,5311,DEPARTMENT_STORE,INDIVIDUAL,Ludhiana,Punjab,,XXXX0823,ACTIVE,,False,False,False,True,False,True
MCH4359,Mistry-Parekh,5912,PHARMACY,PRIVATE_LIMITED,Mumbai,Maharashtra,2023-06-10 16:16:00,XXXX8211,INACTIVE,684.0,False,False,False,False,False,False
MCH4360,Khurana Ltd,5699,APPAREL,PARTNERSHIP,Jaipur,Rajasthan,,XXXX5451,ACTIVE,507.91,False,False,False,False,False,True
MCH4361,"dugal, barad and nagi",5411,GROCERY,PRIVATE_LIMITED,Pune,Maharashtra,2025-10-27 00:00:00,XXXX1186,ACTIVE,4047.59,False,False,False,False,False,False
MCH4362,Sura LLC,7011,HOTEL,INDIVIDUAL,Jaipur,Rajasthan,2023-04-23 00:00:00,XXXX7806,INACTIVE,218.0,False,False,False,False,False,False
MCH4363,BhagatInc,5912,PHARMACY,PRIVATE_LIMITED,Jalandhar,Punjab,2023-07-22 00:00:00,XXXX0394,ACTIVE,1657.41,False,False,False,False,False,False
MCH4364,SASTRY-SHETTY,4131,TRANSPORT,SOLE_PROPRIETOR,Kolkata,West Bengal,2024-06-14 00:00:00,XXXX0306,ACTIVE,1128.0,False,False,False,False,False,False
MCH4367,Sankaran-Bhattacharyya,5699,APPAREL,PARTNERSHIP,Chennai,Tamil Nadu,2023-12-13 04:19:00,XXXX3192,ACTIVE,1153.81,False,False,False,False,False,False
MCH4369,"Tandon, Viswanathan and Chaudhary",5812,RESTAURANT,PRIVATE_LIMITED,Pune,Maharashtra,2023-01-13 00:00:00,XXXX1599,INACTIVE,226.61,False,False,False,False,False,False
MCH4370,Kuruvilla and Sons,5999,MISC_RETAIL,INDIVIDUAL,Mumbai,Maharashtra,2023-08-18 00:00:00,,ACTIVE,-715.96,False,False,True,False,True,False
MCH4371,Chahal-Chaudhari,4814,TELECOM,SOLE_PROPRIETOR,Ludhiana,Punjab,2025-01-20 00:00:00,,INACTIVE,219.82,False,False,False,False,True,False
MCH4373,Raman-Karnik,5942,BOOKS_STATIONERY,PARTNERSHIP,Delhi,Delhi,2023-08-09 15:36:00,XXXX1630,ACTIVE,,False,False,False,True,False,False
MCH4374,Venkatesh LLC,7011,HOTEL,INDIVIDUAL,Jalandhar,Punjab,2025-01-15 22:22:17,,ACTIVE,418.37,False,False,False,False,True,False
MCH4375,"Mani, Pillai and Soman",5311,DEPARTMENT_STORE,SOLE_PROPRIETOR,Lucknow,Uttar Pradesh,2024-08-03 02:25:00,,ACTIVE,1050.41,False,False,False,False,True,False
MCH4377,Kale-Krishnan,5942,BOOKS_STATIONERY,PARTNERSHIP,Bengaluru,Karnataka,2023-12-10 00:00:00,,INACTIVE,2218.12,False,False,False,False,True,False
MCH4382,modi-sengupta,5912,PHARMACY,INDIVIDUAL,Mumbai,Maharashtra,2025-02-15 00:00:00,XXXX4411,ACTIVE,650.1,False,False,False,False,False,False
MCH4383,Vala LLC,5311,DEPARTMENT_STORE,SOLE_PROPRIETOR,Lucknow,Uttar Pradesh,2025-06-15 00:00:00,,ACTIVE,219.66,False,False,False,False,True,False
MCH4385,Bera-S0m,5411,GROCERY,PRIVATE_LIMITED,Jalandhar,Punjab,2023-05-08 00:00:00,XXXX8868,ACTIVE,2548.67,True,False,False,False,False,False
MCH4389,"Bobal, Chakrabarti and Dash",5912,PHARMACY,SOLE_PROPRIETOR,Pune,Maharashtra,2026-02-04 00:00:00,,ACTIVE,445.95,False,False,False,False,True,False
MCH4390,Ar0ra LLC,5812,RESTAURANT,SOLE_PROPRIETOR,Hyderabad,Telangana,2025-07-06 00:00:00,XXXX2296,ACTIVE,1372.0,False,False,False,False,False,False
MCH4395,Ramakrishnan-Rastogi,5999,MISC_RETAIL,PRIVATE_LIMITED,Chennai,Tamil Nadu,2025-11-19 00:00:00,,ACTIVE,,False,False,False,True,True,False
MCH4397,Tailor-Pandey,5912,PHARMACY,PRIVATE_LIMITED,Pune,Maharashtra,2024-10-24 00:00:00,,ACTIVE,,False,False,False,True,True,False
MCH4398,"BOSE, DHAR AND OZA",5812,RESTAURANT,INDIVIDUAL,Jalandhar,Punjab,2024-03-06 00:00:00,XXXX1736,ACTIVE,580.38,False,False,False,False,False,False
MCH4401,BEDI AND SONS,5699,APPAREL,PARTNERSHIP,Kolkata,West Bengal,2024-05-16 03:12:04,XXXX6223,ACTIVE,557.79,False,False,False,False,False,False
MCH4406,"Chand, Ahuja and Behl",7011,HOTEL,PRIVATE_LIMITED,Pune,Maharashtra,2023-06-09 00:00:00,,ACTIVE,3629.0,False,False,False,False,True,False
MCH4408,Dhar-Shetty,5912,PHARMACY,INDIVIDUAL,Amritsar,Punjab,2023-12-19 00:00:00,XXXX8510,INACTIVE,425.49,False,False,False,False,False,False
MCH4411,"Kale, Issac and Sibal",5999,MISC_RETAIL,PRIVATE_LIMITED,Mumbai,Maharashtra,2025-12-23 00:00:00,XXXX8708,ACTIVE,566.46,False,False,False,False,False,False
MCH4413,"Parekh,KadeandTalwar",5699,APPAREL,SOLE_PROPRIETOR,Lucknow,Uttar Pradesh,2025-12-11 00:00:00,XXXX5110,ACTIVE,,False,False,False,True,False,False
MCH4414,"Manne, Arora and Goel",5411,GROCERY,PRIVATE_LIMITED,Hyderabad,Telangana,2025-07-15 00:00:00,,ACTIVE,-618.59,False,False,True,False,True,False
MCH4416,Raju and S0ns,5999,MISC_RETAIL,INDIVIDUAL,Bengaluru,Karnataka,2025-10-04 00:00:00,XXXX1511,INACTIVE,3955.0,False,False,False,False,False,False
MCH4417,Nair-Bhavsar,5942,BOOKS_STATIONERY,PRIVATE_LIMITED,Jalandhar,Punjab,2024-10-26 00:00:00,XXXX2826,ACTIVE,291.65,False,False,False,False,False,False
MCH4419,Gill-Ratta,5912,PHARMACY,SOLE_PROPRIETOR,Jaipur,Rajasthan,2024-09-15 14:40:00,XXXX6271,ACTIVE,1442.51,False,False,False,False,False,False
MCH4421,Sani LLC,5999,MISC_RETAIL,SOLE_PROPRIETOR,Ludhiana,Punjab,2023-05-15 00:00:00,XXXX2998,ACTIVE,901.69,False,False,False,False,False,False
MCH4424,"Date, Soman and Lall",5311,DEPARTMENT_STORE,PRIVATE_LIMITED,Chennai,Tamil Nadu,2024-02-01 22:21:10,XXXX2450,ACTIVE,-410.17,False,False,True,False,False,False
MCH4427,Deshpande LLC,5812,RESTAURANT,PRIVATE_LIMITED,Mumbai,Maharashtra,2023-02-05 00:00:00,XXXX3340,ACTIVE,1587.13,False,False,False,False,False,False
MCH4428,Raja-Kapadia,5942,BOOKS_STATIONERY,PRIVATE_LIMITED,Pune,Maharashtra,2023-01-21 00:00:00,XXXX5093,ACTIVE,3396.0,False,False,False,False,False,False
MCH4431,"Wali, Zachariah and Toor",5411,GROCERY,SOLE_PROPRIETOR,Mumbai,Maharashtra,2023-05-13 00:00:00,,INACTIVE,3595.68,False,False,False,False,True,False
MCH4433,"PATIL, SUBRAMANIAN AND MADAN",7011,HOTEL,PARTNERSHIP,Kolkata,West Bengal,2023-01-23 00:00:00,XXXX7383,ACTIVE,830.16,False,False,False,False,False,False
MCH4434,Andra and Sons,5999,MISC_RETAIL,PRIVATE_LIMITED,Ludhiana,Punjab,2025-02-21 00:35:17,,ACTIVE,233.0,False,False,False,False,True,False
MCH4435,"Shere, Jain and Luthra",5999,MISC_RETAIL,PRIVATE_LIMITED,Chennai,Tamil Nadu,2024-06-23 00:00:00,XXXX5690,ACTIVE,894.0,False,False,False,False,False,False
MCH4438,Vasa-Divan,5311,DEPARTMENT_STORE,PARTNERSHIP,Kolkata,West Bengal,2025-09-10 05:49:00,XXXX5573,ACTIVE,1288.65,False,False,False,False,False,False
MCH4439,DESHPANDE LTD,5812,RESTAURANT,PARTNERSHIP,Bengaluru,Karnataka,2025-04-02 00:00:00,XXXX4378,ACTIVE,-917.66,False,False,True,False,False,False
MCH4440,"Krishna, Bora and Swaminathan",5699,APPAREL,PRIVATE_LIMITED,Jalandhar,Punjab,2023-04-29 00:00:00,XXXX0651,INACTIVE,749.44,False,False,False,False,False,False
MCH4441,"Sachdev, Doctor and Subramanian",5311,DEPARTMENT_STORE,PARTNERSHIP,Chennai,Tamil Nadu,2023-06-08 00:00:00,XXXX4375,INACTIVE,3222.79,False,False,False,False,False,False
MCH4443,Sachar-Banik,5942,BOOKS_STATIONERY,PARTNERSHIP,Jaipur,Rajasthan,2024-12-06 00:00:00,XXXX2474,ACTIVE,2375.86,False,False,False,False,False,False
MCH4444,Kara-Murty,5999,MISC_RETAIL,PARTNERSHIP,Jaipur,Rajasthan,2023-11-24 00:00:00,XXXX0562,ACTIVE,1214.6,True,False,False,False,False,False
MCH4447,"sodhi, dalal and iyengar",5311,DEPARTMENT_STORE,PRIVATE_LIMITED,Bengaluru,Karnataka,,XXXX0235,ACTIVE,208.51,False,False,False,False,False,True
MCH4448,Gara and Sons,5999,MISC_RETAIL,INDIVIDUAL,Chennai,Tamil Nadu,2025-09-24 00:00:00,XXXX6028,INACTIVE,1524.31,False,False,False,False,False,False
MCH4450,ZACHARIAH-BATRA,5311,DEPARTMENT_STORE,SOLE_PROPRIETOR,Amritsar,Punjab,2023-09-17 15:10:46,,ACTIVE,1045.82,False,False,False,False,True,False
MCH4451,Bansal-Tak,7011,HOTEL,INDIVIDUAL,Amritsar,Punjab,,,ACTIVE,,False,False,False,True,True,True
MCH4454,"RAMAN, MUKHERJEE AND SINHA",5942,BOOKS_STATIONERY,SOLE_PROPRIETOR,Kolkata,West Bengal,2024-12-26 22:24:01,XXXX3200,ACTIVE,567.26,False,False,False,False,False,False
MCH4455,Iyer LLC,5411,GROCERY,INDIVIDUAL,Bengaluru,Karnataka,,XXXX6652,ACTIVE,586.02,False,False,False,False,False,True
MCH4456,Krish-Panchal,5411,GROCERY,INDIVIDUAL,Lucknow,Uttar Pradesh,2024-05-11 18:33:00,,ACTIVE,1642.08,False,False,False,False,True,False
MCH4457,"Chanda, Parikh and Hayre",5999,MISC_RETAIL,PRIVATE_LIMITED,Amritsar,Punjab,,,ACTIVE,,False,False,False,True,True,True
MCH4458,"Gola, Dixit and Banik",5411,GROCERY,SOLE_PROPRIETOR,Amritsar,Punjab,2023-08-25 00:00:00,XXXX8441,ACTIVE,991.85,False,False,False,False,False,False
MCH4459,Agate-Majumdar,4131,TRANSPORT,SOLE_PROPRIETOR,Chennai,Tamil Nadu,2025-07-29 00:00:00,XXXX8386,ACTIVE,210.85,False,False,False,False,False,False
MCH4460,BUMB PLC,5942,BOOKS_STATIONERY,PRIVATE_LIMITED,Chennai,Tamil Nadu,,XXXX4424,ACTIVE,696.95,False,False,False,False,False,True
MCH4462,"Koshy, Badal and Nayar",5699,APPAREL,INDIVIDUAL,Hyderabad,Telangana,2025-01-17 00:00:00,XXXX9292,ACTIVE,937.0,False,False,False,False,False,False
MCH4463,"Choudhry, Sahni and Chaudhry",5699,APPAREL,INDIVIDUAL,Ludhiana,Punjab,2025-01-09 03:17:33,XXXX3118,ACTIVE,402.0,False,False,False,False,False,False
MCH4469,mane and sons,4131,TRANSPORT,PARTNERSHIP,Hyderabad,Telangana,2025-05-18 16:24:00,XXXX1753,ACTIVE,1447.11,False,False,False,False,False,False
MCH4474,Ram Ltd,4814,TELECOM,PARTNERSHIP,Jalandhar,Punjab,2024-07-13 00:00:00,,ACTIVE,1082.17,False,False,False,False,True,False
MCH4475,"Ray, Kulkarni and Suresh",5311,DEPARTMENT_STORE,PRIVATE_LIMITED,Ludhiana,Punjab,2024-03-03 00:00:00,XXXX5127,ACTIVE,3417.23,False,False,False,False,False,False
MCH4476,Parikh Group,5912,PHARMACY,PARTNERSHIP,Kolkata,West Bengal,2025-09-10 00:24:37,,ACTIVE,,False,False,False,True,True,False
MCH4477,"Ray, Agate and Som",4814,TELECOM,PARTNERSHIP,Amritsar,Punjab,2025-01-27 15:16:06,XXXX4768,ACTIVE,3504.19,False,False,False,False,False,False
MCH4478,Shenoy Inc,4131,TRANSPORT,PRIVATE_LIMITED,Pune,Maharashtra,2024-04-19 20:17:16,,ACTIVE,3749.72,False,False,False,False,True,False
MCH4481,Nagi Inc,5699,APPAREL,PARTNERSHIP,Pune,Maharashtra,2023-11-28 12:44:00,,ACTIVE,2759.79,False,False,False,False,True,False
MCH4482,Sawhney-Raman,7011,HOTEL,PRIVATE_LIMITED,Ludhiana,Punjab,,XXXX7343,ACTIVE,246.88,False,False,False,False,False,True
MCH4484,"Mukherjee, Tella and Malhotra",5812,RESTAURANT,PARTNERSHIP,Bengaluru,Karnataka,2025-10-02 05:38:00,XXXX5984,ACTIVE,2091.93,False,False,False,False,False,False
MCH4485,NazarethInc,5999,MISC_RETAIL,INDIVIDUAL,Pune,Maharashtra,2023-11-07 18:34:59,XXXX2979,INACTIVE,1928.18,False,False,False,False,False,False
MCH4486,"Bumb, Kibe and Saraf",4814,TELECOM,PRIVATE_LIMITED,Chennai,Tamil Nadu,2026-02-14 00:00:00,XXXX9655,ACTIVE,2112.84,False,False,False,False,False,False
MCH4487,Maharaj-Murthy,5912,PHARMACY,INDIVIDUAL,Amritsar,Punjab,2024-04-23 00:00:00,XXXX5794,ACTIVE,1455.08,False,False,False,False,False,False
MCH4490,"DOSHI, RAJ AND BUMB",5411,GROCERY,PARTNERSHIP,Ludhiana,Punjab,2025-07-28 00:00:00,XXXX2409,ACTIVE,748.4,False,False,False,False,False,False
MCH4495,"Nadig, Gade and Jha",5942,BOOKS_STATIONERY,PARTNERSHIP,Hyderabad,Telangana,2024-05-10 06:24:00,,ACTIVE,1329.61,False,False,False,False,True,False
MCH4496,"Shroff,AhujaandKumar",4814,TELECOM,PARTNERSHIP,Amritsar,Punjab,2025-05-11 18:25:00,XXXX8286,ACTIVE,-497.26,False,False,True,False,False,False
MCH4497,Padmanabhan Group,5812,RESTAURANT,INDIVIDUAL,Mumbai,Maharashtra,,,ACTIVE,2142.62,False,False,False,False,True,True
MCH4501,BARMAN AND SONS,5812,RESTAURANT,PRIVATE_LIMITED,Delhi,Delhi,2025-04-24 00:00:00,,ACTIVE,523.04,False,False,False,False,True,False
MCH4503,Sunder PLC,7011,HOTEL,PARTNERSHIP,Mumbai,Maharashtra,2024-01-03 00:00:00,XXXX4692,ACTIVE,540.93,False,False,False,False,False,False
MCH4507,Bassi-Merchant,5812,RESTAURANT,SOLE_PROPRIETOR,Chennai,Tamil Nadu,2024-05-30 00:00:00,XXXX7969,ACTIVE,3598.7,False,False,False,False,False,False
MCH4508,Prakash Ltd,5812,RESTAURANT,PRIVATE_LIMITED,Mumbai,Maharashtra,2023-12-12 16:42:00,XXXX4537,INACTIVE,1744.61,False,False,False,False,False,False
MCH4509,"shanker, sem and varughese",4131,TRANSPORT,SOLE_PROPRIETOR,Pune,Maharashtra,2023-08-16 00:00:00,,ACTIVE,,False,False,False,True,True,False
MCH4510,Bora Ltd,4814,TELECOM,INDIVIDUAL,Chennai,Tamil Nadu,2024-04-16 11:39:00,XXXX0375,ACTIVE,1583.66,False,False,False,False,False,False
MCH4511,"Walla, Kala and Devi",4131,TRANSPORT,SOLE_PROPRIETOR,Hyderabad,Telangana,2025-03-12 00:00:00,XXXX7288,ACTIVE,1448.32,False,False,False,False,False,False
MCH4515,Memon-Upadhyay,4131,TRANSPORT,SOLE_PROPRIETOR,Lucknow,Uttar Pradesh,2024-04-03 17:37:57,,ACTIVE,2435.25,False,False,False,False,True,False
MCH4517,"Madan, Gola and Srivastava",5812,RESTAURANT,SOLE_PROPRIETOR,Kolkata,West Bengal,2025-05-07 14:26:04,,ACTIVE,-671.65,False,False,True,False,True,False
MCH4521,Raman PLC,5699,APPAREL,PRIVATE_LIMITED,Hyderabad,Telangana,2023-04-02 12:10:00,,ACTIVE,4397.68,False,False,False,False,True,False
MCH4524,Tara Ltd,5999,MISC_RETAIL,PRIVATE_LIMITED,Hyderabad,Telangana,2025-07-23 17:42:29,,ACTIVE,1296.94,False,False,False,False,True,False
MCH4526,"Mittal, Saha and Puri",5699,APPAREL,SOLE_PROPRIETOR,Bengaluru,Karnataka,2025-06-19 00:00:00,,ACTIVE,893.38,False,False,False,False,True,False
MCH4527,BansalInc,5411,GROCERY,PRIVATE_LIMITED,Lucknow,Uttar Pradesh,2025-10-29 21:36:00,XXXX1395,ACTIVE,3449.0,False,False,False,False,False,False
MCH4528,Memon LLC,5912,PHARMACY,PARTNERSHIP,Hyderabad,Telangana,2023-01-05 23:02:24,XXXX3640,ACTIVE,490.99,False,False,False,False,False,False
MCH4529,varkey-pant,5699,APPAREL,PRIVATE_LIMITED,Ludhiana,Punjab,2024-06-01 00:00:00,XXXX8433,ACTIVE,1710.62,True,False,False,False,False,False
MCH4530,"BHANDARI, RAMAKRISHNAN AND SRINIVASAN",5812,RESTAURANT,PARTNERSHIP,Pune,Maharashtra,2023-12-10 00:00:00,XXXX8716,ACTIVE,669.95,False,False,False,False,False,False
MCH4531,bail-ramachandran,4814,TELECOM,PRIVATE_LIMITED,Jaipur,Rajasthan,2025-05-11 18:13:55,XXXX9300,ACTIVE,597.69,False,False,False,False,False,False
MCH4534,BUMB-GANGULY,5699,APPAREL,PARTNERSHIP,Chennai,Tamil Nadu,2025-11-12 19:14:58,XXXX5206,ACTIVE,1225.88,False,False,False,False,False,False
MCH4536,Gulati and Sons,5311,DEPARTMENT_STORE,INDIVIDUAL,Delhi,Delhi,2024-12-06 17:48:15,,ACTIVE,951.8,False,False,False,False,True,False
MCH4538,Lad Ltd,5699,APPAREL,PRIVATE_LIMITED,Delhi,Delhi,2023-12-30 08:20:00,,ACTIVE,449.9,False,False,False,False,True,False
MCH4540,Nadig LLC,5699,APPAREL,PARTNERSHIP,Mumbai,Maharashtra,2024-02-03 18:04:00,,ACTIVE,7331.0,False,False,False,False,True,False
MCH4544,"Som, Deshmukh and Narang",5411,GROCERY,PARTNERSHIP,Bengaluru,Karnataka,2023-04-28 00:00:00,,ACTIVE,4619.33,False,False,False,False,True,False
MCH4547,rout inc,5812,RESTAURANT,PRIVATE_LIMITED,Bengaluru,Karnataka,2026-01-28 00:00:00,XXXX0002,ACTIVE,307.37,False,False,False,False,False,False
MCH4548,"Butala, Som and Modi",4131,TRANSPORT,PRIVATE_LIMITED,Bengaluru,Karnataka,,XXXX8022,INACTIVE,568.11,False,False,False,False,False,True
MCH4551,SURA GROUP,5699,APPAREL,SOLE_PROPRIETOR,Jalandhar,Punjab,2023-01-06 00:00:00,XXXX0235,ACTIVE,3287.63,False,False,False,False,False,False
MCH4552,"Palla, Mutti and Jayaraman",4131,TRANSPORT,SOLE_PROPRIETOR,Jaipur,Rajasthan,2025-07-21 01:20:00,XXXX4876,ACTIVE,912.53,False,False,False,False,False,False
MCH4553,Zachariah-Dara,5812,RESTAURANT,PRIVATE_LIMITED,Jalandhar,Punjab,2024-07-03 11:07:00,,ACTIVE,343.99,False,False,False,False,True,False
MCH4556,Parmar and S0ns,7011,HOTEL,PRIVATE_LIMITED,Jaipur,Rajasthan,2024-05-16 07:05:47,XXXX0300,ACTIVE,-933.34,True,False,True,False,False,False
MCH4560,Shankar Ltd,4814,TELECOM,INDIVIDUAL,Bengaluru,Karnataka,2025-06-12 14:36:00,,ACTIVE,1403.88,False,False,False,False,True,False
MCH4567,Bhatti Inc,7011,HOTEL,PARTNERSHIP,Hyderabad,Telangana,2023-03-29 00:00:00,XXXX2555,ACTIVE,1514.65,False,False,False,False,False,False
MCH4573,"Edwin, Manda and Biswas",5912,PHARMACY,SOLE_PROPRIETOR,Pune,Maharashtra,2025-02-28 14:41:00,XXXX1910,ACTIVE,2824.05,True,False,False,False,False,False
MCH4574,Cherian and Sons,5311,DEPARTMENT_STORE,INDIVIDUAL,Lucknow,Uttar Pradesh,2024-08-31 00:00:00,XXXX0148,ACTIVE,789.16,False,False,False,False,False,False
MCH4577,"Atwal, Sura and Bhatti",5812,RESTAURANT,PARTNERSHIP,Hyderabad,Telangana,2026-01-03 18:58:00,XXXX3063,ACTIVE,316.9,False,False,False,False,False,False
MCH4578,Khare-Warrior,5912,PHARMACY,PRIVATE_LIMITED,Amritsar,Punjab,2023-11-01 00:00:00,XXXX5946,ACTIVE,504.9,False,False,False,False,False,False
MCH4581,"Tailor, Ganesh and Menon",5812,RESTAURANT,PARTNERSHIP,Mumbai,Maharashtra,2025-11-02 00:00:00,,INACTIVE,1137.0,False,False,False,False,True,False
MCH4582,Pai-Shenoy,4814,TELECOM,INDIVIDUAL,Pune,Maharashtra,2025-03-18 00:00:00,XXXX2537,ACTIVE,1857.0,True,False,False,False,False,False
MCH4583,Krish-Dar,5812,RESTAURANT,SOLE_PROPRIETOR,Mumbai,Maharashtra,2025-11-23 00:00:00,XXXX4311,ACTIVE,4726.0,False,False,False,False,False,False
MCH4587,Karnik and Sons,5311,DEPARTMENT_STORE,PARTNERSHIP,Jaipur,Rajasthan,2025-02-07 00:00:00,,ACTIVE,2493.1,False,False,False,False,True,False
MCH4588,"Gole, Raval and Hans",5812,RESTAURANT,SOLE_PROPRIETOR,Bengaluru,Karnataka,2025-03-14 00:00:00,XXXX7231,ACTIVE,1061.34,True,False,False,False,False,False
MCH4589,"Sathe, Bumb and Shankar",5699,APPAREL,SOLE_PROPRIETOR,Amritsar,Punjab,2024-10-27 01:28:39,XXXX1983,ACTIVE,76.99,False,False,False,False,False,False
MCH4593,dube-ravel,7011,HOTEL,PARTNERSHIP,Hyderabad,Telangana,2025-08-30 00:00:00,,ACTIVE,1285.0,False,False,False,False,True,False
MCH4599,Majumdar-Choudhary,5411,GROCERY,PRIVATE_LIMITED,Mumbai,Maharashtra,2023-03-05 16:37:00,XXXX0943,INACTIVE,1341.81,True,False,False,False,False,False
MCH4600,Devi Group,5311,DEPARTMENT_STORE,INDIVIDUAL,Delhi,Delhi,2024-02-17 00:00:00,XXXX2627,INACTIVE,1126.47,False,False,False,False,False,False
MCH4604,"Som, Kalla and Dada",5699,APPAREL,SOLE_PROPRIETOR,Chennai,Tamil Nadu,2024-07-02 15:25:30,,ACTIVE,1478.97,False,False,False,False,True,False
MCH4605,BARAD PLC,5942,BOOKS_STATIONERY,SOLE_PROPRIETOR,Pune,Maharashtra,2025-06-02 22:03:20,XXXX1001,ACTIVE,5165.18,False,False,False,False,False,False
MCH4606,Vyas-Mukhopadhyay,7011,HOTEL,PRIVATE_LIMITED,Hyderabad,Telangana,2025-09-29 00:00:00,XXXX6697,ACTIVE,745.57,False,False,False,False,False,False
MCH4608,Chandran Group,5699,APPAREL,SOLE_PROPRIETOR,Lucknow,Uttar Pradesh,2023-05-09 14:14:00,XXXX2287,ACTIVE,950.53,False,False,False,False,False,False
MCH4610,"Barad,ChandaandRana",5942,BOOKS_STATIONERY,PRIVATE_LIMITED,Hyderabad,Telangana,2024-12-23 00:00:00,XXXX0851,ACTIVE,2989.03,False,False,False,False,False,False
MCH4613,"Batra, Devi and Buch",5699,APPAREL,INDIVIDUAL,Delhi,Delhi,2023-10-03 00:00:00,XXXX0376,INACTIVE,-3664.64,False,False,True,False,False,False
MCH4614,BADAMI LLC,5942,BOOKS_STATIONERY,PARTNERSHIP,Jaipur,Rajasthan,2025-04-02 17:40:30,XXXX5766,ACTIVE,4687.53,False,False,False,False,False,False
MCH4621,Ravel-Chaudhuri,5942,BOOKS_STATIONERY,PRIVATE_LIMITED,Delhi,Delhi,2024-08-04 00:00:00,XXXX8071,ACTIVE,-397.3,False,False,True,False,False,False
MCH4622,Toor-Rajan,7011,HOTEL,PRIVATE_LIMITED,Ludhiana,Punjab,2024-06-20 14:20:00,,ACTIVE,2524.16,False,False,False,False,True,False
MCH4623,"Gokhale, Ranganathan and Shenoy",5999,MISC_RETAIL,PRIVATE_LIMITED,Hyderabad,Telangana,2025-08-17 15:21:40,XXXX9856,ACTIVE,171.0,False,False,False,False,False,False
MCH4624,"krishnamurthy, mandal and luthra",5999,MISC_RETAIL,INDIVIDUAL,Chennai,Tamil Nadu,2025-08-06 00:00:00,XXXX4041,ACTIVE,784.01,False,False,False,False,False,False
MCH4626,"Lalla, Handa and Ahuja",5999,MISC_RETAIL,PRIVATE_LIMITED,Bengaluru,Karnataka,2023-07-31 00:00:00,,ACTIVE,1497.15,False,False,False,False,True,False
MCH4627,Barman-Kashyap,5699,APPAREL,PARTNERSHIP,Pune,Maharashtra,2026-01-10 00:00:00,,ACTIVE,1852.01,False,False,False,False,True,False
MCH4630,Jhaveri PLC,5999,MISC_RETAIL,SOLE_PROPRIETOR,Ludhiana,Punjab,2025-07-11 02:07:00,XXXX2392,ACTIVE,1285.49,False,False,False,False,False,False
MCH4636,Sura and Sons,5699,APPAREL,PARTNERSHIP,Mumbai,Maharashtra,2023-12-17 17:58:35,XXXX0767,ACTIVE,,False,False,False,True,False,False
MCH4637,Mitter-Pandya,5411,GROCERY,INDIVIDUAL,Chennai,Tamil Nadu,2023-05-09 20:41:00,XXXX4099,ACTIVE,2198.28,False,False,False,False,False,False
MCH4639,Chaudhry-Bath,5912,PHARMACY,PARTNERSHIP,Jalandhar,Punjab,2023-05-11 10:36:23,XXXX7667,ACTIVE,295.45,False,False,False,False,False,False
MCH4640,Choudhary-Joshi,5699,APPAREL,PARTNERSHIP,Jaipur,Rajasthan,,XXXX9715,ACTIVE,857.62,False,False,False,False,False,True
MCH4641,KarnikLLC,5311,DEPARTMENT_STORE,SOLE_PROPRIETOR,Ludhiana,Punjab,2025-02-02 00:00:00,,ACTIVE,,False,False,False,True,True,False
MCH4642,Jaggi Ltd,5411,GROCERY,PARTNERSHIP,Delhi,Delhi,2024-04-16 00:00:00,XXXX5243,INACTIVE,1180.53,False,False,False,False,False,False
MCH4643,Barad and Sons,5942,BOOKS_STATIONERY,INDIVIDUAL,Ludhiana,Punjab,2025-05-18 00:00:00,XXXX3908,INACTIVE,3490.79,False,False,False,False,False,False
MCH4648,Tara-Pandya,5699,APPAREL,PARTNERSHIP,Chennai,Tamil Nadu,2026-01-02 00:00:00,XXXX4905,ACTIVE,852.19,False,False,False,False,False,False
MCH4649,"Mand,DattaandSanghvi",7011,HOTEL,PARTNERSHIP,Ludhiana,Punjab,2024-10-16 00:00:00,,ACTIVE,666.8,False,False,False,False,True,False
MCH4651,Bhat-Kamdar,5999,MISC_RETAIL,SOLE_PROPRIETOR,Hyderabad,Telangana,2024-06-05 00:00:00,XXXX6078,ACTIVE,718.3,False,False,False,False,False,False
MCH4652,Varghese-Ramachandran,4131,TRANSPORT,PRIVATE_LIMITED,Amritsar,Punjab,2024-10-30 00:00:00,XXXX9184,ACTIVE,-2348.76,False,False,True,False,False,False
MCH4656,"Verma,SanghaandVora",5942,BOOKS_STATIONERY,PRIVATE_LIMITED,Delhi,Delhi,2024-07-02 00:00:00,,ACTIVE,431.25,False,False,False,False,True,False
MCH4658,Kapadia Inc,5311,DEPARTMENT_STORE,INDIVIDUAL,Hyderabad,Telangana,2023-05-21 00:00:00,XXXX1671,ACTIVE,2693.95,False,False,False,False,False,False
MCH4667,Kapur-Gara,5812,RESTAURANT,PRIVATE_LIMITED,Delhi,Delhi,2025-10-30 17:47:05,XXXX6565,ACTIVE,1043.72,False,False,False,False,False,False
MCH4669,Bail PLC,4131,TRANSPORT,SOLE_PROPRIETOR,Lucknow,Uttar Pradesh,2023-09-17 00:00:00,XXXX4093,INACTIVE,1960.77,False,False,False,False,False,False
MCH4672,Sandhu LLC,5942,BOOKS_STATIONERY,PARTNERSHIP,Bengaluru,Karnataka,,,ACTIVE,456.49,False,False,False,False,True,True
MCH4674,Sachar-Loke,5699,APPAREL,PRIVATE_LIMITED,Jalandhar,Punjab,,,ACTIVE,1222.52,False,False,False,False,True,True
MCH4675,"MINHAS, NARAYAN AND BANDI",5942,BOOKS_STATIONERY,SOLE_PROPRIETOR,Jalandhar,Punjab,2023-06-15 10:04:37,,ACTIVE,,True,False,False,True,True,False
MCH4676,Shan Inc,5999,MISC_RETAIL,SOLE_PROPRIETOR,Mumbai,Maharashtra,2026-01-20 00:00:00,XXXX2403,ACTIVE,2805.31,False,False,False,False,False,False
MCH4677,"Sethi, Bora and Karpe",5942,BOOKS_STATIONERY,INDIVIDUAL,Pune,Maharashtra,,,INACTIVE,5089.5,False,False,False,False,True,True
MCH4678,"Yogi, Goel and Chaudry",5912,PHARMACY,SOLE_PROPRIETOR,Amritsar,Punjab,2025-10-11 23:31:36,XXXX4375,ACTIVE,1363.28,False,False,False,False,False,False
MCH4681,"Sengupta,VenkataramanandKonda",5411,GROCERY,INDIVIDUAL,Pune,Maharashtra,2026-01-10 08:52:00,,ACTIVE,526.79,False,False,False,False,True,False
MCH4682,Chaudry LLC,4131,TRANSPORT,INDIVIDUAL,Hyderabad,Telangana,2024-01-28 10:50:34,,ACTIVE,-1772.5,False,False,True,False,True,False
MCH4685,Mukhopadhyay-Cheema,5942,BOOKS_STATIONERY,PRIVATE_LIMITED,Chennai,Tamil Nadu,2023-07-22 11:31:48,XXXX8814,INACTIVE,,True,False,False,True,False,False
MCH4687,GOEL LLC,5942,BOOKS_STATIONERY,INDIVIDUAL,Lucknow,Uttar Pradesh,2023-01-30 00:00:00,XXXX4781,ACTIVE,820.0,False,False,False,False,False,False
MCH4688,venkatesh group,5942,BOOKS_STATIONERY,SOLE_PROPRIETOR,Delhi,Delhi,2024-08-24 14:22:22,XXXX8114,INACTIVE,2933.52,False,False,False,False,False,False
MCH4690,"Dutt, Mukhopadhyay and Dara",5999,MISC_RETAIL,SOLE_PROPRIETOR,Amritsar,Punjab,2023-04-24 22:55:00,XXXX4932,INACTIVE,-390.23,False,False,True,False,False,False
MCH4691,"Deshmukh, Pant and Garg",7011,HOTEL,SOLE_PROPRIETOR,Bengaluru,Karnataka,2025-05-10 00:00:00,,ACTIVE,2116.48,False,False,False,False,True,False
MCH4692,"Bhargava, Rajagopal and Karan",7011,HOTEL,PRIVATE_LIMITED,Delhi,Delhi,2024-08-06 00:00:00,XXXX8633,ACTIVE,,False,False,False,True,False,False
MCH4693,Dhingra-Bava,7011,HOTEL,PRIVATE_LIMITED,Mumbai,Maharashtra,2024-12-28 01:09:00,,ACTIVE,3445.16,False,False,False,False,True,False
MCH4695,Patel-Halder,5812,RESTAURANT,SOLE_PROPRIETOR,Pune,Maharashtra,2026-02-11 16:57:07,,ACTIVE,652.55,False,False,False,False,True,False
MCH4699,Setty Inc,7011,HOTEL,PRIVATE_LIMITED,Pune,Maharashtra,2025-06-04 00:00:00,XXXX2833,ACTIVE,632.27,False,False,False,False,False,False
MCH4700,"rajan, garg and ray",5699,APPAREL,INDIVIDUAL,Chennai,Tamil Nadu,,XXXX7166,ACTIVE,805.94,True,False,False,False,False,True
MCH4701,Bhagat and Sons,4131,TRANSPORT,INDIVIDUAL,Hyderabad,Telangana,2025-03-17 00:00:00,XXXX8971,ACTIVE,493.82,False,False,False,False,False,False
MCH4702,Nath Group,5311,DEPARTMENT_STORE,SOLE_PROPRIETOR,Lucknow,Uttar Pradesh,2024-08-15 23:18:00,,ACTIVE,584.0,False,False,False,False,True,False
MCH4706,"Varughese, Mani and Ch0udhary",5311,DEPARTMENT_STORE,INDIVIDUAL,Bengaluru,Karnataka,2025-11-11 03:09:47,XXXX5472,ACTIVE,-1658.13,False,False,True,False,False,False
MCH4708,Loke-Ganesan,5999,MISC_RETAIL,SOLE_PROPRIETOR,Jalandhar,Punjab,2024-02-22 19:47:00,,ACTIVE,1266.56,False,False,False,False,True,False
MCH4709,Ramakrishnan-Palla,4814,TELECOM,INDIVIDUAL,Bengaluru,Karnataka,2026-02-15 00:00:00,XXXX1033,ACTIVE,1190.3,False,False,False,False,False,False
MCH4712,"ZACHARIA, SHERE AND DHAR",5912,PHARMACY,PRIVATE_LIMITED,Jalandhar,Punjab,2023-04-27 04:30:00,XXXX2361,ACTIVE,2235.26,False,False,False,False,False,False
MCH4713,Sura-Boase,5699,APPAREL,SOLE_PROPRIETOR,Amritsar,Punjab,2023-04-12 00:00:00,,ACTIVE,1694.6,True,False,False,False,True,False
MCH4716,Goda-Agate,5411,GROCERY,SOLE_PROPRIETOR,Delhi,Delhi,2026-01-07 00:00:00,XXXX2062,ACTIVE,1438.61,False,False,False,False,False,False
MCH4717,Bir Ltd,4131,TRANSPORT,PRIVATE_LIMITED,Chennai,Tamil Nadu,2025-11-14 00:00:00,XXXX1543,ACTIVE,7107.16,False,False,False,False,False,False
MCH4720,sha ltd,5411,GROCERY,PARTNERSHIP,Chennai,Tamil Nadu,2024-04-05 00:00:00,XXXX5801,ACTIVE,874.68,False,False,False,False,False,False
MCH4723,kanda ltd,5999,MISC_RETAIL,INDIVIDUAL,Chennai,Tamil Nadu,2024-08-27 00:00:00,XXXX1287,ACTIVE,649.83,False,False,False,False,False,False
MCH4725,Joshi PLC,5311,DEPARTMENT_STORE,PRIVATE_LIMITED,Amritsar,Punjab,2023-05-23 00:00:00,XXXX1225,ACTIVE,639.24,False,False,False,False,False,False
MCH4727,Dua-Mishra,5311,DEPARTMENT_STORE,SOLE_PROPRIETOR,Pune,Maharashtra,2024-05-18 00:00:00,XXXX8246,ACTIVE,1242.0,False,False,False,False,False,False
MCH4729,"Karpe, Dhaliwal and Subramanian",7011,HOTEL,PARTNERSHIP,Amritsar,Punjab,2024-01-14 00:00:00,XXXX1131,ACTIVE,2525.97,False,False,False,False,False,False
MCH4732,"RAMANATHAN, KANDA AND KARNIK",5812,RESTAURANT,PRIVATE_LIMITED,Lucknow,Uttar Pradesh,2025-08-13 05:58:00,,ACTIVE,3954.51,False,False,False,False,True,False
MCH4733,Sankar Inc,5411,GROCERY,SOLE_PROPRIETOR,Jaipur,Rajasthan,2023-01-25 00:00:00,XXXX7201,ACTIVE,1176.53,False,False,False,False,False,False
MCH4736,Suresh-Gola,5942,BOOKS_STATIONERY,PARTNERSHIP,Mumbai,Maharashtra,2023-08-24 02:12:00,XXXX1298,ACTIVE,885.16,False,False,False,False,False,False
MCH4737,"Aurora, Mallick and Dugar",5942,BOOKS_STATIONERY,INDIVIDUAL,Jalandhar,Punjab,2024-08-27 00:00:00,XXXX5003,INACTIVE,489.0,False,False,False,False,False,False
MCH4738,Jha PLC,5999,MISC_RETAIL,SOLE_PROPRIETOR,Bengaluru,Karnataka,2024-05-24 22:20:53,,INACTIVE,1636.42,True,False,False,False,True,False
MCH4739,Karpe-Doshi,5411,GROCERY,INDIVIDUAL,Lucknow,Uttar Pradesh,2023-10-20 00:00:00,XXXX6471,ACTIVE,-1100.69,False,False,True,False,False,False
MCH4741,KARA AND SONS,5999,MISC_RETAIL,PARTNERSHIP,Jaipur,Rajasthan,2023-02-13 00:00:00,XXXX2970,ACTIVE,2009.21,True,False,False,False,False,False
MCH4743,Ahluwalia-Bansal,5912,PHARMACY,PRIVATE_LIMITED,Ludhiana,Punjab,2023-08-23 00:00:00,XXXX4397,INACTIVE,486.29,True,False,False,False,False,False
MCH4744,Tiwari-Bedi,5942,BOOKS_STATIONERY,SOLE_PROPRIETOR,Pune,Maharashtra,2024-07-13 00:00:00,XXXX3923,INACTIVE,1636.0,False,False,False,False,False,False
MCH4745,Divan-Rao,5311,DEPARTMENT_STORE,SOLE_PROPRIETOR,Jalandhar,Punjab,2023-12-05 00:00:00,XXXX8330,ACTIVE,778.92,False,False,False,False,False,False
MCH4746,"Srivastava, Bhattacharyya and Morar",5999,MISC_RETAIL,SOLE_PROPRIETOR,Chennai,Tamil Nadu,2025-07-29 00:00:00,,INACTIVE,402.85,False,False,False,False,True,False
MCH4747,issac plc,4131,TRANSPORT,PRIVATE_LIMITED,Mumbai,Maharashtra,2023-07-07 09:40:00,XXXX2784,INACTIVE,,False,False,False,True,False,False
MCH4749,Sane-Kota,7011,HOTEL,PARTNERSHIP,Ludhiana,Punjab,2025-08-28 00:00:00,XXXX8682,ACTIVE,2066.82,False,False,False,False,False,False
MCH4752,"Chaudhuri, Sampath and Wali",5311,DEPARTMENT_STORE,INDIVIDUAL,Bengaluru,Karnataka,2024-01-10 00:00:00,XXXX3003,ACTIVE,399.3,False,False,False,False,False,False
MCH4754,"Chhabra, Setty and Srinivasan",5699,APPAREL,PRIVATE_LIMITED,Hyderabad,Telangana,2023-12-04 00:00:00,XXXX1549,INACTIVE,2016.37,False,False,False,False,False,False
MCH4760,"Kalla, Mammen and Purohit",4814,TELECOM,INDIVIDUAL,Delhi,Delhi,2024-10-27 00:00:00,,ACTIVE,964.0,False,False,False,False,True,False
MCH4761,Khalsa PLC,5912,PHARMACY,INDIVIDUAL,Jaipur,Rajasthan,2025-01-17 07:20:16,XXXX6599,INACTIVE,4970.84,False,False,False,False,False,False
MCH4765,madan-pandey,5699,APPAREL,SOLE_PROPRIETOR,Hyderabad,Telangana,2025-03-12 12:56:00,XXXX6725,ACTIVE,1004.95,False,False,False,False,False,False
MCH4767,Prasad Inc,4814,TELECOM,PRIVATE_LIMITED,Pune,Maharashtra,2023-06-20 00:00:00,,INACTIVE,789.87,True,False,False,False,True,False
MCH4769,BARAL-PERI,5699,APPAREL,INDIVIDUAL,Jaipur,Rajasthan,2024-01-14 00:00:00,,ACTIVE,-1758.52,False,False,True,False,True,False
MCH4770,Mahal-Sood,5411,GROCERY,SOLE_PROPRIETOR,Jaipur,Rajasthan,2024-12-17 00:00:00,XXXX5595,INACTIVE,489.82,False,False,False,False,False,False
MCH4774,Wadhwa PLC,5311,DEPARTMENT_STORE,PARTNERSHIP,Jalandhar,Punjab,2026-01-09 14:20:47,XXXX4087,ACTIVE,374.94,False,False,False,False,False,False
MCH4775,"DIVAN, BUCH AND KUNDA",4814,TELECOM,SOLE_PROPRIETOR,Lucknow,Uttar Pradesh,2025-07-07 00:00:00,XXXX6316,INACTIVE,562.44,False,False,False,False,False,False
MCH4776,Bobal-Dutta,5411,GROCERY,INDIVIDUAL,Hyderabad,Telangana,2026-02-26 11:47:00,XXXX3652,ACTIVE,831.82,False,False,False,False,False,False
MCH4777,Babu-Choudhry,4814,TELECOM,INDIVIDUAL,Delhi,Delhi,2026-01-10 00:00:00,,ACTIVE,373.4,False,False,False,False,True,False
MCH4778,wali llc,4131,TRANSPORT,PRIVATE_LIMITED,Lucknow,Uttar Pradesh,2025-01-02 00:00:00,XXXX9740,ACTIVE,1242.33,False,False,False,False,False,False
MCH4781,"Mohan, Sharaf and Narula",5311,DEPARTMENT_STORE,SOLE_PROPRIETOR,Delhi,Delhi,2024-01-08 00:00:00,XXXX7866,ACTIVE,482.6,True,False,False,False,False,False
MCH4782,Salvi-Comar,7011,HOTEL,SOLE_PROPRIETOR,Jalandhar,Punjab,2025-07-13 09:44:30,XXXX1728,ACTIVE,876.5,False,False,False,False,False,False
MCH4786,EDWIN PLC,5699,APPAREL,INDIVIDUAL,Ludhiana,Punjab,2024-12-15 00:00:00,XXXX4968,ACTIVE,3435.22,False,False,False,False,False,False
MCH4788,Chauhan-Kh0s1a,5699,APPAREL,INDIVIDUAL,Bengaluru,Karnataka,,XXXX8523,ACTIVE,109.29,False,False,False,False,False,True
MCH4790,date plc,7011,HOTEL,INDIVIDUAL,Amritsar,Punjab,2025-12-11 10:11:45,XXXX3526,INACTIVE,199.0,True,False,False,False,False,False
MCH4792,Agrawal-Prabhu,5812,RESTAURANT,SOLE_PROPRIETOR,Chennai,Tamil Nadu,2025-11-02 16:37:14,,INACTIVE,1844.0,False,False,False,False,True,False
MCH4794,borra-dutt,7011,HOTEL,PRIVATE_LIMITED,Jaipur,Rajasthan,2024-09-19 22:25:00,XXXX8010,ACTIVE,1006.04,False,False,False,False,False,False
MCH4801,Bhargava-Basak,5311,DEPARTMENT_STORE,SOLE_PROPRIETOR,Lucknow,Uttar Pradesh,2025-11-18 06:19:46,XXXX3111,ACTIVE,2920.36,False,False,False,False,False,False
MCH4802,"Mistry, Roy and Salvi",5311,DEPARTMENT_STORE,SOLE_PROPRIETOR,Chennai,Tamil Nadu,2024-08-23 18:00:36,XXXX8940,INACTIVE,468.0,True,False,False,False,False,False
MCH4804,Swamy PLC,5699,APPAREL,PARTNERSHIP,Lucknow,Uttar Pradesh,2025-01-12 09:37:41,,INACTIVE,207.24,True,False,False,False,True,False
MCH4805,"KRISHNAN, BHATNAGAR AND PRASAD",5942,BOOKS_STATIONERY,PARTNERSHIP,Amritsar,Punjab,2025-07-12 00:00:00,,ACTIVE,284.87,True,False,False,False,True,False
MCH4807,"Dutt, Pandey and Tella",5912,PHARMACY,INDIVIDUAL,Chennai,Tamil Nadu,2024-05-14 00:00:00,XXXX7178,ACTIVE,1458.0,False,False,False,False,False,False
MCH4808,padmanabhan-pathak,5699,APPAREL,SOLE_PROPRIETOR,Lucknow,Uttar Pradesh,2024-05-07 18:56:00,XXXX2312,INACTIVE,-262.16,False,False,True,False,False,False
MCH4809,Viswanathan PLC,7011,HOTEL,INDIVIDUAL,Kolkata,West Bengal,2023-07-12 14:32:20,,ACTIVE,1713.6,False,False,False,False,True,False
MCH4811,Rattan-Raval,5812,RESTAURANT,PARTNERSHIP,Lucknow,Uttar Pradesh,2025-06-05 00:00:00,XXXX6785,ACTIVE,-896.7,False,False,True,False,False,False
MCH4812,rai-aurora,7011,HOTEL,PRIVATE_LIMITED,Jaipur,Rajasthan,2025-07-09 00:00:00,XXXX3400,ACTIVE,1732.91,False,False,False,False,False,False
MCH4815,"KARAN, BHATTACHARYYA AND SARAN",5912,PHARMACY,PRIVATE_LIMITED,Kolkata,West Bengal,2025-04-10 08:18:32,XXXX2973,ACTIVE,1152.86,False,False,False,False,False,False
MCH4818,Deol Inc,5999,MISC_RETAIL,INDIVIDUAL,Delhi,Delhi,2024-04-29 00:00:00,XXXX9334,ACTIVE,316.0,False,False,False,False,False,False
MCH4821,"Kade, Dhawan and Kadakia",5411,GROCERY,PRIVATE_LIMITED,Mumbai,Maharashtra,2024-03-14 00:00:00,,ACTIVE,2277.0,False,False,False,False,True,False
MCH4822,SAMA-KEER,4131,TRANSPORT,PRIVATE_LIMITED,Hyderabad,Telangana,2025-08-07 00:00:00,,ACTIVE,736.6,False,False,False,False,True,False
MCH4827,"Deol, Rastogi and Khatri",4814,TELECOM,SOLE_PROPRIETOR,Lucknow,Uttar Pradesh,2024-05-10 03:12:00,,ACTIVE,810.0,False,False,False,False,True,False
MCH4831,"Raja, Rout and Singh",5411,GROCERY,INDIVIDUAL,Kolkata,West Bengal,2023-01-09 00:00:00,XXXX4829,ACTIVE,1885.15,False,False,False,False,False,False
MCH4835,Hari Inc,5912,PHARMACY,INDIVIDUAL,Hyderabad,Telangana,2024-06-10 00:00:00,XXXX3222,ACTIVE,348.86,False,False,False,False,False,False
MCH4836,"Sidhu, Krish and Wadhwa",5812,RESTAURANT,INDIVIDUAL,Pune,Maharashtra,2025-11-15 20:13:55,XXXX0403,ACTIVE,431.0,False,False,False,False,False,False
MCH4838,SRINIVASAN LTD,5699,APPAREL,PARTNERSHIP,Ludhiana,Punjab,2023-11-05 10:10:13,XXXX8537,ACTIVE,193.54,False,False,False,False,False,False
MCH4839,Sura-Mall,4131,TRANSPORT,PRIVATE_LIMITED,Ludhiana,Punjab,2025-12-08 00:00:00,,ACTIVE,682.13,True,False,False,False,True,False
MCH4841,"Soman, Chhabra and Rau",5812,RESTAURANT,INDIVIDUAL,Hyderabad,Telangana,2025-04-06 00:00:00,XXXX7314,ACTIVE,611.25,False,False,False,False,False,False
MCH4842,Pa11a LLC,5942,BOOKS_STATIONERY,INDIVIDUAL,Kolkata,West Bengal,2024-12-19 00:00:00,XXXX0707,ACTIVE,3127.0,False,False,False,False,False,False
MCH4843,KURUVILLA-PILLAY,4814,TELECOM,INDIVIDUAL,Bengaluru,Karnataka,2025-08-18 00:00:00,XXXX6746,ACTIVE,-898.89,False,False,True,False,False,False
MCH4844,Trivedi-De01,7011,HOTEL,INDIVIDUAL,Bengaluru,Karnataka,2024-06-23 06:58:47,,ACTIVE,798.53,False,False,False,False,True,False
MCH4846,arora-raghavan,5999,MISC_RETAIL,PRIVATE_LIMITED,Jaipur,Rajasthan,2025-09-12 15:21:55,XXXX5049,ACTIVE,-1546.33,False,False,True,False,False,False
MCH4847,Dhillon-Pillay,7011,HOTEL,PRIVATE_LIMITED,Lucknow,Uttar Pradesh,2023-12-10 00:00:00,XXXX1147,ACTIVE,2178.15,False,False,False,False,False,False
MCH4848,"Borra, Balakrishnan and Chad",5699,APPAREL,PARTNERSHIP,Delhi,Delhi,2024-06-18 00:00:00,XXXX3301,ACTIVE,3072.49,False,False,False,False,False,False
MCH4856,Aurora Ltd,4814,TELECOM,SOLE_PROPRIETOR,Jaipur,Rajasthan,2024-05-13 21:42:00,XXXX4985,INACTIVE,3394.14,False,False,False,False,False,False
MCH4857,Sethi-Soni,4131,TRANSPORT,INDIVIDUAL,Ludhiana,Punjab,2026-02-28 06:57:59,,ACTIVE,278.84,False,False,False,False,True,False
MCH4858,MALHOTRA-DOCTOR,4814,TELECOM,INDIVIDUAL,Ludhiana,Punjab,2024-11-20 00:00:00,XXXX2320,ACTIVE,7460.92,False,False,False,False,False,False
MCH4859,VASA-RAJU,5812,RESTAURANT,SOLE_PROPRIETOR,Hyderabad,Telangana,2025-03-17 02:59:45,XXXX9523,ACTIVE,214.0,False,False,False,False,False,False
MCH4863,GILL PLC,5812,RESTAURANT,INDIVIDUAL,Hyderabad,Telangana,2024-07-01 00:00:00,XXXX3847,ACTIVE,552.87,False,False,False,False,False,False
MCH4864,Date Ltd,5411,GROCERY,PRIVATE_LIMITED,Bengaluru,Karnataka,2023-12-06 01:02:00,XXXX6587,ACTIVE,4042.64,False,False,False,False,False,False
MCH4867,"Nath, Taneja and Dey",5812,RESTAURANT,PARTNERSHIP,Bengaluru,Karnataka,2024-08-05 00:00:00,XXXX5090,ACTIVE,726.56,False,False,False,False,False,False
MCH4870,Rana Inc,4814,TELECOM,INDIVIDUAL,Amritsar,Punjab,2024-07-12 12:35:00,,INACTIVE,1127.0,False,False,False,False,True,False
MCH4871,KUNDA LTD,5812,RESTAURANT,PARTNERSHIP,Lucknow,Uttar Pradesh,2024-09-02 06:08:34,,INACTIVE,648.87,False,False,False,False,True,False
MCH4874,"chanda, bahl and kohli",5699,APPAREL,SOLE_PROPRIETOR,Mumbai,Maharashtra,2024-12-02 00:00:00,,ACTIVE,709.03,False,False,False,False,True,False
MCH4875,"Sangha, Sodhi and Banik",5999,MISC_RETAIL,SOLE_PROPRIETOR,Kolkata,West Bengal,2023-03-12 09:59:00,,INACTIVE,303.18,False,False,False,False,True,False
MCH4876,"Dugar, Prasad and Pal",5812,RESTAURANT,PARTNERSHIP,Chennai,Tamil Nadu,2023-09-09 00:00:00,XXXX5946,ACTIVE,1346.64,False,False,False,False,False,False
MCH4881,"Wadhwa, Morar and Kara",5912,PHARMACY,SOLE_PROPRIETOR,Jalandhar,Punjab,2023-08-26 00:00:00,XXXX1836,ACTIVE,367.72,False,False,False,False,False,False
MCH4884,"Reddy, Wason and Magar",4131,TRANSPORT,PRIVATE_LIMITED,Kolkata,West Bengal,2023-05-16 00:00:00,,INACTIVE,2421.0,False,False,False,False,True,False
MCH4886,Mangat-Gh0se,5999,MISC_RETAIL,SOLE_PROPRIETOR,Pune,Maharashtra,2023-03-11 00:00:00,XXXX5603,ACTIVE,551.0,False,False,False,False,False,False
MCH4888,Saha-Jani,4814,TELECOM,SOLE_PROPRIETOR,Ludhiana,Punjab,2025-11-20 00:00:00,,ACTIVE,308.77,False,False,False,False,True,False
MCH4889,Bhatti-Kapoor,5999,MISC_RETAIL,INDIVIDUAL,Jalandhar,Punjab,2025-01-26 00:00:00,,ACTIVE,2464.23,False,False,False,False,True,False
MCH4893,jani-verma,4131,TRANSPORT,PARTNERSHIP,Jalandhar,Punjab,2023-08-11 22:02:04,,ACTIVE,1601.52,False,False,False,False,True,False
MCH4897,Bahl PLC,4131,TRANSPORT,PARTNERSHIP,Amritsar,Punjab,2024-03-09 00:00:00,,ACTIVE,6953.87,False,False,False,False,True,False
MCH4900,Karpe PLC,5411,GROCERY,SOLE_PROPRIETOR,Jalandhar,Punjab,2025-04-02 00:00:00,,ACTIVE,2695.78,False,False,False,False,True,False
MCH4902,"Pingle, Choudhary and Raghavan",7011,HOTEL,SOLE_PROPRIETOR,Bengaluru,Karnataka,2023-03-31 00:00:00,,ACTIVE,482.41,False,False,False,False,True,False
MCH4903,Khatri Gr0up,5311,DEPARTMENT_STORE,INDIVIDUAL,Delhi,Delhi,2024-07-07 00:00:00,,ACTIVE,,False,False,False,True,True,False
MCH4904,"Vohra, Lanka and Bumb",4814,TELECOM,PARTNERSHIP,Chennai,Tamil Nadu,2023-09-25 03:37:00,XXXX8030,ACTIVE,1946.13,False,False,False,False,False,False
MCH4906,Gaba LLC,5812,RESTAURANT,PRIVATE_LIMITED,Jaipur,Rajasthan,2024-01-31 00:00:00,,ACTIVE,1902.8,False,False,False,False,True,False
MCH4909,"Sharaf, Lalla and Rattan",5942,BOOKS_STATIONERY,SOLE_PROPRIETOR,Kolkata,West Bengal,2025-02-16 20:04:00,XXXX0715,INACTIVE,650.04,True,False,False,False,False,False
MCH4911,"Nigam, Mahajan and Misra",5411,GROCERY,INDIVIDUAL,Bengaluru,Karnataka,2025-06-14 00:00:00,,ACTIVE,689.3,False,False,False,False,True,False
MCH4912,Devi Group,5411,GROCERY,SOLE_PROPRIETOR,Kolkata,West Bengal,2025-07-07 01:25:23,XXXX8006,ACTIVE,1738.86,True,False,False,False,False,False
MCH4913,Baral-Bhattacharyya,4131,TRANSPORT,INDIVIDUAL,Amritsar,Punjab,2023-05-19 19:12:00,XXXX9874,INACTIVE,697.03,False,False,False,False,False,False
MCH4914,BORA INC,5311,DEPARTMENT_STORE,SOLE_PROPRIETOR,Jaipur,Rajasthan,2024-05-12 00:00:00,,ACTIVE,4227.85,True,False,False,False,True,False
MCH4916,Rama-Patel,5942,BOOKS_STATIONERY,INDIVIDUAL,Delhi,Delhi,2025-06-24 22:01:00,XXXX0402,ACTIVE,-2293.01,False,False,True,False,False,False
MCH4917,"Bhat, Saha and Wable",4131,TRANSPORT,PRIVATE_LIMITED,Jaipur,Rajasthan,2025-04-14 00:00:00,XXXX6979,ACTIVE,6159.51,False,False,False,False,False,False
MCH4918,GANESH INC,7011,HOTEL,INDIVIDUAL,Lucknow,Uttar Pradesh,2023-12-09 00:00:00,XXXX3579,ACTIVE,651.04,True,False,False,False,False,False
MCH4922,Cheema Group,5999,MISC_RETAIL,PARTNERSHIP,Hyderabad,Telangana,2024-03-20 00:00:00,,ACTIVE,324.81,False,False,False,False,True,False
MCH4926,Shankar Ltd,5812,RESTAURANT,INDIVIDUAL,Hyderabad,Telangana,2024-12-28 03:14:33,XXXX9881,ACTIVE,,False,False,False,True,False,False
MCH4927,mohan plc,5699,APPAREL,INDIVIDUAL,Jaipur,Rajasthan,2025-03-04 00:00:00,XXXX1287,ACTIVE,1972.99,False,False,False,False,False,False
MCH4928,"NARANG, BEDI AND SACHAR",5699,APPAREL,PRIVATE_LIMITED,Jalandhar,Punjab,2025-09-25 00:00:00,,ACTIVE,3146.1,False,False,False,False,True,False
MCH4930,Dasgupta-Dua,5812,RESTAURANT,PARTNERSHIP,Jaipur,Rajasthan,2025-06-25 14:06:00,,ACTIVE,-1023.36,True,False,True,False,True,False
MCH4932,KHOSLA AND SONS,5812,RESTAURANT,SOLE_PROPRIETOR,Jalandhar,Punjab,2024-09-08 02:55:00,XXXX7785,INACTIVE,340.55,False,False,False,False,False,False
MCH4934,Shroff Inc,5912,PHARMACY,PRIVATE_LIMITED,Amritsar,Punjab,2025-12-08 00:00:00,XXXX3000,ACTIVE,1471.24,False,False,False,False,False,False
MCH4936,"Bhalla, Gour and Khare",5411,GROCERY,INDIVIDUAL,Jalandhar,Punjab,2025-10-14 00:00:00,XXXX7361,ACTIVE,739.83,False,False,False,False,False,False
MCH4937,Mand and Sons,5912,PHARMACY,PARTNERSHIP,Kolkata,West Bengal,,XXXX1569,INACTIVE,2054.97,False,False,False,False,False,True
MCH4939,Bath-Kumer,4814,TELECOM,PARTNERSHIP,Delhi,Delhi,2023-06-10 12:33:00,XXXX8414,ACTIVE,1620.24,False,False,False,False,False,False
MCH4943,Sawhney-Dugar,7011,HOTEL,SOLE_PROPRIETOR,Chennai,Tamil Nadu,2023-07-16 00:00:00,,INACTIVE,470.52,False,False,False,False,True,False
MCH4944,"Pillai, Kurian and Sunder",5411,GROCERY,SOLE_PROPRIETOR,Mumbai,Maharashtra,2023-04-08 22:00:12,XXXX3249,ACTIVE,907.45,True,False,False,False,False,False
MCH4947,M0han-Sah0ta,4131,TRANSPORT,INDIVIDUAL,Mumbai,Maharashtra,2025-04-22 00:00:00,XXXX6755,ACTIVE,1906.18,False,False,False,False,False,False
MCH4948,Dass-Dhaliwal,5812,RESTAURANT,PARTNERSHIP,Jalandhar,Punjab,2024-06-25 00:00:00,XXXX1800,ACTIVE,-1356.31,False,False,True,False,False,False
MCH4951,"natt, dyal and gill",5411,GROCERY,PRIVATE_LIMITED,Pune,Maharashtra,2026-01-02 00:00:00,,ACTIVE,430.18,False,False,False,False,True,False
MCH4952,"Anne,ChoudhryandBhattacharyya",5812,RESTAURANT,INDIVIDUAL,Delhi,Delhi,,XXXX6192,ACTIVE,4302.0,False,False,False,False,False,True
MCH4956,Kant-Setty,5411,GROCERY,SOLE_PROPRIETOR,Jaipur,Rajasthan,2025-01-22 00:00:00,XXXX5999,ACTIVE,6450.59,False,False,False,False,False,False
MCH4957,Natt Ltd,5699,APPAREL,INDIVIDUAL,Lucknow,Uttar Pradesh,,XXXX6924,ACTIVE,1324.11,False,False,False,False,False,True
MCH4958,Dara Inc,4814,TELECOM,PARTNERSHIP,Pune,Maharashtra,2025-03-30 00:00:00,XXXX0462,ACTIVE,,False,False,False,True,False,False
MCH4962,venkataraman-mannan,5942,BOOKS_STATIONERY,PRIVATE_LIMITED,Chennai,Tamil Nadu,2025-07-15 06:02:14,XXXX6790,ACTIVE,266.61,False,False,False,False,False,False
MCH4963,AtwalLtd,5912,PHARMACY,SOLE_PROPRIETOR,Hyderabad,Telangana,2024-09-17 15:34:47,,ACTIVE,,False,False,False,True,True,False
MCH4964,SARKAR-GODA,5311,DEPARTMENT_STORE,PRIVATE_LIMITED,Pune,Maharashtra,2025-07-14 00:00:00,,INACTIVE,1517.0,False,False,False,False,True,False
MCH4965,"Shukla, Brahmbhatt and Natarajan",5699,APPAREL,INDIVIDUAL,Pune,Maharashtra,2024-11-20 08:09:00,XXXX4144,ACTIVE,168.46,False,False,False,False,False,False
MCH4967,Mallick PLC,4131,TRANSPORT,PARTNERSHIP,Amritsar,Punjab,2025-08-22 00:00:00,XXXX4798,ACTIVE,-3082.77,False,False,True,False,False,False
MCH4968,Choudhry Inc,4814,TELECOM,PARTNERSHIP,Jaipur,Rajasthan,,XXXX2286,ACTIVE,1122.44,False,False,False,False,False,True
MCH4969,"Bobal, Garde and Upadhyay",4814,TELECOM,SOLE_PROPRIETOR,Chennai,Tamil Nadu,2023-11-01 00:00:00,XXXX2131,ACTIVE,817.93,False,False,False,False,False,False
MCH4971,"Gopal, Jayaraman and Narayan",5942,BOOKS_STATIONERY,INDIVIDUAL,Lucknow,Uttar Pradesh,2024-11-20 07:33:00,,ACTIVE,650.74,False,False,False,False,True,False
MCH4972,Seshadri-Dalal,5311,DEPARTMENT_STORE,PARTNERSHIP,Pune,Maharashtra,2025-10-03 00:00:00,XXXX4405,ACTIVE,-1064.98,False,False,True,False,False,False
MCH4973,vala-raval,7011,HOTEL,PRIVATE_LIMITED,Chennai,Tamil Nadu,2024-05-04 00:00:00,XXXX2841,ACTIVE,859.46,False,False,False,False,False,False
MCH4974,Krishna PLC,5699,APPAREL,INDIVIDUAL,Kolkata,West Bengal,2023-04-18 00:00:00,XXXX3048,INACTIVE,1458.56,False,False,False,False,False,False
MCH4975,"NAGY, KURUVILLA AND SAXENA",7011,HOTEL,SOLE_PROPRIETOR,Delhi,Delhi,2025-05-25 00:00:00,,ACTIVE,621.98,False,False,False,False,True,False
MCH4976,Walla and Sons,5942,BOOKS_STATIONERY,SOLE_PROPRIETOR,Bengaluru,Karnataka,2025-10-21 00:00:00,XXXX4037,ACTIVE,929.0,False,False,False,False,False,False
MCH4977,ARORA-NAYAK,5999,MISC_RETAIL,INDIVIDUAL,Ludhiana,Punjab,2025-03-05 00:00:00,,ACTIVE,1505.38,False,False,False,False,True,False
MCH4980,Batra LLC,5411,GROCERY,INDIVIDUAL,Pune,Maharashtra,,XXXX6176,ACTIVE,2806.42,False,False,False,False,False,True
MCH4982,Upadhyay-Thaker,5699,APPAREL,PRIVATE_LIMITED,Pune,Maharashtra,2023-10-04 00:00:00,XXXX3001,ACTIVE,,False,False,False,True,False,False
MCH4983,"Magar, Ratta and Choudhary",5411,GROCERY,PARTNERSHIP,Ludhiana,Punjab,2023-07-05 00:00:00,XXXX3196,ACTIVE,617.98,False,False,False,False,False,False
MCH4984,"Aurora, Mohan and Jain",4814,TELECOM,SOLE_PROPRIETOR,Jaipur,Rajasthan,2024-07-02 00:00:00,XXXX1643,ACTIVE,-1500.11,False,False,True,False,False,False
MCH4985,HAYRE AND SONS,5942,BOOKS_STATIONERY,PARTNERSHIP,Lucknow,Uttar Pradesh,2023-08-01 00:00:00,XXXX2866,ACTIVE,1981.89,False,False,False,False,False,False
MCH4989,din-bhatia,5912,PHARMACY,SOLE_PROPRIETOR,Amritsar,Punjab,2024-07-22 00:00:00,XXXX0029,ACTIVE,2169.45,False,False,False,False,False,False
MCH4990,"Ramakrishnan, Dey and Thakkar",5411,GROCERY,PRIVATE_LIMITED,Mumbai,Maharashtra,,XXXX0125,ACTIVE,,False,False,False,True,False,True
MCH4992,VISWANATHAN-PANDEY,7011,HOTEL,INDIVIDUAL,Jalandhar,Punjab,2024-02-19 00:00:00,,INACTIVE,918.79,False,False,False,False,True,False
MCH4994,"Uppal, Bawa and Gera",5812,RESTAURANT,SOLE_PROPRIETOR,Delhi,Delhi,2023-04-21 00:00:00,,ACTIVE,1710.0,False,False,False,False,True,False
MCH4998,"Sura, Kanda and Chopra",5411,GROCERY,PARTNERSHIP,Pune,Maharashtra,2023-12-11 21:39:11,XXXX2673,INACTIVE,-2782.68,False,False,True,False,False,False
MCH5000,Lad Group,5999,MISC_RETAIL,PRIVATE_LIMITED,Kolkata,West Bengal,2025-01-05 17:26:50,,ACTIVE,-341.11,False,False,True,False,True,False
MCH5001,Narayan LLC,5812,RESTAURANT,PARTNERSHIP,Pune,Maharashtra,2023-06-17 00:00:00,XXXX7770,ACTIVE,1893.51,False,False,False,False,False,False
MCH5009,arora-wagle,5699,APPAREL,INDIVIDUAL,Hyderabad,Telangana,2024-11-06 16:41:40,XXXX1307,INACTIVE,1125.91,False,False,False,False,False,False
MCH5015,"Pall, Mand and Balakrishnan",5812,RESTAURANT,SOLE_PROPRIETOR,Lucknow,Uttar Pradesh,2024-12-23 20:34:32,XXXX9053,ACTIVE,2215.59,False,False,False,False,False,False
MCH5017,"Datta, Sinha and Pat1a",7011,HOTEL,SOLE_PROPRIETOR,Kolkata,West Bengal,2024-11-25 00:00:00,XXXX6642,ACTIVE,617.0,False,False,False,False,False,False
MCH5019,"Sah0ta, Rama and Rama",5912,PHARMACY,PARTNERSHIP,Lucknow,Uttar Pradesh,2025-07-27 00:00:00,XXXX3502,ACTIVE,955.0,False,False,False,False,False,False
MCH5020,Sarna-Sarraf,5411,GROCERY,INDIVIDUAL,Lucknow,Uttar Pradesh,2023-02-27 19:58:28,,ACTIVE,3351.89,False,False,False,False,True,False
MCH5021,Dora Group,7011,HOTEL,PARTNERSHIP,Jaipur,Rajasthan,2024-01-10 00:00:00,XXXX3767,ACTIVE,843.0,True,False,False,False,False,False
MCH5023,CHATTERJEE-KALLA,5912,PHARMACY,PARTNERSHIP,Mumbai,Maharashtra,2024-12-31 00:00:00,XXXX9987,ACTIVE,-5484.78,False,False,True,False,False,False
MCH5027,Mukhopadhyay-Brar,5999,MISC_RETAIL,PARTNERSHIP,Ludhiana,Punjab,2023-10-17 00:00:00,XXXX5495,ACTIVE,3103.67,False,False,False,False,False,False
MCH5028,"Chhabra, Deo and Chakrabarti",7011,HOTEL,PARTNERSHIP,Ludhiana,Punjab,2024-03-14 00:00:00,XXXX3830,INACTIVE,716.94,False,False,False,False,False,False
MCH5036,Buch Inc,5942,BOOKS_STATIONERY,PARTNERSHIP,Chennai,Tamil Nadu,2023-02-02 00:00:00,XXXX8690,ACTIVE,1529.39,False,False,False,False,False,False
MCH5037,Chadha LLC,5311,DEPARTMENT_STORE,PRIVATE_LIMITED,Jaipur,Rajasthan,2025-05-03 00:00:00,XXXX9834,ACTIVE,-5536.23,False,False,True,False,False,False
MCH5038,"din, som and bahl",5912,PHARMACY,PARTNERSHIP,Lucknow,Uttar Pradesh,2024-10-20 00:00:00,XXXX6471,ACTIVE,1056.12,True,False,False,False,False,False
MCH5040,NAYAR-KHATRI,4814,TELECOM,INDIVIDUAL,Pune,Maharashtra,2025-04-30 04:40:00,,ACTIVE,1055.33,False,False,False,False,True,False
MCH5042,Nagi-Raja,5912,PHARMACY,INDIVIDUAL,Kolkata,West Bengal,2024-04-25 11:13:41,XXXX6055,ACTIVE,3524.4,True,False,False,False,False,False
MCH5043,"Chakraborty, Gour and Kothari",4131,TRANSPORT,PRIVATE_LIMITED,Kolkata,West Bengal,2025-03-17 00:00:00,XXXX3894,INACTIVE,614.63,False,False,False,False,False,False
MCH5044,Mahajan-Narasimhan,5942,BOOKS_STATIONERY,INDIVIDUAL,Chennai,Tamil Nadu,2025-09-04 00:00:00,,ACTIVE,1148.0,True,False,False,False,True,False
MCH5045,More-Doctor,5311,DEPARTMENT_STORE,INDIVIDUAL,Bengaluru,Karnataka,2025-09-15 22:04:19,,INACTIVE,145.75,True,False,False,False,True,False
MCH5050,Subramanian-Dua,5942,BOOKS_STATIONERY,PARTNERSHIP,Pune,Maharashtra,2025-08-28 14:42:57,,ACTIVE,1506.0,False,False,False,False,True,False
MCH5052,Pillay-Bora,5999,MISC_RETAIL,PARTNERSHIP,Hyderabad,Telangana,2024-01-04 00:00:00,XXXX9697,ACTIVE,1127.0,True,False,False,False,False,False
MCH5054,"Kara, Mandal and Mitra",5812,RESTAURANT,SOLE_PROPRIETOR,Kolkata,West Bengal,2024-01-29 00:00:00,,INACTIVE,5895.31,False,False,False,False,True,False
MCH5055,Aggarwal-Doctor,5912,PHARMACY,PRIVATE_LIMITED,Hyderabad,Telangana,2024-07-04 02:56:33,,ACTIVE,3805.08,False,False,False,False,True,False
MCH5056,subramaniam plc,5411,GROCERY,PARTNERSHIP,Bengaluru,Karnataka,,XXXX1234,INACTIVE,473.92,False,False,False,False,False,True
MCH5061,Natarajan Inc,5699,APPAREL,SOLE_PROPRIETOR,Ludhiana,Punjab,2025-10-10 11:35:42,XXXX8560,ACTIVE,1265.19,False,False,False,False,False,False
MCH5064,Pandey-Sangha,5699,APPAREL,SOLE_PROPRIETOR,Bengaluru,Karnataka,2023-12-31 00:00:00,XXXX3296,ACTIVE,2028.77,False,False,False,False,False,False
MCH5067,Mangat-Pant,4814,TELECOM,INDIVIDUAL,Pune,Maharashtra,2024-02-27 00:00:00,XXXX4091,ACTIVE,1263.65,False,False,False,False,False,False
MCH5070,Rau-Nagar,5999,MISC_RETAIL,PRIVATE_LIMITED,Chennai,Tamil Nadu,2024-12-04 11:51:13,,ACTIVE,11139.0,False,False,False,False,True,False
MCH5072,Shroff-Sangha,5999,MISC_RETAIL,PRIVATE_LIMITED,Jaipur,Rajasthan,2024-12-08 00:00:00,XXXX4443,ACTIVE,3955.29,False,False,False,False,False,False
MCH5077,"Chauhan, Thakur and Chacko",5411,GROCERY,INDIVIDUAL,Jaipur,Rajasthan,2023-11-12 01:16:55,XXXX2322,INACTIVE,250.88,False,False,False,False,False,False
MCH5079,Ramaswamy-Trivedi,5311,DEPARTMENT_STORE,PRIVATE_LIMITED,Bengaluru,Karnataka,2024-07-01 00:00:00,XXXX8855,INACTIVE,549.02,False,False,False,False,False,False
MCH5080,"Shere, Jha and Sarma",5912,PHARMACY,SOLE_PROPRIETOR,Kolkata,West Bengal,2025-02-22 20:56:00,,ACTIVE,2711.51,False,False,False,False,True,False
MCH5081,"Bhatia, Srinivasan and Sampath",5912,PHARMACY,PRIVATE_LIMITED,Chennai,Tamil Nadu,2024-01-19 00:00:00,XXXX2126,ACTIVE,869.22,False,False,False,False,False,False
MCH5084,Doshi LLC,5942,BOOKS_STATIONERY,INDIVIDUAL,Jalandhar,Punjab,2025-06-11 20:48:00,XXXX5531,ACTIVE,182.0,False,False,False,False,False,False
MCH5086,Balan LLC,5999,MISC_RETAIL,PRIVATE_LIMITED,Amritsar,Punjab,2023-12-19 00:00:00,XXXX8174,ACTIVE,575.58,False,False,False,False,False,False
MCH5089,Korpal-Parmer,5311,DEPARTMENT_STORE,PRIVATE_LIMITED,Jaipur,Rajasthan,2024-06-14 00:00:00,,ACTIVE,3730.0,False,False,False,False,True,False
MCH5090,Chacko-Dora,5411,GROCERY,SOLE_PROPRIETOR,Hyderabad,Telangana,2023-12-27 00:00:00,XXXX6958,ACTIVE,-658.73,False,False,True,False,False,False
MCH5091,Rau-Ratta,5812,RESTAURANT,PARTNERSHIP,Kolkata,West Bengal,2024-03-24 00:00:00,XXXX9965,ACTIVE,755.0,False,False,False,False,False,False
MCH5092,Dubey-Gade,4814,TELECOM,PARTNERSHIP,Kolkata,West Bengal,2023-07-01 00:00:00,,ACTIVE,730.73,False,False,False,False,True,False
MCH5093,Khatri-Kata,5411,GROCERY,PARTNERSHIP,Jaipur,Rajasthan,2024-10-28 00:00:00,,INACTIVE,1344.37,False,False,False,False,True,False
MCH5097,SATHE INC,5311,DEPARTMENT_STORE,SOLE_PROPRIETOR,Jaipur,Rajasthan,2023-07-05 00:00:00,XXXX5532,ACTIVE,997.33,False,False,False,False,False,False
MCH5100,Garde-Mody,5411,GROCERY,SOLE_PROPRIETOR,Hyderabad,Telangana,2023-12-02 00:00:00,XXXX5352,ACTIVE,347.68,True,False,False,False,False,False
MCH5103,"MORAR, KANNAN AND PUROHIT",7011,HOTEL,INDIVIDUAL,Lucknow,Uttar Pradesh,2023-11-12 00:00:00,XXXX3904,INACTIVE,,False,False,False,True,False,False
MCH5106,LUTHRA LLC,5942,BOOKS_STATIONERY,PRIVATE_LIMITED,Jalandhar,Punjab,2023-12-01 00:00:00,XXXX6321,ACTIVE,411.0,False,False,False,False,False,False
MCH5108,bora llc,5411,GROCERY,PRIVATE_LIMITED,Jalandhar,Punjab,2025-03-16 12:39:17,XXXX1006,ACTIVE,,False,False,False,True,False,False
MCH5110,Grover and Sons,5999,MISC_RETAIL,PRIVATE_LIMITED,Jalandhar,Punjab,2024-05-02 00:00:00,XXXX0036,ACTIVE,-1491.89,False,False,True,False,False,False
MCH5111,Ramachandran Group,5311,DEPARTMENT_STORE,PRIVATE_LIMITED,Ludhiana,Punjab,2026-01-05 10:29:00,XXXX2667,ACTIVE,541.94,True,False,False,False,False,False
MCH5112,"Agate, Atwal and Yohannan",5311,DEPARTMENT_STORE,PRIVATE_LIMITED,Ludhiana,Punjab,2023-06-27 18:52:54,XXXX9509,INACTIVE,669.14,False,False,False,False,False,False
MCH5113,Mani-Buch,5699,APPAREL,PARTNERSHIP,Pune,Maharashtra,2025-04-11 22:11:00,XXXX7200,ACTIVE,2132.66,False,False,False,False,False,False
MCH5114,Sarraf-Iyengar,5912,PHARMACY,INDIVIDUAL,Delhi,Delhi,2025-02-26 09:24:05,XXXX9872,ACTIVE,452.11,False,False,False,False,False,False
MCH5117,BAVA-SANI,5311,DEPARTMENT_STORE,PRIVATE_LIMITED,Amritsar,Punjab,2023-05-07 15:56:29,XXXX2205,ACTIVE,557.72,False,False,False,False,False,False
MCH5119,Raghavan-Shere,5812,RESTAURANT,SOLE_PROPRIETOR,Chennai,Tamil Nadu,2025-09-14 00:00:00,,ACTIVE,1149.0,False,False,False,False,True,False
MCH5121,ramakrishnan inc,4131,TRANSPORT,SOLE_PROPRIETOR,Ludhiana,Punjab,2023-11-27 00:00:00,,ACTIVE,3794.33,False,False,False,False,True,False
MCH5122,K0ta-R0y,5699,APPAREL,INDIVIDUAL,Delhi,Delhi,2025-08-20 00:00:00,XXXX7270,ACTIVE,390.64,False,False,False,False,False,False
MCH5125,Dave and Sons,5812,RESTAURANT,PRIVATE_LIMITED,Ludhiana,Punjab,2025-06-15 00:00:00,XXXX1925,ACTIVE,838.15,False,False,False,False,False,False
MCH5127,Sankar Group,7011,HOTEL,PARTNERSHIP,Delhi,Delhi,2024-09-06 00:00:00,XXXX3399,ACTIVE,2034.47,False,False,False,False,False,False
MCH5129,"kant, chaudhari and sarna",4131,TRANSPORT,SOLE_PROPRIETOR,Chennai,Tamil Nadu,2025-07-19 00:00:00,XXXX3366,ACTIVE,4873.16,False,False,False,False,False,False
MCH5133,sawhney group,5411,GROCERY,INDIVIDUAL,Hyderabad,Telangana,2024-12-10 00:00:00,XXXX4769,ACTIVE,1388.77,True,False,False,False,False,False
MCH5135,kapoor ltd,5699,APPAREL,PARTNERSHIP,Chennai,Tamil Nadu,2024-02-25 00:00:00,XXXX2733,ACTIVE,1221.22,False,False,False,False,False,False
MCH5136,Thakur and Sons,4131,TRANSPORT,SOLE_PROPRIETOR,Jaipur,Rajasthan,2025-02-10 00:00:00,XXXX8688,INACTIVE,2681.3,False,False,False,False,False,False
MCH5137,Bath-Keer,4814,TELECOM,PRIVATE_LIMITED,Bengaluru,Karnataka,2024-06-11 00:00:00,XXXX5840,INACTIVE,634.0,False,False,False,False,False,False
MCH5141,Sinha Ltd,5699,APPAREL,SOLE_PROPRIETOR,Jaipur,Rajasthan,2025-07-27 00:03:05,XXXX0376,INACTIVE,764.85,True,False,False,False,False,False
MCH5144,Johal Ltd,7011,HOTEL,SOLE_PROPRIETOR,Jalandhar,Punjab,2024-02-01 16:44:47,XXXX0257,INACTIVE,490.7,False,False,False,False,False,False
MCH5146,Wadhwa-Swamy,5311,DEPARTMENT_STORE,PARTNERSHIP,Jalandhar,Punjab,2023-11-05 00:00:00,,ACTIVE,,False,False,False,True,True,False
MCH5147,"Rao, Mahal and Wable",5999,MISC_RETAIL,PRIVATE_LIMITED,Jalandhar,Punjab,2024-09-16 08:12:00,XXXX5830,ACTIVE,687.0,False,False,False,False,False,False
MCH5148,"Bose, Ranganathan and Bose",5411,GROCERY,INDIVIDUAL,Amritsar,Punjab,2024-10-20 00:00:00,,ACTIVE,,False,False,False,True,True,False
MCH5151,Sachar-Lad,4131,TRANSPORT,PARTNERSHIP,Mumbai,Maharashtra,2025-04-09 22:00:45,XXXX4508,ACTIVE,703.87,False,False,False,False,False,False
MCH5154,DHINGRA-SUNDER,5999,MISC_RETAIL,SOLE_PROPRIETOR,Pune,Maharashtra,2025-06-14 00:00:00,XXXX1874,ACTIVE,2001.0,False,False,False,False,False,False
MCH5156,"Bumb, Buch and R0ut",7011,HOTEL,PRIVATE_LIMITED,Mumbai,Maharashtra,2025-10-11 21:13:00,,ACTIVE,1483.33,False,False,False,False,True,False
MCH5159,"Boase, Nadkarni and Kala",4131,TRANSPORT,PRIVATE_LIMITED,Jaipur,Rajasthan,2025-05-18 00:00:00,XXXX0137,ACTIVE,214.1,False,False,False,False,False,False
MCH5160,subramanian inc,7011,HOTEL,PARTNERSHIP,Amritsar,Punjab,2025-11-17 00:00:00,,ACTIVE,1435.76,False,False,False,False,True,False
MCH5162,Srinivas-Sule,5311,DEPARTMENT_STORE,INDIVIDUAL,Jaipur,Rajasthan,2025-02-20 00:00:00,XXXX6904,ACTIVE,1145.33,False,False,False,False,False,False
MCH5163,"Pandit, Lad and V0ra",4814,TELECOM,INDIVIDUAL,Kolkata,West Bengal,2023-05-31 00:00:00,XXXX7995,ACTIVE,1014.92,False,False,False,False,False,False
MCH5164,"Yohannan,SahniandBasak",5311,DEPARTMENT_STORE,INDIVIDUAL,Mumbai,Maharashtra,2023-09-01 00:00:00,XXXX7659,INACTIVE,830.61,True,False,False,False,False,False
MCH5166,Rastogi Ltd,5411,GROCERY,INDIVIDUAL,Hyderabad,Telangana,2025-11-10 00:00:00,XXXX4606,ACTIVE,1432.96,True,False,False,False,False,False
MCH5167,Bose and Sons,5942,BOOKS_STATIONERY,PRIVATE_LIMITED,Jalandhar,Punjab,2025-08-20 17:50:00,,INACTIVE,1269.25,False,False,False,False,True,False
MCH5169,Kurian-Narayan,5942,BOOKS_STATIONERY,INDIVIDUAL,Jalandhar,Punjab,2024-06-01 00:00:00,XXXX5737,ACTIVE,1621.49,False,False,False,False,False,False
MCH5171,"pandya, bawa and kibe",4131,TRANSPORT,PARTNERSHIP,Jaipur,Rajasthan,2024-11-18 00:00:00,XXXX5385,ACTIVE,1895.53,False,False,False,False,False,False
MCH5176,"Samra,SampathandChaudhuri",4131,TRANSPORT,INDIVIDUAL,Jalandhar,Punjab,2025-03-18 00:00:00,,ACTIVE,905.0,False,False,False,False,True,False
MCH5180,Varkey Inc,5699,APPAREL,INDIVIDUAL,Lucknow,Uttar Pradesh,2025-09-26 08:36:21,XXXX1928,ACTIVE,1047.37,False,False,False,False,False,False
MCH5182,"kadakia, raman and badal",4131,TRANSPORT,SOLE_PROPRIETOR,Amritsar,Punjab,2023-07-15 00:00:00,XXXX8487,INACTIVE,932.0,False,False,False,False,False,False
MCH5183,Chandra LLC,5942,BOOKS_STATIONERY,INDIVIDUAL,Jaipur,Rajasthan,2023-10-16 12:28:48,,ACTIVE,578.29,False,False,False,False,True,False
MCH5186,"Iyer, Sarma and Issac",5311,DEPARTMENT_STORE,PRIVATE_LIMITED,Jaipur,Rajasthan,2023-03-27 20:46:00,XXXX2427,INACTIVE,830.18,False,False,False,False,False,False
MCH5188,"Dube, Nair and Datta",4131,TRANSPORT,INDIVIDUAL,Jalandhar,Punjab,2023-03-22 00:00:00,XXXX1081,ACTIVE,2008.92,False,False,False,False,False,False
MCH5190,Karpe Inc,5942,BOOKS_STATIONERY,SOLE_PROPRIETOR,Delhi,Delhi,2024-06-07 13:34:28,XXXX7271,ACTIVE,2042.93,False,False,False,False,False,False
MCH5193,Shetty Inc,5912,PHARMACY,PARTNERSHIP,Amritsar,Punjab,2025-07-13 00:00:00,XXXX4609,ACTIVE,-1291.02,False,False,True,False,False,False
MCH5196,Saini Ltd,5311,DEPARTMENT_STORE,PRIVATE_LIMITED,Jalandhar,Punjab,2025-02-23 00:00:00,XXXX2088,INACTIVE,-922.86,False,False,True,False,False,False
MCH5197,AcharyaInc,4131,TRANSPORT,PRIVATE_LIMITED,Jalandhar,Punjab,,XXXX5691,ACTIVE,699.94,False,False,False,False,False,True
MCH5200,Saha PLC,4131,TRANSPORT,PRIVATE_LIMITED,Ludhiana,Punjab,2025-10-11 08:57:00,,ACTIVE,913.24,False,False,False,False,True,False
MCH5203,"Goel, Mishra and Ram",4814,TELECOM,SOLE_PROPRIETOR,Bengaluru,Karnataka,2023-04-28 00:00:00,,ACTIVE,3326.82,False,False,False,False,True,False
MCH5204,Sibal-Kanda,5942,BOOKS_STATIONERY,PRIVATE_LIMITED,Ludhiana,Punjab,2025-06-20 00:00:00,XXXX2713,ACTIVE,-692.13,True,False,True,False,False,False
MCH5205,"Yogi, Minhas and Goda",5311,DEPARTMENT_STORE,PARTNERSHIP,Ludhiana,Punjab,2025-06-01 00:00:00,,INACTIVE,455.0,False,False,False,False,True,False
MCH5208,mann inc,5411,GROCERY,PRIVATE_LIMITED,Hyderabad,Telangana,2023-04-10 08:46:00,,INACTIVE,1269.59,False,False,False,False,True,False
MCH5210,"Gill, Acharya and Naidu",5912,PHARMACY,PARTNERSHIP,Amritsar,Punjab,2024-12-10 00:00:00,XXXX6704,INACTIVE,1319.3,False,False,False,False,False,False
MCH5213,Keer-Yadav,7011,HOTEL,PRIVATE_LIMITED,Jalandhar,Punjab,2023-09-04 17:38:00,XXXX4524,ACTIVE,2157.19,False,False,False,False,False,False
MCH5215,Tank-Golla,5999,MISC_RETAIL,INDIVIDUAL,Hyderabad,Telangana,2024-06-08 02:20:00,XXXX4115,ACTIVE,1953.0,False,False,False,False,False,False
MCH5217,"Kapur, Sabharwal and Chaudhuri",5311,DEPARTMENT_STORE,SOLE_PROPRIETOR,Lucknow,Uttar Pradesh,2023-03-07 21:02:17,XXXX1883,INACTIVE,499.03,False,False,False,False,False,False
MCH5219,"PRAKASH, AMBLE AND MUKHOPADHYAY",7011,HOTEL,SOLE_PROPRIETOR,Jaipur,Rajasthan,2024-06-21 13:59:32,,ACTIVE,-2597.41,False,False,True,False,True,False
MCH5222,"Char, Warrior and Cherian",5699,APPAREL,PARTNERSHIP,Chennai,Tamil Nadu,2024-03-19 18:57:00,XXXX0689,INACTIVE,352.83,False,False,False,False,False,False
MCH5223,"Dua, Raj and Aurora",5812,RESTAURANT,PRIVATE_LIMITED,Ludhiana,Punjab,2024-08-06 00:00:00,XXXX3071,ACTIVE,986.86,False,False,False,False,False,False
MCH5224,Prabhakar-Baral,5999,MISC_RETAIL,SOLE_PROPRIETOR,Delhi,Delhi,2024-02-06 19:20:00,XXXX2955,ACTIVE,873.18,False,False,False,False,False,False
MCH5225,"Bera, Guha and Narayan",5942,BOOKS_STATIONERY,INDIVIDUAL,Hyderabad,Telangana,2025-08-16 05:25:00,XXXX2909,ACTIVE,,False,False,False,True,False,False
MCH5226,Tiwari-Pau,5999,MISC_RETAIL,INDIVIDUAL,Lucknow,Uttar Pradesh,2023-12-24 02:18:00,XXXX3947,ACTIVE,271.33,False,False,False,False,False,False
MCH5227,"Yogi, Varghese and Balay",5812,RESTAURANT,INDIVIDUAL,Mumbai,Maharashtra,2024-02-10 00:00:00,,ACTIVE,2005.26,False,False,False,False,True,False
MCH5230,Bajaj Ltd,4131,TRANSPORT,PARTNERSHIP,Delhi,Delhi,2024-02-01 00:00:00,XXXX9592,ACTIVE,3959.52,True,False,False,False,False,False
MCH5231,Om-Shah,5912,PHARMACY,INDIVIDUAL,Jaipur,Rajasthan,2023-04-29 00:00:00,XXXX4689,ACTIVE,165.39,False,False,False,False,False,False
MCH5233,Raghavan-Mall,4814,TELECOM,PARTNERSHIP,Bengaluru,Karnataka,2026-02-11 05:56:00,,ACTIVE,3087.5,False,False,False,False,True,False
MCH5235,palla inc,5942,BOOKS_STATIONERY,PARTNERSHIP,Bengaluru,Karnataka,2024-10-27 00:00:00,,ACTIVE,3807.5,False,False,False,False,True,False
MCH5236,"More, Luthra and Deol",5999,MISC_RETAIL,PARTNERSHIP,Amritsar,Punjab,2023-02-11 00:00:00,,ACTIVE,1110.58,False,False,False,False,True,False
MCH5237,"Dave, Sani and Swaminathan",5912,PHARMACY,PARTNERSHIP,Delhi,Delhi,2026-02-09 00:00:00,XXXX2105,INACTIVE,1955.24,True,False,False,False,False,False
MCH5239,Saha Inc,5999,MISC_RETAIL,INDIVIDUAL,Lucknow,Uttar Pradesh,2025-09-29 00:00:00,,ACTIVE,6907.0,False,False,False,False,True,False
MCH5242,Mishra-Dua,5311,DEPARTMENT_STORE,INDIVIDUAL,Mumbai,Maharashtra,2024-06-08 00:00:00,XXXX0138,ACTIVE,-3063.29,False,False,True,False,False,False
MCH5245,"Bhatt, Kakar and Boase",5311,DEPARTMENT_STORE,INDIVIDUAL,Jalandhar,Punjab,2025-06-27 04:58:08,XXXX0614,ACTIVE,2923.74,False,False,False,False,False,False
MCH5247,Nagi Ltd,4814,TELECOM,PARTNERSHIP,Amritsar,Punjab,2025-06-06 00:00:00,,INACTIVE,632.92,False,False,False,False,True,False
MCH5249,Tak Inc,7011,HOTEL,PRIVATE_LIMITED,Lucknow,Uttar Pradesh,2025-03-10 00:00:00,,ACTIVE,-1525.16,False,False,True,False,True,False
MCH5250,Virk-Nadkarni,5999,MISC_RETAIL,PARTNERSHIP,Pune,Maharashtra,2023-07-16 00:00:00,,INACTIVE,759.43,False,False,False,False,True,False
MCH5251,Sehgal-Yadav,5411,GROCERY,SOLE_PROPRIETOR,Bengaluru,Karnataka,2024-11-18 00:00:00,XXXX6352,ACTIVE,625.43,False,False,False,False,False,False
MCH5253,Balakrishnan PLC,5912,PHARMACY,SOLE_PROPRIETOR,Mumbai,Maharashtra,2025-07-23 10:23:07,XXXX7363,ACTIVE,,False,False,False,True,False,False
MCH5256,GhoshLLC,4131,TRANSPORT,INDIVIDUAL,Chennai,Tamil Nadu,,XXXX8041,ACTIVE,429.35,False,False,False,False,False,True
MCH5257,Kara-Sibal,4814,TELECOM,INDIVIDUAL,Bengaluru,Karnataka,,XXXX0485,ACTIVE,1601.92,False,False,False,False,False,True
MCH5258,Kibe-Ramanathan,5942,BOOKS_STATIONERY,PARTNERSHIP,Delhi,Delhi,2024-08-15 00:00:00,XXXX0427,ACTIVE,3143.33,True,False,False,False,False,False
MCH5260,"Memon, Ben and Sant",5912,PHARMACY,SOLE_PROPRIETOR,Jalandhar,Punjab,2024-07-25 00:00:00,XXXX7324,ACTIVE,1467.0,False,False,False,False,False,False
MCH5261,M0dy Gr0up,5942,BOOKS_STATIONERY,INDIVIDUAL,Jaipur,Rajasthan,2025-12-11 00:00:00,,ACTIVE,345.16,False,False,False,False,True,False
MCH5263,"Narang, Kata and Pillai",5311,DEPARTMENT_STORE,PRIVATE_LIMITED,Ludhiana,Punjab,2024-12-08 00:00:00,,ACTIVE,,False,False,False,True,True,False
MCH5265,Natt-Munshi,5411,GROCERY,PRIVATE_LIMITED,Pune,Maharashtra,2024-07-22 00:00:00,XXXX7107,ACTIVE,2606.12,False,False,False,False,False,False
MCH5267,"Chandra, Som and Grewal",4131,TRANSPORT,INDIVIDUAL,Hyderabad,Telangana,2025-11-30 22:52:00,XXXX3766,ACTIVE,999.83,False,False,False,False,False,False
MCH5268,Nagy-Ravel,5999,MISC_RETAIL,SOLE_PROPRIETOR,Kolkata,West Bengal,2025-10-23 00:00:00,XXXX0034,INACTIVE,4125.6,False,False,False,False,False,False
MCH5269,"Lala, Raval and Sahni",5942,BOOKS_STATIONERY,PARTNERSHIP,Jalandhar,Punjab,2024-10-21 00:00:00,XXXX4466,ACTIVE,873.0,False,False,False,False,False,False
MCH5270,"Kannan, Goda and Kade",7011,HOTEL,INDIVIDUAL,Lucknow,Uttar Pradesh,2023-10-13 12:44:32,,INACTIVE,469.0,False,False,False,False,True,False
MCH5271,Choudhary-Chaudhry,5812,RESTAURANT,PARTNERSHIP,Ludhiana,Punjab,2025-11-30 00:00:00,XXXX5412,ACTIVE,-605.6,False,False,True,False,False,False
MCH5274,"Nair, Dave and Hayre",4131,TRANSPORT,INDIVIDUAL,Bengaluru,Karnataka,2023-04-08 00:00:00,XXXX1873,ACTIVE,598.65,False,False,False,False,False,False
MCH5277,Kannan-Deshmukh,5942,BOOKS_STATIONERY,PRIVATE_LIMITED,Lucknow,Uttar Pradesh,2025-09-26 09:01:09,,INACTIVE,4638.51,False,False,False,False,True,False
MCH5278,"Sarraf, Peri and Ratti",5999,MISC_RETAIL,PRIVATE_LIMITED,Kolkata,West Bengal,2025-04-27 00:00:00,,ACTIVE,1446.64,False,False,False,False,True,False
MCH5280,Mani-Chada,4131,TRANSPORT,SOLE_PROPRIETOR,Chennai,Tamil Nadu,2025-03-18 00:00:00,XXXX6717,ACTIVE,1112.24,False,False,False,False,False,False
MCH5281,Rajagopalan Ltd,7011,HOTEL,SOLE_PROPRIETOR,Bengaluru,Karnataka,2024-02-04 00:00:00,,ACTIVE,939.26,False,False,False,False,True,False
MCH5283,"Verma, Narasimhan and Balan",5912,PHARMACY,INDIVIDUAL,Delhi,Delhi,2026-02-05 00:00:00,,INACTIVE,1266.0,True,False,False,False,True,False
MCH5285,"Yadav, Dhawan and Bahri",5311,DEPARTMENT_STORE,INDIVIDUAL,Bengaluru,Karnataka,2025-08-03 00:00:00,XXXX3759,ACTIVE,220.0,False,False,False,False,False,False
MCH5287,Sachdeva PLC,4131,TRANSPORT,PARTNERSHIP,Hyderabad,Telangana,2024-02-06 00:00:00,XXXX8293,ACTIVE,823.34,False,False,False,False,False,False
MCH5288,"THAMAN, MUNI AND OM",5999,MISC_RETAIL,SOLE_PROPRIETOR,Pune,Maharashtra,2023-07-08 00:00:00,XXXX1084,ACTIVE,1015.84,False,False,False,False,False,False
MCH5292,Nori-Dugal,5999,MISC_RETAIL,SOLE_PROPRIETOR,Pune,Maharashtra,,XXXX2623,INACTIVE,542.0,False,False,False,False,False,True
MCH5293,Varma Inc,4131,TRANSPORT,INDIVIDUAL,Bengaluru,Karnataka,2025-12-26 00:00:00,XXXX0737,ACTIVE,-1266.49,True,False,True,False,False,False
MCH5294,Bhakta Group,4814,TELECOM,PRIVATE_LIMITED,Jaipur,Rajasthan,2023-12-27 00:00:00,XXXX2441,ACTIVE,765.13,False,False,False,False,False,False
MCH5295,"Goda, Prashad and Narain",5912,PHARMACY,INDIVIDUAL,Lucknow,Uttar Pradesh,2024-10-27 00:00:00,,ACTIVE,888.39,True,False,False,False,True,False
MCH5298,Keer and Sons,5999,MISC_RETAIL,PARTNERSHIP,Bengaluru,Karnataka,,,INACTIVE,600.45,False,False,False,False,True,True
MCH5303,walla inc,5311,DEPARTMENT_STORE,PRIVATE_LIMITED,Chennai,Tamil Nadu,,,ACTIVE,1019.0,False,False,False,False,True,True
MCH5305,taneja inc,7011,HOTEL,SOLE_PROPRIETOR,Chennai,Tamil Nadu,2024-06-01 00:00:00,XXXX9718,ACTIVE,1731.48,False,False,False,False,False,False
MCH5307,"Balan, Varughese and Dave",5812,RESTAURANT,PARTNERSHIP,Pune,Maharashtra,,XXXX6751,ACTIVE,204.07,False,False,False,False,False,True
MCH5308,Shukla-Trivedi,5812,RESTAURANT,INDIVIDUAL,Jaipur,Rajasthan,2025-06-11 00:00:00,XXXX6511,ACTIVE,,True,False,False,True,False,False
MCH5312,Choudhary Inc,5411,GROCERY,PARTNERSHIP,Kolkata,West Bengal,2023-07-27 00:00:00,,ACTIVE,1438.2,False,False,False,False,True,False
MCH5316,Madan Ltd,5311,DEPARTMENT_STORE,INDIVIDUAL,Kolkata,West Bengal,2023-05-11 17:42:55,,ACTIVE,706.61,False,False,False,False,True,False
MCH5317,Seth PLC,7011,HOTEL,SOLE_PROPRIETOR,Bengaluru,Karnataka,2023-03-01 07:27:37,,ACTIVE,2738.46,False,False,False,False,True,False
MCH5320,Ramaswamy-Sarma,4814,TELECOM,SOLE_PROPRIETOR,Hyderabad,Telangana,2025-02-11 02:58:00,XXXX8178,ACTIVE,750.06,False,False,False,False,False,False
MCH5321,Maharaj Ltd,5912,PHARMACY,SOLE_PROPRIETOR,Mumbai,Maharashtra,2024-08-29 00:00:00,XXXX5078,INACTIVE,-2746.79,False,False,True,False,False,False
MCH5322,Parsa LLC,5912,PHARMACY,INDIVIDUAL,Jalandhar,Punjab,2023-03-26 00:00:00,XXXX3422,ACTIVE,2329.55,False,False,False,False,False,False
MCH5328,Dhaliwal Inc,5812,RESTAURANT,PRIVATE_LIMITED,Kolkata,West Bengal,2025-04-19 00:00:00,,ACTIVE,375.06,False,False,False,False,True,False
MCH5333,Rajagopal-Agate,4814,TELECOM,SOLE_PROPRIETOR,Amritsar,Punjab,,,INACTIVE,15510.71,False,False,False,False,True,True
MCH5335,shroff and sons,5311,DEPARTMENT_STORE,SOLE_PROPRIETOR,Chennai,Tamil Nadu,,XXXX4486,INACTIVE,1166.0,False,False,False,False,False,True
MCH5339,"vaidya, hari and mistry",5999,MISC_RETAIL,INDIVIDUAL,Delhi,Delhi,2024-08-07 00:00:00,XXXX9846,ACTIVE,514.42,False,False,False,False,False,False
MCH5343,Sangha-Pillay,5411,GROCERY,INDIVIDUAL,Lucknow,Uttar Pradesh,,XXXX6257,INACTIVE,1724.67,False,False,False,False,False,True
MCH5354,Datta-Vala,5812,RESTAURANT,PARTNERSHIP,Ludhiana,Punjab,2023-02-16 01:25:53,XXXX9615,ACTIVE,2213.0,False,False,False,False,False,False
MCH5355,"Sundaram, Gara and Bajwa",5812,RESTAURANT,SOLE_PROPRIETOR,Kolkata,West Bengal,2023-08-03 00:00:00,,ACTIVE,3350.71,False,False,False,False,True,False
MCH5356,"Solanki, Kala and Loke",4814,TELECOM,PARTNERSHIP,Hyderabad,Telangana,2023-01-03 00:00:00,XXXX8223,ACTIVE,-827.01,False,False,True,False,False,False
MCH5360,pillai and sons,5912,PHARMACY,INDIVIDUAL,Lucknow,Uttar Pradesh,2025-05-07 04:59:14,,ACTIVE,745.28,False,False,False,False,True,False
MCH5361,"Baria,SantandMunshi",5942,BOOKS_STATIONERY,PRIVATE_LIMITED,Delhi,Delhi,2025-02-01 00:00:00,XXXX6510,ACTIVE,-1636.11,False,False,True,False,False,False
MCH5362,"kunda, tiwari and nagi",5912,PHARMACY,PRIVATE_LIMITED,Jaipur,Rajasthan,2024-08-09 20:44:38,,INACTIVE,1922.99,False,False,False,False,True,False
MCH5366,Bali Ltd,5311,DEPARTMENT_STORE,PRIVATE_LIMITED,Lucknow,Uttar Pradesh,2024-02-25 00:00:00,XXXX6307,INACTIVE,1551.58,False,False,False,False,False,False
MCH5367,REDDY-CHAKRABORTY,5699,APPAREL,SOLE_PROPRIETOR,Mumbai,Maharashtra,2025-03-01 03:24:42,XXXX3116,ACTIVE,1679.09,False,False,False,False,False,False
MCH5370,Shenoy Ltd,5912,PHARMACY,PRIVATE_LIMITED,Hyderabad,Telangana,2023-06-26 00:00:00,XXXX5771,ACTIVE,1465.66,False,False,False,False,False,False
MCH5371,Tailor Ltd,5311,DEPARTMENT_STORE,SOLE_PROPRIETOR,Jalandhar,Punjab,2024-10-08 00:00:00,XXXX2392,ACTIVE,2851.53,True,False,False,False,False,False
MCH5375,"Zacharia, Krishnamurthy and Talwar",5699,APPAREL,INDIVIDUAL,Pune,Maharashtra,2023-02-04 11:37:21,XXXX0480,ACTIVE,-872.85,False,False,True,False,False,False
MCH5376,"Narayanan, Palla and Tripathi",4814,TELECOM,SOLE_PROPRIETOR,Ludhiana,Punjab,2025-08-14 00:00:00,XXXX5528,ACTIVE,2169.37,False,False,False,False,False,False
MCH5378,biswas-seshadri,5411,GROCERY,SOLE_PROPRIETOR,Kolkata,West Bengal,2025-11-05 00:00:00,,ACTIVE,815.52,True,False,False,False,True,False
MCH5381,Jaggi and Sons,5311,DEPARTMENT_STORE,PRIVATE_LIMITED,Delhi,Delhi,2025-06-11 00:00:00,,ACTIVE,550.97,False,False,False,False,True,False
MCH5383,ray-dara,7011,HOTEL,PRIVATE_LIMITED,Delhi,Delhi,2025-04-11 00:00:00,XXXX7821,ACTIVE,2541.0,False,False,False,False,False,False
MCH5384,Sibal Inc,5411,GROCERY,PRIVATE_LIMITED,Jaipur,Rajasthan,,,ACTIVE,951.53,False,False,False,False,True,True
MCH5386,"Hari, Handa and Madan",4814,TELECOM,PRIVATE_LIMITED,Bengaluru,Karnataka,2023-09-27 00:00:00,,ACTIVE,682.57,False,False,False,False,True,False
MCH5387,Khatri Group,7011,HOTEL,SOLE_PROPRIETOR,Delhi,Delhi,2025-10-06 12:45:13,XXXX3333,ACTIVE,1172.0,False,False,False,False,False,False
MCH5388,Mann-Oza,5942,BOOKS_STATIONERY,PRIVATE_LIMITED,Hyderabad,Telangana,,,ACTIVE,1696.0,False,False,False,False,True,True
MCH5389,sem llc,4131,TRANSPORT,PARTNERSHIP,Jaipur,Rajasthan,2024-06-16 06:06:18,XXXX3272,ACTIVE,342.38,False,False,False,False,False,False
MCH5390,Pall-Vig,4131,TRANSPORT,PRIVATE_LIMITED,Amritsar,Punjab,2024-02-18 13:47:07,XXXX0759,ACTIVE,6624.25,False,False,False,False,False,False
MCH5391,Nagi-Pandya,5411,GROCERY,PARTNERSHIP,Kolkata,West Bengal,2025-12-24 00:00:00,,INACTIVE,1471.0,False,False,False,False,True,False
MCH5395,"Dada, Jani and Kaul",5942,BOOKS_STATIONERY,PARTNERSHIP,Chennai,Tamil Nadu,2025-03-06 00:00:00,,ACTIVE,-698.53,False,False,True,False,True,False
MCH5396,MANDA-SETH,4131,TRANSPORT,SOLE_PROPRIETOR,Delhi,Delhi,2023-01-11 00:00:00,,ACTIVE,439.03,False,False,False,False,True,False
MCH5399,Agate-Wali,5999,MISC_RETAIL,PRIVATE_LIMITED,Chennai,Tamil Nadu,2025-12-26 00:00:00,,ACTIVE,1379.64,False,False,False,False,True,False
MCH5401,"Sama, Ar0ra and Mem0n",5942,BOOKS_STATIONERY,PRIVATE_LIMITED,Kolkata,West Bengal,2023-07-23 00:00:00,,ACTIVE,-571.93,True,False,True,False,True,False
MCH5402,"MANDAL, CHADA AND DESHPANDE",5411,GROCERY,SOLE_PROPRIETOR,Delhi,Delhi,2025-08-11 00:00:00,,INACTIVE,-503.34,False,False,True,False,True,False
MCH5404,Cherian Group,7011,HOTEL,SOLE_PROPRIETOR,Pune,Maharashtra,2025-04-05 21:50:56,XXXX5126,ACTIVE,1440.0,False,False,False,False,False,False
MCH5405,Balan-Sabharwal,5812,RESTAURANT,INDIVIDUAL,Bengaluru,Karnataka,2023-04-07 06:56:55,,ACTIVE,2280.95,False,False,False,False,True,False
MCH5408,"Setty, Mangal and Dhar",5411,GROCERY,INDIVIDUAL,Mumbai,Maharashtra,2026-01-31 00:00:00,XXXX4132,ACTIVE,1231.49,False,False,False,False,False,False
MCH5409,Buch Inc,5699,APPAREL,SOLE_PROPRIETOR,Amritsar,Punjab,2023-03-04 00:10:00,XXXX3484,ACTIVE,922.0,False,False,False,False,False,False
MCH5410,Ganesh LLC,7011,HOTEL,PARTNERSHIP,Delhi,Delhi,2023-01-13 16:09:00,,ACTIVE,1114.19,False,False,False,False,True,False
MCH5411,Kale Inc,5411,GROCERY,PARTNERSHIP,Pune,Maharashtra,2024-06-21 06:11:57,,ACTIVE,708.0,False,False,False,False,True,False
MCH5413,"K0shy, Batra and K0h1i",5311,DEPARTMENT_STORE,SOLE_PROPRIETOR,Lucknow,Uttar Pradesh,2023-09-04 00:00:00,,ACTIVE,608.0,False,False,False,False,True,False
MCH5414,bhandari ltd,7011,HOTEL,PRIVATE_LIMITED,Delhi,Delhi,2025-03-26 00:00:00,XXXX5182,ACTIVE,155.88,False,False,False,False,False,False
MCH5416,Upadhyay LLC,5942,BOOKS_STATIONERY,INDIVIDUAL,Chennai,Tamil Nadu,2024-07-24 00:00:00,XXXX2133,ACTIVE,,False,False,False,True,False,False
MCH5420,Sahni-Ghosh,7011,HOTEL,SOLE_PROPRIETOR,Kolkata,West Bengal,2025-09-26 21:42:00,XXXX7901,ACTIVE,1993.6,False,False,False,False,False,False
MCH5422,sawhney llc,5699,APPAREL,SOLE_PROPRIETOR,Kolkata,West Bengal,2024-08-08 00:00:00,XXXX6701,ACTIVE,866.35,True,False,False,False,False,False
MCH5423,"Chanda, Mallick and Butala",5311,DEPARTMENT_STORE,SOLE_PROPRIETOR,Jaipur,Rajasthan,2024-08-25 00:00:00,XXXX3345,ACTIVE,458.56,False,False,False,False,False,False
MCH5425,"Bora, Kibe and Yadav",4814,TELECOM,INDIVIDUAL,Delhi,Delhi,,XXXX5292,INACTIVE,810.1,False,False,False,False,False,True
MCH5426,"DORA, SEHGAL AND CHOUDHURY",4131,TRANSPORT,INDIVIDUAL,Delhi,Delhi,2025-11-14 00:00:00,XXXX6759,ACTIVE,598.49,False,False,False,False,False,False
MCH5430,THAKKAR AND SONS,5699,APPAREL,PRIVATE_LIMITED,Amritsar,Punjab,2023-01-19 00:00:00,,INACTIVE,4264.84,False,False,False,False,True,False
MCH5433,Subramanian PLC,5699,APPAREL,PARTNERSHIP,Ludhiana,Punjab,2024-06-07 19:30:00,XXXX5051,ACTIVE,673.68,False,False,False,False,False,False
MCH5438,"Krishna, Vohra and Ghose",5912,PHARMACY,SOLE_PROPRIETOR,Chennai,Tamil Nadu,2023-12-11 12:58:00,XXXX0401,ACTIVE,1326.9,False,False,False,False,False,False
MCH5441,Sur Group,5411,GROCERY,PRIVATE_LIMITED,Ludhiana,Punjab,2023-02-08 00:00:00,XXXX3069,ACTIVE,1094.34,False,False,False,False,False,False
MCH5442,"ray, bajaj and shetty",5411,GROCERY,INDIVIDUAL,Pune,Maharashtra,2024-11-01 11:03:00,XXXX7670,ACTIVE,448.9,False,False,False,False,False,False
MCH5443,LOYAL-NARASIMHAN,7011,HOTEL,INDIVIDUAL,Kolkata,West Bengal,2023-09-12 04:07:04,XXXX0411,ACTIVE,1593.65,False,False,False,False,False,False
MCH5444,PRADHAN-NAIR,5999,MISC_RETAIL,SOLE_PROPRIETOR,Lucknow,Uttar Pradesh,2024-07-27 00:00:00,XXXX3641,ACTIVE,372.0,False,False,False,False,False,False
MCH5445,Ganesan Ltd,5311,DEPARTMENT_STORE,PARTNERSHIP,Delhi,Delhi,2025-10-19 00:00:00,XXXX8373,ACTIVE,2186.0,False,False,False,False,False,False
MCH5447,Chhabra-Bajaj,5411,GROCERY,SOLE_PROPRIETOR,Hyderabad,Telangana,2025-04-08 02:41:21,XXXX6064,ACTIVE,363.53,True,False,False,False,False,False
MCH5448,"Bala, Sha and Bera",5311,DEPARTMENT_STORE,PRIVATE_LIMITED,Bengaluru,Karnataka,2025-08-12 00:00:00,,ACTIVE,523.59,False,False,False,False,True,False
MCH5450,"Karnik, Karan and Boase",5942,BOOKS_STATIONERY,PARTNERSHIP,Kolkata,West Bengal,2024-09-09 00:00:00,,ACTIVE,852.07,True,False,False,False,True,False
MCH5451,Divan LLC,5411,GROCERY,PARTNERSHIP,Jaipur,Rajasthan,2025-05-14 00:00:00,,ACTIVE,2492.35,False,False,False,False,True,False
MCH5457,Deol PLC,5942,BOOKS_STATIONERY,SOLE_PROPRIETOR,Jaipur,Rajasthan,2024-12-30 13:09:01,XXXX0292,ACTIVE,1085.1,False,False,False,False,False,False
MCH5458,"Korpal, Venkatesh and Choudhary",7011,HOTEL,INDIVIDUAL,Jaipur,Rajasthan,2024-03-17 02:49:02,,ACTIVE,,False,False,False,True,True,False
MCH5459,Sachdev Ltd,5699,APPAREL,SOLE_PROPRIETOR,Bengaluru,Karnataka,,XXXX0279,INACTIVE,1804.28,False,False,False,False,False,True
MCH5465,"KEER, GILL AND TANK",4814,TELECOM,INDIVIDUAL,Jaipur,Rajasthan,2023-10-23 00:00:00,XXXX3023,ACTIVE,3170.0,False,False,False,False,False,False
MCH5467,"Kurian, Anne and Borra",4814,TELECOM,INDIVIDUAL,Ludhiana,Punjab,2024-05-17 00:00:00,XXXX6055,ACTIVE,940.0,False,False,False,False,False,False
MCH5472,Dua Group,5942,BOOKS_STATIONERY,PRIVATE_LIMITED,Ludhiana,Punjab,2024-09-23 00:00:00,XXXX7852,ACTIVE,778.0,False,False,False,False,False,False
MCH5476,Buch Group,5912,PHARMACY,PRIVATE_LIMITED,Delhi,Delhi,2024-03-08 00:00:00,,ACTIVE,1311.87,True,False,False,False,True,False
MCH5477,Mahajan Ltd,5699,APPAREL,INDIVIDUAL,Bengaluru,Karnataka,2025-09-01 00:00:00,XXXX9025,ACTIVE,3690.89,False,False,False,False,False,False
MCH5478,"Prashad, Tripathi and Bala",4814,TELECOM,PRIVATE_LIMITED,Jaipur,Rajasthan,2024-06-14 00:00:00,XXXX3083,ACTIVE,3789.33,False,False,False,False,False,False
MCH5479,"Mukherjee, Nazareth and Palla",5812,RESTAURANT,SOLE_PROPRIETOR,Ludhiana,Punjab,2024-02-19 00:00:00,XXXX2442,ACTIVE,,False,False,False,True,False,False
MCH5482,"Baral, Tak and Rajan",5812,RESTAURANT,INDIVIDUAL,Kolkata,West Bengal,2025-06-23 15:48:14,XXXX1905,INACTIVE,710.53,False,False,False,False,False,False
MCH5483,Khare Inc,5311,DEPARTMENT_STORE,SOLE_PROPRIETOR,Jalandhar,Punjab,2025-04-28 14:52:17,XXXX2584,ACTIVE,827.39,False,False,False,False,False,False
MCH5484,Vasa PLC,7011,HOTEL,INDIVIDUAL,Lucknow,Uttar Pradesh,2023-06-01 00:00:00,XXXX8704,ACTIVE,,False,False,False,True,False,False
MCH5488,Chaudry-Garde,5411,GROCERY,INDIVIDUAL,Kolkata,West Bengal,2023-03-31 00:00:00,,ACTIVE,405.0,False,False,False,False,True,False
MCH5489,NATH LTD,5311,DEPARTMENT_STORE,INDIVIDUAL,Jaipur,Rajasthan,2025-01-22 00:00:00,XXXX9871,ACTIVE,3788.36,False,False,False,False,False,False
MCH5490,"Bahl, Kakar and Dara",5699,APPAREL,INDIVIDUAL,Hyderabad,Telangana,2025-12-28 00:00:00,XXXX1698,ACTIVE,1917.65,False,False,False,False,False,False
MCH5493,ROY GROUP,5812,RESTAURANT,PARTNERSHIP,Lucknow,Uttar Pradesh,2024-05-11 12:32:56,XXXX4777,ACTIVE,,False,False,False,True,False,False
MCH5494,raja ltd,5942,BOOKS_STATIONERY,PARTNERSHIP,Ludhiana,Punjab,2025-07-19 00:00:00,XXXX2189,ACTIVE,209.91,False,False,False,False,False,False
MCH5496,Bhagat and Sons,5912,PHARMACY,PARTNERSHIP,Lucknow,Uttar Pradesh,2024-08-13 00:00:00,XXXX1356,ACTIVE,-199.73,False,False,True,False,False,False
MCH5497,Dayal and Sons,5999,MISC_RETAIL,PRIVATE_LIMITED,Delhi,Delhi,2024-04-28 22:58:00,XXXX0595,ACTIVE,1767.24,False,False,False,False,False,False
MCH5498,"Gera, Narayan and Sankaran",5311,DEPARTMENT_STORE,PARTNERSHIP,Kolkata,West Bengal,2025-11-10 00:00:00,XXXX9363,ACTIVE,849.49,False,False,False,False,False,False
MCH5500,"Dubey, Tandon and Batta",4814,TELECOM,SOLE_PROPRIETOR,Lucknow,Uttar Pradesh,2024-06-06 00:00:00,XXXX4371,ACTIVE,2211.38,False,False,False,False,False,False
MCH5502,Dutta and Sons,5311,DEPARTMENT_STORE,PARTNERSHIP,Kolkata,West Bengal,2025-04-08 00:00:00,XXXX8249,ACTIVE,-595.34,False,False,True,False,False,False
MCH5503,Suri Ltd,4131,TRANSPORT,PRIVATE_LIMITED,Kolkata,West Bengal,2024-08-30 18:32:00,,ACTIVE,2446.68,False,False,False,False,True,False
MCH5505,Korpal Inc,4814,TELECOM,INDIVIDUAL,Mumbai,Maharashtra,2025-05-05 00:00:00,,ACTIVE,1908.25,False,False,False,False,True,False
MCH5511,"Pandya, Dugar and Dube",5999,MISC_RETAIL,INDIVIDUAL,Delhi,Delhi,2025-02-09 08:12:00,,ACTIVE,997.89,False,False,False,False,True,False
MCH5516,Muni LLC,5699,APPAREL,INDIVIDUAL,Kolkata,West Bengal,2025-11-17 13:15:12,,ACTIVE,1139.0,False,False,False,False,True,False
MCH5518,Bhalla-Chaudhuri,5812,RESTAURANT,INDIVIDUAL,Lucknow,Uttar Pradesh,2025-04-19 00:00:00,,ACTIVE,1038.42,False,False,False,False,True,False
MCH5523,Behl Inc,5699,APPAREL,INDIVIDUAL,Lucknow,Uttar Pradesh,2025-06-15 00:02:44,XXXX8892,ACTIVE,2946.06,False,False,False,False,False,False
MCH5524,"Mangat, Sanghvi and Shah",5942,BOOKS_STATIONERY,PARTNERSHIP,Jalandhar,Punjab,2024-09-30 00:00:00,XXXX2255,ACTIVE,6188.2,False,False,False,False,False,False
MCH5525,Nagy and Sons,7011,HOTEL,PARTNERSHIP,Bengaluru,Karnataka,2026-01-29 04:09:00,XXXX1970,ACTIVE,1141.1,False,False,False,False,False,False
MCH5528,"Bhagat, Sathe and Iyengar",5411,GROCERY,SOLE_PROPRIETOR,Pune,Maharashtra,2026-02-13 11:24:00,,ACTIVE,668.43,False,False,False,False,True,False
MCH5529,"Ganguly, Mukherjee and Boase",5411,GROCERY,PRIVATE_LIMITED,Chennai,Tamil Nadu,2025-04-01 00:00:00,XXXX1495,ACTIVE,879.0,True,False,False,False,False,False
MCH5531,"Dhingra, Sangha and Sidhu",5411,GROCERY,PARTNERSHIP,Mumbai,Maharashtra,2025-04-25 00:00:00,XXXX9587,INACTIVE,-414.79,False,False,True,False,False,False
MCH5538,Barad-Nigam,4814,TELECOM,PARTNERSHIP,Pune,Maharashtra,2025-01-10 00:00:00,,ACTIVE,2223.97,True,False,False,False,True,False
MCH5541,Sheth and Sons,5812,RESTAURANT,INDIVIDUAL,Bengaluru,Karnataka,2024-07-13 09:55:59,,ACTIVE,548.54,False,False,False,False,True,False
MCH5545,Parikh-Raja,5942,BOOKS_STATIONERY,SOLE_PROPRIETOR,Lucknow,Uttar Pradesh,2023-06-04 00:00:00,,ACTIVE,1144.37,False,False,False,False,True,False
MCH5546,B0rde Inc,5311,DEPARTMENT_STORE,INDIVIDUAL,Ludhiana,Punjab,2024-09-27 00:00:00,XXXX3526,ACTIVE,1430.97,False,False,False,False,False,False
MCH5547,RAJU GROUP,5411,GROCERY,PARTNERSHIP,Bengaluru,Karnataka,2025-04-15 00:00:00,,ACTIVE,915.94,False,False,False,False,True,False
MCH5549,Bahri Ltd,5812,RESTAURANT,PARTNERSHIP,Chennai,Tamil Nadu,2023-10-06 00:00:00,XXXX0036,ACTIVE,1045.04,False,False,False,False,False,False
MCH5551,Narain-Goda,5699,APPAREL,PRIVATE_LIMITED,Mumbai,Maharashtra,2026-01-09 00:00:00,,ACTIVE,817.05,False,False,False,False,True,False
MCH5553,Sarna and Sons,5812,RESTAURANT,PRIVATE_LIMITED,Mumbai,Maharashtra,2023-06-07 02:21:12,XXXX7273,INACTIVE,-871.71,False,False,True,False,False,False
MCH5555,Prabhu Ltd,4131,TRANSPORT,PRIVATE_LIMITED,Bengaluru,Karnataka,2024-12-16 00:00:00,,ACTIVE,1663.56,False,False,False,False,True,False
MCH5556,Pau-Kale,5912,PHARMACY,PRIVATE_LIMITED,Mumbai,Maharashtra,2023-10-31 04:23:01,XXXX0696,ACTIVE,513.95,False,False,False,False,False,False
MCH5558,"Rao, Sidhu and Barad",7011,HOTEL,PARTNERSHIP,Amritsar,Punjab,2024-09-14 00:00:00,,ACTIVE,626.0,False,False,False,False,True,False
MCH5559,Muni-Raval,5411,GROCERY,PRIVATE_LIMITED,Jalandhar,Punjab,2026-01-21 00:00:00,,ACTIVE,723.26,False,False,False,False,True,False
MCH5560,"D’Alia, Dasgupta and Chakrabarti",4131,TRANSPORT,SOLE_PROPRIETOR,Jalandhar,Punjab,2023-02-09 00:00:00,,INACTIVE,1247.75,False,False,False,False,True,False
MCH5562,Savant-Narayan,4131,TRANSPORT,PRIVATE_LIMITED,Hyderabad,Telangana,2025-11-18 00:00:00,XXXX0731,ACTIVE,2799.21,False,False,False,False,False,False
MCH5563,"Dubey, Wali and Yadav",5699,APPAREL,SOLE_PROPRIETOR,Kolkata,West Bengal,2024-01-28 00:00:00,XXXX9320,ACTIVE,2198.0,True,False,False,False,False,False
MCH5565,Chatterjee and Sons,5411,GROCERY,SOLE_PROPRIETOR,Pune,Maharashtra,2025-12-11 00:00:00,XXXX4745,ACTIVE,1083.09,False,False,False,False,False,False
MCH5567,D’Alia Ltd,7011,HOTEL,INDIVIDUAL,Bengaluru,Karnataka,2025-09-09 00:00:00,XXXX2596,ACTIVE,271.02,False,False,False,False,False,False
MCH5569,"Thaman, Kar and Dass",5999,MISC_RETAIL,SOLE_PROPRIETOR,Mumbai,Maharashtra,2026-01-27 00:00:00,XXXX5921,INACTIVE,3592.34,False,False,False,False,False,False
MCH5570,"Sahni, Bala and Sharma",5999,MISC_RETAIL,INDIVIDUAL,Delhi,Delhi,2025-11-28 06:01:37,,INACTIVE,1506.33,False,False,False,False,True,False
MCH5573,"GUHA, DAYAL AND MUTTI",5411,GROCERY,SOLE_PROPRIETOR,Chennai,Tamil Nadu,,XXXX9546,ACTIVE,2684.58,False,False,False,False,False,True
MCH5575,Sandal LLC,5411,GROCERY,PARTNERSHIP,Chennai,Tamil Nadu,2024-02-13 00:00:00,XXXX5528,ACTIVE,5255.72,False,False,False,False,False,False
MCH5576,oza plc,4131,TRANSPORT,SOLE_PROPRIETOR,Bengaluru,Karnataka,2024-07-27 00:00:00,XXXX6114,ACTIVE,,False,False,False,True,False,False
MCH5580,Chatterjee-Andra,4131,TRANSPORT,PRIVATE_LIMITED,Lucknow,Uttar Pradesh,2026-01-01 00:00:00,XXXX8731,ACTIVE,512.38,False,False,False,False,False,False
MCH5583,"Sama, Thaman and Bakshi",4814,TELECOM,INDIVIDUAL,Pune,Maharashtra,2023-07-21 01:11:03,XXXX8722,ACTIVE,2696.94,False,False,False,False,False,False
MCH5586,Andra-Sha,5699,APPAREL,PRIVATE_LIMITED,Amritsar,Punjab,2023-07-03 00:00:00,XXXX4983,INACTIVE,-349.98,False,False,True,False,False,False
MCH5587,Pau-Gour,5812,RESTAURANT,PRIVATE_LIMITED,Pune,Maharashtra,2025-10-13 20:14:02,XXXX8615,ACTIVE,246.08,False,False,False,False,False,False
MCH5588,Divan-Yohannan,4131,TRANSPORT,INDIVIDUAL,Hyderabad,Telangana,,,ACTIVE,203.0,False,False,False,False,True,True
MCH5590,"Bhandari, M0re and Bhatti",4131,TRANSPORT,PARTNERSHIP,Pune,Maharashtra,2024-10-07 00:00:00,XXXX6114,INACTIVE,2034.57,False,False,False,False,False,False
MCH5594,Savant-Bhargava,5411,GROCERY,SOLE_PROPRIETOR,Bengaluru,Karnataka,2025-01-19 00:00:00,XXXX3717,INACTIVE,1235.6,False,False,False,False,False,False
MCH5595,"Menon, Ahluwalia and Mistry",7011,HOTEL,SOLE_PROPRIETOR,Jaipur,Rajasthan,2026-02-10 09:42:44,,ACTIVE,376.55,False,False,False,False,True,False
MCH5596,Biswas Group,5311,DEPARTMENT_STORE,PARTNERSHIP,Bengaluru,Karnataka,2024-12-02 00:00:00,XXXX6330,INACTIVE,-464.03,False,False,True,False,False,False
MCH5597,"Shankar, Pandey and Sridhar",5812,RESTAURANT,PRIVATE_LIMITED,Lucknow,Uttar Pradesh,,,ACTIVE,380.65,False,False,False,False,True,True
MCH5598,"Thakur, Verma and Venkataraman",5912,PHARMACY,INDIVIDUAL,Jalandhar,Punjab,2023-09-13 00:00:00,,ACTIVE,2948.79,False,False,False,False,True,False
MCH5599,Peri-Bhatti,5942,BOOKS_STATIONERY,INDIVIDUAL,Mumbai,Maharashtra,2023-06-06 05:11:00,,ACTIVE,8103.17,False,False,False,False,True,False
MCH5601,Raj-Gopal,7011,HOTEL,PRIVATE_LIMITED,Jalandhar,Punjab,2024-05-17 22:26:00,XXXX4461,ACTIVE,,False,False,False,True,False,False
MCH5602,Kaul PLC,5411,GROCERY,PRIVATE_LIMITED,Hyderabad,Telangana,2023-05-17 00:00:00,XXXX9197,INACTIVE,469.06,False,False,False,False,False,False
MCH5603,Saha-Sahota,5812,RESTAURANT,PARTNERSHIP,Mumbai,Maharashtra,2025-09-12 13:03:44,XXXX8202,ACTIVE,1242.85,True,False,False,False,False,False
MCH5606,Sunder Inc,7011,HOTEL,PARTNERSHIP,Ludhiana,Punjab,2023-06-25 00:00:00,XXXX9289,ACTIVE,965.69,True,False,False,False,False,False
MCH5607,Sengupta-Murty,5942,BOOKS_STATIONERY,SOLE_PROPRIETOR,Delhi,Delhi,2023-10-05 00:00:00,XXXX9954,ACTIVE,2739.15,False,False,False,False,False,False
MCH5608,raman-behl,5812,RESTAURANT,INDIVIDUAL,Amritsar,Punjab,2023-10-05 00:00:00,,ACTIVE,251.88,False,False,False,False,True,False
MCH5611,Walia-Lad,7011,HOTEL,PARTNERSHIP,Lucknow,Uttar Pradesh,2025-07-01 06:56:00,XXXX6019,ACTIVE,269.25,False,False,False,False,False,False
MCH5618,Biswas and Sons,5912,PHARMACY,PARTNERSHIP,Delhi,Delhi,2024-04-03 21:03:00,XXXX7039,ACTIVE,833.5,False,False,False,False,False,False
MCH5619,"Iyer, Lata and Bhatnagar",4131,TRANSPORT,PARTNERSHIP,Bengaluru,Karnataka,2025-07-09 00:00:00,XXXX4930,ACTIVE,5962.0,False,False,False,False,False,False
MCH5622,Solanki and Sons,5942,BOOKS_STATIONERY,INDIVIDUAL,Bengaluru,Karnataka,2023-08-13 00:00:00,XXXX8742,ACTIVE,252.61,False,False,False,False,False,False
MCH5626,"Borah, Bedi and Khalsa",7011,HOTEL,SOLE_PROPRIETOR,Hyderabad,Telangana,2026-02-25 00:00:00,,INACTIVE,1422.38,False,False,False,False,True,False
MCH5627,"SRIDHAR, YOGI AND PANCHAL",5411,GROCERY,SOLE_PROPRIETOR,Jaipur,Rajasthan,2025-09-23 00:00:00,,ACTIVE,483.0,False,False,False,False,True,False
MCH5629,Dixit LLC,5311,DEPARTMENT_STORE,PRIVATE_LIMITED,Amritsar,Punjab,2023-09-16 02:35:10,XXXX7735,ACTIVE,1084.28,False,False,False,False,False,False
MCH5630,Srinivas-Doshi,7011,HOTEL,SOLE_PROPRIETOR,Amritsar,Punjab,2023-04-28 00:00:00,XXXX1457,INACTIVE,2338.55,False,False,False,False,False,False
MCH5631,"Bhattacharyya, Behl and Barad",5699,APPAREL,SOLE_PROPRIETOR,Bengaluru,Karnataka,2025-08-30 16:56:41,XXXX1656,ACTIVE,857.0,False,False,False,False,False,False
MCH5632,Tandon Ltd,5311,DEPARTMENT_STORE,SOLE_PROPRIETOR,Bengaluru,Karnataka,2025-05-29 12:56:08,,ACTIVE,270.52,False,False,False,False,True,False
MCH5637,pandit-bail,5311,DEPARTMENT_STORE,PRIVATE_LIMITED,Lucknow,Uttar Pradesh,2024-09-15 00:00:00,XXXX5250,ACTIVE,905.79,False,False,False,False,False,False
MCH5639,"Viswanathan, Gupta and Varghese",7011,HOTEL,SOLE_PROPRIETOR,Mumbai,Maharashtra,2023-09-02 00:00:00,,ACTIVE,2712.0,False,False,False,False,True,False
MCH5641,"Kant, Raju and Sandal",5999,MISC_RETAIL,PARTNERSHIP,Pune,Maharashtra,2025-05-30 00:00:00,XXXX4214,INACTIVE,2474.31,False,False,False,False,False,False
MCH5642,Ganguly-Kalla,5912,PHARMACY,PRIVATE_LIMITED,Jalandhar,Punjab,2025-11-19 00:00:00,XXXX0565,ACTIVE,-870.56,False,False,True,False,False,False
MCH5644,Prabhu-Chaudhry,5699,APPAREL,INDIVIDUAL,Hyderabad,Telangana,2025-05-09 20:50:00,XXXX1052,ACTIVE,-2643.86,False,False,True,False,False,False
MCH5645,Dey Ltd,4814,TELECOM,PRIVATE_LIMITED,Jalandhar,Punjab,2025-12-18 00:00:00,XXXX3245,ACTIVE,1164.31,False,False,False,False,False,False
MCH5646,badal-anand,4814,TELECOM,PRIVATE_LIMITED,Mumbai,Maharashtra,2025-06-05 23:31:00,XXXX0079,ACTIVE,4606.04,False,False,False,False,False,False
MCH5648,Morar and Sons,7011,HOTEL,INDIVIDUAL,Pune,Maharashtra,2023-08-06 00:00:00,XXXX2491,ACTIVE,-972.68,False,False,True,False,False,False
MCH5652,"Borde, Bhasin and Dua",5411,GROCERY,INDIVIDUAL,Mumbai,Maharashtra,2023-12-10 00:00:00,XXXX7597,ACTIVE,-669.05,False,False,True,False,False,False
MCH5656,Sen-Dube,5942,BOOKS_STATIONERY,PARTNERSHIP,Pune,Maharashtra,2024-05-03 00:00:00,XXXX7441,INACTIVE,1139.41,False,False,False,False,False,False
MCH5657,Natt-Goel,5999,MISC_RETAIL,INDIVIDUAL,Delhi,Delhi,,,ACTIVE,1355.0,False,False,False,False,True,True
MCH5660,Goda-Goda,5812,RESTAURANT,PARTNERSHIP,Ludhiana,Punjab,,XXXX9971,ACTIVE,-1213.87,False,False,True,False,False,True
MCH5662,BUCH PLC,4131,TRANSPORT,PARTNERSHIP,Delhi,Delhi,2023-01-18 20:50:14,XXXX8268,ACTIVE,2776.96,False,False,False,False,False,False
MCH5663,"goyal, brahmbhatt and raja",5912,PHARMACY,INDIVIDUAL,Ludhiana,Punjab,2023-05-31 00:00:00,,INACTIVE,2417.27,False,False,False,False,True,False
MCH5664,"Om, Kari and Pandit",5812,RESTAURANT,PARTNERSHIP,Hyderabad,Telangana,2024-07-15 00:00:00,XXXX5997,INACTIVE,6853.27,False,False,False,False,False,False
MCH5665,"Parikh, Ray and Lall",5942,BOOKS_STATIONERY,PARTNERSHIP,Jaipur,Rajasthan,2023-09-12 00:00:00,XXXX1393,ACTIVE,1428.0,False,False,False,False,False,False
MCH5669,"Sodhi, Luthra and Batta",5812,RESTAURANT,PRIVATE_LIMITED,Jalandhar,Punjab,2025-10-08 07:29:30,XXXX1040,ACTIVE,1557.34,False,False,False,False,False,False
MCH5671,Bava-Arya,5699,APPAREL,PRIVATE_LIMITED,Hyderabad,Telangana,2023-11-18 22:06:00,XXXX5773,ACTIVE,2123.47,False,False,False,False,False,False
MCH5673,Palan-Memon,4131,TRANSPORT,SOLE_PROPRIETOR,Delhi,Delhi,2023-09-16 00:00:00,XXXX7851,ACTIVE,414.92,False,False,False,False,False,False
MCH5674,"Chhabra, Samra and Ghosh",4131,TRANSPORT,PARTNERSHIP,Mumbai,Maharashtra,,,ACTIVE,1727.77,False,False,False,False,True,True
MCH5676,"BHATTI, CHAHAL AND MISHRA",5311,DEPARTMENT_STORE,INDIVIDUAL,Jalandhar,Punjab,2025-07-15 05:45:20,XXXX2575,ACTIVE,744.63,False,False,False,False,False,False
MCH5678,Bhat-Borra,5912,PHARMACY,PRIVATE_LIMITED,Amritsar,Punjab,2024-06-08 00:00:00,XXXX6313,ACTIVE,677.93,False,False,False,False,False,False
MCH5683,subramanian group,5311,DEPARTMENT_STORE,PRIVATE_LIMITED,Lucknow,Uttar Pradesh,2024-10-24 15:26:50,XXXX3623,ACTIVE,774.44,False,False,False,False,False,False
MCH5684,Arora PLC,5699,APPAREL,SOLE_PROPRIETOR,Kolkata,West Bengal,2023-11-15 16:39:00,XXXX4030,ACTIVE,898.89,False,False,False,False,False,False
MCH5687,"Prasad, Tank and Char",4131,TRANSPORT,INDIVIDUAL,Ludhiana,Punjab,,XXXX6544,ACTIVE,487.38,False,False,False,False,False,True
MCH5695,Divan Inc,5699,APPAREL,INDIVIDUAL,Hyderabad,Telangana,2025-08-20 19:03:23,XXXX5874,ACTIVE,,False,False,False,True,False,False
MCH5696,Mittal Group,5411,GROCERY,PRIVATE_LIMITED,Chennai,Tamil Nadu,2024-05-18 00:00:00,,ACTIVE,2595.13,False,False,False,False,True,False
MCH5697,"Kapadia, Sharma and Maharaj",5999,MISC_RETAIL,PARTNERSHIP,Pune,Maharashtra,2023-08-27 00:00:00,XXXX8472,ACTIVE,4565.23,True,False,False,False,False,False
MCH5698,Rana Ltd,5942,BOOKS_STATIONERY,PRIVATE_LIMITED,Chennai,Tamil Nadu,2025-01-07 00:00:00,,ACTIVE,2808.27,False,False,False,False,True,False
MCH5701,"Lad, Thakkar and Nazareth",4131,TRANSPORT,PRIVATE_LIMITED,Kolkata,West Bengal,,XXXX7572,ACTIVE,1254.73,False,False,False,False,False,True
MCH5704,RAVEL-TALWAR,4131,TRANSPORT,SOLE_PROPRIETOR,Chennai,Tamil Nadu,2025-09-25 08:00:41,XXXX8365,INACTIVE,-4204.94,False,False,True,False,False,False
MCH5705,"PALAN, BHARGAVA AND JAGGI",4131,TRANSPORT,INDIVIDUAL,Lucknow,Uttar Pradesh,2026-02-05 00:00:00,,ACTIVE,1360.45,False,False,False,False,True,False
MCH5707,De01 Gr0up,5411,GROCERY,PARTNERSHIP,Hyderabad,Telangana,2023-09-19 00:00:00,XXXX4966,ACTIVE,666.58,False,False,False,False,False,False
MCH5709,shroff-mukherjee,4814,TELECOM,PRIVATE_LIMITED,Jaipur,Rajasthan,2024-11-10 18:13:32,XXXX3493,ACTIVE,668.22,False,False,False,False,False,False
MCH5710,Karnik Ltd,5942,BOOKS_STATIONERY,PARTNERSHIP,Jaipur,Rajasthan,2025-12-24 00:00:00,XXXX3025,ACTIVE,2156.34,False,False,False,False,False,False
MCH5712,Goda-Kashyap,5942,BOOKS_STATIONERY,PRIVATE_LIMITED,Amritsar,Punjab,2025-01-12 00:00:00,XXXX7117,ACTIVE,,False,False,False,True,False,False
MCH5715,"Bansal,AryaandBhat",5912,PHARMACY,PRIVATE_LIMITED,Bengaluru,Karnataka,2025-01-20 00:00:00,,ACTIVE,1290.0,False,False,False,False,True,False
MCH5716,nadig inc,4814,TELECOM,INDIVIDUAL,Chennai,Tamil Nadu,2025-06-26 14:09:58,,ACTIVE,1811.84,False,False,False,False,True,False
MCH5717,"Kuruvilla, Deol and Rama",5942,BOOKS_STATIONERY,SOLE_PROPRIETOR,Jaipur,Rajasthan,2023-05-16 23:01:00,,ACTIVE,8901.44,False,False,False,False,True,False
MCH5720,Karnik Group,5942,BOOKS_STATIONERY,PARTNERSHIP,Amritsar,Punjab,2023-10-28 00:00:00,XXXX1693,ACTIVE,6186.34,False,False,False,False,False,False
MCH5722,Kant-Gara,7011,HOTEL,PARTNERSHIP,Lucknow,Uttar Pradesh,2024-12-16 00:00:00,XXXX9027,ACTIVE,1451.76,False,False,False,False,False,False
MCH5723,Doctor LLC,5411,GROCERY,PRIVATE_LIMITED,Kolkata,West Bengal,2023-04-08 00:00:00,XXXX6555,ACTIVE,-574.8,True,False,True,False,False,False
MCH5727,"Sandal, Deshmukh and Lata",5699,APPAREL,PARTNERSHIP,Bengaluru,Karnataka,2024-04-21 23:21:20,XXXX9751,ACTIVE,411.34,False,False,False,False,False,False
MCH5734,BALAN INC,5311,DEPARTMENT_STORE,PRIVATE_LIMITED,Jalandhar,Punjab,2025-05-20 00:00:00,,ACTIVE,2000.53,False,False,False,False,True,False
MCH5736,Agate LLC,4131,TRANSPORT,SOLE_PROPRIETOR,Delhi,Delhi,2023-04-16 00:00:00,XXXX7731,ACTIVE,3557.14,False,False,False,False,False,False
MCH5737,Ben Inc,5699,APPAREL,INDIVIDUAL,Ludhiana,Punjab,2023-06-13 00:00:00,XXXX3959,INACTIVE,-2812.11,False,False,True,False,False,False
MCH5740,Dayal-Desai,5699,APPAREL,SOLE_PROPRIETOR,Chennai,Tamil Nadu,2025-04-10 00:00:00,,ACTIVE,4887.0,False,False,False,False,True,False
MCH5741,Rajagopalan PLC,5942,BOOKS_STATIONERY,INDIVIDUAL,Hyderabad,Telangana,2025-10-29 08:07:02,XXXX6336,INACTIVE,1562.28,False,False,False,False,False,False
MCH5744,Dalal-Lall,7011,HOTEL,PRIVATE_LIMITED,Chennai,Tamil Nadu,2023-05-31 00:00:00,XXXX1007,ACTIVE,3350.6,False,False,False,False,False,False
MCH5745,Sawhney-Apte,5912,PHARMACY,PRIVATE_LIMITED,Delhi,Delhi,2025-06-04 03:56:54,XXXX6911,ACTIVE,2109.42,True,False,False,False,False,False
MCH5747,"NARASIMHAN, DOSHI AND PALL",5812,RESTAURANT,PRIVATE_LIMITED,Kolkata,West Bengal,2025-08-05 00:00:00,XXXX9034,ACTIVE,4280.12,False,False,False,False,False,False
MCH5749,Master LLC,5812,RESTAURANT,PRIVATE_LIMITED,Kolkata,West Bengal,2024-04-30 00:00:00,XXXX0313,ACTIVE,6699.41,True,False,False,False,False,False
MCH5753,"Nair, Pai and Issac",5699,APPAREL,INDIVIDUAL,Mumbai,Maharashtra,2026-01-29 00:00:00,XXXX4850,ACTIVE,1860.02,True,False,False,False,False,False
MCH5758,"aggarwal, hayer and nayar",5999,MISC_RETAIL,INDIVIDUAL,Amritsar,Punjab,2023-09-22 00:00:00,XXXX0401,ACTIVE,3630.79,False,False,False,False,False,False
MCH5762,Hayre and Sons,5942,BOOKS_STATIONERY,SOLE_PROPRIETOR,Kolkata,West Bengal,2024-01-05 06:19:29,XXXX2767,ACTIVE,823.98,False,False,False,False,False,False
MCH5765,Murty Inc,4131,TRANSPORT,PARTNERSHIP,Mumbai,Maharashtra,2025-07-18 00:00:00,,ACTIVE,2715.83,False,False,False,False,True,False
MCH5766,Varkey-Datta,4814,TELECOM,PRIVATE_LIMITED,Mumbai,Maharashtra,2024-02-18 00:00:00,,ACTIVE,-1162.56,False,False,True,False,True,False
MCH5767,pandya inc,4814,TELECOM,INDIVIDUAL,Jaipur,Rajasthan,2024-01-09 00:00:00,XXXX3008,ACTIVE,793.79,False,False,False,False,False,False
MCH5768,Minhas Gr0up,4814,TELECOM,SOLE_PROPRIETOR,Hyderabad,Telangana,2023-09-08 00:00:00,XXXX6679,ACTIVE,1396.68,True,False,False,False,False,False
MCH5770,kari llc,5912,PHARMACY,PRIVATE_LIMITED,Hyderabad,Telangana,2025-01-29 10:38:17,,ACTIVE,573.41,False,False,False,False,True,False
MCH5775,SRINIVAS LTD,5311,DEPARTMENT_STORE,INDIVIDUAL,Kolkata,West Bengal,2025-11-01 10:50:11,XXXX3983,ACTIVE,7152.05,False,False,False,False,False,False
MCH5776,Varma-Bahri,5699,APPAREL,INDIVIDUAL,Mumbai,Maharashtra,2025-04-10 00:00:00,XXXX5143,INACTIVE,807.85,False,False,False,False,False,False
MCH5777,Dubey and Sons,5999,MISC_RETAIL,INDIVIDUAL,Bengaluru,Karnataka,2025-12-01 19:34:00,,INACTIVE,4320.83,False,False,False,False,True,False
MCH5780,"Kumar, Bedi and Borah",5942,BOOKS_STATIONERY,INDIVIDUAL,Bengaluru,Karnataka,2025-01-12 18:36:00,,INACTIVE,845.88,False,False,False,False,True,False
MCH5781,Bava and Sons,7011,HOTEL,PARTNERSHIP,Hyderabad,Telangana,2024-03-24 09:56:13,,ACTIVE,2364.14,False,False,False,False,True,False
MCH5784,"Kakar, Palla and Vyas",5699,APPAREL,PRIVATE_LIMITED,Jalandhar,Punjab,2024-06-01 22:17:58,,ACTIVE,220.77,False,False,False,False,True,False
MCH5785,Vohra Inc,5699,APPAREL,PARTNERSHIP,Mumbai,Maharashtra,2023-06-25 00:00:00,XXXX5959,ACTIVE,1694.59,False,False,False,False,False,False
MCH5786,"Bhasin, Manda1 and Tank",4131,TRANSPORT,INDIVIDUAL,Kolkata,West Bengal,2025-08-02 00:00:00,XXXX2072,INACTIVE,1913.26,False,False,False,False,False,False
MCH5787,Bassi Inc,7011,HOTEL,SOLE_PROPRIETOR,Mumbai,Maharashtra,2025-06-24 00:00:00,XXXX0298,ACTIVE,555.97,False,False,False,False,False,False
MCH5790,Devi and Sons,5942,BOOKS_STATIONERY,PARTNERSHIP,Jaipur,Rajasthan,2024-06-03 01:35:36,XXXX9956,ACTIVE,8961.2,False,False,False,False,False,False
MCH5792,"bava, krish and ghose",4131,TRANSPORT,PARTNERSHIP,Amritsar,Punjab,2024-07-09 00:00:00,XXXX7279,INACTIVE,1136.54,False,False,False,False,False,False
MCH5793,Pathak Group,4131,TRANSPORT,INDIVIDUAL,Mumbai,Maharashtra,2025-04-27 00:00:00,XXXX5225,ACTIVE,1570.7,False,False,False,False,False,False
MCH5794,Gulati and Sons,5999,MISC_RETAIL,PRIVATE_LIMITED,Bengaluru,Karnataka,2024-07-18 15:31:05,,ACTIVE,614.67,False,False,False,False,True,False
MCH5795,"Sunder, Bera and Srinivas",7011,HOTEL,PRIVATE_LIMITED,Kolkata,West Bengal,2023-05-19 17:04:00,,ACTIVE,167.0,False,False,False,False,True,False
MCH5797,Sami Ltd,5942,BOOKS_STATIONERY,INDIVIDUAL,Jalandhar,Punjab,2024-03-05 15:38:56,XXXX7716,ACTIVE,651.76,False,False,False,False,False,False
MCH5798,DIVAN-MAHAL,5812,RESTAURANT,INDIVIDUAL,Jaipur,Rajasthan,2023-02-19 00:00:00,XXXX9438,ACTIVE,110.98,False,False,False,False,False,False
MCH5799,Nagar Inc,7011,HOTEL,PRIVATE_LIMITED,Jalandhar,Punjab,2026-02-16 00:00:00,XXXX2548,ACTIVE,209.08,False,False,False,False,False,False
MCH5801,"Narasimhan, Grewal and Vora",4131,TRANSPORT,PRIVATE_LIMITED,Delhi,Delhi,2023-08-08 00:00:00,,ACTIVE,1697.55,False,False,False,False,True,False
MCH5805,natarajan-walla,4131,TRANSPORT,PARTNERSHIP,Ludhiana,Punjab,2025-06-03 12:56:57,XXXX1704,ACTIVE,449.15,False,False,False,False,False,False
MCH5807,Madan Ltd,5311,DEPARTMENT_STORE,SOLE_PROPRIETOR,Jalandhar,Punjab,2023-11-06 00:00:00,XXXX1600,ACTIVE,1974.14,False,False,False,False,False,False
MCH5809,Virk-Peri,5942,BOOKS_STATIONERY,INDIVIDUAL,Jaipur,Rajasthan,2023-07-25 09:05:00,XXXX6781,INACTIVE,1513.53,False,False,False,False,False,False
MCH5812,aurora and sons,7011,HOTEL,SOLE_PROPRIETOR,Hyderabad,Telangana,2024-03-03 00:00:00,XXXX8048,ACTIVE,410.12,False,False,False,False,False,False
MCH5813,Nair Inc,4814,TELECOM,SOLE_PROPRIETOR,Chennai,Tamil Nadu,,,ACTIVE,1408.29,False,False,False,False,True,True
MCH5822,Gandhi-Krish,5311,DEPARTMENT_STORE,SOLE_PROPRIETOR,Bengaluru,Karnataka,2023-02-10 00:00:00,XXXX3727,ACTIVE,1268.39,False,False,False,False,False,False
MCH5823,GARDE LLC,5311,DEPARTMENT_STORE,SOLE_PROPRIETOR,Bengaluru,Karnataka,2023-03-15 00:00:00,XXXX1484,INACTIVE,1075.77,False,False,False,False,False,False
MCH5825,Bhardwaj-Sachdeva,5942,BOOKS_STATIONERY,PARTNERSHIP,Bengaluru,Karnataka,2024-05-17 00:03:40,,ACTIVE,-1108.32,False,False,True,False,True,False
MCH5829,BATTA LTD,5812,RESTAURANT,SOLE_PROPRIETOR,Jalandhar,Punjab,2024-11-07 00:00:00,XXXX0780,INACTIVE,690.13,False,False,False,False,False,False
MCH5831,KIBE INC,4814,TELECOM,SOLE_PROPRIETOR,Ludhiana,Punjab,2024-01-21 16:49:33,,ACTIVE,2267.19,False,False,False,False,True,False
MCH5833,Deep and Sons,5411,GROCERY,PARTNERSHIP,Jaipur,Rajasthan,2024-04-04 00:00:00,,ACTIVE,4335.22,False,False,False,False,True,False
MCH5834,Sundaram-Sarkar,5812,RESTAURANT,PARTNERSHIP,Hyderabad,Telangana,2025-07-27 00:00:00,XXXX6821,ACTIVE,1502.09,False,False,False,False,False,False
MCH5835,"Kanda, Saraf and Prashad",5699,APPAREL,SOLE_PROPRIETOR,Jalandhar,Punjab,2023-03-06 00:00:00,,ACTIVE,622.64,False,False,False,False,True,False
MCH5841,Nori Group,5912,PHARMACY,SOLE_PROPRIETOR,Mumbai,Maharashtra,2023-01-11 06:18:00,,ACTIVE,466.44,False,False,False,False,True,False
MCH5842,"Dutt, Trivedi and Dhingra",5942,BOOKS_STATIONERY,PARTNERSHIP,Amritsar,Punjab,2024-01-21 11:32:28,XXXX5651,ACTIVE,182.55,False,False,False,False,False,False
MCH5843,Wason and Sons,4814,TELECOM,INDIVIDUAL,Hyderabad,Telangana,2023-05-30 00:00:00,,INACTIVE,1023.46,False,False,False,False,True,False
MCH5845,Buch PLC,5311,DEPARTMENT_STORE,SOLE_PROPRIETOR,Ludhiana,Punjab,2025-09-25 00:00:00,XXXX6940,ACTIVE,1603.87,False,False,False,False,False,False
MCH5847,"Kar, Gupta and Choudhry",7011,HOTEL,SOLE_PROPRIETOR,Kolkata,West Bengal,2023-05-20 00:00:00,XXXX0216,ACTIVE,-4487.3,False,False,True,False,False,False
MCH5849,Balakrishnan Ltd,5699,APPAREL,PRIVATE_LIMITED,Lucknow,Uttar Pradesh,2025-04-06 00:00:00,,ACTIVE,6558.56,False,False,False,False,True,False
MCH5850,Virk-Loke,5699,APPAREL,PARTNERSHIP,Mumbai,Maharashtra,,XXXX6038,ACTIVE,3558.0,False,False,False,False,False,True
MCH5851,"Chakrabarti, Sen and Misra",5411,GROCERY,SOLE_PROPRIETOR,Pune,Maharashtra,2026-02-15 14:58:09,XXXX3366,ACTIVE,1867.35,False,False,False,False,False,False
MCH5855,"Rajagopalan,MuniandPrasad",5699,APPAREL,PARTNERSHIP,Jalandhar,Punjab,2023-09-08 00:00:00,,ACTIVE,115.41,True,False,False,False,True,False
MCH5856,"WASON, SAVANT AND BAHL",5999,MISC_RETAIL,INDIVIDUAL,Mumbai,Maharashtra,2026-02-11 00:00:00,,ACTIVE,944.06,True,False,False,False,True,False
MCH5857,"VARUGHESE, VORA AND CHOKSHI",4814,TELECOM,INDIVIDUAL,Lucknow,Uttar Pradesh,2025-11-21 00:00:00,,INACTIVE,687.33,False,False,False,False,True,False
MCH5861,MANNE-CHATTERJEE,5812,RESTAURANT,SOLE_PROPRIETOR,Delhi,Delhi,2024-10-28 00:00:00,,ACTIVE,174.45,False,False,False,False,True,False
MCH5870,Deol Group,4131,TRANSPORT,SOLE_PROPRIETOR,Chennai,Tamil Nadu,2023-04-02 21:18:00,,INACTIVE,1911.31,False,False,False,False,True,False
MCH5872,Sandal Ltd,5411,GROCERY,PRIVATE_LIMITED,Bengaluru,Karnataka,,,ACTIVE,2434.63,False,False,False,False,True,True
MCH5873,"Kade, Srivastava and Iyengar",5999,MISC_RETAIL,PARTNERSHIP,Lucknow,Uttar Pradesh,2023-10-06 00:00:00,,ACTIVE,3185.85,False,False,False,False,True,False
MCH5874,Mann-Ma11ick,7011,HOTEL,PARTNERSHIP,Delhi,Delhi,2023-11-29 00:00:00,XXXX9818,ACTIVE,1160.0,False,False,False,False,False,False
MCH5879,"Sridhar, Sani and Ma11",4814,TELECOM,INDIVIDUAL,Hyderabad,Telangana,2025-12-30 20:57:31,XXXX4907,ACTIVE,-3624.48,False,False,True,False,False,False
MCH5880,"Varty, Ratta and Venkataraman",5699,APPAREL,SOLE_PROPRIETOR,Amritsar,Punjab,2023-06-11 00:00:00,XXXX2937,ACTIVE,1913.84,False,False,False,False,False,False
MCH5881,Sengupta-Bhat,5912,PHARMACY,SOLE_PROPRIETOR,Kolkata,West Bengal,2025-12-16 22:30:53,XXXX8685,ACTIVE,1381.95,True,False,False,False,False,False
MCH5882,"Barad, Kara and Gokhale",4814,TELECOM,SOLE_PROPRIETOR,Chennai,Tamil Nadu,2024-09-25 00:00:00,XXXX4171,INACTIVE,626.5,True,False,False,False,False,False
MCH5883,Pillai Ltd,5942,BOOKS_STATIONERY,PARTNERSHIP,Pune,Maharashtra,2024-10-18 00:00:00,XXXX3469,ACTIVE,2102.56,True,False,False,False,False,False
MCH5884,Raman and Sons,4131,TRANSPORT,INDIVIDUAL,Chennai,Tamil Nadu,,XXXX0053,ACTIVE,743.19,False,False,False,False,False,True
MCH5890,Apte-Sant,5311,DEPARTMENT_STORE,PARTNERSHIP,Amritsar,Punjab,2026-01-27 00:00:00,XXXX6030,INACTIVE,2687.77,False,False,False,False,False,False
MCH5892,Mangat-Dutta,5942,BOOKS_STATIONERY,SOLE_PROPRIETOR,Jaipur,Rajasthan,2023-10-08 00:00:00,XXXX7194,INACTIVE,2243.17,True,False,False,False,False,False
MCH5894,Borra-Tiwari,5311,DEPARTMENT_STORE,PARTNERSHIP,Bengaluru,Karnataka,2025-05-24 19:29:00,,ACTIVE,239.64,False,False,False,False,True,False
MCH5895,Dey LLC,4131,TRANSPORT,INDIVIDUAL,Chennai,Tamil Nadu,2024-08-05 00:00:00,,ACTIVE,693.85,False,False,False,False,True,False
MCH5896,Kale Group,5942,BOOKS_STATIONERY,INDIVIDUAL,Hyderabad,Telangana,2023-07-21 00:00:00,XXXX6271,ACTIVE,533.74,False,False,False,False,False,False
MCH5897,Mutti-Doshi,5912,PHARMACY,PRIVATE_LIMITED,Amritsar,Punjab,2026-01-06 00:00:00,,ACTIVE,1302.0,False,False,False,False,True,False
MCH5898,Virk-Mani,5699,APPAREL,PARTNERSHIP,Delhi,Delhi,2025-08-23 00:00:00,XXXX4945,ACTIVE,2502.05,False,False,False,False,False,False
MCH5900,Sarraf-Nagar,5912,PHARMACY,SOLE_PROPRIETOR,Kolkata,West Bengal,2024-03-23 06:41:25,XXXX1893,ACTIVE,380.94,False,False,False,False,False,False
MCH5902,"Iyer, Pal and Kaur",5311,DEPARTMENT_STORE,PRIVATE_LIMITED,Pune,Maharashtra,2024-08-14 00:00:00,,ACTIVE,441.19,False,False,False,False,True,False
MCH5904,Karan Ltd,5699,APPAREL,SOLE_PROPRIETOR,Bengaluru,Karnataka,2023-11-29 00:00:00,,ACTIVE,1441.0,False,False,False,False,True,False
MCH5905,KARNIK LTD,5812,RESTAURANT,INDIVIDUAL,Pune,Maharashtra,2026-02-05 00:00:00,XXXX6996,ACTIVE,653.53,False,False,False,False,False,False
MCH5911,Chacko-Kota,5311,DEPARTMENT_STORE,PARTNERSHIP,Hyderabad,Telangana,2023-09-07 00:00:00,,ACTIVE,797.25,False,False,False,False,True,False
MCH5912,"raman, viswanathan and garg",4814,TELECOM,INDIVIDUAL,Bengaluru,Karnataka,2023-12-01 17:59:00,XXXX1837,ACTIVE,4153.0,False,False,False,False,False,False
MCH5914,"Agarwal, Pant and Ravi",5311,DEPARTMENT_STORE,PRIVATE_LIMITED,Hyderabad,Telangana,2023-10-23 09:35:36,XXXX4508,ACTIVE,-1447.48,False,False,True,False,False,False
MCH5915,"Solanki, Banik and Badal",4131,TRANSPORT,INDIVIDUAL,Jalandhar,Punjab,2024-10-22 00:00:00,XXXX8472,ACTIVE,1488.9,False,False,False,False,False,False
MCH5917,"TARA, BHASIN AND SINGH",5912,PHARMACY,SOLE_PROPRIETOR,Pune,Maharashtra,2023-08-26 00:00:00,XXXX3463,INACTIVE,443.4,False,False,False,False,False,False
MCH5918,bora-rege,5699,APPAREL,PARTNERSHIP,Pune,Maharashtra,2024-09-23 00:00:00,XXXX8386,ACTIVE,-203.17,False,False,True,False,False,False
MCH5921,Saraf-Saraf,7011,HOTEL,INDIVIDUAL,Jaipur,Rajasthan,2025-05-31 15:14:51,XXXX9547,INACTIVE,352.95,False,False,False,False,False,False
MCH5923,"Banik, Yogi and Seth",4814,TELECOM,INDIVIDUAL,Delhi,Delhi,,XXXX7681,INACTIVE,378.2,False,False,False,False,False,True
MCH5924,Chana-Thaman,4814,TELECOM,SOLE_PROPRIETOR,Delhi,Delhi,2025-09-27 23:42:15,XXXX2862,ACTIVE,1054.56,False,False,False,False,False,False
MCH5927,"Hayer, Palla and Ganesh",5699,APPAREL,PRIVATE_LIMITED,Lucknow,Uttar Pradesh,2024-06-16 00:00:00,,ACTIVE,3764.09,False,False,False,False,True,False
MCH5929,Chaudry-Pal,7011,HOTEL,PRIVATE_LIMITED,Chennai,Tamil Nadu,2024-11-12 00:00:00,XXXX9966,ACTIVE,705.57,False,False,False,False,False,False
MCH5932,Jani-Sathe,4814,TELECOM,PARTNERSHIP,Ludhiana,Punjab,2024-10-09 04:03:57,,INACTIVE,2383.64,False,False,False,False,True,False
MCH5933,"natarajan, swaminathan and dugar",5999,MISC_RETAIL,PARTNERSHIP,Kolkata,West Bengal,2025-09-26 20:35:00,XXXX6381,ACTIVE,-2711.41,False,False,True,False,False,False
MCH5934,Krish-Doshi,4131,TRANSPORT,INDIVIDUAL,Jaipur,Rajasthan,2024-02-24 03:10:41,XXXX4980,ACTIVE,2895.4,False,False,False,False,False,False
MCH5937,"Babu, Contractor and Sem",5411,GROCERY,PRIVATE_LIMITED,Hyderabad,Telangana,2023-01-04 00:00:00,,INACTIVE,415.88,False,False,False,False,True,False
MCH5938,Prabhu LLC,5999,MISC_RETAIL,SOLE_PROPRIETOR,Jalandhar,Punjab,2024-10-16 00:00:00,,ACTIVE,590.79,False,False,False,False,True,False
MCH5939,"mohan, varughese and johal",5411,GROCERY,PARTNERSHIP,Bengaluru,Karnataka,2024-12-20 00:00:00,XXXX0991,ACTIVE,4307.34,False,False,False,False,False,False
MCH5941,G0ur Ltd,5942,BOOKS_STATIONERY,PRIVATE_LIMITED,Lucknow,Uttar Pradesh,2023-04-30 00:00:00,XXXX2222,INACTIVE,1448.04,False,False,False,False,False,False
MCH5944,Dave-Bal,4131,TRANSPORT,PRIVATE_LIMITED,Mumbai,Maharashtra,2024-12-18 00:00:00,XXXX8286,ACTIVE,-1778.76,False,False,True,False,False,False
MCH5950,Dey-Raj,5999,MISC_RETAIL,SOLE_PROPRIETOR,Amritsar,Punjab,2025-11-29 00:00:00,XXXX7445,ACTIVE,-3256.77,False,False,True,False,False,False
MCH5951,"Sahni, Gour and Sama",5311,DEPARTMENT_STORE,PRIVATE_LIMITED,Pune,Maharashtra,2024-05-13 00:00:00,,ACTIVE,2353.06,False,False,False,False,True,False
MCH5953,"Sandhu, Srinivas and Thakur",5699,APPAREL,PRIVATE_LIMITED,Amritsar,Punjab,2023-09-10 19:25:00,XXXX9796,ACTIVE,3101.03,False,False,False,False,False,False
MCH5954,"Chand, Dora and Dey",5812,RESTAURANT,PRIVATE_LIMITED,Chennai,Tamil Nadu,2025-08-28 14:38:01,,ACTIVE,1159.45,True,False,False,False,True,False
MCH5955,"Rana, Mangat and De",4814,TELECOM,SOLE_PROPRIETOR,Kolkata,West Bengal,2025-02-05 00:00:00,XXXX7902,ACTIVE,1491.64,False,False,False,False,False,False
MCH5957,Bose PLC,5942,BOOKS_STATIONERY,PARTNERSHIP,Jaipur,Rajasthan,2023-09-22 00:00:00,,INACTIVE,1309.17,False,False,False,False,True,False
MCH5958,"panchal, krishnan and thakkar",5812,RESTAURANT,PRIVATE_LIMITED,Chennai,Tamil Nadu,2025-06-16 00:00:00,XXXX0578,INACTIVE,999.64,False,False,False,False,False,False
MCH5959,nigam group,5942,BOOKS_STATIONERY,PRIVATE_LIMITED,Mumbai,Maharashtra,2025-06-14 00:00:00,XXXX5803,INACTIVE,2495.0,False,False,False,False,False,False
MCH5961,Batra Ltd,5812,RESTAURANT,INDIVIDUAL,Jalandhar,Punjab,2024-05-24 00:00:00,XXXX1128,ACTIVE,608.0,False,False,False,False,False,False
MCH5963,GOYAL-SUR,5812,RESTAURANT,PRIVATE_LIMITED,Chennai,Tamil Nadu,2025-09-14 08:31:00,XXXX6740,ACTIVE,3785.0,False,False,False,False,False,False
MCH5965,Wason LLC,4814,TELECOM,PARTNERSHIP,Hyderabad,Telangana,2025-06-03 21:59:21,,ACTIVE,2365.0,False,False,False,False,True,False
MCH5966,"Bala, Tandon and Keer",5411,GROCERY,INDIVIDUAL,Lucknow,Uttar Pradesh,2023-02-06 00:00:00,,ACTIVE,255.77,True,False,False,False,True,False
MCH5968,"SOMAN, ISSAC AND GOSWAMI",5311,DEPARTMENT_STORE,PRIVATE_LIMITED,Jalandhar,Punjab,2025-10-16 00:00:00,XXXX5092,ACTIVE,5598.75,False,False,False,False,False,False
MCH5970,Babu and Sons,5699,APPAREL,PRIVATE_LIMITED,Amritsar,Punjab,2025-01-14 00:00:00,,INACTIVE,2060.67,False,False,False,False,True,False
MCH5972,Mane Ltd,5942,BOOKS_STATIONERY,INDIVIDUAL,Amritsar,Punjab,2024-06-03 07:02:00,XXXX0204,ACTIVE,644.97,False,False,False,False,False,False
MCH5973,Biswas-Dass,5699,APPAREL,SOLE_PROPRIETOR,Lucknow,Uttar Pradesh,2025-11-25 00:00:00,XXXX1507,ACTIVE,,False,False,False,True,False,False
MCH5974,Padmanabhan LLC,5812,RESTAURANT,INDIVIDUAL,Lucknow,Uttar Pradesh,2023-03-11 10:03:46,XXXX9484,ACTIVE,1194.0,False,False,False,False,False,False
MCH5979,Mani Group,4131,TRANSPORT,PRIVATE_LIMITED,Bengaluru,Karnataka,2024-07-15 00:00:00,,INACTIVE,4686.23,False,False,False,False,True,False
MCH5980,MISRA-GANGULY,4131,TRANSPORT,INDIVIDUAL,Kolkata,West Bengal,2025-08-13 00:00:00,XXXX2799,ACTIVE,2762.0,False,False,False,False,False,False
MCH5983,"Morar, Memon and Kala",5311,DEPARTMENT_STORE,SOLE_PROPRIETOR,Pune,Maharashtra,2025-05-06 09:44:28,XXXX9828,ACTIVE,-306.11,False,False,True,False,False,False
MCH5984,acharya-badal,5999,MISC_RETAIL,SOLE_PROPRIETOR,Kolkata,West Bengal,2023-01-03 00:00:00,,ACTIVE,515.0,False,False,False,False,True,False
MCH5992,"Anne, Gole and Bhatnagar",5912,PHARMACY,PRIVATE_LIMITED,Ludhiana,Punjab,2025-12-31 00:00:00,XXXX1548,ACTIVE,1637.97,False,False,False,False,False,False
MCH5995,Bassi Ltd,5812,RESTAURANT,PRIVATE_LIMITED,Lucknow,Uttar Pradesh,2024-02-01 00:00:00,XXXX5294,ACTIVE,2631.68,False,False,False,False,False,False
MCH5997,"Kothari,BasuandKothari",5912,PHARMACY,SOLE_PROPRIETOR,Delhi,Delhi,2025-09-07 16:46:16,XXXX8429,INACTIVE,2459.46,False,False,False,False,False,False
MCH5998,Joshi Inc,5411,GROCERY,PRIVATE_LIMITED,Chennai,Tamil Nadu,2024-08-30 00:00:00,,ACTIVE,1152.74,False,False,False,False,True,False
MCH5999,NORI INC,5999,MISC_RETAIL,PRIVATE_LIMITED,Jalandhar,Punjab,2026-01-02 22:34:56,XXXX4498,ACTIVE,629.41,False,False,False,False,False,False
MCH6001,Murthy-Batra,7011,HOTEL,SOLE_PROPRIETOR,Jalandhar,Punjab,2024-08-31 00:00:00,XXXX8671,ACTIVE,1116.47,False,False,False,False,False,False
MCH6002,Bal Group,5912,PHARMACY,PARTNERSHIP,Delhi,Delhi,2025-05-14 00:00:00,,ACTIVE,718.0,False,False,False,False,True,False
MCH6004,Raval and Sons,5812,RESTAURANT,PARTNERSHIP,Bengaluru,Karnataka,2025-10-20 12:33:00,,ACTIVE,477.72,False,False,False,False,True,False
MCH6009,"Nagar, Chowdhury and Raghavan",5942,BOOKS_STATIONERY,PRIVATE_LIMITED,Pune,Maharashtra,,XXXX6864,ACTIVE,1266.03,True,False,False,False,False,True
MCH6010,"Tak, Sani and Jaggi",5912,PHARMACY,INDIVIDUAL,Jaipur,Rajasthan,2024-01-20 00:00:00,XXXX8886,ACTIVE,1022.54,False,False,False,False,False,False
MCH6013,Date Ltd,5699,APPAREL,INDIVIDUAL,Mumbai,Maharashtra,2025-11-12 09:48:09,XXXX8184,INACTIVE,138.89,False,False,False,False,False,False
MCH6016,Goda Inc,5942,BOOKS_STATIONERY,SOLE_PROPRIETOR,Kolkata,West Bengal,2025-07-21 22:39:16,XXXX1729,ACTIVE,1254.1,True,False,False,False,False,False
MCH6017,"Loyal, Sidhu and Balay",4814,TELECOM,SOLE_PROPRIETOR,Amritsar,Punjab,2025-08-01 01:30:00,,INACTIVE,985.33,False,False,False,False,True,False
MCH6019,Chatterjee Ltd,5812,RESTAURANT,PRIVATE_LIMITED,Delhi,Delhi,2026-01-25 00:00:00,XXXX0914,ACTIVE,100.27,True,False,False,False,False,False
MCH6020,Goda Ltd,5942,BOOKS_STATIONERY,SOLE_PROPRIETOR,Lucknow,Uttar Pradesh,2025-01-09 00:00:00,XXXX5529,ACTIVE,2555.72,False,False,False,False,False,False
MCH6023,DATTA PLC,5411,GROCERY,PARTNERSHIP,Ludhiana,Punjab,2026-01-27 00:00:00,XXXX3041,ACTIVE,2183.74,False,False,False,False,False,False
MCH6024,"Saran, Sinha and Barman",5812,RESTAURANT,SOLE_PROPRIETOR,Jalandhar,Punjab,2026-01-18 00:39:00,XXXX8830,ACTIVE,1185.95,False,False,False,False,False,False
MCH6025,Rege-Bali,4131,TRANSPORT,INDIVIDUAL,Bengaluru,Karnataka,2025-04-21 00:00:00,XXXX0320,INACTIVE,2516.42,False,False,False,False,False,False
MCH6026,NARAYANAN-BHATT,5942,BOOKS_STATIONERY,PARTNERSHIP,Hyderabad,Telangana,2025-09-14 00:00:00,XXXX1300,ACTIVE,746.02,False,False,False,False,False,False
MCH6028,"Devan, Saha and Nagar",7011,HOTEL,PARTNERSHIP,Jalandhar,Punjab,2023-05-02 08:52:59,XXXX4040,ACTIVE,2112.02,False,False,False,False,False,False
MCH6030,"DHILLON, SUNDER AND SODHI",5999,MISC_RETAIL,PARTNERSHIP,Jaipur,Rajasthan,2025-02-19 00:00:00,XXXX0068,ACTIVE,884.98,False,False,False,False,False,False
MCH6031,Chauhan Group,5699,APPAREL,INDIVIDUAL,Hyderabad,Telangana,2024-12-13 22:44:00,XXXX4944,ACTIVE,654.0,False,False,False,False,False,False
MCH6033,"Sama, Basak and Majumdar",5999,MISC_RETAIL,PRIVATE_LIMITED,Hyderabad,Telangana,2025-03-05 00:00:00,XXXX8024,ACTIVE,365.0,False,False,False,False,False,False
MCH6034,Sane Inc,5912,PHARMACY,PRIVATE_LIMITED,Jaipur,Rajasthan,2025-10-18 00:00:00,XXXX5986,ACTIVE,1353.34,False,False,False,False,False,False
MCH6035,radhakrishnan-chad,5812,RESTAURANT,PARTNERSHIP,Delhi,Delhi,2026-01-25 00:00:00,,ACTIVE,706.81,False,False,False,False,True,False
MCH6036,chhabra group,5699,APPAREL,SOLE_PROPRIETOR,Amritsar,Punjab,2024-01-10 00:00:00,XXXX4226,ACTIVE,,False,False,False,True,False,False
MCH6039,Padmanabhan-Bora,4814,TELECOM,SOLE_PROPRIETOR,Lucknow,Uttar Pradesh,,,ACTIVE,6727.69,False,False,False,False,True,True
MCH6043,Saran-Rai,5411,GROCERY,PRIVATE_LIMITED,Jaipur,Rajasthan,2025-11-17 00:00:00,,ACTIVE,2845.67,False,False,False,False,True,False
MCH6044,Narain-Srivastava,7011,HOTEL,SOLE_PROPRIETOR,Hyderabad,Telangana,2026-02-11 00:00:00,,ACTIVE,141.65,False,False,False,False,True,False
MCH6045,"bajwa, wali and walla",5912,PHARMACY,PRIVATE_LIMITED,Bengaluru,Karnataka,2023-09-28 00:00:00,XXXX2760,ACTIVE,2897.0,False,False,False,False,False,False
MCH6046,"Palla, Yadav and Bhatnagar",5999,MISC_RETAIL,INDIVIDUAL,Bengaluru,Karnataka,2024-03-27 20:41:48,,ACTIVE,2396.76,False,False,False,False,True,False
MCH6050,"Choudhary, Shanker and Rajan",5812,RESTAURANT,INDIVIDUAL,Ludhiana,Punjab,2024-03-26 21:03:47,XXXX2555,ACTIVE,-2324.79,False,False,True,False,False,False
MCH6051,"Prashad, Date and Sodhi",5311,DEPARTMENT_STORE,PRIVATE_LIMITED,Jalandhar,Punjab,2026-01-18 00:00:00,,ACTIVE,-212.27,False,False,True,False,True,False
MCH6052,nayak-wadhwa,5912,PHARMACY,PRIVATE_LIMITED,Jaipur,Rajasthan,2023-07-12 00:00:00,XXXX8602,ACTIVE,600.38,False,False,False,False,False,False
MCH6053,Barad-Sen,5999,MISC_RETAIL,INDIVIDUAL,Kolkata,West Bengal,2025-10-20 00:00:00,XXXX7547,ACTIVE,2730.09,False,False,False,False,False,False
MCH6056,IYENGAR-HEGDE,4131,TRANSPORT,PARTNERSHIP,Amritsar,Punjab,2025-03-23 00:00:00,,ACTIVE,1004.69,False,False,False,False,True,False
MCH6058,Loke LLC,5942,BOOKS_STATIONERY,SOLE_PROPRIETOR,Amritsar,Punjab,,XXXX8734,ACTIVE,317.07,False,False,False,False,False,True
MCH6059,Bhargava PLC,7011,HOTEL,PRIVATE_LIMITED,Jaipur,Rajasthan,2025-07-16 00:00:00,XXXX7802,INACTIVE,333.57,False,False,False,False,False,False
MCH6060,Chacko-Sundaram,4131,TRANSPORT,INDIVIDUAL,Jaipur,Rajasthan,2023-03-25 00:00:00,XXXX2924,INACTIVE,2026.75,False,False,False,False,False,False
MCH6061,Kaur LLC,5912,PHARMACY,INDIVIDUAL,Chennai,Tamil Nadu,2025-12-20 00:00:00,XXXX1911,ACTIVE,1323.16,False,False,False,False,False,False
MCH6062,Kata PLC,5699,APPAREL,SOLE_PROPRIETOR,Mumbai,Maharashtra,2025-09-10 00:00:00,XXXX4778,ACTIVE,9045.0,False,False,False,False,False,False
MCH6064,"Wable, Virk and Gaba",5812,RESTAURANT,PRIVATE_LIMITED,Amritsar,Punjab,2025-06-09 01:56:12,XXXX2355,ACTIVE,5256.61,False,False,False,False,False,False
MCH6067,Chaw1a-Gangu1y,7011,HOTEL,SOLE_PROPRIETOR,Mumbai,Maharashtra,2025-12-03 00:00:00,XXXX0860,INACTIVE,700.95,True,False,False,False,False,False
MCH6069,Krish-Joshi,5699,APPAREL,PRIVATE_LIMITED,Amritsar,Punjab,2024-07-30 00:00:00,XXXX1701,ACTIVE,252.19,True,False,False,False,False,False
MCH6071,nagy inc,5311,DEPARTMENT_STORE,PRIVATE_LIMITED,Delhi,Delhi,,XXXX2349,ACTIVE,-2743.11,False,False,True,False,False,True
MCH6072,"Bassi, Sarma and Yohannan",5999,MISC_RETAIL,SOLE_PROPRIETOR,Chennai,Tamil Nadu,2024-01-14 00:00:00,XXXX8335,ACTIVE,1959.53,True,False,False,False,False,False
MCH6075,"Lad, Menon and Tiwari",4814,TELECOM,PRIVATE_LIMITED,Bengaluru,Karnataka,2023-08-06 00:00:00,XXXX6592,ACTIVE,709.64,False,False,False,False,False,False
MCH6078,Oza-Srinivasan,4814,TELECOM,INDIVIDUAL,Mumbai,Maharashtra,2023-10-15 19:51:00,,ACTIVE,4379.06,False,False,False,False,True,False
MCH6079,Gulati Inc,4131,TRANSPORT,SOLE_PROPRIETOR,Pune,Maharashtra,2023-01-29 08:05:00,XXXX5091,ACTIVE,2029.26,False,False,False,False,False,False
MCH6080,"kanda, krishnan and chaudry",5411,GROCERY,PRIVATE_LIMITED,Chennai,Tamil Nadu,2023-02-27 00:47:00,,INACTIVE,1675.16,False,False,False,False,True,False
MCH6083,"Shah, Deep and Swaminathan",5411,GROCERY,PARTNERSHIP,Amritsar,Punjab,2025-06-28 00:00:00,,ACTIVE,1417.0,False,False,False,False,True,False
MCH6084,Gera-Patla,4131,TRANSPORT,SOLE_PROPRIETOR,Lucknow,Uttar Pradesh,2026-01-26 15:06:00,XXXX5491,ACTIVE,3360.46,True,False,False,False,False,False
MCH6090,Bahl-Ramanathan,7011,HOTEL,SOLE_PROPRIETOR,Jalandhar,Punjab,2025-03-10 00:29:05,XXXX5873,ACTIVE,1685.43,False,False,False,False,False,False
MCH6091,Ratti-Kalita,5942,BOOKS_STATIONERY,SOLE_PROPRIETOR,Ludhiana,Punjab,2023-09-06 00:00:00,XXXX4886,ACTIVE,458.92,False,False,False,False,False,False
MCH6095,"Sahota, Misra and Kata",5942,BOOKS_STATIONERY,PARTNERSHIP,Hyderabad,Telangana,2024-11-29 00:00:00,,ACTIVE,665.0,True,False,False,False,True,False
MCH6097,MANNAN PLC,5812,RESTAURANT,PARTNERSHIP,Lucknow,Uttar Pradesh,2025-02-13 00:39:51,XXXX8307,ACTIVE,258.41,False,False,False,False,False,False
MCH6099,Yadav LLC,4814,TELECOM,PARTNERSHIP,Bengaluru,Karnataka,2025-06-16 00:00:00,XXXX7756,ACTIVE,4726.0,False,False,False,False,False,False
MCH6100,"PILLAY, MERCHANT AND SEM",5942,BOOKS_STATIONERY,PRIVATE_LIMITED,Jalandhar,Punjab,2023-09-05 09:50:00,XXXX0590,ACTIVE,1374.95,False,False,False,False,False,False
MCH6101,DORA-BAJWA,5912,PHARMACY,PRIVATE_LIMITED,Pune,Maharashtra,2025-07-28 00:00:00,XXXX3333,ACTIVE,3328.35,False,False,False,False,False,False
MCH6102,"hayre, peri and sura",7011,HOTEL,PRIVATE_LIMITED,Ludhiana,Punjab,2024-01-26 00:00:00,XXXX0457,ACTIVE,-4593.66,False,False,True,False,False,False
MCH6104,Keer-Gade,5311,DEPARTMENT_STORE,INDIVIDUAL,Kolkata,West Bengal,2023-01-01 20:32:00,XXXX2123,INACTIVE,935.82,False,False,False,False,False,False
MCH6105,upadhyay plc,7011,HOTEL,SOLE_PROPRIETOR,Kolkata,West Bengal,2024-02-07 00:26:26,,ACTIVE,527.81,False,False,False,False,True,False
MCH6107,PILLAY LLC,5999,MISC_RETAIL,SOLE_PROPRIETOR,Jalandhar,Punjab,2024-06-27 00:00:00,XXXX6214,ACTIVE,1844.34,False,False,False,False,False,False
MCH6109,Sampath Ltd,4814,TELECOM,INDIVIDUAL,Ludhiana,Punjab,2026-01-15 23:34:00,XXXX9990,ACTIVE,399.08,False,False,False,False,False,False
MCH6112,LUTHRA-GROVER,5942,BOOKS_STATIONERY,PARTNERSHIP,Jaipur,Rajasthan,2024-06-22 00:00:00,,ACTIVE,1366.0,False,False,False,False,True,False
MCH6113,"Shen0y, Kapadia and Pradhan",5942,BOOKS_STATIONERY,INDIVIDUAL,Amritsar,Punjab,2025-05-21 01:21:00,XXXX5455,ACTIVE,8727.62,False,False,False,False,False,False
MCH6114,"Khurana, Chowdhury and Chaudhary",4814,TELECOM,PRIVATE_LIMITED,Chennai,Tamil Nadu,,XXXX2122,ACTIVE,1212.0,True,False,False,False,False,True
MCH6115,Padmanabhan-Chahal,5311,DEPARTMENT_STORE,PRIVATE_LIMITED,Mumbai,Maharashtra,2024-03-01 00:00:00,XXXX5769,INACTIVE,266.65,True,False,False,False,False,False
MCH6116,KEER-SHUKLA,4131,TRANSPORT,INDIVIDUAL,Delhi,Delhi,2025-02-18 00:00:00,XXXX5557,ACTIVE,3651.0,False,False,False,False,False,False
MCH6118,"radhakrishnan, lala and devi",5311,DEPARTMENT_STORE,SOLE_PROPRIETOR,Delhi,Delhi,2024-01-06 00:00:00,XXXX0983,ACTIVE,11547.0,False,False,False,False,False,False
MCH6119,HayerLtd,5912,PHARMACY,INDIVIDUAL,Amritsar,Punjab,2025-12-11 00:00:00,,ACTIVE,1262.04,False,False,False,False,True,False
MCH6121,Madan PLC,5311,DEPARTMENT_STORE,PRIVATE_LIMITED,Bengaluru,Karnataka,2023-09-07 00:00:00,XXXX7989,ACTIVE,1208.86,False,False,False,False,False,False
MCH6122,RAI LTD,4131,TRANSPORT,PRIVATE_LIMITED,Jalandhar,Punjab,2024-02-11 00:00:00,XXXX5909,INACTIVE,2198.19,False,False,False,False,False,False
MCH6131,"Dhar, Dada and Bakshi",5699,APPAREL,PARTNERSHIP,Bengaluru,Karnataka,2024-03-10 19:58:24,XXXX0161,ACTIVE,1921.0,True,False,False,False,False,False
MCH6137,"Sidhu, Ahuja and Kumar",5812,RESTAURANT,PARTNERSHIP,Bengaluru,Karnataka,,XXXX2134,ACTIVE,1574.67,False,False,False,False,False,True
MCH6143,BARAL PLC,5411,GROCERY,PARTNERSHIP,Kolkata,West Bengal,2024-12-05 02:07:44,XXXX5329,ACTIVE,1054.97,False,False,False,False,False,False
MCH6144,Ravi-Dhingra,5912,PHARMACY,PRIVATE_LIMITED,Hyderabad,Telangana,2023-04-28 00:00:00,,ACTIVE,2686.0,False,False,False,False,True,False
MCH6146,Handa LLC,5912,PHARMACY,INDIVIDUAL,Amritsar,Punjab,2023-01-01 00:00:00,XXXX7179,ACTIVE,-1061.38,False,False,True,False,False,False
MCH6147,Singhal-Murthy,4131,TRANSPORT,PARTNERSHIP,Mumbai,Maharashtra,2023-01-06 00:00:00,,ACTIVE,-1814.59,False,False,True,False,True,False
MCH6148,"Sem, Aggarwa1 and Uppa1",5311,DEPARTMENT_STORE,SOLE_PROPRIETOR,Lucknow,Uttar Pradesh,2025-11-29 06:29:00,XXXX8195,INACTIVE,3148.18,False,False,False,False,False,False
MCH6150,"Chada, Vala and Merchant",4814,TELECOM,PRIVATE_LIMITED,Hyderabad,Telangana,2024-10-10 00:00:00,XXXX4761,INACTIVE,616.0,False,False,False,False,False,False
MCH6152,Mukhopadhyay PLC,5942,BOOKS_STATIONERY,INDIVIDUAL,Jaipur,Rajasthan,2025-12-20 00:00:00,XXXX5999,ACTIVE,1642.16,False,False,False,False,False,False
MCH6155,"Mukhopadhyay, Doshi and Gopal",5411,GROCERY,SOLE_PROPRIETOR,Jalandhar,Punjab,2025-10-03 00:00:00,XXXX5418,ACTIVE,-830.87,False,False,True,False,False,False
MCH6158,"Dhingra, Ratti and Palla",4131,TRANSPORT,SOLE_PROPRIETOR,Amritsar,Punjab,2023-04-26 00:00:00,XXXX1462,ACTIVE,1443.6,False,False,False,False,False,False
MCH6161,Sura-Wadhwa,4814,TELECOM,INDIVIDUAL,Bengaluru,Karnataka,2025-04-22 00:00:00,XXXX7258,ACTIVE,490.18,True,False,False,False,False,False
MCH6162,"Naik, Kade and Singh",4131,TRANSPORT,PARTNERSHIP,Amritsar,Punjab,2025-03-21 00:00:00,XXXX4537,ACTIVE,2176.24,False,False,False,False,False,False
MCH6163,Mani Ltd,5942,BOOKS_STATIONERY,PARTNERSHIP,Hyderabad,Telangana,2025-10-30 00:00:00,XXXX5773,ACTIVE,2298.3,False,False,False,False,False,False
MCH6164,"Bir, Patil and Chahal",5912,PHARMACY,SOLE_PROPRIETOR,Mumbai,Maharashtra,2023-03-01 18:39:00,XXXX0362,ACTIVE,1451.0,True,False,False,False,False,False
MCH6165,"chandran, dey and dalal",5699,APPAREL,PRIVATE_LIMITED,Delhi,Delhi,2025-08-29 16:50:00,XXXX0397,ACTIVE,1513.56,True,False,False,False,False,False
MCH6167,"Chawla, Andra and Varty",4814,TELECOM,PARTNERSHIP,Hyderabad,Telangana,2023-05-08 00:00:00,XXXX1219,ACTIVE,2407.62,False,False,False,False,False,False
MCH6168,"raj, sharma and panchal",4131,TRANSPORT,PRIVATE_LIMITED,Ludhiana,Punjab,2025-08-19 00:00:00,,ACTIVE,1123.84,False,False,False,False,True,False
MCH6170,Gh0se-Mann,5999,MISC_RETAIL,PRIVATE_LIMITED,Lucknow,Uttar Pradesh,2023-09-05 00:00:00,XXXX1724,ACTIVE,1120.12,False,False,False,False,False,False
MCH6171,Naik and Sons,5812,RESTAURANT,INDIVIDUAL,Amritsar,Punjab,2023-08-09 00:00:00,,INACTIVE,4084.17,False,False,False,False,True,False
MCH6172,Raja Inc,5812,RESTAURANT,SOLE_PROPRIETOR,Hyderabad,Telangana,2024-11-09 00:00:00,,ACTIVE,1050.0,False,False,False,False,True,False
MCH6176,"TANDON, BADAL AND NATARAJAN",4131,TRANSPORT,PRIVATE_LIMITED,Hyderabad,Telangana,2025-12-10 00:00:00,XXXX9488,ACTIVE,2925.84,False,False,False,False,False,False
MCH6180,Thakur and Sons,5699,APPAREL,PRIVATE_LIMITED,Lucknow,Uttar Pradesh,2025-05-24 02:59:23,XXXX1830,ACTIVE,699.96,False,False,False,False,False,False
MCH6183,"Goel, Swaminathan and Padmanabhan",5411,GROCERY,PRIVATE_LIMITED,Amritsar,Punjab,2025-06-03 00:00:00,XXXX0790,ACTIVE,817.0,False,False,False,False,False,False
MCH6184,Peri-R0ut,4131,TRANSPORT,SOLE_PROPRIETOR,Mumbai,Maharashtra,,XXXX1239,ACTIVE,1637.73,False,False,False,False,False,True
MCH6187,"Shanker, Sastry and Rattan",4131,TRANSPORT,INDIVIDUAL,Delhi,Delhi,2025-11-17 00:00:00,,ACTIVE,327.19,False,False,False,False,True,False
MCH6188,"Batta, Choudhary and Bhalla",4131,TRANSPORT,PRIVATE_LIMITED,Kolkata,West Bengal,2026-01-09 00:00:00,XXXX1401,ACTIVE,163.0,False,False,False,False,False,False
MCH6190,Pal Ltd,5699,APPAREL,PRIVATE_LIMITED,Ludhiana,Punjab,2023-03-01 00:00:00,,ACTIVE,376.59,False,False,False,False,True,False
MCH6197,"Koshy, Shah and Ratta",4131,TRANSPORT,PARTNERSHIP,Bengaluru,Karnataka,2024-03-20 00:00:00,XXXX1544,ACTIVE,1491.79,False,False,False,False,False,False
MCH6198,Rana-Sabharwal,5311,DEPARTMENT_STORE,INDIVIDUAL,Mumbai,Maharashtra,,,ACTIVE,410.5,False,False,False,False,True,True
MCH6200,"Kapadia, Bail and Badal",4131,TRANSPORT,PRIVATE_LIMITED,Chennai,Tamil Nadu,2023-12-09 00:00:00,,ACTIVE,1183.13,False,False,False,False,True,False
MCH6205,Munshi Inc,4814,TELECOM,SOLE_PROPRIETOR,Ludhiana,Punjab,2026-01-01 00:00:00,XXXX8772,ACTIVE,230.73,False,False,False,False,False,False
MCH6206,"Sanghvi, Dugar and Rajagopal",4814,TELECOM,INDIVIDUAL,Chennai,Tamil Nadu,2025-03-31 00:00:00,XXXX2096,ACTIVE,683.76,False,False,False,False,False,False
MCH6207,"Ganesan, Bajwa and Reddy",5912,PHARMACY,PARTNERSHIP,Jaipur,Rajasthan,2023-03-21 00:00:00,XXXX3894,ACTIVE,391.96,False,False,False,False,False,False
MCH6208,Tak-Parmar,4814,TELECOM,PRIVATE_LIMITED,Lucknow,Uttar Pradesh,2024-03-16 00:00:00,XXXX8227,INACTIVE,,False,False,False,True,False,False
MCH6210,Sem Group,5812,RESTAURANT,PRIVATE_LIMITED,Amritsar,Punjab,2024-01-03 02:42:08,,ACTIVE,2370.64,False,False,False,False,True,False
MCH6213,Sangha LLC,5999,MISC_RETAIL,PRIVATE_LIMITED,Delhi,Delhi,2025-12-03 12:46:00,,ACTIVE,722.0,True,False,False,False,True,False
MCH6216,"Bhatti, Dass and Deshpande",5411,GROCERY,INDIVIDUAL,Ludhiana,Punjab,2024-09-08 01:01:00,XXXX5234,ACTIVE,1325.06,False,False,False,False,False,False
MCH6218,chad-bhakta,5411,GROCERY,SOLE_PROPRIETOR,Chennai,Tamil Nadu,2023-12-23 00:00:00,XXXX2267,ACTIVE,218.0,False,False,False,False,False,False
MCH6219,"Morar, Walla and Behl",5912,PHARMACY,PARTNERSHIP,Delhi,Delhi,2024-06-24 00:00:00,,ACTIVE,4347.57,False,False,False,False,True,False
MCH6221,Dey-Maharaj,5912,PHARMACY,PRIVATE_LIMITED,Ludhiana,Punjab,2026-01-22 00:00:00,XXXX0882,INACTIVE,-402.9,False,False,True,False,False,False
MCH6223,Ramanathan-Dhingra,4131,TRANSPORT,INDIVIDUAL,Lucknow,Uttar Pradesh,2023-10-03 00:00:00,XXXX0394,ACTIVE,306.0,False,False,False,False,False,False
MCH6224,La1-Anand,5912,PHARMACY,PRIVATE_LIMITED,Delhi,Delhi,2025-07-28 00:00:00,XXXX1138,ACTIVE,3823.0,False,False,False,False,False,False
MCH6225,"LOYAL, MANDER AND AGRAWAL",5411,GROCERY,SOLE_PROPRIETOR,Kolkata,West Bengal,2023-12-17 00:00:00,,ACTIVE,859.91,False,False,False,False,True,False
MCH6228,"Kar, Agarwal and Karpe",5812,RESTAURANT,PRIVATE_LIMITED,Bengaluru,Karnataka,2024-08-05 00:00:00,,ACTIVE,1145.75,False,False,False,False,True,False
MCH6231,"CHAND, JOHAL AND CHAWLA",5812,RESTAURANT,PRIVATE_LIMITED,Jalandhar,Punjab,2023-06-26 00:00:00,XXXX8479,ACTIVE,919.0,False,False,False,False,False,False
MCH6233,Vohra Ltd,5942,BOOKS_STATIONERY,PARTNERSHIP,Delhi,Delhi,2026-02-26 00:00:00,,ACTIVE,2389.79,False,False,False,False,True,False
MCH6239,Varkey-More,5699,APPAREL,PRIVATE_LIMITED,Lucknow,Uttar Pradesh,2025-08-20 00:00:00,,ACTIVE,849.3,False,False,False,False,True,False
MCH6240,mutti plc,5999,MISC_RETAIL,PARTNERSHIP,Delhi,Delhi,2025-11-08 00:00:00,,ACTIVE,1461.1,False,False,False,False,True,False
MCH6242,Som Inc,5311,DEPARTMENT_STORE,SOLE_PROPRIETOR,Jaipur,Rajasthan,2023-06-27 04:59:14,XXXX6690,ACTIVE,-1984.97,False,False,True,False,False,False
MCH6244,Memon and Sons,5311,DEPARTMENT_STORE,INDIVIDUAL,Mumbai,Maharashtra,2025-11-24 00:00:00,,INACTIVE,-1468.71,False,False,True,False,True,False
MCH6246,kota inc,5699,APPAREL,PRIVATE_LIMITED,Mumbai,Maharashtra,2023-09-17 00:00:00,XXXX7000,ACTIVE,1586.1,False,False,False,False,False,False
MCH6247,Dhar-Ram,4814,TELECOM,INDIVIDUAL,Jaipur,Rajasthan,2026-01-14 00:00:00,,ACTIVE,468.52,False,False,False,False,True,False
MCH6251,"Sodhi, Handa and Venkatesh",5411,GROCERY,SOLE_PROPRIETOR,Lucknow,Uttar Pradesh,2025-09-18 00:00:00,XXXX7488,INACTIVE,291.55,False,False,False,False,False,False
MCH6254,MURTHY GROUP,4814,TELECOM,PARTNERSHIP,Amritsar,Punjab,2025-07-05 23:34:00,XXXX8410,INACTIVE,,False,False,False,True,False,False
MCH6255,"GUPTA, KIBE AND AURORA",7011,HOTEL,PARTNERSHIP,Lucknow,Uttar Pradesh,2023-10-31 04:07:14,XXXX2681,ACTIVE,3182.0,False,False,False,False,False,False
MCH6256,Rana-Walia,5812,RESTAURANT,SOLE_PROPRIETOR,Ludhiana,Punjab,2025-02-27 00:00:00,XXXX5533,INACTIVE,330.34,False,False,False,False,False,False
MCH6257,"Parsa, Rana and Raja",5812,RESTAURANT,PARTNERSHIP,Bengaluru,Karnataka,2023-03-28 20:34:00,XXXX9604,ACTIVE,2744.98,False,False,False,False,False,False
MCH6258,"Mitra, Nori and Venkataraman",5912,PHARMACY,PRIVATE_LIMITED,Hyderabad,Telangana,2025-02-10 18:46:00,,ACTIVE,353.34,True,False,False,False,True,False
MCH6260,MITTAL PLC,5912,PHARMACY,PRIVATE_LIMITED,Lucknow,Uttar Pradesh,2025-01-27 15:46:00,XXXX9807,ACTIVE,,False,False,False,True,False,False
MCH6262,Saran Ltd,5311,DEPARTMENT_STORE,PARTNERSHIP,Mumbai,Maharashtra,2025-08-04 12:06:38,XXXX7596,INACTIVE,6560.0,False,False,False,False,False,False
MCH6263,"Bahri, Bajaj and Mander",5942,BOOKS_STATIONERY,INDIVIDUAL,Chennai,Tamil Nadu,2025-09-10 00:00:00,,INACTIVE,667.85,False,False,False,False,True,False
MCH6267,Mandal-Badal,4814,TELECOM,PARTNERSHIP,Mumbai,Maharashtra,2024-12-10 00:00:00,,ACTIVE,,False,False,False,True,True,False
MCH6268,"yogi, sachar and mammen",5411,GROCERY,SOLE_PROPRIETOR,Jalandhar,Punjab,2025-11-05 00:00:00,XXXX1380,ACTIVE,1773.0,False,False,False,False,False,False
MCH6273,"Dubey, Narula and Jhaveri",5311,DEPARTMENT_STORE,PRIVATE_LIMITED,Pune,Maharashtra,2025-05-06 00:00:00,,ACTIVE,754.63,False,False,False,False,True,False
MCH6274,Mall Inc,7011,HOTEL,PARTNERSHIP,Amritsar,Punjab,2025-06-21 00:00:00,XXXX1310,ACTIVE,1700.39,False,False,False,False,False,False
MCH6275,Tank PLC,4814,TELECOM,SOLE_PROPRIETOR,Chennai,Tamil Nadu,2024-08-26 00:00:00,XXXX8300,ACTIVE,781.0,False,False,False,False,False,False
MCH6277,"MANGAT, KAUR AND GUHA",7011,HOTEL,PARTNERSHIP,Delhi,Delhi,2024-04-07 03:31:48,,ACTIVE,1786.0,False,False,False,False,True,False
MCH6278,"Keer, Sha and Sama",5912,PHARMACY,PARTNERSHIP,Kolkata,West Bengal,2025-08-23 00:00:00,XXXX5387,ACTIVE,8713.68,False,False,False,False,False,False
MCH6280,Khanna-Kanda,5699,APPAREL,SOLE_PROPRIETOR,Pune,Maharashtra,,XXXX8627,ACTIVE,243.27,False,False,False,False,False,True
MCH6282,"Chacko, Chakrabarti and Suresh",5411,GROCERY,PRIVATE_LIMITED,Jaipur,Rajasthan,2024-06-16 00:00:00,XXXX6827,ACTIVE,1078.0,False,False,False,False,False,False
MCH6284,Ta1war Ltd,7011,HOTEL,PARTNERSHIP,Amritsar,Punjab,2025-11-27 00:00:00,XXXX7576,ACTIVE,-678.88,False,False,True,False,False,False
MCH6285,Kumer-Mane,7011,HOTEL,PRIVATE_LIMITED,Bengaluru,Karnataka,2024-10-01 00:00:00,,ACTIVE,567.98,False,False,False,False,True,False
MCH6290,Chaudhry-Agarwal,5999,MISC_RETAIL,PARTNERSHIP,Ludhiana,Punjab,2023-09-01 00:00:00,,INACTIVE,5757.0,False,False,False,False,True,False
MCH6291,Sheth-Anne,5311,DEPARTMENT_STORE,PARTNERSHIP,Delhi,Delhi,2025-10-15 00:00:00,XXXX0526,INACTIVE,-2021.5,False,False,True,False,False,False
MCH6293,Bora-Nigam,5311,DEPARTMENT_STORE,PARTNERSHIP,Jalandhar,Punjab,,,ACTIVE,-4957.97,False,False,True,False,True,True
MCH6296,"Goyal, Vora and Loke",5411,GROCERY,PRIVATE_LIMITED,Lucknow,Uttar Pradesh,,,ACTIVE,538.0,False,False,False,False,True,True
MCH6299,Pathak-Mukherjee,5999,MISC_RETAIL,INDIVIDUAL,Delhi,Delhi,2025-02-02 00:00:00,,ACTIVE,256.83,False,False,False,False,True,False
MCH6300,Kumar PLC,5699,APPAREL,PARTNERSHIP,Jaipur,Rajasthan,2025-04-17 00:00:00,,ACTIVE,1647.52,False,False,False,False,True,False
MCH6301,"Apte, Vohra and Gade",4814,TELECOM,PARTNERSHIP,Jalandhar,Punjab,2023-03-30 00:00:00,,ACTIVE,2355.49,False,False,False,False,True,False
MCH6302,Gour-Rattan,4131,TRANSPORT,INDIVIDUAL,Hyderabad,Telangana,2024-09-29 00:00:00,XXXX6158,ACTIVE,966.01,False,False,False,False,False,False
MCH6305,"Chakraborty,HansandSahota",4131,TRANSPORT,INDIVIDUAL,Mumbai,Maharashtra,2025-10-20 00:00:00,,ACTIVE,1075.82,False,False,False,False,True,False
MCH6306,"RAMESH, VISWANATHAN AND KALITA",4131,TRANSPORT,PRIVATE_LIMITED,Chennai,Tamil Nadu,2026-01-05 00:00:00,XXXX8991,ACTIVE,302.6,False,False,False,False,False,False
MCH6308,Seshadri LLC,5699,APPAREL,PRIVATE_LIMITED,Delhi,Delhi,2025-10-03 00:00:00,,ACTIVE,422.55,False,False,False,False,True,False
MCH6313,Ramanathan PLC,5411,GROCERY,SOLE_PROPRIETOR,Mumbai,Maharashtra,,XXXX3437,ACTIVE,3430.73,True,False,False,False,False,True
MCH6314,"kuruvilla, lalla and mallick",5699,APPAREL,PRIVATE_LIMITED,Lucknow,Uttar Pradesh,2026-01-05 15:15:00,,ACTIVE,697.89,False,False,False,False,True,False
MCH6315,"Pal, Zacharia and Narayan",7011,HOTEL,SOLE_PROPRIETOR,Mumbai,Maharashtra,2023-04-01 00:00:00,XXXX7805,ACTIVE,529.2,False,False,False,False,False,False
MCH6321,Chander Ltd,5999,MISC_RETAIL,PRIVATE_LIMITED,Jaipur,Rajasthan,,,ACTIVE,380.1,False,False,False,False,True,True
MCH6325,Mannan-Rattan,5311,DEPARTMENT_STORE,PRIVATE_LIMITED,Kolkata,West Bengal,2023-12-29 06:16:05,XXXX9688,ACTIVE,1405.47,False,False,False,False,False,False
MCH6326,"Barad,MurtyandTella",5942,BOOKS_STATIONERY,PRIVATE_LIMITED,Chennai,Tamil Nadu,2024-06-22 18:08:00,XXXX0094,ACTIVE,-671.62,False,False,True,False,False,False
MCH6328,"Ray, Pandit and Bala",4814,TELECOM,PRIVATE_LIMITED,Chennai,Tamil Nadu,2025-11-27 00:31:00,XXXX4155,ACTIVE,644.89,False,False,False,False,False,False
MCH6329,Srinivas-Banerjee,5912,PHARMACY,INDIVIDUAL,Kolkata,West Bengal,2024-05-12 00:00:00,XXXX2718,ACTIVE,199.46,True,False,False,False,False,False
MCH6331,Wagle-Sinha,5912,PHARMACY,SOLE_PROPRIETOR,Bengaluru,Karnataka,2024-05-10 06:43:00,XXXX3121,ACTIVE,2605.3,False,False,False,False,False,False
MCH6332,Shuk1a-Hayre,5311,DEPARTMENT_STORE,SOLE_PROPRIETOR,Lucknow,Uttar Pradesh,2026-01-12 17:50:00,,ACTIVE,788.91,False,False,False,False,True,False
MCH6333,"kumer, butala and sawhney",5699,APPAREL,INDIVIDUAL,Chennai,Tamil Nadu,2024-09-08 02:04:48,XXXX3650,ACTIVE,831.77,False,False,False,False,False,False
MCH6336,"Kunda, Kumar and Gulati",4131,TRANSPORT,PRIVATE_LIMITED,Chennai,Tamil Nadu,2024-03-16 16:19:00,XXXX8337,ACTIVE,772.78,True,False,False,False,False,False
MCH6337,Chander LLC,5912,PHARMACY,INDIVIDUAL,Kolkata,West Bengal,2025-12-28 22:16:00,,ACTIVE,1428.08,False,False,False,False,True,False
MCH6338,Dutta PLC,5311,DEPARTMENT_STORE,INDIVIDUAL,Kolkata,West Bengal,2024-06-29 00:00:00,,ACTIVE,1835.5,False,False,False,False,True,False
MCH6343,Prabhakar Ltd,5411,GROCERY,SOLE_PROPRIETOR,Ludhiana,Punjab,2025-11-13 00:00:00,,INACTIVE,8227.32,False,False,False,False,True,False
MCH6345,Mani Group,5999,MISC_RETAIL,PARTNERSHIP,Ludhiana,Punjab,,,ACTIVE,1339.21,False,False,False,False,True,True
MCH6351,Mahal-Padmanabhan,5812,RESTAURANT,PARTNERSHIP,Bengaluru,Karnataka,2025-03-30 00:00:00,XXXX3710,ACTIVE,3129.06,False,False,False,False,False,False
MCH6352,ChadhaGroup,5411,GROCERY,PRIVATE_LIMITED,Chennai,Tamil Nadu,2024-05-19 14:55:03,XXXX1151,INACTIVE,419.41,True,False,False,False,False,False
MCH6354,"Gulati, Khosla and Peri",5812,RESTAURANT,PARTNERSHIP,Lucknow,Uttar Pradesh,2025-08-14 00:00:00,,ACTIVE,122.8,False,False,False,False,True,False
MCH6355,Dutt PLC,5699,APPAREL,PRIVATE_LIMITED,Bengaluru,Karnataka,2025-04-01 04:52:41,XXXX1313,ACTIVE,495.94,False,False,False,False,False,False
MCH6356,"pandit, wagle and kata",7011,HOTEL,PRIVATE_LIMITED,Amritsar,Punjab,2024-08-03 09:31:28,XXXX6397,INACTIVE,499.8,False,False,False,False,False,False
MCH6359,Pai-Dada,4131,TRANSPORT,INDIVIDUAL,Jaipur,Rajasthan,2025-05-27 00:00:00,XXXX0965,ACTIVE,484.0,True,False,False,False,False,False
MCH6360,"Desai, Shroff and Goel",7011,HOTEL,PRIVATE_LIMITED,Jalandhar,Punjab,2025-11-11 00:00:00,XXXX2488,INACTIVE,635.23,False,False,False,False,False,False
MCH6361,"Saran, Dhar and Chaudhry",7011,HOTEL,SOLE_PROPRIETOR,Delhi,Delhi,2023-04-18 22:29:15,XXXX8117,ACTIVE,701.89,False,False,False,False,False,False
MCH6365,Bora-Sood,5311,DEPARTMENT_STORE,INDIVIDUAL,Pune,Maharashtra,2025-06-28 00:00:00,,ACTIVE,-3013.41,False,False,True,False,True,False
MCH6366,"hora, edwin and zacharia",4814,TELECOM,SOLE_PROPRIETOR,Ludhiana,Punjab,2025-03-29 00:00:00,XXXX2742,ACTIVE,780.59,False,False,False,False,False,False
MCH6369,"Chaudhry, Batra and Rama",4131,TRANSPORT,PARTNERSHIP,Jalandhar,Punjab,2024-04-15 00:00:00,XXXX8122,INACTIVE,612.29,False,False,False,False,False,False
MCH6370,"Dass, Hegde and Viswanathan",5812,RESTAURANT,PARTNERSHIP,Jaipur,Rajasthan,2023-03-24 18:53:14,XXXX9316,ACTIVE,2201.27,False,False,False,False,False,False
MCH6372,G0da and S0ns,5699,APPAREL,INDIVIDUAL,Chennai,Tamil Nadu,2024-05-14 00:00:00,XXXX7769,ACTIVE,515.6,False,False,False,False,False,False
MCH6376,"Naik, Dhillon and Sama",5942,BOOKS_STATIONERY,PARTNERSHIP,Jalandhar,Punjab,2024-01-20 00:00:00,XXXX7616,ACTIVE,2593.39,False,False,False,False,False,False
MCH6377,BalasubramanianLLC,5912,PHARMACY,INDIVIDUAL,Mumbai,Maharashtra,2025-12-06 00:00:00,XXXX6525,ACTIVE,1259.93,False,False,False,False,False,False
MCH6379,CHANA-MAHAJAN,5942,BOOKS_STATIONERY,PRIVATE_LIMITED,Bengaluru,Karnataka,2025-08-08 17:00:00,XXXX7525,ACTIVE,2923.98,False,False,False,False,False,False
MCH6380,Naik-Kalla,5999,MISC_RETAIL,INDIVIDUAL,Pune,Maharashtra,2026-01-02 06:05:56,XXXX2991,INACTIVE,-1353.03,False,False,True,False,False,False
MCH6383,Shere-Mander,4131,TRANSPORT,PRIVATE_LIMITED,Delhi,Delhi,2024-05-20 00:00:00,,INACTIVE,1196.32,True,False,False,False,True,False
MCH6384,"Rave1, Mane and Madan",5912,PHARMACY,PARTNERSHIP,Delhi,Delhi,2023-04-26 06:56:00,XXXX0345,ACTIVE,334.08,False,False,False,False,False,False
MCH6386,Mahajan Inc,5311,DEPARTMENT_STORE,INDIVIDUAL,Amritsar,Punjab,2025-02-03 00:00:00,,ACTIVE,,False,False,False,True,True,False
MCH6388,pillai-subramaniam,5699,APPAREL,SOLE_PROPRIETOR,Jalandhar,Punjab,2023-04-28 10:55:00,XXXX3833,INACTIVE,2418.46,False,False,False,False,False,False
MCH6390,barman plc,5912,PHARMACY,INDIVIDUAL,Kolkata,West Bengal,2023-11-24 00:00:00,XXXX9714,ACTIVE,-904.29,True,False,True,False,False,False
MCH6391,"BHATTI, KEER AND GUPTA",4814,TELECOM,INDIVIDUAL,Mumbai,Maharashtra,2025-08-22 10:17:00,,ACTIVE,684.0,False,False,False,False,True,False
MCH6392,Golla-Pau,5999,MISC_RETAIL,PRIVATE_LIMITED,Delhi,Delhi,2025-01-04 07:52:24,XXXX1317,ACTIVE,471.06,True,False,False,False,False,False
MCH6394,YogiInc,5699,APPAREL,PRIVATE_LIMITED,Kolkata,West Bengal,2023-10-20 00:00:00,,ACTIVE,1717.76,False,False,False,False,True,False
MCH6396,Mani-Puri,5999,MISC_RETAIL,INDIVIDUAL,Lucknow,Uttar Pradesh,2025-04-21 00:00:00,XXXX7558,ACTIVE,4113.97,False,False,False,False,False,False
MCH6397,Tella-Lad,5912,PHARMACY,PRIVATE_LIMITED,Lucknow,Uttar Pradesh,2025-10-10 00:00:00,,ACTIVE,872.0,False,False,False,False,True,False
MCH6400,Sem-Keer,5411,GROCERY,PARTNERSHIP,Ludhiana,Punjab,2025-12-21 00:00:00,XXXX7300,ACTIVE,13683.2,False,False,False,False,False,False
MCH6401,ramachandran-borah,4814,TELECOM,PRIVATE_LIMITED,Bengaluru,Karnataka,2023-07-16 14:03:46,XXXX6775,ACTIVE,371.0,False,False,False,False,False,False
MCH6403,"Sahni, Kapur and Ganesh",5699,APPAREL,PRIVATE_LIMITED,Chennai,Tamil Nadu,2024-05-30 00:00:00,,ACTIVE,344.49,True,False,False,False,True,False
MCH6404,Tailor Group,5999,MISC_RETAIL,PRIVATE_LIMITED,Jaipur,Rajasthan,2026-02-04 15:32:58,,INACTIVE,792.4,False,False,False,False,True,False
MCH6405,Jaggi Ltd,5411,GROCERY,PARTNERSHIP,Delhi,Delhi,2024-01-26 06:23:00,XXXX6470,ACTIVE,4074.0,False,False,False,False,False,False
MCH6408,Gade and Sons,5942,BOOKS_STATIONERY,SOLE_PROPRIETOR,Chennai,Tamil Nadu,2024-06-11 00:00:00,,ACTIVE,4374.58,False,False,False,False,True,False
MCH6409,Wason and Sons,5699,APPAREL,PRIVATE_LIMITED,Bengaluru,Karnataka,2024-10-07 00:00:00,XXXX0476,INACTIVE,1111.14,False,False,False,False,False,False
MCH6410,Dua-Kara,5699,APPAREL,INDIVIDUAL,Delhi,Delhi,,,ACTIVE,1003.3,False,False,False,False,True,True
MCH6418,Doctor Ltd,7011,HOTEL,SOLE_PROPRIETOR,Jalandhar,Punjab,,,ACTIVE,1362.45,False,False,False,False,True,True
MCH6419,"Bhalla, Dubey and Salvi",5912,PHARMACY,SOLE_PROPRIETOR,Jaipur,Rajasthan,2024-01-15 01:23:00,,ACTIVE,3881.01,True,False,False,False,True,False
MCH6420,Wadhwa and Sons,5912,PHARMACY,PARTNERSHIP,Bengaluru,Karnataka,,XXXX7412,ACTIVE,160.44,False,False,False,False,False,True
MCH6421,WadhwaLtd,5699,APPAREL,SOLE_PROPRIETOR,Bengaluru,Karnataka,2024-01-30 21:37:00,,ACTIVE,1782.12,False,False,False,False,True,False
MCH6422,Dayal-Kapur,7011,HOTEL,INDIVIDUAL,Lucknow,Uttar Pradesh,2023-11-17 00:00:00,XXXX3524,INACTIVE,869.0,False,False,False,False,False,False
MCH6425,Pall-Kanda,5942,BOOKS_STATIONERY,SOLE_PROPRIETOR,Delhi,Delhi,,,ACTIVE,-1143.39,False,False,True,False,True,True
MCH6427,Bose Inc,5999,MISC_RETAIL,PRIVATE_LIMITED,Ludhiana,Punjab,2025-07-02 00:00:00,XXXX1976,INACTIVE,1949.7,False,False,False,False,False,False
MCH6429,Doshi Group,5699,APPAREL,SOLE_PROPRIETOR,Amritsar,Punjab,2025-10-15 00:00:00,XXXX4325,ACTIVE,369.26,False,False,False,False,False,False
MCH6430,prakash group,4814,TELECOM,INDIVIDUAL,Hyderabad,Telangana,2025-08-05 00:00:00,,INACTIVE,5278.71,False,False,False,False,True,False
MCH6431,"batra, pant and devan",7011,HOTEL,PARTNERSHIP,Bengaluru,Karnataka,2026-01-31 00:00:00,XXXX1013,INACTIVE,1564.0,False,False,False,False,False,False
MCH6433,Bhattacharyya Ltd,4814,TELECOM,PARTNERSHIP,Bengaluru,Karnataka,2024-12-31 00:00:00,,INACTIVE,1248.03,False,False,False,False,True,False
MCH6440,Taneja-Mahajan,5311,DEPARTMENT_STORE,INDIVIDUAL,Jalandhar,Punjab,2025-04-17 00:00:00,XXXX8462,ACTIVE,6682.66,False,False,False,False,False,False
MCH6441,"Konda, Swaminathan and Patel",4814,TELECOM,INDIVIDUAL,Lucknow,Uttar Pradesh,2025-01-30 00:00:00,XXXX0542,ACTIVE,-4535.55,False,False,True,False,False,False
MCH6445,Shere and Sons,5912,PHARMACY,INDIVIDUAL,Ludhiana,Punjab,2025-01-28 00:00:00,,ACTIVE,766.0,False,False,False,False,True,False
MCH6446,upadhyay-upadhyay,5812,RESTAURANT,PARTNERSHIP,Jalandhar,Punjab,2024-12-05 15:55:00,,ACTIVE,-2923.06,False,False,True,False,True,False
MCH6447,"Mody, Dara and Ray",5812,RESTAURANT,INDIVIDUAL,Kolkata,West Bengal,2023-05-19 00:00:00,XXXX4551,ACTIVE,860.24,False,False,False,False,False,False
MCH6448,"Kara, Mahal and Borah",5699,APPAREL,INDIVIDUAL,Chennai,Tamil Nadu,2025-02-02 01:23:00,XXXX2120,INACTIVE,2308.59,False,False,False,False,False,False
MCH6449,Chakraborty-Hans,5812,RESTAURANT,SOLE_PROPRIETOR,Hyderabad,Telangana,2024-03-01 00:00:00,XXXX5646,ACTIVE,1506.6,False,False,False,False,False,False
MCH6450,bobal ltd,5699,APPAREL,INDIVIDUAL,Lucknow,Uttar Pradesh,2025-06-25 00:00:00,XXXX4537,INACTIVE,3737.71,False,False,False,False,False,False
MCH6451,Chandran Group,5311,DEPARTMENT_STORE,INDIVIDUAL,Jalandhar,Punjab,2025-10-07 00:00:00,XXXX7499,INACTIVE,165.95,False,False,False,False,False,False
MCH6454,Nagi-Ch0udhury,5699,APPAREL,PRIVATE_LIMITED,Bengaluru,Karnataka,2024-03-28 00:00:00,XXXX1525,INACTIVE,3116.0,False,False,False,False,False,False
MCH6455,Luthra-Wable,5999,MISC_RETAIL,PARTNERSHIP,Mumbai,Maharashtra,2023-09-04 00:00:00,XXXX6293,ACTIVE,1528.51,False,False,False,False,False,False
MCH6460,Deol-Narayanan,5311,DEPARTMENT_STORE,PARTNERSHIP,Mumbai,Maharashtra,2026-01-19 08:20:00,XXXX8283,ACTIVE,878.73,False,False,False,False,False,False
MCH6462,"Vaidya, Kunda and Bhavsar",5311,DEPARTMENT_STORE,PRIVATE_LIMITED,Lucknow,Uttar Pradesh,2025-12-19 00:00:00,XXXX5252,ACTIVE,1652.23,False,False,False,False,False,False
MCH6464,Date LLC,5699,APPAREL,PRIVATE_LIMITED,Bengaluru,Karnataka,2025-12-03 00:00:00,XXXX4137,ACTIVE,3772.0,False,False,False,False,False,False
MCH6465,Chadha-Char,5912,PHARMACY,PARTNERSHIP,Kolkata,West Bengal,2023-04-22 17:00:00,XXXX4983,ACTIVE,749.37,False,False,False,False,False,False
MCH6466,Randhawa LLC,5311,DEPARTMENT_STORE,INDIVIDUAL,Pune,Maharashtra,2024-06-03 00:00:00,XXXX7916,ACTIVE,3082.9,False,False,False,False,False,False
MCH6468,Golla-Murty,4131,TRANSPORT,PARTNERSHIP,Hyderabad,Telangana,2024-06-20 00:00:00,,ACTIVE,,False,False,False,True,True,False
MCH6469,"Bahl, Barad and Dhillon",5311,DEPARTMENT_STORE,PRIVATE_LIMITED,Chennai,Tamil Nadu,2025-02-10 00:00:00,,ACTIVE,-931.21,False,False,True,False,True,False
MCH6473,Tata Group,5812,RESTAURANT,PRIVATE_LIMITED,Lucknow,Uttar Pradesh,2023-04-09 00:00:00,XXXX2685,INACTIVE,2924.69,False,False,False,False,False,False
MCH6474,Bakshi Ltd,5912,PHARMACY,PRIVATE_LIMITED,Lucknow,Uttar Pradesh,2025-09-06 00:00:00,XXXX1116,ACTIVE,3871.85,False,False,False,False,False,False
MCH6477,Gopal-Dewan,5699,APPAREL,SOLE_PROPRIETOR,Mumbai,Maharashtra,2025-12-20 00:00:00,XXXX1483,ACTIVE,1828.26,False,False,False,False,False,False
MCH6480,Sundaram and S0ns,5699,APPAREL,PARTNERSHIP,Mumbai,Maharashtra,2023-11-13 01:40:00,XXXX8936,ACTIVE,680.72,False,False,False,False,False,False
MCH6481,Kalita Inc,4131,TRANSPORT,PRIVATE_LIMITED,Mumbai,Maharashtra,2024-11-29 00:00:00,XXXX6639,ACTIVE,1389.63,False,False,False,False,False,False
MCH6482,Mitra-Agate,5311,DEPARTMENT_STORE,INDIVIDUAL,Amritsar,Punjab,2024-04-06 00:00:00,,INACTIVE,1340.0,False,False,False,False,True,False
MCH6488,"cheema, dubey and kala",5699,APPAREL,PRIVATE_LIMITED,Mumbai,Maharashtra,2024-11-14 00:00:00,,ACTIVE,1180.07,True,False,False,False,True,False
MCH6492,PERI LLC,5912,PHARMACY,INDIVIDUAL,Mumbai,Maharashtra,2025-08-20 09:18:03,,ACTIVE,3574.25,False,False,False,False,True,False
MCH6493,"SUBRAMANIAM, PRASHAD AND PARMER",4131,TRANSPORT,SOLE_PROPRIETOR,Mumbai,Maharashtra,2025-04-13 00:00:00,XXXX8820,INACTIVE,,True,False,False,True,False,False
MCH6498,Peri-Saran,5999,MISC_RETAIL,PRIVATE_LIMITED,Kolkata,West Bengal,2025-01-08 22:53:50,XXXX0646,ACTIVE,7077.96,True,False,False,False,False,False
MCH6501,Ka1a-Garg,5699,APPAREL,SOLE_PROPRIETOR,Ludhiana,Punjab,2023-05-07 00:00:00,XXXX1773,ACTIVE,471.98,True,False,False,False,False,False
MCH6502,Mall PLC,5999,MISC_RETAIL,SOLE_PROPRIETOR,Chennai,Tamil Nadu,2025-05-10 03:33:00,,INACTIVE,1695.37,False,False,False,False,True,False
MCH6504,"wagle, choudhry and patla",5942,BOOKS_STATIONERY,PRIVATE_LIMITED,Jalandhar,Punjab,2025-11-14 00:00:00,,ACTIVE,1748.0,False,False,False,False,True,False
MCH6507,"Ba1akrishnan, Shr0ff and Tank",4131,TRANSPORT,INDIVIDUAL,Ludhiana,Punjab,2024-10-28 12:41:00,XXXX7278,ACTIVE,1269.14,False,False,False,False,False,False
MCH6508,Varty Inc,5912,PHARMACY,INDIVIDUAL,Jalandhar,Punjab,2025-09-18 00:00:00,,ACTIVE,3434.37,False,False,False,False,True,False
MCH6511,"Doctor, Sur and Badal",5411,GROCERY,SOLE_PROPRIETOR,Pune,Maharashtra,2024-07-27 20:57:52,XXXX9778,ACTIVE,778.51,False,False,False,False,False,False
MCH6512,"Sagar, Deep and Rao",4814,TELECOM,SOLE_PROPRIETOR,Hyderabad,Telangana,2025-01-11 00:00:00,XXXX9144,ACTIVE,,True,False,False,True,False,False
MCH6513,"Krishna, Deshpande and Kar",5311,DEPARTMENT_STORE,INDIVIDUAL,Mumbai,Maharashtra,2025-08-13 00:00:00,XXXX3471,ACTIVE,2622.03,False,False,False,False,False,False
MCH6514,Lalla-Palan,5812,RESTAURANT,INDIVIDUAL,Kolkata,West Bengal,2025-03-26 09:22:56,XXXX0164,ACTIVE,,False,False,False,True,False,False
MCH6517,"Vig, Sen and Kumar",5699,APPAREL,SOLE_PROPRIETOR,Delhi,Delhi,2023-05-05 00:00:00,,ACTIVE,1024.93,False,False,False,False,True,False
MCH6519,"Dhar, Morar and Malhotra",5699,APPAREL,PRIVATE_LIMITED,Pune,Maharashtra,2023-05-15 00:27:02,XXXX0332,ACTIVE,445.06,False,False,False,False,False,False
MCH6520,Manda-Shah,5912,PHARMACY,INDIVIDUAL,Kolkata,West Bengal,2024-08-01 00:55:00,,ACTIVE,1457.02,False,False,False,False,True,False
MCH6523,Ramanathan-Wali,5999,MISC_RETAIL,PRIVATE_LIMITED,Bengaluru,Karnataka,2024-08-27 00:00:00,XXXX9501,ACTIVE,2272.75,False,False,False,False,False,False
MCH6524,Chaudry-Lall,7011,HOTEL,SOLE_PROPRIETOR,Delhi,Delhi,2023-12-25 00:00:00,XXXX9053,INACTIVE,,False,False,False,True,False,False
MCH6527,"Lalla, Bhandari and Mane",5411,GROCERY,SOLE_PROPRIETOR,Pune,Maharashtra,2025-07-09 00:00:00,XXXX1081,ACTIVE,-1832.42,False,False,True,False,False,False
MCH6530,Muni-Rout,5699,APPAREL,INDIVIDUAL,Pune,Maharashtra,2023-10-15 00:00:00,XXXX6471,ACTIVE,938.29,False,False,False,False,False,False
MCH6535,Nagy and Sons,5411,GROCERY,SOLE_PROPRIETOR,Hyderabad,Telangana,2023-11-24 00:00:00,,ACTIVE,291.26,False,False,False,False,True,False
MCH6541,"Mahal, Panchal and Doshi",5912,PHARMACY,INDIVIDUAL,Mumbai,Maharashtra,2024-06-12 16:15:10,XXXX5174,ACTIVE,307.0,False,False,False,False,False,False
MCH6542,Saraf-Dhingra,5311,DEPARTMENT_STORE,SOLE_PROPRIETOR,Mumbai,Maharashtra,2023-12-16 00:00:00,XXXX3512,ACTIVE,321.72,False,False,False,False,False,False
MCH6543,Goswami-Ray,5699,APPAREL,PARTNERSHIP,Chennai,Tamil Nadu,2025-04-04 00:00:00,XXXX9238,ACTIVE,2501.19,False,False,False,False,False,False
MCH6545,Garg PLC,5699,APPAREL,PARTNERSHIP,Ludhiana,Punjab,2024-02-20 00:00:00,,ACTIVE,1653.52,False,False,False,False,True,False
MCH6547,"Gupta,DewanandNadig",5942,BOOKS_STATIONERY,INDIVIDUAL,Hyderabad,Telangana,2023-05-27 00:00:00,,INACTIVE,974.14,False,False,False,False,True,False
MCH6548,"Kaur, Puri and Agate",4814,TELECOM,PARTNERSHIP,Hyderabad,Telangana,2023-09-24 18:14:00,XXXX5346,ACTIVE,1154.74,False,False,False,False,False,False
MCH6551,Oza LLC,7011,HOTEL,PRIVATE_LIMITED,Lucknow,Uttar Pradesh,2023-07-11 00:00:00,,ACTIVE,578.45,False,False,False,False,True,False
MCH6554,vora llc,7011,HOTEL,INDIVIDUAL,Bengaluru,Karnataka,2024-10-06 15:25:00,,INACTIVE,3625.66,False,False,False,False,True,False
MCH6555,Tata-Bajwa,5311,DEPARTMENT_STORE,PARTNERSHIP,Lucknow,Uttar Pradesh,2023-12-24 00:00:00,,INACTIVE,3890.0,False,False,False,False,True,False
MCH6556,Chana-Barad,5999,MISC_RETAIL,PRIVATE_LIMITED,Jalandhar,Punjab,2024-06-09 00:00:00,XXXX3130,ACTIVE,1172.0,False,False,False,False,False,False
MCH6559,Patla Ltd,7011,HOTEL,SOLE_PROPRIETOR,Bengaluru,Karnataka,2025-12-18 00:00:00,,ACTIVE,922.45,False,False,False,False,True,False
MCH6560,"Pandit, Jayaraman and Chokshi",4814,TELECOM,INDIVIDUAL,Hyderabad,Telangana,2023-05-29 00:00:00,XXXX6171,ACTIVE,11930.97,False,False,False,False,False,False
MCH6562,Kant Inc,7011,HOTEL,SOLE_PROPRIETOR,Chennai,Tamil Nadu,2024-10-14 00:00:00,XXXX2723,ACTIVE,2590.35,False,False,False,False,False,False
MCH6563,naik plc,4131,TRANSPORT,INDIVIDUAL,Jalandhar,Punjab,2025-04-04 00:38:00,,ACTIVE,1376.0,False,False,False,False,True,False
MCH6565,Parmer-Datta,4814,TELECOM,SOLE_PROPRIETOR,Hyderabad,Telangana,2023-07-28 00:00:00,XXXX1044,ACTIVE,2464.68,False,False,False,False,False,False
MCH6566,"Purohit, Chacko and Kadakia",4814,TELECOM,PRIVATE_LIMITED,Chennai,Tamil Nadu,2024-03-10 00:00:00,XXXX0794,INACTIVE,1923.82,False,False,False,False,False,False
MCH6568,MINHAS PLC,7011,HOTEL,SOLE_PROPRIETOR,Amritsar,Punjab,2024-04-10 18:11:31,XXXX0412,ACTIVE,1486.0,False,False,False,False,False,False
MCH6570,Venkataraman Ltd,5912,PHARMACY,PRIVATE_LIMITED,Delhi,Delhi,2024-01-23 00:00:00,,ACTIVE,332.15,False,False,False,False,True,False
MCH6572,Naidu PLC,5311,DEPARTMENT_STORE,PRIVATE_LIMITED,Pune,Maharashtra,2025-03-17 00:00:00,XXXX4581,ACTIVE,402.0,False,False,False,False,False,False
MCH6574,"Thaman, Gupta and Barad",4814,TELECOM,PRIVATE_LIMITED,Pune,Maharashtra,2024-03-03 13:31:25,XXXX0427,ACTIVE,1371.71,False,False,False,False,False,False
MCH6575,Sanghvi PLC,5942,BOOKS_STATIONERY,INDIVIDUAL,Lucknow,Uttar Pradesh,2025-02-15 00:00:00,XXXX8917,ACTIVE,819.0,False,False,False,False,False,False
MCH6577,D’Alia Inc,5699,APPAREL,PARTNERSHIP,Bengaluru,Karnataka,2023-08-05 16:50:00,,ACTIVE,1979.76,False,False,False,False,True,False
MCH6578,LAL-SACHDEVA,4131,TRANSPORT,PARTNERSHIP,Jalandhar,Punjab,2026-01-04 13:25:00,XXXX4216,ACTIVE,1965.27,False,False,False,False,False,False
MCH6582,SAGAR GROUP,5912,PHARMACY,PARTNERSHIP,Kolkata,West Bengal,2023-06-09 00:00:00,,ACTIVE,1999.0,False,False,False,False,True,False
MCH6583,Raval-Badal,5912,PHARMACY,INDIVIDUAL,Kolkata,West Bengal,2025-11-07 00:00:00,XXXX0236,ACTIVE,2083.0,False,False,False,False,False,False
MCH6585,Bansal Ltd,5411,GROCERY,PRIVATE_LIMITED,Mumbai,Maharashtra,2025-01-25 10:52:00,XXXX5925,INACTIVE,729.86,False,False,False,False,False,False
MCH6586,Pandya PLC,5999,MISC_RETAIL,INDIVIDUAL,Bengaluru,Karnataka,2024-04-29 00:00:00,XXXX0473,ACTIVE,520.0,False,False,False,False,False,False
MCH6590,HandaInc,5699,APPAREL,INDIVIDUAL,Kolkata,West Bengal,2024-04-07 00:00:00,XXXX4347,ACTIVE,2071.46,False,False,False,False,False,False
MCH6593,Sharma-Ahuja,5411,GROCERY,SOLE_PROPRIETOR,Jalandhar,Punjab,2025-06-27 17:43:12,XXXX9342,ACTIVE,3094.86,False,False,False,False,False,False
MCH6594,Varkey-Bhatti,5411,GROCERY,PARTNERSHIP,Pune,Maharashtra,2025-01-24 23:13:22,XXXX1686,ACTIVE,1271.0,False,False,False,False,False,False
MCH6595,More-Sharma,7011,HOTEL,SOLE_PROPRIETOR,Jalandhar,Punjab,2023-11-12 00:00:00,,ACTIVE,308.54,False,False,False,False,True,False
MCH6598,"Banik, Halder and Sabharwal",7011,HOTEL,INDIVIDUAL,Mumbai,Maharashtra,2025-06-02 00:00:00,XXXX2729,INACTIVE,230.53,False,False,False,False,False,False
MCH6600,raju inc,7011,HOTEL,INDIVIDUAL,Bengaluru,Karnataka,2025-04-18 00:00:00,XXXX8880,ACTIVE,484.58,False,False,False,False,False,False
MCH6602,Thakkar Ltd,4131,TRANSPORT,PARTNERSHIP,Mumbai,Maharashtra,2023-01-03 08:43:35,XXXX6968,ACTIVE,483.25,False,False,False,False,False,False
MCH6603,Atwal PLC,7011,HOTEL,SOLE_PROPRIETOR,Jaipur,Rajasthan,2024-08-20 00:00:00,XXXX8553,ACTIVE,694.88,False,False,False,False,False,False
MCH6607,Bedi-Bhandari,5812,RESTAURANT,SOLE_PROPRIETOR,Ludhiana,Punjab,2023-12-30 00:00:00,,ACTIVE,1203.0,False,False,False,False,True,False
MCH6608,"puri, dar and mann",5411,GROCERY,PRIVATE_LIMITED,Delhi,Delhi,2024-02-10 07:57:42,,ACTIVE,-410.36,True,False,True,False,True,False
MCH6611,Mand PLC,5411,GROCERY,PRIVATE_LIMITED,Chennai,Tamil Nadu,2023-01-01 00:00:00,,ACTIVE,-1110.3,False,False,True,False,True,False
MCH6612,sule-pillay,5812,RESTAURANT,PARTNERSHIP,Pune,Maharashtra,2025-09-09 00:00:00,XXXX0400,ACTIVE,2010.07,False,False,False,False,False,False
MCH6615,PILLAY GROUP,5942,BOOKS_STATIONERY,INDIVIDUAL,Hyderabad,Telangana,2025-09-12 23:50:08,XXXX3146,INACTIVE,-785.64,False,False,True,False,False,False
MCH6617,Buch Group,5699,APPAREL,SOLE_PROPRIETOR,Hyderabad,Telangana,2024-09-01 00:00:00,,ACTIVE,1759.15,False,False,False,False,True,False
MCH6623,Kakar and Sons,5912,PHARMACY,INDIVIDUAL,Pune,Maharashtra,,XXXX8927,ACTIVE,1424.35,False,False,False,False,False,True
MCH6626,Zacharia-Kapadia,5912,PHARMACY,PRIVATE_LIMITED,Lucknow,Uttar Pradesh,2024-07-25 00:00:00,,INACTIVE,2864.89,False,False,False,False,True,False
MCH6628,Thakur-Kunda,4814,TELECOM,PRIVATE_LIMITED,Delhi,Delhi,2025-05-13 14:37:00,XXXX4289,ACTIVE,1718.0,True,False,False,False,False,False
MCH6630,"Kalla, Vyas and Lanka",5942,BOOKS_STATIONERY,SOLE_PROPRIETOR,Jaipur,Rajasthan,,,ACTIVE,257.87,False,False,False,False,True,True
MCH6632,"Om, Mall and Sandhu",4131,TRANSPORT,PARTNERSHIP,Lucknow,Uttar Pradesh,2023-07-28 00:00:00,XXXX3092,INACTIVE,996.13,True,False,False,False,False,False
MCH6634,"BOBAL, RANDHAWA AND GUHA",5999,MISC_RETAIL,SOLE_PROPRIETOR,Delhi,Delhi,2024-07-17 00:00:00,XXXX1463,ACTIVE,3780.75,True,False,False,False,False,False
MCH6635,Sehgal Inc,5812,RESTAURANT,PRIVATE_LIMITED,Bengaluru,Karnataka,,,ACTIVE,1810.23,False,False,False,False,True,True
MCH6637,Sagar Group,5311,DEPARTMENT_STORE,SOLE_PROPRIETOR,Jaipur,Rajasthan,2023-08-16 00:00:00,,ACTIVE,-2926.37,False,False,True,False,True,False
MCH6639,Sandal Group,5812,RESTAURANT,SOLE_PROPRIETOR,Amritsar,Punjab,2024-05-29 07:36:20,XXXX5501,ACTIVE,3334.16,False,False,False,False,False,False
MCH6641,Sunder-Taneja,5411,GROCERY,INDIVIDUAL,Kolkata,West Bengal,2025-12-24 23:48:00,,ACTIVE,126.11,False,False,False,False,True,False
MCH6643,"BALA, PALLA AND SRINIVAS",5942,BOOKS_STATIONERY,PRIVATE_LIMITED,Jalandhar,Punjab,2023-06-13 10:35:36,XXXX7292,ACTIVE,1698.35,False,False,False,False,False,False
MCH6645,Kalla Ltd,5699,APPAREL,PARTNERSHIP,Amritsar,Punjab,2023-01-29 13:22:00,XXXX6951,ACTIVE,329.87,True,False,False,False,False,False
MCH6650,Kuruvi11a-G01a,5942,BOOKS_STATIONERY,PRIVATE_LIMITED,Bengaluru,Karnataka,2024-07-16 00:00:00,XXXX4971,INACTIVE,2725.71,False,False,False,False,False,False
MCH6651,"CHOUDHRY, SARMA AND SESHADRI",7011,HOTEL,SOLE_PROPRIETOR,Delhi,Delhi,2024-10-05 13:55:27,XXXX3187,ACTIVE,2606.0,False,False,False,False,False,False
MCH6654,Cheema-Dara,7011,HOTEL,PARTNERSHIP,Mumbai,Maharashtra,2023-12-26 12:35:00,XXXX6169,ACTIVE,581.25,False,False,False,False,False,False
MCH6656,uppal llc,5812,RESTAURANT,INDIVIDUAL,Ludhiana,Punjab,2023-10-11 00:00:00,XXXX4591,ACTIVE,488.8,False,False,False,False,False,False
MCH6657,Atwal-Sarraf,5411,GROCERY,PARTNERSHIP,Hyderabad,Telangana,,,ACTIVE,804.0,False,False,False,False,True,True
MCH6660,N0ri Gr0up,4814,TELECOM,SOLE_PROPRIETOR,Chennai,Tamil Nadu,2023-05-26 00:00:00,XXXX4499,ACTIVE,3030.0,False,False,False,False,False,False
MCH6662,Din-Gour,5999,MISC_RETAIL,INDIVIDUAL,Pune,Maharashtra,2024-02-26 00:00:00,XXXX2767,ACTIVE,3959.93,False,False,False,False,False,False
MCH6665,WadhwaInc,5311,DEPARTMENT_STORE,PRIVATE_LIMITED,Delhi,Delhi,2025-07-05 00:00:00,,ACTIVE,1714.72,False,False,False,False,True,False
MCH6666,Baral Inc,5699,APPAREL,INDIVIDUAL,Bengaluru,Karnataka,2025-12-22 00:00:00,XXXX9950,ACTIVE,381.87,False,False,False,False,False,False
MCH6667,Konda-Jain,5912,PHARMACY,SOLE_PROPRIETOR,Hyderabad,Telangana,2024-10-16 00:00:00,,ACTIVE,2831.62,False,False,False,False,True,False
MCH6670,SAWHNEY INC,5411,GROCERY,INDIVIDUAL,Bengaluru,Karnataka,2026-01-17 00:00:00,XXXX5717,ACTIVE,-2332.15,False,False,True,False,False,False
MCH6671,Chandran-Dada,5699,APPAREL,PARTNERSHIP,Amritsar,Punjab,2023-04-12 00:00:00,XXXX2960,ACTIVE,2579.5,False,False,False,False,False,False
MCH6672,"Mittal, Bajwa and Guha",5812,RESTAURANT,INDIVIDUAL,Delhi,Delhi,2023-08-09 00:00:00,XXXX4811,ACTIVE,3663.66,False,False,False,False,False,False
MCH6675,Vora and Sons,5699,APPAREL,PARTNERSHIP,Ludhiana,Punjab,2025-07-31 00:00:00,XXXX5119,ACTIVE,769.28,True,False,False,False,False,False
MCH6676,Balakrishnan-Baral,4131,TRANSPORT,PARTNERSHIP,Chennai,Tamil Nadu,2025-08-02 10:17:51,,ACTIVE,1126.87,False,False,False,False,True,False
MCH6677,"DESHMUKH, CHOUDHRY AND LAD",5912,PHARMACY,PRIVATE_LIMITED,Jalandhar,Punjab,2024-12-05 00:00:00,,INACTIVE,2949.0,False,False,False,False,True,False
MCH6680,Vaidya-Agrawal,5999,MISC_RETAIL,PARTNERSHIP,Delhi,Delhi,2025-05-28 00:00:00,,ACTIVE,,False,False,False,True,True,False
MCH6681,Baria PLC,4131,TRANSPORT,INDIVIDUAL,Delhi,Delhi,2026-02-17 00:00:00,XXXX6547,INACTIVE,1343.0,False,False,False,False,False,False
MCH6683,Pai Inc,5411,GROCERY,INDIVIDUAL,Chennai,Tamil Nadu,2025-11-29 00:42:00,XXXX2498,ACTIVE,-808.55,False,False,True,False,False,False
MCH6692,Parekh Group,5942,BOOKS_STATIONERY,PARTNERSHIP,Amritsar,Punjab,2023-12-23 00:00:00,XXXX5642,ACTIVE,3070.0,False,False,False,False,False,False
MCH6697,"Chanda, Chakraborty and Mand",4814,TELECOM,INDIVIDUAL,Pune,Maharashtra,2025-09-29 15:02:00,XXXX4569,ACTIVE,706.35,False,False,False,False,False,False
MCH6700,RAVI LTD,4814,TELECOM,PARTNERSHIP,Pune,Maharashtra,,,ACTIVE,219.11,False,False,False,False,True,True
MCH6707,Kari Ltd,5942,BOOKS_STATIONERY,SOLE_PROPRIETOR,Bengaluru,Karnataka,2025-06-21 00:00:00,XXXX3046,ACTIVE,1949.47,True,False,False,False,False,False
MCH6708,Soman and Sons,5912,PHARMACY,PRIVATE_LIMITED,Ludhiana,Punjab,2025-06-03 00:00:00,XXXX2119,ACTIVE,957.0,False,False,False,False,False,False
MCH6711,Loyal-Srinivasan,5411,GROCERY,PARTNERSHIP,Hyderabad,Telangana,2025-06-15 00:00:00,XXXX4153,INACTIVE,931.24,False,False,False,False,False,False
MCH6716,Shan PLC,5699,APPAREL,PARTNERSHIP,Amritsar,Punjab,2025-09-07 00:00:00,XXXX2064,ACTIVE,1208.93,False,False,False,False,False,False
MCH6718,Chaudry-Ramachandran,4814,TELECOM,INDIVIDUAL,Lucknow,Uttar Pradesh,2024-07-19 00:00:00,XXXX5658,ACTIVE,1635.83,False,False,False,False,False,False
MCH6720,"dhingra, shukla and edwin",5912,PHARMACY,PARTNERSHIP,Amritsar,Punjab,2025-08-07 00:00:00,XXXX5057,ACTIVE,638.0,False,False,False,False,False,False
MCH6721,"Saran, Varughese and Savant",5912,PHARMACY,INDIVIDUAL,Ludhiana,Punjab,2025-11-11 00:00:00,XXXX0281,ACTIVE,1696.94,False,False,False,False,False,False
MCH6722,Khalsa-Kapadia,5912,PHARMACY,PARTNERSHIP,Bengaluru,Karnataka,2023-03-06 00:00:00,XXXX3127,ACTIVE,2042.78,False,False,False,False,False,False
MCH6726,Boase-Chatterjee,7011,HOTEL,INDIVIDUAL,Chennai,Tamil Nadu,2024-04-10 07:16:24,,INACTIVE,1583.09,False,False,False,False,True,False
MCH6729,Khatri and Sons,5912,PHARMACY,PARTNERSHIP,Chennai,Tamil Nadu,2023-07-01 00:00:00,XXXX2100,ACTIVE,,True,False,False,True,False,False
MCH6730,"Babu, Sarma and Setty",5912,PHARMACY,PARTNERSHIP,Lucknow,Uttar Pradesh,2023-10-28 00:00:00,XXXX4738,ACTIVE,1118.53,False,False,False,False,False,False
MCH6731,ThakurPLC,5812,RESTAURANT,INDIVIDUAL,Hyderabad,Telangana,2025-10-25 00:00:00,,ACTIVE,305.3,False,False,False,False,True,False
MCH6737,Kohli Inc,5942,BOOKS_STATIONERY,PARTNERSHIP,Ludhiana,Punjab,2023-07-06 00:00:00,XXXX2754,ACTIVE,675.29,False,False,False,False,False,False
MCH6738,"Jain, Kothari and Subramanian",4814,TELECOM,INDIVIDUAL,Delhi,Delhi,2025-12-06 23:26:23,XXXX3117,INACTIVE,1846.61,False,False,False,False,False,False
MCH6741,PARIKH-BHATT,7011,HOTEL,PARTNERSHIP,Delhi,Delhi,2025-06-20 00:00:00,,INACTIVE,664.53,False,False,False,False,True,False
MCH6742,Mammen Gr0up,4814,TELECOM,PRIVATE_LIMITED,Kolkata,West Bengal,2024-03-20 00:00:00,XXXX8463,ACTIVE,6284.1,False,False,False,False,False,False
MCH6743,"mistry, acharya and rau",5999,MISC_RETAIL,PRIVATE_LIMITED,Kolkata,West Bengal,2025-07-25 00:00:00,XXXX9521,ACTIVE,-1997.32,True,False,True,False,False,False
MCH6744,GREWAL INC,5999,MISC_RETAIL,PRIVATE_LIMITED,Hyderabad,Telangana,2023-12-01 00:00:00,,ACTIVE,1886.71,False,False,False,False,True,False
MCH6745,Chaudry PLC,7011,HOTEL,INDIVIDUAL,Lucknow,Uttar Pradesh,2023-05-16 00:00:00,,INACTIVE,2605.91,False,False,False,False,True,False
MCH6746,"Tank, Chanda and Kothari",5411,GROCERY,PRIVATE_LIMITED,Ludhiana,Punjab,2024-02-04 00:00:00,XXXX9145,ACTIVE,2445.51,False,False,False,False,False,False
MCH6748,Sathe Inc,5411,GROCERY,SOLE_PROPRIETOR,Kolkata,West Bengal,2023-05-07 00:00:00,,INACTIVE,1451.17,False,False,False,False,True,False
MCH6751,Jhaveri-Rege,5942,BOOKS_STATIONERY,PRIVATE_LIMITED,Jalandhar,Punjab,2023-07-30 00:00:00,,ACTIVE,1649.91,False,False,False,False,True,False
MCH6755,Subramaniam Inc,7011,HOTEL,PARTNERSHIP,Delhi,Delhi,2024-03-23 00:00:00,,ACTIVE,1535.05,False,False,False,False,True,False
MCH6756,Mangal PLC,5812,RESTAURANT,INDIVIDUAL,Kolkata,West Bengal,2024-12-21 00:00:00,XXXX7752,ACTIVE,689.85,False,False,False,False,False,False
MCH6757,Brar-Saha,5942,BOOKS_STATIONERY,SOLE_PROPRIETOR,Ludhiana,Punjab,2024-05-09 00:00:00,XXXX0116,ACTIVE,602.25,False,False,False,False,False,False
MCH6758,"Kaul, Vyas and Bobal",5912,PHARMACY,SOLE_PROPRIETOR,Jaipur,Rajasthan,,XXXX1926,ACTIVE,1560.09,False,False,False,False,False,True
MCH6764,rama-vora,4131,TRANSPORT,PARTNERSHIP,Hyderabad,Telangana,2025-08-22 07:58:18,XXXX1624,ACTIVE,892.82,False,False,False,False,False,False
MCH6765,Sengupta-Keer,5912,PHARMACY,INDIVIDUAL,Delhi,Delhi,2025-11-17 00:00:00,XXXX7076,ACTIVE,1250.47,False,False,False,False,False,False
MCH6770,CHAUDHARI-DEWAN,5942,BOOKS_STATIONERY,SOLE_PROPRIETOR,Jaipur,Rajasthan,,,ACTIVE,1139.41,False,False,False,False,True,True
MCH6772,"Sarin,KaleandBava",5411,GROCERY,INDIVIDUAL,Amritsar,Punjab,2024-03-12 00:00:00,XXXX0944,INACTIVE,893.58,False,False,False,False,False,False
MCH6773,"parmar, sahota and rajagopalan",5999,MISC_RETAIL,SOLE_PROPRIETOR,Pune,Maharashtra,2024-02-23 00:00:00,XXXX1358,ACTIVE,3042.0,False,False,False,False,False,False
MCH6774,PARSA LTD,5699,APPAREL,PRIVATE_LIMITED,Amritsar,Punjab,2023-01-17 00:00:00,,ACTIVE,2007.14,False,False,False,False,True,False
MCH6775,La11 Gr0up,5999,MISC_RETAIL,PRIVATE_LIMITED,Chennai,Tamil Nadu,,XXXX4902,INACTIVE,196.61,False,False,False,False,False,True
MCH6776,Hari-Tak,4131,TRANSPORT,SOLE_PROPRIETOR,Jalandhar,Punjab,2025-05-25 00:00:00,XXXX9600,INACTIVE,1189.41,False,False,False,False,False,False
MCH6777,LALL-DATE,5411,GROCERY,PARTNERSHIP,Lucknow,Uttar Pradesh,2023-12-20 14:05:11,XXXX6676,ACTIVE,1143.87,False,False,False,False,False,False
MCH6780,"Bhatia, Dalal and Kapur",5999,MISC_RETAIL,PRIVATE_LIMITED,Jalandhar,Punjab,2025-05-24 00:31:32,,ACTIVE,-10952.74,False,False,True,False,True,False
MCH6782,JANI-BHAKTA,7011,HOTEL,PRIVATE_LIMITED,Delhi,Delhi,2024-10-29 00:00:00,XXXX7213,ACTIVE,289.03,False,False,False,False,False,False
MCH6783,"Deep, Pall and Suri",5912,PHARMACY,INDIVIDUAL,Lucknow,Uttar Pradesh,2025-11-28 13:45:00,,ACTIVE,1131.0,False,False,False,False,True,False
MCH6785,rai llc,7011,HOTEL,SOLE_PROPRIETOR,Chennai,Tamil Nadu,2024-12-01 08:40:45,,ACTIVE,2498.92,False,False,False,False,True,False
MCH6789,Sanghvi-Garg,5699,APPAREL,INDIVIDUAL,Kolkata,West Bengal,,XXXX2367,ACTIVE,8043.93,False,False,False,False,False,True
MCH6795,"Hans, Majumdar and Mangat",5999,MISC_RETAIL,INDIVIDUAL,Hyderabad,Telangana,2023-06-05 00:00:00,,ACTIVE,1573.9,False,False,False,False,True,False
MCH6802,"deo, vohra and palla",5311,DEPARTMENT_STORE,PRIVATE_LIMITED,Delhi,Delhi,2024-04-11 00:00:00,,ACTIVE,1823.92,False,False,False,False,True,False
MCH6803,Babu-Aggarwal,5942,BOOKS_STATIONERY,PARTNERSHIP,Pune,Maharashtra,2025-05-24 00:00:00,XXXX6242,ACTIVE,2653.94,False,False,False,False,False,False
MCH6804,Johal and Sons,5699,APPAREL,SOLE_PROPRIETOR,Chennai,Tamil Nadu,2025-10-13 00:00:00,XXXX8573,INACTIVE,4018.13,False,False,False,False,False,False
MCH6805,Dora Ltd,5311,DEPARTMENT_STORE,PRIVATE_LIMITED,Mumbai,Maharashtra,2025-09-17 00:00:00,XXXX4694,ACTIVE,371.73,False,False,False,False,False,False
MCH6806,Virk-Batra,7011,HOTEL,SOLE_PROPRIETOR,Jaipur,Rajasthan,2024-01-04 17:25:45,XXXX7217,ACTIVE,687.46,False,False,False,False,False,False
MCH6809,Reddy-Bhatt,5699,APPAREL,PARTNERSHIP,Bengaluru,Karnataka,2024-08-05 00:00:00,,ACTIVE,2382.0,True,False,False,False,True,False
MCH6812,"Gade, Badami and Choudhary",4814,TELECOM,SOLE_PROPRIETOR,Amritsar,Punjab,2023-12-21 00:00:00,,ACTIVE,-200.21,False,False,True,False,True,False
MCH6814,Gara-Seth,4814,TELECOM,PRIVATE_LIMITED,Jaipur,Rajasthan,2024-07-02 00:00:00,XXXX3537,ACTIVE,-1223.19,False,False,True,False,False,False
MCH6815,"Borra, Talwar and Jha",4814,TELECOM,PARTNERSHIP,Jalandhar,Punjab,,XXXX6238,ACTIVE,750.82,False,False,False,False,False,True
MCH6816,Muni-Bakshi,5942,BOOKS_STATIONERY,PRIVATE_LIMITED,Mumbai,Maharashtra,2025-10-19 19:36:20,XXXX6602,INACTIVE,1412.92,True,False,False,False,False,False
MCH6818,"Bava, Badami and Sodhi",5311,DEPARTMENT_STORE,PARTNERSHIP,Mumbai,Maharashtra,2023-03-16 00:00:00,XXXX7910,ACTIVE,-3479.78,False,False,True,False,False,False
MCH6819,"ARYA, BASSI AND KAUR",5999,MISC_RETAIL,PARTNERSHIP,Amritsar,Punjab,2025-11-19 00:00:00,,ACTIVE,2433.05,True,False,False,False,True,False
MCH6822,"Sankar, Deol and Goswami",4814,TELECOM,SOLE_PROPRIETOR,Jaipur,Rajasthan,2025-03-31 00:00:00,XXXX2270,INACTIVE,-1194.99,False,False,True,False,False,False
MCH6824,"Talwar, Ramesh and Hora",5942,BOOKS_STATIONERY,SOLE_PROPRIETOR,Bengaluru,Karnataka,2023-09-10 00:00:00,XXXX8796,ACTIVE,3249.65,True,False,False,False,False,False
MCH6825,Biswas-Nadig,5999,MISC_RETAIL,SOLE_PROPRIETOR,Jalandhar,Punjab,2023-10-12 10:16:00,XXXX2243,INACTIVE,872.49,False,False,False,False,False,False
MCH6827,Mangat and Sons,5912,PHARMACY,SOLE_PROPRIETOR,Jalandhar,Punjab,,XXXX5225,ACTIVE,1859.4,False,False,False,False,False,True
MCH6828,Warrior-Bhardwaj,4814,TELECOM,PARTNERSHIP,Lucknow,Uttar Pradesh,2023-06-01 00:00:00,XXXX0684,ACTIVE,2500.44,False,False,False,False,False,False
MCH6829,"Natarajan, Thaker and Aggarwal",5912,PHARMACY,SOLE_PROPRIETOR,Mumbai,Maharashtra,2024-01-24 00:00:00,,ACTIVE,1746.05,False,False,False,False,True,False
MCH6831,"Kothari, De and Arora",5999,MISC_RETAIL,INDIVIDUAL,Kolkata,West Bengal,2025-11-17 16:43:00,XXXX3261,INACTIVE,,False,False,False,True,False,False
MCH6832,"Chaudry, Barman and Patla",5812,RESTAURANT,SOLE_PROPRIETOR,Lucknow,Uttar Pradesh,2024-09-03 00:00:00,XXXX5357,INACTIVE,617.14,False,False,False,False,False,False
MCH6836,Gola-Rout,5999,MISC_RETAIL,SOLE_PROPRIETOR,Bengaluru,Karnataka,2025-12-03 00:00:00,XXXX5239,INACTIVE,2040.92,False,False,False,False,False,False
MCH6837,Oommen-Thaker,5942,BOOKS_STATIONERY,INDIVIDUAL,Jalandhar,Punjab,2025-10-11 16:08:00,XXXX6769,INACTIVE,1750.4,True,False,False,False,False,False
MCH6838,Wali-Nair,5912,PHARMACY,PRIVATE_LIMITED,Delhi,Delhi,2023-11-12 00:00:00,XXXX9709,ACTIVE,1461.29,False,False,False,False,False,False
MCH6839,Saha LLC,5411,GROCERY,INDIVIDUAL,Chennai,Tamil Nadu,2025-07-20 00:00:00,XXXX2777,ACTIVE,1531.04,False,False,False,False,False,False
MCH6840,saini group,5411,GROCERY,PRIVATE_LIMITED,Bengaluru,Karnataka,2024-09-15 00:00:00,XXXX2170,ACTIVE,-731.68,False,False,True,False,False,False
MCH6843,"Thakkar, Date and Balasubramanian",5699,APPAREL,INDIVIDUAL,Mumbai,Maharashtra,2024-06-19 00:00:00,XXXX8860,ACTIVE,2750.74,False,False,False,False,False,False
MCH6844,"bedi, gill and dube",7011,HOTEL,PARTNERSHIP,Kolkata,West Bengal,2025-06-11 00:00:00,XXXX3562,ACTIVE,713.58,False,False,False,False,False,False
MCH6848,Dora LLC,5311,DEPARTMENT_STORE,PARTNERSHIP,Chennai,Tamil Nadu,2025-09-20 22:23:18,XXXX5368,ACTIVE,1272.49,False,False,False,False,False,False
MCH6851,Chaudhary and S0ns,4131,TRANSPORT,INDIVIDUAL,Kolkata,West Bengal,2023-04-03 00:00:00,XXXX0557,ACTIVE,4509.31,False,False,False,False,False,False
MCH6852,Swamy-Srinivas,4814,TELECOM,PRIVATE_LIMITED,Chennai,Tamil Nadu,,XXXX3682,ACTIVE,-449.44,False,False,True,False,False,True
MCH6853,Prashad PLC,7011,HOTEL,PRIVATE_LIMITED,Delhi,Delhi,2024-06-13 00:00:00,XXXX6487,ACTIVE,410.64,False,False,False,False,False,False
MCH6854,Singh-Pandya,5942,BOOKS_STATIONERY,PARTNERSHIP,Amritsar,Punjab,2023-07-22 14:48:37,,ACTIVE,353.0,False,False,False,False,True,False
MCH6855,"Soman, Ravel and Anand",5411,GROCERY,PRIVATE_LIMITED,Kolkata,West Bengal,2026-02-06 00:00:00,XXXX2710,ACTIVE,1385.58,False,False,False,False,False,False
MCH6856,"Dalal, Morar and Gala",7011,HOTEL,PRIVATE_LIMITED,Chennai,Tamil Nadu,2025-11-18 11:40:38,XXXX3477,ACTIVE,-1373.13,False,False,True,False,False,False
MCH6857,Barad and Sons,7011,HOTEL,PARTNERSHIP,Jalandhar,Punjab,2025-09-24 12:38:27,XXXX3566,ACTIVE,2452.63,False,False,False,False,False,False
MCH6860,buch plc,5699,APPAREL,PRIVATE_LIMITED,Kolkata,West Bengal,2025-01-09 00:00:00,,ACTIVE,364.0,False,False,False,False,True,False
MCH6861,Venkataraman Ltd,5999,MISC_RETAIL,PRIVATE_LIMITED,Mumbai,Maharashtra,2023-07-24 17:35:00,XXXX6379,ACTIVE,810.0,False,False,False,False,False,False
MCH6862,Misra-Dada,4814,TELECOM,PRIVATE_LIMITED,Kolkata,West Bengal,2025-08-12 00:00:00,XXXX0069,ACTIVE,736.0,False,False,False,False,False,False
MCH6863,Mani Group,5311,DEPARTMENT_STORE,INDIVIDUAL,Jaipur,Rajasthan,2024-05-30 00:00:00,XXXX9404,ACTIVE,2985.0,False,False,False,False,False,False
MCH6865,Mander-Chakrabarti,7011,HOTEL,PRIVATE_LIMITED,Mumbai,Maharashtra,2023-04-20 10:35:00,,ACTIVE,-465.56,False,False,True,False,True,False
MCH6866,Gill-Shere,5942,BOOKS_STATIONERY,INDIVIDUAL,Kolkata,West Bengal,2025-01-03 00:00:00,XXXX3682,ACTIVE,4194.0,True,False,False,False,False,False
MCH6868,Tara Group,5311,DEPARTMENT_STORE,PARTNERSHIP,Pune,Maharashtra,2024-02-04 01:10:36,,ACTIVE,323.93,False,False,False,False,True,False
MCH6869,"Oak, Kalla and Chand",4131,TRANSPORT,PRIVATE_LIMITED,Pune,Maharashtra,2025-01-21 15:07:04,XXXX1495,ACTIVE,2412.44,False,False,False,False,False,False
MCH6870,Basak Group,4814,TELECOM,SOLE_PROPRIETOR,Pune,Maharashtra,2025-04-03 00:00:00,XXXX3774,ACTIVE,2497.95,False,False,False,False,False,False
MCH6873,Dar and Sons,5311,DEPARTMENT_STORE,SOLE_PROPRIETOR,Jalandhar,Punjab,,XXXX7759,ACTIVE,75.71,False,False,False,False,False,True
MCH6875,Anand-Bajwa,7011,HOTEL,PRIVATE_LIMITED,Pune,Maharashtra,2025-06-15 00:00:00,XXXX2593,ACTIVE,1892.34,False,False,False,False,False,False
MCH6877,Nadkarni and Sons,5411,GROCERY,INDIVIDUAL,Ludhiana,Punjab,2025-10-12 00:00:00,,ACTIVE,1757.0,True,False,False,False,True,False
MCH6882,"Thaker, Hans and Chandra",4131,TRANSPORT,PRIVATE_LIMITED,Lucknow,Uttar Pradesh,2025-02-10 06:27:51,XXXX2452,INACTIVE,274.11,False,False,False,False,False,False
MCH6889,Vala PLC,5311,DEPARTMENT_STORE,SOLE_PROPRIETOR,Ludhiana,Punjab,2024-07-03 00:00:00,XXXX2033,ACTIVE,2028.13,False,False,False,False,False,False
MCH6890,Pandit-Narasimhan,7011,HOTEL,PRIVATE_LIMITED,Kolkata,West Bengal,2024-04-21 00:00:00,XXXX8046,INACTIVE,525.87,False,False,False,False,False,False
MCH6892,Chacko-Gaba,5912,PHARMACY,SOLE_PROPRIETOR,Bengaluru,Karnataka,2025-05-07 00:00:00,XXXX0824,ACTIVE,684.73,False,False,False,False,False,False
MCH6896,Padmanabhan-Purohit,4814,TELECOM,PRIVATE_LIMITED,Kolkata,West Bengal,2025-09-10 00:00:00,XXXX5643,ACTIVE,1862.46,False,False,False,False,False,False
MCH6903,sanghvi-suresh,5912,PHARMACY,SOLE_PROPRIETOR,Pune,Maharashtra,2024-12-01 00:00:00,XXXX6921,ACTIVE,3930.65,False,False,False,False,False,False
MCH6904,DIXIT-MALLICK,7011,HOTEL,SOLE_PROPRIETOR,Hyderabad,Telangana,2023-03-25 00:00:00,XXXX3602,INACTIVE,402.95,False,False,False,False,False,False
MCH6907,Dhillon-Sama,5812,RESTAURANT,PRIVATE_LIMITED,Jalandhar,Punjab,2024-12-21 07:31:00,,ACTIVE,4335.88,False,False,False,False,True,False
MCH6917,"Deshmukh, Parmar and Lad",4814,TELECOM,SOLE_PROPRIETOR,Jaipur,Rajasthan,2023-07-29 00:00:00,XXXX0989,ACTIVE,1543.47,False,False,False,False,False,False
MCH6918,Sant Ltd,4131,TRANSPORT,PRIVATE_LIMITED,Chennai,Tamil Nadu,2023-01-15 00:00:00,,ACTIVE,472.0,False,False,False,False,True,False
MCH6919,Mander Ltd,5999,MISC_RETAIL,PARTNERSHIP,Jalandhar,Punjab,2024-05-02 02:08:00,XXXX9461,ACTIVE,2549.85,False,False,False,False,False,False
MCH6920,"Bhagat, Nadkarni and Dyal",5311,DEPARTMENT_STORE,INDIVIDUAL,Kolkata,West Bengal,2026-01-01 00:00:00,XXXX4600,ACTIVE,410.54,False,False,False,False,False,False
MCH6922,"bassi, dara and dutt",5699,APPAREL,PRIVATE_LIMITED,Bengaluru,Karnataka,2023-04-01 00:00:00,XXXX6999,ACTIVE,1736.93,False,False,False,False,False,False
MCH6923,"kumar, hayre and grover",5942,BOOKS_STATIONERY,PARTNERSHIP,Lucknow,Uttar Pradesh,2024-03-12 00:00:00,XXXX0343,INACTIVE,937.24,False,False,False,False,False,False
MCH6926,Bhattacharyya and S0ns,5912,PHARMACY,PRIVATE_LIMITED,Jaipur,Rajasthan,2025-08-28 10:51:00,,ACTIVE,3997.27,True,False,False,False,True,False
MCH6928,Tata-Wagle,5912,PHARMACY,PARTNERSHIP,Bengaluru,Karnataka,2023-12-31 04:58:57,XXXX8195,ACTIVE,1008.0,False,False,False,False,False,False
MCH6930,dhingra plc,4131,TRANSPORT,SOLE_PROPRIETOR,Kolkata,West Bengal,2025-12-26 00:00:00,XXXX4250,ACTIVE,,False,False,False,True,False,False
MCH6935,"Sagar,BadalandJha",5912,PHARMACY,PRIVATE_LIMITED,Delhi,Delhi,2025-11-06 00:00:00,,ACTIVE,319.7,False,False,False,False,True,False
MCH6939,Sampath Ltd,5999,MISC_RETAIL,SOLE_PROPRIETOR,Lucknow,Uttar Pradesh,2025-07-01 11:23:00,XXXX8052,ACTIVE,2962.51,False,False,False,False,False,False
MCH6940,Koshy Inc,4131,TRANSPORT,PRIVATE_LIMITED,Chennai,Tamil Nadu,2024-06-25 00:00:00,,ACTIVE,5556.5,False,False,False,False,True,False
MCH6943,Vyas Group,5699,APPAREL,INDIVIDUAL,Amritsar,Punjab,2023-04-11 00:00:00,XXXX4797,ACTIVE,-651.75,False,False,True,False,False,False
MCH6944,Amb1e-Duga1,4131,TRANSPORT,INDIVIDUAL,Mumbai,Maharashtra,2023-02-22 00:00:00,XXXX1151,ACTIVE,1017.42,False,False,False,False,False,False
MCH6945,Barad LLC,5311,DEPARTMENT_STORE,PARTNERSHIP,Ludhiana,Punjab,2025-09-13 06:55:00,,ACTIVE,3350.77,False,False,False,False,True,False
MCH6947,Sen LLC,5912,PHARMACY,INDIVIDUAL,Hyderabad,Telangana,2025-05-29 00:00:00,XXXX3762,ACTIVE,820.37,False,False,False,False,False,False
MCH6948,"Kala,LokeandSinghal",4814,TELECOM,INDIVIDUAL,Bengaluru,Karnataka,2025-07-16 00:00:00,,ACTIVE,-752.55,False,False,True,False,True,False
MCH6949,"Dada, Suri and Chhabra",7011,HOTEL,SOLE_PROPRIETOR,Pune,Maharashtra,2024-01-26 00:00:00,XXXX0140,ACTIVE,333.77,False,False,False,False,False,False
MCH6950,"Bal, Swaminathan and Desai",5912,PHARMACY,PARTNERSHIP,Jaipur,Rajasthan,2025-04-10 00:08:00,XXXX4795,ACTIVE,1101.05,False,False,False,False,False,False
MCH6953,Khurana-Prabhakar,5942,BOOKS_STATIONERY,PARTNERSHIP,Hyderabad,Telangana,2024-10-03 00:00:00,,ACTIVE,-2749.21,True,False,True,False,True,False
MCH6959,"Agrawal, Bhatt and Babu",7011,HOTEL,PARTNERSHIP,Lucknow,Uttar Pradesh,2024-05-24 03:34:51,,ACTIVE,611.31,False,False,False,False,True,False
MCH6960,DAS-DHAWAN,5812,RESTAURANT,PARTNERSHIP,Jaipur,Rajasthan,2023-01-22 00:00:00,,ACTIVE,1832.0,True,False,False,False,True,False
MCH6965,Lala Group,5912,PHARMACY,PRIVATE_LIMITED,Pune,Maharashtra,2023-08-26 00:00:00,,ACTIVE,256.0,False,False,False,False,True,False
MCH6966,"Wali, Mand and Prabhakar",5942,BOOKS_STATIONERY,PARTNERSHIP,Amritsar,Punjab,2023-10-16 00:00:00,,ACTIVE,2789.87,False,False,False,False,True,False
MCH6970,Mani-Sankaran,5411,GROCERY,PARTNERSHIP,Delhi,Delhi,2024-09-25 00:00:00,XXXX6730,ACTIVE,511.17,False,False,False,False,False,False
MCH6972,Badal-Kamdar,7011,HOTEL,PRIVATE_LIMITED,Pune,Maharashtra,2023-12-20 14:49:48,,ACTIVE,1516.57,False,False,False,False,True,False
MCH6974,Ramaswamy Ltd,5311,DEPARTMENT_STORE,INDIVIDUAL,Delhi,Delhi,2026-01-01 00:00:00,XXXX1883,ACTIVE,1499.0,False,False,False,False,False,False
MCH6977,SATHE-JHA,5942,BOOKS_STATIONERY,INDIVIDUAL,Lucknow,Uttar Pradesh,2023-08-06 00:00:00,XXXX2950,ACTIVE,-1341.62,False,False,True,False,False,False
MCH6979,Nadig Ltd,5912,PHARMACY,SOLE_PROPRIETOR,Chennai,Tamil Nadu,2023-05-18 00:42:04,XXXX9953,INACTIVE,640.32,True,False,False,False,False,False
MCH6980,sarna-rajagopal,5999,MISC_RETAIL,PARTNERSHIP,Jalandhar,Punjab,2024-02-13 12:55:41,,ACTIVE,5229.33,False,False,False,False,True,False
MCH6982,"Baral, Ramachandran and Keer",5942,BOOKS_STATIONERY,PARTNERSHIP,Lucknow,Uttar Pradesh,2025-09-13 00:00:00,XXXX9313,INACTIVE,5234.31,False,False,False,False,False,False
MCH6983,Barman-Chand,5311,DEPARTMENT_STORE,PARTNERSHIP,Delhi,Delhi,2024-10-07 12:44:43,,ACTIVE,3713.18,False,False,False,False,True,False
MCH6984,wadhwa llc,5411,GROCERY,INDIVIDUAL,Pune,Maharashtra,2025-01-23 00:00:00,XXXX2741,ACTIVE,542.76,False,False,False,False,False,False
MCH6985,Devi-Radhakrishnan,5942,BOOKS_STATIONERY,INDIVIDUAL,Jalandhar,Punjab,2023-01-20 03:57:02,XXXX1101,ACTIVE,694.07,False,False,False,False,False,False
MCH6986,"Joshi, Chacko and Sawhney",5411,GROCERY,INDIVIDUAL,Mumbai,Maharashtra,2025-11-05 00:00:00,XXXX3270,ACTIVE,606.88,False,False,False,False,False,False
MCH6989,Raju LLC,5699,APPAREL,INDIVIDUAL,Jaipur,Rajasthan,2023-11-03 00:00:00,XXXX8402,INACTIVE,1427.8,False,False,False,False,False,False
MCH6990,Apte-Choudhary,4131,TRANSPORT,PARTNERSHIP,Bengaluru,Karnataka,2023-05-05 00:00:00,,ACTIVE,3342.47,False,False,False,False,True,False
MCH6991,dani ltd,4131,TRANSPORT,PARTNERSHIP,Bengaluru,Karnataka,2025-07-16 00:00:00,XXXX1808,ACTIVE,-1831.13,True,False,True,False,False,False
MCH6992,"Srivastava, Sha and Natarajan",5812,RESTAURANT,PARTNERSHIP,Amritsar,Punjab,2026-01-21 00:00:00,XXXX4250,ACTIVE,893.0,False,False,False,False,False,False
MCH6998,Jani-Nayak,5311,DEPARTMENT_STORE,INDIVIDUAL,Delhi,Delhi,2026-01-27 00:00:00,,ACTIVE,3349.13,False,False,False,False,True,False
MCH6999,Solanki PLC,7011,HOTEL,PARTNERSHIP,Chennai,Tamil Nadu,2024-02-26 00:00:00,,ACTIVE,926.71,False,False,False,False,True,False
MCH7001,Das LLC,4814,TELECOM,PRIVATE_LIMITED,Kolkata,West Bengal,2025-09-02 00:00:00,,ACTIVE,3255.38,False,False,False,False,True,False
MCH7003,"Dutt, Sachdeva and Sridhar",5999,MISC_RETAIL,INDIVIDUAL,Lucknow,Uttar Pradesh,2025-04-30 00:00:00,XXXX1497,INACTIVE,418.71,False,False,False,False,False,False
MCH7007,Sastry-Soni,7011,HOTEL,SOLE_PROPRIETOR,Chennai,Tamil Nadu,2024-11-01 00:00:00,XXXX4092,INACTIVE,-649.1,False,False,True,False,False,False
MCH7010,kuruvilla-shanker,5411,GROCERY,SOLE_PROPRIETOR,Delhi,Delhi,2023-07-22 00:00:00,,INACTIVE,524.4,False,False,False,False,True,False
MCH7013,"Batra,NarangandGala",5912,PHARMACY,SOLE_PROPRIETOR,Delhi,Delhi,2025-03-02 00:00:00,XXXX0133,ACTIVE,2875.47,False,False,False,False,False,False
MCH7016,Ratti PLC,4131,TRANSPORT,PARTNERSHIP,Lucknow,Uttar Pradesh,2025-10-18 02:35:27,XXXX2269,ACTIVE,319.94,False,False,False,False,False,False
MCH7017,"Roy, Khosla and Oak",5999,MISC_RETAIL,SOLE_PROPRIETOR,Lucknow,Uttar Pradesh,2025-09-14 00:00:00,XXXX0409,ACTIVE,952.71,True,False,False,False,False,False
MCH7020,Dalal LLC,5311,DEPARTMENT_STORE,PARTNERSHIP,Chennai,Tamil Nadu,2023-10-01 13:17:54,,ACTIVE,1105.4,False,False,False,False,True,False
MCH7021,"dewan, banerjee and purohit",7011,HOTEL,SOLE_PROPRIETOR,Bengaluru,Karnataka,2024-07-01 00:00:00,XXXX8572,ACTIVE,969.81,False,False,False,False,False,False
MCH7023,Walla-Raj,5311,DEPARTMENT_STORE,INDIVIDUAL,Delhi,Delhi,2023-03-16 11:15:32,,ACTIVE,1307.24,False,False,False,False,True,False
MCH7024,gandhi-kunda,5942,BOOKS_STATIONERY,PRIVATE_LIMITED,Lucknow,Uttar Pradesh,2024-04-22 00:00:00,,ACTIVE,184.56,False,False,False,False,True,False
MCH7025,"Shanker, Bandi and Bala",5999,MISC_RETAIL,INDIVIDUAL,Bengaluru,Karnataka,2025-01-26 00:00:00,XXXX6482,ACTIVE,4575.03,False,False,False,False,False,False
MCH7026,Ganesan-Manda,7011,HOTEL,SOLE_PROPRIETOR,Mumbai,Maharashtra,2025-09-30 00:00:00,XXXX4378,ACTIVE,1364.0,False,False,False,False,False,False
MCH7027,"Vyas, Ghose and Narasimhan",5311,DEPARTMENT_STORE,SOLE_PROPRIETOR,Hyderabad,Telangana,2023-04-05 00:00:00,XXXX6190,ACTIVE,860.0,False,False,False,False,False,False
MCH7028,Jain-Merchant,5912,PHARMACY,PARTNERSHIP,Lucknow,Uttar Pradesh,2025-10-16 00:00:00,,ACTIVE,542.31,False,False,False,False,True,False
MCH7029,Purohit Ltd,4814,TELECOM,PARTNERSHIP,Bengaluru,Karnataka,2025-03-28 00:44:27,XXXX3452,INACTIVE,1186.22,False,False,False,False,False,False
MCH7030,Shan Ltd,5311,DEPARTMENT_STORE,INDIVIDUAL,Ludhiana,Punjab,,,INACTIVE,466.83,False,False,False,False,True,True
MCH7031,Chander Inc,4814,TELECOM,PRIVATE_LIMITED,Pune,Maharashtra,2025-09-28 00:00:00,XXXX5142,ACTIVE,1538.5,False,False,False,False,False,False
MCH7032,"Mangat, Naik and Kakar",7011,HOTEL,PRIVATE_LIMITED,Amritsar,Punjab,2023-01-09 00:00:00,,ACTIVE,,False,False,False,True,True,False
MCH7033,Mani and Sons,5699,APPAREL,PARTNERSHIP,Mumbai,Maharashtra,2023-07-06 00:00:00,,ACTIVE,2767.54,False,False,False,False,True,False
MCH7034,Kohli Inc,5411,GROCERY,PARTNERSHIP,Bengaluru,Karnataka,2023-03-27 00:00:00,XXXX7749,ACTIVE,4369.0,True,False,False,False,False,False
MCH7038,Mannan-Singh,5942,BOOKS_STATIONERY,INDIVIDUAL,Bengaluru,Karnataka,2025-05-25 00:00:00,XXXX7722,INACTIVE,620.0,False,False,False,False,False,False
MCH7040,Bhasin-Lala,5942,BOOKS_STATIONERY,INDIVIDUAL,Mumbai,Maharashtra,2025-10-11 00:00:00,XXXX6499,INACTIVE,2406.66,False,False,False,False,False,False
MCH7042,BARAD-RAMAN,4814,TELECOM,SOLE_PROPRIETOR,Chennai,Tamil Nadu,2023-01-07 00:00:00,XXXX5012,ACTIVE,986.23,False,False,False,False,False,False
MCH7044,Chanda-Gaba,5812,RESTAURANT,PRIVATE_LIMITED,Bengaluru,Karnataka,2023-06-04 10:26:47,XXXX3543,ACTIVE,402.62,False,False,False,False,False,False
MCH7047,BATTA-BHAVSAR,4814,TELECOM,INDIVIDUAL,Lucknow,Uttar Pradesh,,XXXX3081,ACTIVE,691.03,False,False,False,False,False,True
MCH7048,Manda Inc,5942,BOOKS_STATIONERY,SOLE_PROPRIETOR,Kolkata,West Bengal,2024-02-17 04:08:00,XXXX7689,ACTIVE,776.0,False,False,False,False,False,False
MCH7050,CHAND AND SONS,5912,PHARMACY,PRIVATE_LIMITED,Bengaluru,Karnataka,2025-02-04 15:33:07,XXXX7630,ACTIVE,781.34,False,False,False,False,False,False
MCH7051,Ramachandran-Rajan,5812,RESTAURANT,PARTNERSHIP,Mumbai,Maharashtra,2023-12-26 00:00:00,XXXX3526,ACTIVE,1183.53,False,False,False,False,False,False
MCH7057,"Lad, Kala and Bhagat",4814,TELECOM,PARTNERSHIP,Jaipur,Rajasthan,2026-02-10 15:50:00,,ACTIVE,1333.8,False,False,False,False,True,False
MCH7058,"Barad,PalandBoase",5311,DEPARTMENT_STORE,INDIVIDUAL,Kolkata,West Bengal,2025-12-06 04:07:00,XXXX2802,ACTIVE,1284.51,False,False,False,False,False,False
MCH7060,"Nayak, Parmer and Anand",5912,PHARMACY,PRIVATE_LIMITED,Kolkata,West Bengal,2023-05-26 00:00:00,,ACTIVE,1299.1,True,False,False,False,True,False
MCH7061,Grover and Sons,7011,HOTEL,INDIVIDUAL,Jaipur,Rajasthan,2023-06-12 22:13:21,,ACTIVE,462.72,False,False,False,False,True,False
MCH7062,"Karpe, Sekhon and Memon",5999,MISC_RETAIL,PARTNERSHIP,Chennai,Tamil Nadu,2024-07-18 00:00:00,XXXX5569,INACTIVE,2267.0,False,False,False,False,False,False
MCH7063,"Garg, Bawa and Hans",4814,TELECOM,PRIVATE_LIMITED,Lucknow,Uttar Pradesh,2025-12-28 00:00:00,,ACTIVE,2717.9,False,False,False,False,True,False
MCH7074,Lalla-Iyengar,5912,PHARMACY,INDIVIDUAL,Jalandhar,Punjab,2026-01-10 00:00:00,XXXX6139,ACTIVE,732.21,True,False,False,False,False,False
MCH7075,D’Alia Group,7011,HOTEL,PARTNERSHIP,Chennai,Tamil Nadu,2024-05-03 20:19:30,XXXX9033,INACTIVE,1262.21,False,False,False,False,False,False
MCH7076,Bava-Shroff,5999,MISC_RETAIL,SOLE_PROPRIETOR,Chennai,Tamil Nadu,2025-09-03 01:54:16,,ACTIVE,875.99,False,False,False,False,True,False
MCH7077,BASU LLC,7011,HOTEL,INDIVIDUAL,Lucknow,Uttar Pradesh,2025-08-18 00:00:00,XXXX7486,INACTIVE,484.0,False,False,False,False,False,False
MCH7078,"Vasa, Gade and Viswanathan",5699,APPAREL,INDIVIDUAL,Mumbai,Maharashtra,2025-08-17 00:00:00,XXXX5209,ACTIVE,660.73,False,False,False,False,False,False
MCH7087,Prashad LLC,5311,DEPARTMENT_STORE,PARTNERSHIP,Chennai,Tamil Nadu,2023-05-29 00:00:00,,ACTIVE,955.0,False,False,False,False,True,False
MCH7088,Prabhu-Agarwal,5311,DEPARTMENT_STORE,SOLE_PROPRIETOR,Mumbai,Maharashtra,2025-11-30 13:55:45,XXXX5918,INACTIVE,5426.05,False,False,False,False,False,False
MCH7089,"Reddy, Dua and Trivedi",5912,PHARMACY,PRIVATE_LIMITED,Kolkata,West Bengal,2023-08-03 14:43:57,XXXX1548,INACTIVE,819.59,False,False,False,False,False,False
MCH7093,Pai-Pau,7011,HOTEL,INDIVIDUAL,Mumbai,Maharashtra,2025-03-19 11:49:49,,INACTIVE,1636.89,False,False,False,False,True,False
MCH7094,Narasimhan and Sons,5411,GROCERY,PARTNERSHIP,Lucknow,Uttar Pradesh,2023-04-03 07:40:00,XXXX3250,ACTIVE,-522.74,False,False,True,False,False,False
MCH7095,"Sachdev, Sunder and Dalal",5942,BOOKS_STATIONERY,PARTNERSHIP,Mumbai,Maharashtra,2025-07-20 08:14:05,XXXX0196,ACTIVE,3937.6,True,False,False,False,False,False
MCH7096,Mukhopadhyay-Din,5812,RESTAURANT,PRIVATE_LIMITED,Delhi,Delhi,2023-09-21 00:00:00,XXXX7168,ACTIVE,616.51,False,False,False,False,False,False
MCH7098,Patla PLC,4131,TRANSPORT,INDIVIDUAL,Jaipur,Rajasthan,2024-11-14 15:07:19,,ACTIVE,926.0,False,False,False,False,True,False
MCH7100,Sanghvi-Pandit,5699,APPAREL,INDIVIDUAL,Pune,Maharashtra,2024-07-09 00:00:00,,ACTIVE,-638.61,False,False,True,False,True,False
MCH7104,Kothari LLC,4814,TELECOM,PARTNERSHIP,Jalandhar,Punjab,2023-07-12 00:00:00,XXXX8714,ACTIVE,810.17,False,False,False,False,False,False
MCH7105,"PALAN, DOCTOR AND ARORA",5942,BOOKS_STATIONERY,SOLE_PROPRIETOR,Hyderabad,Telangana,2025-04-18 00:00:00,XXXX6323,ACTIVE,969.67,False,False,False,False,False,False
MCH7106,mody-mitter,5699,APPAREL,INDIVIDUAL,Bengaluru,Karnataka,2023-06-11 00:00:00,XXXX5871,ACTIVE,574.51,False,False,False,False,False,False
MCH7108,Krishnan Group,5411,GROCERY,SOLE_PROPRIETOR,Delhi,Delhi,2023-05-14 00:00:00,,ACTIVE,567.27,False,False,False,False,True,False
MCH7111,Kohli-Zachariah,5411,GROCERY,PARTNERSHIP,Ludhiana,Punjab,2025-08-04 00:00:00,XXXX9398,ACTIVE,585.6,False,False,False,False,False,False
MCH7113,"Jain,BhattiandSha",5942,BOOKS_STATIONERY,PARTNERSHIP,Chennai,Tamil Nadu,2025-07-30 15:17:22,XXXX9585,INACTIVE,1921.99,False,False,False,False,False,False
MCH7118,Chaudhry Ltd,5311,DEPARTMENT_STORE,SOLE_PROPRIETOR,Hyderabad,Telangana,2025-05-15 00:00:00,XXXX9631,ACTIVE,6144.18,False,False,False,False,False,False
MCH7121,"narasimhan, anand and gaba",5999,MISC_RETAIL,PRIVATE_LIMITED,Pune,Maharashtra,2025-07-25 21:18:00,,ACTIVE,2139.0,False,False,False,False,True,False
MCH7126,"Shankar, Dave and Mahajan",4131,TRANSPORT,INDIVIDUAL,Pune,Maharashtra,2025-05-29 00:00:00,XXXX9486,ACTIVE,2564.94,False,False,False,False,False,False
MCH7127,"Chhabra, Dayal and Sood",5699,APPAREL,INDIVIDUAL,Amritsar,Punjab,2024-06-05 00:00:00,XXXX6775,ACTIVE,1738.0,False,False,False,False,False,False
MCH7128,Agarwal Group,5912,PHARMACY,PRIVATE_LIMITED,Jalandhar,Punjab,2023-06-06 20:54:00,,ACTIVE,6405.9,False,False,False,False,True,False
MCH7133,DinInc,5411,GROCERY,PRIVATE_LIMITED,Pune,Maharashtra,2023-05-05 02:26:09,,INACTIVE,,False,False,False,True,True,False
MCH7137,Krishna-Palan,4814,TELECOM,PARTNERSHIP,Ludhiana,Punjab,2025-09-29 00:00:00,XXXX9502,ACTIVE,,False,False,False,True,False,False
MCH7138,Shere-Shankar,5411,GROCERY,SOLE_PROPRIETOR,Chennai,Tamil Nadu,2024-03-07 10:53:23,XXXX4250,ACTIVE,1960.27,False,False,False,False,False,False
MCH7144,"char, kapadia and palla",5999,MISC_RETAIL,PRIVATE_LIMITED,Mumbai,Maharashtra,2025-03-23 00:00:00,XXXX2179,INACTIVE,4555.85,False,False,False,False,False,False
MCH7145,Ratti and Sons,5411,GROCERY,SOLE_PROPRIETOR,Pune,Maharashtra,2025-07-01 00:00:00,XXXX3816,ACTIVE,1161.56,True,False,False,False,False,False
MCH7146,Bali PLC,4814,TELECOM,PRIVATE_LIMITED,Hyderabad,Telangana,2025-02-14 00:00:00,XXXX6894,ACTIVE,8255.11,False,False,False,False,False,False
MCH7149,Keer-Dua,4131,TRANSPORT,PRIVATE_LIMITED,Delhi,Delhi,2026-02-10 17:58:00,,INACTIVE,-852.06,False,False,True,False,True,False
MCH7152,"Bedi, Patil and Rana",5311,DEPARTMENT_STORE,PRIVATE_LIMITED,Chennai,Tamil Nadu,2026-01-02 00:00:00,XXXX0033,INACTIVE,1076.99,False,False,False,False,False,False
MCH7154,"Raj, Ram and Chokshi",5812,RESTAURANT,PRIVATE_LIMITED,Chennai,Tamil Nadu,2023-11-05 12:39:00,,ACTIVE,242.8,False,False,False,False,True,False
MCH7156,"Sathe, Patla and Tailor",5311,DEPARTMENT_STORE,INDIVIDUAL,Jaipur,Rajasthan,2023-04-07 00:00:00,XXXX2126,ACTIVE,2168.89,True,False,False,False,False,False
MCH7157,Bir Inc,4814,TELECOM,PRIVATE_LIMITED,Lucknow,Uttar Pradesh,2023-04-16 00:00:00,,ACTIVE,906.12,True,False,False,False,True,False
MCH7162,Ranganathan-Chakraborty,5699,APPAREL,PRIVATE_LIMITED,Pune,Maharashtra,2025-02-17 00:00:00,XXXX9531,ACTIVE,1830.64,False,False,False,False,False,False
MCH7163,"Chowdhury, Goyal and Pradhan",4131,TRANSPORT,SOLE_PROPRIETOR,Pune,Maharashtra,2023-08-11 00:00:00,XXXX5593,ACTIVE,-806.17,False,False,True,False,False,False
MCH7164,"Tata, Sachdeva and Palan",4131,TRANSPORT,INDIVIDUAL,Jalandhar,Punjab,2023-08-10 05:30:25,XXXX7581,ACTIVE,519.18,False,False,False,False,False,False
MCH7165,Kulkarni-Ramanathan,4814,TELECOM,PRIVATE_LIMITED,Amritsar,Punjab,2025-01-28 00:00:00,XXXX7827,ACTIVE,284.68,False,False,False,False,False,False
MCH7167,"Bir, Kunda and Manne",5942,BOOKS_STATIONERY,PARTNERSHIP,Hyderabad,Telangana,2023-05-26 00:00:00,XXXX2539,ACTIVE,397.0,False,False,False,False,False,False
MCH7172,Chandran-Palla,5311,DEPARTMENT_STORE,PARTNERSHIP,Pune,Maharashtra,2025-09-23 00:00:00,XXXX0145,ACTIVE,1177.65,False,False,False,False,False,False
MCH7176,"SACHAR, WALI AND SAHA",4131,TRANSPORT,INDIVIDUAL,Kolkata,West Bengal,2026-02-13 00:00:00,XXXX1787,ACTIVE,980.72,False,False,False,False,False,False
MCH7178,Devan and Sons,5411,GROCERY,SOLE_PROPRIETOR,Kolkata,West Bengal,2023-11-11 00:00:00,,INACTIVE,758.21,False,False,False,False,True,False
MCH7181,"Dar, Dada and Kala",4131,TRANSPORT,PARTNERSHIP,Kolkata,West Bengal,2023-04-14 00:00:00,XXXX4833,ACTIVE,859.59,False,False,False,False,False,False
MCH7184,Dara Inc,5411,GROCERY,SOLE_PROPRIETOR,Mumbai,Maharashtra,2023-08-31 00:00:00,,ACTIVE,1095.25,True,False,False,False,True,False
MCH7185,Prasad Ltd,5311,DEPARTMENT_STORE,INDIVIDUAL,Mumbai,Maharashtra,2023-06-04 18:29:01,XXXX4284,ACTIVE,-853.37,False,False,True,False,False,False
MCH7187,Sandhu Inc,5812,RESTAURANT,INDIVIDUAL,Amritsar,Punjab,,XXXX1723,ACTIVE,4006.56,False,False,False,False,False,True
MCH7190,Som-Kibe,5699,APPAREL,PRIVATE_LIMITED,Lucknow,Uttar Pradesh,2023-04-09 07:24:49,,ACTIVE,2254.41,False,False,False,False,True,False
MCH7191,Bhargava Ltd,5942,BOOKS_STATIONERY,SOLE_PROPRIETOR,Hyderabad,Telangana,2023-07-26 00:00:00,XXXX5061,INACTIVE,528.97,False,False,False,False,False,False
MCH7192,Nanda and Sons,7011,HOTEL,PRIVATE_LIMITED,Bengaluru,Karnataka,2025-02-01 00:51:00,XXXX8918,ACTIVE,650.92,True,False,False,False,False,False
MCH7194,Shan and S0ns,4131,TRANSPORT,INDIVIDUAL,Ludhiana,Punjab,,,ACTIVE,983.19,False,False,False,False,True,True
MCH7195,Som and Sons,5999,MISC_RETAIL,SOLE_PROPRIETOR,Chennai,Tamil Nadu,2024-10-15 14:41:16,,ACTIVE,1440.74,False,False,False,False,True,False
MCH7196,Kunda-Bakshi,5311,DEPARTMENT_STORE,PRIVATE_LIMITED,Kolkata,West Bengal,2026-02-08 00:00:00,,INACTIVE,859.44,False,False,False,False,True,False
MCH7197,Raval-Chadha,5812,RESTAURANT,INDIVIDUAL,Mumbai,Maharashtra,2023-09-25 00:19:22,,ACTIVE,218.4,False,False,False,False,True,False
MCH7198,Dar-Sani,7011,HOTEL,PRIVATE_LIMITED,Hyderabad,Telangana,2023-06-27 13:24:21,XXXX9581,ACTIVE,1840.43,False,False,False,False,False,False
MCH7199,MANDA AND SONS,5942,BOOKS_STATIONERY,SOLE_PROPRIETOR,Delhi,Delhi,2026-02-10 11:11:00,,ACTIVE,1077.86,False,False,False,False,True,False
MCH7200,Madan PLC,5699,APPAREL,INDIVIDUAL,Delhi,Delhi,2025-02-03 00:00:00,XXXX5455,ACTIVE,190.57,False,False,False,False,False,False
MCH7201,"patil, mahajan and issac",5999,MISC_RETAIL,PRIVATE_LIMITED,Mumbai,Maharashtra,2025-03-16 00:00:00,XXXX9598,ACTIVE,282.54,False,False,False,False,False,False
MCH7202,UPPAL PLC,4131,TRANSPORT,INDIVIDUAL,Jaipur,Rajasthan,2023-03-01 00:00:00,XXXX0397,INACTIVE,-1350.11,False,False,True,False,False,False
MCH7203,Sani-Memon,5311,DEPARTMENT_STORE,SOLE_PROPRIETOR,Amritsar,Punjab,2023-03-25 00:00:00,XXXX7778,ACTIVE,-205.09,True,False,True,False,False,False
MCH7204,Thaman Ltd,5942,BOOKS_STATIONERY,INDIVIDUAL,Jalandhar,Punjab,2023-09-05 00:00:00,,ACTIVE,937.0,True,False,False,False,True,False
MCH7205,Dara PLC,5912,PHARMACY,SOLE_PROPRIETOR,Ludhiana,Punjab,2023-09-26 00:00:00,,ACTIVE,1778.94,False,False,False,False,True,False
MCH7206,srivastava and sons,5411,GROCERY,PRIVATE_LIMITED,Lucknow,Uttar Pradesh,2025-08-18 00:00:00,XXXX7427,ACTIVE,1434.41,False,False,False,False,False,False
MCH7211,"Apte, Vasa and Batta",5942,BOOKS_STATIONERY,SOLE_PROPRIETOR,Mumbai,Maharashtra,2024-11-18 13:48:32,,ACTIVE,1841.0,False,False,False,False,True,False
MCH7215,"Kau1, Pur0hit and Ar0ra",5311,DEPARTMENT_STORE,PRIVATE_LIMITED,Hyderabad,Telangana,2023-07-10 00:00:00,XXXX1322,ACTIVE,2403.84,False,False,False,False,False,False
MCH7216,PILLAI AND SONS,4814,TELECOM,INDIVIDUAL,Amritsar,Punjab,2025-02-12 23:50:00,,ACTIVE,356.0,False,False,False,False,True,False
MCH7218,Varghese-Arya,7011,HOTEL,PRIVATE_LIMITED,Lucknow,Uttar Pradesh,2025-12-25 00:00:00,XXXX6530,ACTIVE,2725.82,False,False,False,False,False,False
MCH7219,Dhawan-Saha,7011,HOTEL,INDIVIDUAL,Delhi,Delhi,2026-01-06 00:00:00,XXXX4965,INACTIVE,2354.94,False,False,False,False,False,False
MCH7220,Rege-Sharaf,5812,RESTAURANT,PRIVATE_LIMITED,Amritsar,Punjab,2023-12-15 00:00:00,XXXX2225,ACTIVE,978.47,False,False,False,False,False,False
MCH7222,Verma and Sons,4814,TELECOM,INDIVIDUAL,Delhi,Delhi,2023-07-11 00:00:00,,INACTIVE,-4154.85,False,False,True,False,True,False
MCH7225,APTE-WADHWA,5812,RESTAURANT,INDIVIDUAL,Jalandhar,Punjab,2025-03-07 07:20:55,XXXX2773,ACTIVE,-5618.9,False,False,True,False,False,False
MCH7226,"Peri, Barad and Panchal",5942,BOOKS_STATIONERY,SOLE_PROPRIETOR,Delhi,Delhi,2024-11-30 00:00:00,XXXX0968,ACTIVE,4237.0,False,False,False,False,False,False
MCH7228,SwaminathanLtd,4814,TELECOM,PARTNERSHIP,Ludhiana,Punjab,2024-03-13 00:00:00,XXXX9584,ACTIVE,,True,False,False,True,False,False
MCH7229,"Salvi, Kale and Sunder",4814,TELECOM,PRIVATE_LIMITED,Pune,Maharashtra,2025-12-23 00:00:00,,ACTIVE,606.62,False,False,False,False,True,False
MCH7233,Arora LLC,5699,APPAREL,INDIVIDUAL,Ludhiana,Punjab,2025-10-11 00:00:00,XXXX9916,ACTIVE,2703.6,False,False,False,False,False,False
MCH7236,bhasin llc,5699,APPAREL,PARTNERSHIP,Jalandhar,Punjab,2025-01-31 00:00:00,XXXX8980,ACTIVE,1228.0,False,False,False,False,False,False
MCH7237,Reddy-Majumdar,5812,RESTAURANT,PARTNERSHIP,Delhi,Delhi,2024-12-13 00:00:00,,ACTIVE,987.48,True,False,False,False,True,False
MCH7239,Tata-Hayer,7011,HOTEL,INDIVIDUAL,Chennai,Tamil Nadu,2025-06-09 00:00:00,XXXX4428,ACTIVE,1929.61,False,False,False,False,False,False
MCH7244,Nadig-Kata,4131,TRANSPORT,PARTNERSHIP,Bengaluru,Karnataka,2024-08-02 04:15:28,XXXX8568,ACTIVE,1686.67,True,False,False,False,False,False
MCH7246,LATA LTD,5699,APPAREL,PARTNERSHIP,Chennai,Tamil Nadu,2024-03-17 08:45:00,XXXX2358,ACTIVE,1315.04,False,False,False,False,False,False
MCH7248,Rajagopalan Group,7011,HOTEL,PARTNERSHIP,Hyderabad,Telangana,2024-05-22 00:00:00,,ACTIVE,859.24,False,False,False,False,True,False
MCH7249,Prakash Group,5812,RESTAURANT,SOLE_PROPRIETOR,Mumbai,Maharashtra,2024-11-30 17:32:21,XXXX7035,ACTIVE,1855.0,False,False,False,False,False,False
MCH7252,"Krishnamurthy, Pandit and Mukherjee",5942,BOOKS_STATIONERY,SOLE_PROPRIETOR,Hyderabad,Telangana,2025-08-01 00:00:00,XXXX1980,ACTIVE,1234.51,False,False,False,False,False,False
MCH7256,Arora-Raman,4131,TRANSPORT,SOLE_PROPRIETOR,Lucknow,Uttar Pradesh,2026-02-14 00:00:00,,ACTIVE,449.65,False,False,False,False,True,False
MCH7257,"Nagi, Gera and Bedi",5999,MISC_RETAIL,SOLE_PROPRIETOR,Jaipur,Rajasthan,2023-10-29 03:03:00,,ACTIVE,786.7,False,False,False,False,True,False
MCH7258,"om, swaminathan and ray",5699,APPAREL,PRIVATE_LIMITED,Jaipur,Rajasthan,2024-07-16 08:10:14,XXXX7025,INACTIVE,472.89,False,False,False,False,False,False
MCH7260,Kunda Inc,7011,HOTEL,PRIVATE_LIMITED,Jalandhar,Punjab,2024-06-20 00:00:00,,ACTIVE,391.11,False,False,False,False,True,False
MCH7262,Loke LLC,4814,TELECOM,PARTNERSHIP,Mumbai,Maharashtra,2023-12-13 00:00:00,XXXX0516,ACTIVE,3675.05,False,False,False,False,False,False
MCH7266,Sule PLC,5812,RESTAURANT,PARTNERSHIP,Jaipur,Rajasthan,2025-08-30 12:28:51,XXXX3283,ACTIVE,,False,False,False,True,False,False
MCH7268,Mand-Char,5912,PHARMACY,PRIVATE_LIMITED,Mumbai,Maharashtra,2025-06-20 02:06:05,,ACTIVE,1359.5,False,False,False,False,True,False
MCH7269,La11-Raman,4814,TELECOM,PRIVATE_LIMITED,Lucknow,Uttar Pradesh,2023-10-25 09:50:57,XXXX6502,ACTIVE,1031.92,False,False,False,False,False,False
MCH7270,Subramanian LLC,7011,HOTEL,PRIVATE_LIMITED,Amritsar,Punjab,2025-01-15 22:39:15,,ACTIVE,1469.96,False,False,False,False,True,False
MCH7272,Kulkarni-Subramanian,4131,TRANSPORT,SOLE_PROPRIETOR,Bengaluru,Karnataka,2023-12-21 09:01:15,XXXX7890,INACTIVE,376.69,False,False,False,False,False,False
MCH7273,De-Gokhale,4131,TRANSPORT,SOLE_PROPRIETOR,Jalandhar,Punjab,2024-05-23 07:01:00,XXXX0138,ACTIVE,654.26,False,False,False,False,False,False
MCH7276,Talwar-Kant,4131,TRANSPORT,PARTNERSHIP,Jaipur,Rajasthan,2023-06-23 22:04:06,,ACTIVE,692.16,False,False,False,False,True,False
MCH7279,das plc,5999,MISC_RETAIL,PARTNERSHIP,Jaipur,Rajasthan,,XXXX3005,ACTIVE,1157.26,False,False,False,False,False,True
MCH7280,"Sathe, Shan and Oommen",5411,GROCERY,INDIVIDUAL,Ludhiana,Punjab,2025-10-21 00:00:00,XXXX0221,ACTIVE,466.99,False,False,False,False,False,False
MCH7281,Kalita-Mistry,4814,TELECOM,PRIVATE_LIMITED,Hyderabad,Telangana,2024-11-24 00:00:00,XXXX5201,ACTIVE,2941.71,False,False,False,False,False,False
MCH7282,chopra llc,5411,GROCERY,PARTNERSHIP,Amritsar,Punjab,2025-12-14 09:02:00,XXXX9513,ACTIVE,1111.0,False,False,False,False,False,False
MCH7288,"LALLA, SANT AND MUTTI",5411,GROCERY,PRIVATE_LIMITED,Delhi,Delhi,2025-10-18 00:00:00,XXXX5071,ACTIVE,,False,False,False,True,False,False
MCH7289,Nayar-Dara,5699,APPAREL,INDIVIDUAL,Pune,Maharashtra,2025-12-28 00:00:00,XXXX4027,ACTIVE,4510.0,False,False,False,False,False,False
MCH7290,"Subramanian, B0rde and Ba1akrishnan",5699,APPAREL,INDIVIDUAL,Lucknow,Uttar Pradesh,2023-03-17 00:00:00,XXXX2204,ACTIVE,2695.0,False,False,False,False,False,False
MCH7294,"Kuruvilla, Ahluwalia and Gole",5912,PHARMACY,PARTNERSHIP,Pune,Maharashtra,2023-06-11 00:00:00,XXXX0113,ACTIVE,1573.98,False,False,False,False,False,False
MCH7295,Palan-Ray,7011,HOTEL,PARTNERSHIP,Bengaluru,Karnataka,2023-02-02 10:44:00,,ACTIVE,1161.77,False,False,False,False,True,False
MCH7297,Kala-Sibal,5311,DEPARTMENT_STORE,PARTNERSHIP,Chennai,Tamil Nadu,2024-09-02 00:00:00,XXXX8939,ACTIVE,2004.49,False,False,False,False,False,False
MCH7298,"SANGHA, SANGHA AND KULKARNI",5411,GROCERY,INDIVIDUAL,Delhi,Delhi,2024-01-28 17:48:18,XXXX7451,ACTIVE,1661.92,False,False,False,False,False,False
MCH7302,Murthy and Sons,5411,GROCERY,PARTNERSHIP,Bengaluru,Karnataka,2025-01-23 00:00:00,,ACTIVE,3381.11,False,False,False,False,True,False
MCH7305,Iyer-Nagi,5699,APPAREL,INDIVIDUAL,Mumbai,Maharashtra,2023-08-23 00:00:00,,ACTIVE,1967.89,False,False,False,False,True,False
MCH7306,Devi-Narang,4131,TRANSPORT,INDIVIDUAL,Delhi,Delhi,2024-10-20 05:44:44,XXXX6412,ACTIVE,539.76,False,False,False,False,False,False
MCH7309,"LOKE, CHADA AND BADAL",5699,APPAREL,SOLE_PROPRIETOR,Ludhiana,Punjab,2023-07-26 00:00:00,XXXX5800,ACTIVE,3465.02,True,False,False,False,False,False
MCH7310,Mander Group,5699,APPAREL,PARTNERSHIP,Lucknow,Uttar Pradesh,2025-09-08 05:21:18,XXXX3966,INACTIVE,1987.96,False,False,False,False,False,False
MCH7311,Jhaveri-Hans,7011,HOTEL,SOLE_PROPRIETOR,Mumbai,Maharashtra,2025-05-12 00:00:00,XXXX3812,ACTIVE,1009.0,False,False,False,False,False,False
MCH7312,Ramakrishnan-Banerjee,5311,DEPARTMENT_STORE,SOLE_PROPRIETOR,Mumbai,Maharashtra,2024-02-24 11:03:00,XXXX7121,ACTIVE,977.96,False,False,False,False,False,False
MCH7313,Comar-Din,4814,TELECOM,PRIVATE_LIMITED,Mumbai,Maharashtra,2026-01-18 00:00:00,XXXX1517,ACTIVE,1884.45,False,False,False,False,False,False
MCH7314,Mahajan-B0rde,5999,MISC_RETAIL,PARTNERSHIP,Lucknow,Uttar Pradesh,2023-01-05 09:53:50,XXXX9001,ACTIVE,1003.0,False,False,False,False,False,False
MCH7316,TAK LTD,5942,BOOKS_STATIONERY,SOLE_PROPRIETOR,Jaipur,Rajasthan,2024-05-26 00:00:00,XXXX2252,ACTIVE,688.43,True,False,False,False,False,False
MCH7318,Keer-Rao,4814,TELECOM,PARTNERSHIP,Pune,Maharashtra,2023-11-27 00:00:00,XXXX8025,ACTIVE,502.45,True,False,False,False,False,False
MCH7321,"Krishna, Saraf and Pant",5999,MISC_RETAIL,PARTNERSHIP,Kolkata,West Bengal,2024-02-28 10:01:00,,ACTIVE,954.48,True,False,False,False,True,False
MCH7323,Mital Inc,5812,RESTAURANT,INDIVIDUAL,Lucknow,Uttar Pradesh,2025-03-01 00:00:00,XXXX8018,ACTIVE,1194.36,False,False,False,False,False,False
MCH7324,Grover-Murty,5942,BOOKS_STATIONERY,PARTNERSHIP,Jalandhar,Punjab,2025-02-12 00:00:00,,INACTIVE,1077.62,False,False,False,False,True,False
MCH7325,Chatterjee-Manda,5999,MISC_RETAIL,INDIVIDUAL,Kolkata,West Bengal,2023-01-04 13:43:25,XXXX7607,ACTIVE,1420.0,True,False,False,False,False,False
MCH7326,"Mandal, Behl and Bhattacharyya",7011,HOTEL,SOLE_PROPRIETOR,Chennai,Tamil Nadu,2024-10-26 07:07:51,,ACTIVE,1119.05,False,False,False,False,True,False
MCH7327,"Krish, Dhar and Choudhury",4814,TELECOM,INDIVIDUAL,Kolkata,West Bengal,2023-05-22 13:42:22,XXXX4685,ACTIVE,440.0,False,False,False,False,False,False
MCH7331,Kala-Loyal,5311,DEPARTMENT_STORE,SOLE_PROPRIETOR,Hyderabad,Telangana,2024-05-20 00:00:00,XXXX4901,ACTIVE,,False,False,False,True,False,False
MCH7332,"Mutti, Reddy and Guha",5311,DEPARTMENT_STORE,PRIVATE_LIMITED,Kolkata,West Bengal,2025-05-04 00:00:00,XXXX9186,ACTIVE,1708.81,False,False,False,False,False,False
MCH7335,"Narayan, Cheema and Chana",5812,RESTAURANT,PRIVATE_LIMITED,Chennai,Tamil Nadu,2025-03-18 19:16:00,XXXX9680,ACTIVE,699.42,False,False,False,False,False,False
MCH7336,Krishnan and Sons,5812,RESTAURANT,PARTNERSHIP,Jalandhar,Punjab,2024-09-03 00:09:50,XXXX3296,ACTIVE,1122.92,False,False,False,False,False,False
MCH7337,NATH-NARAYAN,5699,APPAREL,INDIVIDUAL,Hyderabad,Telangana,2024-07-28 00:00:00,,ACTIVE,3029.85,False,False,False,False,True,False
MCH7338,"Verma, Rai and Patla",5912,PHARMACY,PRIVATE_LIMITED,Bengaluru,Karnataka,2024-06-05 00:00:00,XXXX7454,ACTIVE,2235.57,True,False,False,False,False,False
MCH7339,"PUROHIT, DHINGRA AND BARMAN",5411,GROCERY,INDIVIDUAL,Chennai,Tamil Nadu,2023-08-16 22:55:00,XXXX2449,ACTIVE,2247.46,False,False,False,False,False,False
MCH7340,Devi and Sons,5699,APPAREL,PARTNERSHIP,Kolkata,West Bengal,2024-01-09 00:00:00,XXXX3568,ACTIVE,1101.37,True,False,False,False,False,False
MCH7341,VARUGHESE INC,7011,HOTEL,PARTNERSHIP,Kolkata,West Bengal,2023-04-24 02:30:00,,ACTIVE,-3711.54,False,False,True,False,True,False
MCH7343,Dixit Ltd,5912,PHARMACY,PARTNERSHIP,Jaipur,Rajasthan,,XXXX6255,ACTIVE,3142.0,False,False,False,False,False,True
MCH7344,Banerjee Inc,4131,TRANSPORT,SOLE_PROPRIETOR,Ludhiana,Punjab,2023-09-04 00:00:00,XXXX7344,INACTIVE,1385.4,False,False,False,False,False,False
MCH7350,SULE LLC,5699,APPAREL,PRIVATE_LIMITED,Amritsar,Punjab,2024-01-31 17:29:42,XXXX7331,ACTIVE,-1887.59,False,False,True,False,False,False
MCH7353,NADIG LLC,4814,TELECOM,INDIVIDUAL,Hyderabad,Telangana,2025-11-12 00:00:00,XXXX4294,ACTIVE,1097.0,False,False,False,False,False,False
MCH7354,"CHATTERJEE, SARNA AND HANDA",5699,APPAREL,SOLE_PROPRIETOR,Bengaluru,Karnataka,2023-10-13 16:44:55,,ACTIVE,728.0,True,False,False,False,True,False
MCH7355,"Raval, Goswami and Sem",4814,TELECOM,PRIVATE_LIMITED,Pune,Maharashtra,2023-12-29 00:00:00,,ACTIVE,2675.45,False,False,False,False,True,False
MCH7356,"Divan, Rastogi and Prabhu",5942,BOOKS_STATIONERY,PARTNERSHIP,Lucknow,Uttar Pradesh,2025-07-22 00:00:00,XXXX9071,ACTIVE,-306.91,False,False,True,False,False,False
MCH7357,Varkey LLC,7011,HOTEL,PRIVATE_LIMITED,Kolkata,West Bengal,2025-08-05 00:00:00,,ACTIVE,665.88,False,False,False,False,True,False
MCH7358,Basak-Patla,5999,MISC_RETAIL,SOLE_PROPRIETOR,Delhi,Delhi,2025-12-19 00:00:00,XXXX2230,ACTIVE,3053.41,False,False,False,False,False,False
MCH7359,Rajagopalan-Rattan,5912,PHARMACY,SOLE_PROPRIETOR,Kolkata,West Bengal,2025-03-13 00:00:00,,ACTIVE,-825.72,False,False,True,False,True,False
MCH7360,RAJAN-SAHNI,4814,TELECOM,PARTNERSHIP,Kolkata,West Bengal,2023-11-05 00:00:00,XXXX8871,INACTIVE,1218.43,True,False,False,False,False,False
MCH7362,kothari plc,5942,BOOKS_STATIONERY,PRIVATE_LIMITED,Pune,Maharashtra,2026-02-11 00:00:00,XXXX4121,ACTIVE,478.42,False,False,False,False,False,False
MCH7363,Babu-Acharya,5999,MISC_RETAIL,SOLE_PROPRIETOR,Kolkata,West Bengal,2024-03-03 08:14:06,,ACTIVE,1983.77,False,False,False,False,True,False
MCH7364,VIG-BALA,7011,HOTEL,SOLE_PROPRIETOR,Mumbai,Maharashtra,2024-08-29 05:57:59,XXXX1900,ACTIVE,1242.0,False,False,False,False,False,False
MCH7366,Bora-Nadkarni,5411,GROCERY,PARTNERSHIP,Bengaluru,Karnataka,2024-03-17 00:00:00,,INACTIVE,2024.0,False,False,False,False,True,False
MCH7370,Peri LLC,4131,TRANSPORT,PRIVATE_LIMITED,Kolkata,West Bengal,2023-09-28 00:00:00,XXXX3152,ACTIVE,1188.42,False,False,False,False,False,False
MCH7371,"Ghose, Handa and Golla",5912,PHARMACY,INDIVIDUAL,Chennai,Tamil Nadu,2025-04-08 00:00:00,XXXX4769,ACTIVE,456.21,False,False,False,False,False,False
MCH7379,"Doctor, Dyal and Vaidya",5912,PHARMACY,PARTNERSHIP,Jalandhar,Punjab,2023-03-07 00:00:00,XXXX4037,ACTIVE,198.46,False,False,False,False,False,False
MCH7380,"Gour, Jani and Mital",5999,MISC_RETAIL,INDIVIDUAL,Chennai,Tamil Nadu,2024-11-06 00:00:00,,INACTIVE,688.41,False,False,False,False,True,False
MCH7383,Mander LLC,5999,MISC_RETAIL,SOLE_PROPRIETOR,Hyderabad,Telangana,2025-03-25 01:21:17,,ACTIVE,2244.22,True,False,False,False,True,False
MCH7384,Ahuja Group,5311,DEPARTMENT_STORE,INDIVIDUAL,Delhi,Delhi,2023-05-18 02:59:53,XXXX3860,ACTIVE,1058.0,True,False,False,False,False,False
MCH7386,Tara PLC,5912,PHARMACY,PRIVATE_LIMITED,Hyderabad,Telangana,2025-12-17 00:00:00,,INACTIVE,1062.8,False,False,False,False,True,False
MCH7387,Lad-Comar,5812,RESTAURANT,SOLE_PROPRIETOR,Jalandhar,Punjab,2025-02-25 03:44:32,XXXX7736,ACTIVE,4968.31,False,False,False,False,False,False
MCH7389,Basu-Bedi,5812,RESTAURANT,PARTNERSHIP,Bengaluru,Karnataka,2023-04-07 12:28:00,XXXX3335,ACTIVE,,False,False,False,True,False,False
MCH7391,"Vora, Lad and Sekhon",5411,GROCERY,PARTNERSHIP,Pune,Maharashtra,2023-07-08 00:00:00,,INACTIVE,4971.16,False,False,False,False,True,False
MCH7394,Brahmbhatt PLC,5812,RESTAURANT,PRIVATE_LIMITED,Delhi,Delhi,2024-07-29 00:00:00,XXXX3209,ACTIVE,3620.77,False,False,False,False,False,False
MCH7395,Bose and Sons,7011,HOTEL,INDIVIDUAL,Bengaluru,Karnataka,2024-07-01 00:00:00,XXXX9489,ACTIVE,431.0,False,False,False,False,False,False
MCH7398,Bhavsar and Sons,5311,DEPARTMENT_STORE,SOLE_PROPRIETOR,Chennai,Tamil Nadu,2025-04-24 00:00:00,,ACTIVE,6060.9,False,False,False,False,True,False
MCH7400,Chaudhari Ltd,5999,MISC_RETAIL,INDIVIDUAL,Delhi,Delhi,2025-07-01 00:00:00,,INACTIVE,1040.56,True,False,False,False,True,False
MCH7403,Prabhakar Group,5942,BOOKS_STATIONERY,SOLE_PROPRIETOR,Chennai,Tamil Nadu,2025-12-29 05:54:46,XXXX4472,INACTIVE,657.74,False,False,False,False,False,False
MCH7408,Bala Group,5999,MISC_RETAIL,PRIVATE_LIMITED,Hyderabad,Telangana,2026-01-13 00:00:00,XXXX8867,ACTIVE,1032.22,True,False,False,False,False,False
MCH7411,"Bhasin, Soman and Savant",4814,TELECOM,SOLE_PROPRIETOR,Chennai,Tamil Nadu,,,ACTIVE,2298.88,False,False,False,False,True,True
MCH7412,Chand-Bada1,5812,RESTAURANT,PRIVATE_LIMITED,Mumbai,Maharashtra,2025-08-15 00:00:00,,INACTIVE,539.2,False,False,False,False,True,False
MCH7413,Uppal-Chaudhry,5311,DEPARTMENT_STORE,PRIVATE_LIMITED,Bengaluru,Karnataka,2024-09-13 00:00:00,XXXX2456,ACTIVE,3645.54,True,False,False,False,False,False
MCH7419,Minhas Inc,5699,APPAREL,INDIVIDUAL,Bengaluru,Karnataka,2023-05-03 00:00:00,XXXX3455,ACTIVE,,False,False,False,True,False,False
MCH7422,Divan-Vaidya,5942,BOOKS_STATIONERY,INDIVIDUAL,Jaipur,Rajasthan,2024-07-26 13:42:00,XXXX1218,INACTIVE,170.31,False,False,False,False,False,False
MCH7428,Chand Inc,5699,APPAREL,INDIVIDUAL,Bengaluru,Karnataka,2025-10-11 00:00:00,XXXX8001,ACTIVE,1254.86,False,False,False,False,False,False
MCH7429,"Sandal, Raja and Gopal",7011,HOTEL,SOLE_PROPRIETOR,Bengaluru,Karnataka,2023-12-15 00:00:00,,ACTIVE,1419.21,False,False,False,False,True,False
MCH7430,Pingle-Lata,5311,DEPARTMENT_STORE,INDIVIDUAL,Lucknow,Uttar Pradesh,2024-09-07 13:29:37,XXXX3604,ACTIVE,2426.91,False,False,False,False,False,False
MCH7431,Nagarajan and Sons,7011,HOTEL,SOLE_PROPRIETOR,Jaipur,Rajasthan,2023-01-04 00:00:00,XXXX7904,ACTIVE,1657.0,False,False,False,False,False,False
MCH7432,Agate PLC,5812,RESTAURANT,INDIVIDUAL,Chennai,Tamil Nadu,2024-06-11 00:00:00,XXXX2456,ACTIVE,88.41,False,False,False,False,False,False
MCH7433,"Sahota, Desai and Sarma",5999,MISC_RETAIL,INDIVIDUAL,Pune,Maharashtra,2024-02-24 00:00:00,,ACTIVE,867.14,False,False,False,False,True,False
MCH7435,"Puri, Biswas and Roy",5912,PHARMACY,PARTNERSHIP,Jaipur,Rajasthan,2023-11-12 00:00:00,XXXX1625,INACTIVE,-1536.78,False,False,True,False,False,False
MCH7436,Mane-Trivedi,5912,PHARMACY,INDIVIDUAL,Bengaluru,Karnataka,2024-09-14 00:00:00,,ACTIVE,-1384.27,False,False,True,False,True,False
MCH7439,Jayaraman PLC,7011,HOTEL,PRIVATE_LIMITED,Kolkata,West Bengal,2024-04-07 13:32:00,,ACTIVE,7697.49,False,False,False,False,True,False
MCH7440,Rastogi-Manne,5699,APPAREL,SOLE_PROPRIETOR,Lucknow,Uttar Pradesh,2025-10-27 00:00:00,,ACTIVE,2334.42,False,False,False,False,True,False
MCH7442,Thakur-Rana,5999,MISC_RETAIL,PARTNERSHIP,Kolkata,West Bengal,2026-01-17 22:14:00,,ACTIVE,-1816.81,False,False,True,False,True,False
MCH7443,chander-manda,4131,TRANSPORT,PRIVATE_LIMITED,Delhi,Delhi,2024-03-27 00:00:00,,ACTIVE,1371.0,False,False,False,False,True,False
MCH7444,Lanka-Shukla,5699,APPAREL,PRIVATE_LIMITED,Mumbai,Maharashtra,2023-03-13 03:58:00,XXXX5335,ACTIVE,2750.67,False,False,False,False,False,False
MCH7446,"SAMI, NARAYAN AND ROY",5942,BOOKS_STATIONERY,PARTNERSHIP,Ludhiana,Punjab,2023-02-08 00:00:00,,INACTIVE,6191.17,False,False,False,False,True,False
MCH7448,mittal inc,4814,TELECOM,PRIVATE_LIMITED,Hyderabad,Telangana,2024-12-07 00:00:00,XXXX2109,INACTIVE,760.79,False,False,False,False,False,False
MCH7449,"Brahmbhatt, Nagarajan and Kaul",5311,DEPARTMENT_STORE,SOLE_PROPRIETOR,Amritsar,Punjab,,,ACTIVE,397.32,False,False,False,False,True,True
MCH7452,Kala LLC,5311,DEPARTMENT_STORE,SOLE_PROPRIETOR,Bengaluru,Karnataka,2025-07-07 00:00:00,XXXX8976,ACTIVE,1838.62,False,False,False,False,False,False
MCH7455,"MODY, BHATTACHARYYA AND PALLA",4814,TELECOM,INDIVIDUAL,Delhi,Delhi,2024-04-11 22:40:38,XXXX4231,ACTIVE,113.99,False,False,False,False,False,False
MCH7458,"hans, som and krish",5812,RESTAURANT,SOLE_PROPRIETOR,Bengaluru,Karnataka,2025-09-20 20:06:00,,ACTIVE,8448.66,True,False,False,False,True,False
MCH7459,"Gara, Agarwal and Anne",7011,HOTEL,INDIVIDUAL,Ludhiana,Punjab,2023-04-14 20:15:00,XXXX0529,ACTIVE,2650.18,False,False,False,False,False,False
MCH7462,"MALHOTRA, SACHDEVA AND SANT",5411,GROCERY,SOLE_PROPRIETOR,Hyderabad,Telangana,2025-11-11 00:00:00,XXXX7822,ACTIVE,1601.35,False,False,False,False,False,False
MCH7463,CHAUDRY-NATARAJAN,5912,PHARMACY,PARTNERSHIP,Chennai,Tamil Nadu,2025-07-05 14:13:00,XXXX6493,ACTIVE,,False,False,False,True,False,False
MCH7464,DuttaLLC,4131,TRANSPORT,PRIVATE_LIMITED,Lucknow,Uttar Pradesh,2024-09-18 00:00:00,,ACTIVE,270.92,False,False,False,False,True,False
MCH7465,Bhatt Group,5999,MISC_RETAIL,INDIVIDUAL,Pune,Maharashtra,2023-04-10 00:00:00,XXXX7739,ACTIVE,3040.67,True,False,False,False,False,False
MCH7469,Dua LLC,5812,RESTAURANT,SOLE_PROPRIETOR,Pune,Maharashtra,,XXXX5224,INACTIVE,1848.0,False,False,False,False,False,True
MCH7470,Venkatesh Ltd,5699,APPAREL,SOLE_PROPRIETOR,Lucknow,Uttar Pradesh,2025-04-29 13:49:33,XXXX0372,ACTIVE,787.0,True,False,False,False,False,False
MCH7471,DASS LLC,5812,RESTAURANT,SOLE_PROPRIETOR,Lucknow,Uttar Pradesh,2023-02-14 00:00:00,XXXX4634,ACTIVE,390.54,False,False,False,False,False,False
MCH7473,"Nair, Ramachandran and Mane",5311,DEPARTMENT_STORE,SOLE_PROPRIETOR,Hyderabad,Telangana,2023-09-07 00:00:00,XXXX9275,INACTIVE,-418.39,False,False,True,False,False,False
MCH7476,Sundaram Ltd,5411,GROCERY,SOLE_PROPRIETOR,Ludhiana,Punjab,2025-07-09 15:30:17,XXXX9141,ACTIVE,1389.53,False,False,False,False,False,False
MCH7478,"Sami, Brahmbhatt and Khurana",5699,APPAREL,PRIVATE_LIMITED,Mumbai,Maharashtra,2024-08-19 11:01:33,,INACTIVE,,False,False,False,True,True,False
MCH7479,"Wadhwa, Bhatia and Gade",5311,DEPARTMENT_STORE,PARTNERSHIP,Chennai,Tamil Nadu,2024-09-14 17:36:50,XXXX0340,ACTIVE,998.0,False,False,False,False,False,False
MCH7482,"Bail, Verma and Sur",5699,APPAREL,PRIVATE_LIMITED,Jalandhar,Punjab,2024-02-06 00:00:00,,ACTIVE,249.45,False,False,False,False,True,False
MCH7489,Sridhar PLC,5999,MISC_RETAIL,INDIVIDUAL,Bengaluru,Karnataka,2024-09-15 00:00:00,,ACTIVE,990.64,False,False,False,False,True,False
MCH7490,datta ltd,5912,PHARMACY,SOLE_PROPRIETOR,Kolkata,West Bengal,2023-11-12 16:38:03,,ACTIVE,1590.69,False,False,False,False,True,False
MCH7493,Sachdeva-Pillai,5699,APPAREL,PRIVATE_LIMITED,Kolkata,West Bengal,2026-01-18 20:12:00,XXXX4873,INACTIVE,203.44,False,False,False,False,False,False
MCH7495,"Subramaniam, Radhakrishnan and Bahri",5411,GROCERY,INDIVIDUAL,Amritsar,Punjab,2023-05-14 00:00:00,XXXX3800,INACTIVE,1584.42,False,False,False,False,False,False
MCH7501,Jayaraman Inc,5311,DEPARTMENT_STORE,PARTNERSHIP,Kolkata,West Bengal,2024-03-10 00:00:00,XXXX9347,ACTIVE,2898.16,False,False,False,False,False,False
MCH7502,GOKHALE LLC,5311,DEPARTMENT_STORE,INDIVIDUAL,Amritsar,Punjab,2024-06-07 00:00:00,XXXX8930,ACTIVE,1185.45,False,False,False,False,False,False
MCH7503,Raval LLC,5411,GROCERY,PARTNERSHIP,Delhi,Delhi,2025-10-30 13:02:18,XXXX5242,ACTIVE,1167.54,False,False,False,False,False,False
MCH7504,Balay PLC,7011,HOTEL,INDIVIDUAL,Chennai,Tamil Nadu,2025-10-24 10:34:44,XXXX0938,ACTIVE,1030.01,False,False,False,False,False,False
MCH7508,Garg-Deo,5942,BOOKS_STATIONERY,PARTNERSHIP,Amritsar,Punjab,2024-11-15 00:00:00,XXXX5011,ACTIVE,1956.49,False,False,False,False,False,False
MCH7509,Narasimhan-Naidu,5699,APPAREL,SOLE_PROPRIETOR,Kolkata,West Bengal,2025-07-29 00:00:00,XXXX1170,ACTIVE,1271.23,False,False,False,False,False,False
MCH7513,Buch Inc,5812,RESTAURANT,INDIVIDUAL,Kolkata,West Bengal,2024-09-02 00:00:00,XXXX5984,ACTIVE,584.0,False,False,False,False,False,False
MCH7514,Ahuja-Bobal,5311,DEPARTMENT_STORE,SOLE_PROPRIETOR,Lucknow,Uttar Pradesh,2024-04-19 10:36:48,,ACTIVE,1943.52,False,False,False,False,True,False
MCH7517,"Banik, Kamdar and Dada",5699,APPAREL,INDIVIDUAL,Amritsar,Punjab,2025-07-20 00:00:00,XXXX0217,ACTIVE,2046.69,False,False,False,False,False,False
MCH7519,"Sarkar, Garg and Kumar",4131,TRANSPORT,PARTNERSHIP,Lucknow,Uttar Pradesh,2025-06-01 00:00:00,XXXX0507,INACTIVE,771.94,False,False,False,False,False,False
MCH7521,Boase PLC,4131,TRANSPORT,SOLE_PROPRIETOR,Kolkata,West Bengal,2026-01-27 00:00:00,XXXX0629,ACTIVE,880.0,False,False,False,False,False,False
MCH7523,venkataraman-hans,4131,TRANSPORT,SOLE_PROPRIETOR,Pune,Maharashtra,2025-04-28 00:00:00,XXXX4588,ACTIVE,6157.65,False,False,False,False,False,False
MCH7524,"Sarna, Mital and Deo",7011,HOTEL,PRIVATE_LIMITED,Bengaluru,Karnataka,2025-07-13 10:56:49,XXXX6292,ACTIVE,1847.0,False,False,False,False,False,False
MCH7525,Char-Narayanan,5942,BOOKS_STATIONERY,INDIVIDUAL,Lucknow,Uttar Pradesh,2025-03-31 00:00:00,,ACTIVE,424.34,False,False,False,False,True,False
MCH7533,"Boase, Krishnan and Tiwari",5699,APPAREL,PARTNERSHIP,Lucknow,Uttar Pradesh,2025-04-06 21:09:50,XXXX1981,ACTIVE,1221.0,True,False,False,False,False,False
MCH7536,Kalla-Deo,5311,DEPARTMENT_STORE,PARTNERSHIP,Kolkata,West Bengal,2024-08-29 00:00:00,XXXX3293,ACTIVE,803.42,False,False,False,False,False,False
MCH7539,"Kalita, Din and Ganesh",5311,DEPARTMENT_STORE,PRIVATE_LIMITED,Chennai,Tamil Nadu,2024-01-05 01:38:27,XXXX6657,ACTIVE,,False,False,False,True,False,False
MCH7540,Buch-Das,5311,DEPARTMENT_STORE,SOLE_PROPRIETOR,Hyderabad,Telangana,2025-05-17 00:00:00,XXXX4549,ACTIVE,-2362.92,False,False,True,False,False,False
MCH7544,Ganesh and S0ns,4131,TRANSPORT,SOLE_PROPRIETOR,Ludhiana,Punjab,2025-03-22 00:00:00,XXXX7886,INACTIVE,2329.09,False,False,False,False,False,False
MCH7546,Koshy LLC,5912,PHARMACY,INDIVIDUAL,Delhi,Delhi,2024-11-17 00:00:00,XXXX1749,ACTIVE,356.0,False,False,False,False,False,False
MCH7548,Dhillon Inc,4814,TELECOM,PRIVATE_LIMITED,Hyderabad,Telangana,2025-08-24 00:00:00,XXXX6625,INACTIVE,4170.0,False,False,False,False,False,False
MCH7549,Narayan PLC,7011,HOTEL,SOLE_PROPRIETOR,Kolkata,West Bengal,2023-02-22 04:38:14,XXXX2833,INACTIVE,2720.0,False,False,False,False,False,False
MCH7552,SOM AND SONS,4814,TELECOM,SOLE_PROPRIETOR,Pune,Maharashtra,2025-07-21 00:00:00,XXXX8078,ACTIVE,1934.0,False,False,False,False,False,False
MCH7554,"J0ha1, K0thari and Nagar",4131,TRANSPORT,INDIVIDUAL,Jalandhar,Punjab,2023-02-05 23:53:12,,ACTIVE,572.11,False,False,False,False,True,False
MCH7556,Hayer-Saini,5942,BOOKS_STATIONERY,INDIVIDUAL,Chennai,Tamil Nadu,2024-01-24 20:09:00,,ACTIVE,,False,False,False,True,True,False
MCH7558,Nair-Tandon,7011,HOTEL,INDIVIDUAL,Delhi,Delhi,2025-09-24 00:00:00,XXXX6425,ACTIVE,2209.65,False,False,False,False,False,False
MCH7560,Chakraborty and Sons,5311,DEPARTMENT_STORE,PARTNERSHIP,Pune,Maharashtra,,XXXX2008,ACTIVE,2097.03,True,False,False,False,False,True
MCH7563,Anne and Sons,7011,HOTEL,PRIVATE_LIMITED,Amritsar,Punjab,2023-05-16 00:00:00,XXXX7430,ACTIVE,300.06,False,False,False,False,False,False
MCH7564,"Mahal, Thaman and Dani",5942,BOOKS_STATIONERY,SOLE_PROPRIETOR,Jalandhar,Punjab,2023-12-23 00:00:00,XXXX5958,ACTIVE,503.13,True,False,False,False,False,False
MCH7566,KADE-BHATTACHARYYA,5912,PHARMACY,INDIVIDUAL,Mumbai,Maharashtra,2024-12-11 00:00:00,,INACTIVE,748.55,False,False,False,False,True,False
MCH7567,badal-tripathi,5699,APPAREL,PARTNERSHIP,Delhi,Delhi,2023-01-23 14:11:00,,ACTIVE,581.85,False,False,False,False,True,False
MCH7568,"CHOKSHI, LALL AND SUBRAMANIAM",4131,TRANSPORT,INDIVIDUAL,Amritsar,Punjab,2025-11-15 23:29:00,XXXX4056,ACTIVE,,False,False,False,True,False,False
MCH7572,"Nori, Kibe and Das",5699,APPAREL,SOLE_PROPRIETOR,Lucknow,Uttar Pradesh,2023-11-28 00:00:00,XXXX0893,ACTIVE,870.0,False,False,False,False,False,False
MCH7574,"Saini, Dubey and Bava",5311,DEPARTMENT_STORE,PRIVATE_LIMITED,Pune,Maharashtra,2024-09-28 01:58:00,,ACTIVE,1109.44,True,False,False,False,True,False
MCH7576,Ramanathan-Menon,7011,HOTEL,PARTNERSHIP,Jalandhar,Punjab,2024-10-14 09:09:31,,ACTIVE,757.61,False,False,False,False,True,False
MCH7577,"Gandhi, Golla and Arora",5699,APPAREL,PRIVATE_LIMITED,Amritsar,Punjab,2023-01-26 00:00:00,XXXX6249,ACTIVE,,False,False,False,True,False,False
MCH7580,DHALIWAL-SHANKAR,4814,TELECOM,SOLE_PROPRIETOR,Mumbai,Maharashtra,2023-07-04 00:00:00,XXXX8286,ACTIVE,1155.73,False,False,False,False,False,False
MCH7581,"Deshpande, Butala and Jain",5699,APPAREL,PRIVATE_LIMITED,Lucknow,Uttar Pradesh,2024-08-13 00:00:00,XXXX6477,ACTIVE,,False,False,False,True,False,False
MCH7582,Gola Ltd,4131,TRANSPORT,INDIVIDUAL,Kolkata,West Bengal,2024-07-31 16:49:00,,ACTIVE,1056.25,False,False,False,False,True,False
MCH7585,Rattan-Ratti,5699,APPAREL,PARTNERSHIP,Pune,Maharashtra,2026-02-10 00:00:00,,ACTIVE,-3222.54,False,False,True,False,True,False
MCH7586,"Hayer, Savant and Tiwari",5311,DEPARTMENT_STORE,PARTNERSHIP,Pune,Maharashtra,2024-03-31 00:00:00,XXXX3225,ACTIVE,765.1,False,False,False,False,False,False
MCH7589,"Parekh, Dugal and Bumb",4131,TRANSPORT,PRIVATE_LIMITED,Pune,Maharashtra,2025-01-17 00:00:00,XXXX9702,ACTIVE,437.44,False,False,False,False,False,False
MCH7591,Gour-Hora,5812,RESTAURANT,SOLE_PROPRIETOR,Amritsar,Punjab,2023-07-12 05:34:00,XXXX5661,ACTIVE,1230.68,False,False,False,False,False,False
MCH7595,Subramaniam-Balasubramanian,5411,GROCERY,INDIVIDUAL,Ludhiana,Punjab,2026-01-07 00:00:00,XXXX6215,ACTIVE,3392.31,True,False,False,False,False,False
MCH7596,Bajwa-Luthra,4814,TELECOM,PRIVATE_LIMITED,Hyderabad,Telangana,2024-04-20 00:00:00,,INACTIVE,,False,False,False,True,True,False
MCH7597,Vohra-Mitter,4131,TRANSPORT,SOLE_PROPRIETOR,Pune,Maharashtra,2025-07-31 00:00:00,XXXX8159,ACTIVE,2111.86,True,False,False,False,False,False
MCH7600,"Minhas, Rattan and Oak",5311,DEPARTMENT_STORE,SOLE_PROPRIETOR,Ludhiana,Punjab,2023-10-13 19:20:00,XXXX9742,ACTIVE,10025.0,False,False,False,False,False,False
MCH7604,"Varkey, Hayer and Ratti",5411,GROCERY,PARTNERSHIP,Chennai,Tamil Nadu,2025-02-17 00:00:00,XXXX6093,ACTIVE,868.52,False,False,False,False,False,False
MCH7605,Kakar-Dhi110n,5311,DEPARTMENT_STORE,PRIVATE_LIMITED,Bengaluru,Karnataka,2025-07-21 00:00:00,XXXX1255,INACTIVE,1126.42,False,False,False,False,False,False
MCH7606,Chaudhari-Raman,5999,MISC_RETAIL,PRIVATE_LIMITED,Bengaluru,Karnataka,2024-08-27 00:00:00,,ACTIVE,296.04,False,False,False,False,True,False
MCH7607,"vyas, ramakrishnan and narayanan",5942,BOOKS_STATIONERY,SOLE_PROPRIETOR,Amritsar,Punjab,2025-01-02 19:37:48,XXXX8717,ACTIVE,7039.03,True,False,False,False,False,False
MCH7609,Mitta1 PLC,5912,PHARMACY,INDIVIDUAL,Jalandhar,Punjab,2025-03-10 00:00:00,XXXX5424,ACTIVE,-7169.86,False,False,True,False,False,False
MCH7613,"Parekh, Ch0kshi and Das",5699,APPAREL,PRIVATE_LIMITED,Jaipur,Rajasthan,2024-11-23 19:31:50,XXXX2331,ACTIVE,419.26,False,False,False,False,False,False
MCH7614,WaliLtd,5699,APPAREL,INDIVIDUAL,Mumbai,Maharashtra,2023-07-03 00:00:00,XXXX3229,ACTIVE,969.0,False,False,False,False,False,False
MCH7615,"DAR, PAREKH AND DE",5812,RESTAURANT,SOLE_PROPRIETOR,Lucknow,Uttar Pradesh,,XXXX9499,INACTIVE,2530.9,False,False,False,False,False,True
MCH7618,"Thaman, Parikh and Dubey",7011,HOTEL,PRIVATE_LIMITED,Delhi,Delhi,2025-11-22 00:00:00,XXXX5794,ACTIVE,244.24,False,False,False,False,False,False
MCH7619,"ranganathan, kumer and pandya",5311,DEPARTMENT_STORE,PRIVATE_LIMITED,Kolkata,West Bengal,2023-11-02 00:00:00,XXXX7479,ACTIVE,,False,False,False,True,False,False
MCH7620,narain-balasubramanian,5942,BOOKS_STATIONERY,PRIVATE_LIMITED,Chennai,Tamil Nadu,2025-02-14 00:00:00,XXXX7303,ACTIVE,2086.1,False,False,False,False,False,False
MCH7621,Iyer-Mangal,5411,GROCERY,SOLE_PROPRIETOR,Jalandhar,Punjab,2023-09-14 09:28:09,XXXX6226,ACTIVE,1096.69,False,False,False,False,False,False
MCH7622,Agrawal-Yogi,4131,TRANSPORT,PARTNERSHIP,Amritsar,Punjab,2025-10-19 00:00:00,,ACTIVE,-717.88,False,False,True,False,True,False
MCH7623,Pandya LLC,5942,BOOKS_STATIONERY,PARTNERSHIP,Mumbai,Maharashtra,2026-01-23 00:00:00,XXXX7491,ACTIVE,701.06,True,False,False,False,False,False
MCH7627,Lata-Ray,4131,TRANSPORT,INDIVIDUAL,Mumbai,Maharashtra,2025-05-17 00:00:00,XXXX5475,ACTIVE,1169.55,False,False,False,False,False,False
MCH7628,"Mander, Guha and Varty",4814,TELECOM,SOLE_PROPRIETOR,Mumbai,Maharashtra,2026-01-12 00:00:00,XXXX1446,INACTIVE,8496.25,False,False,False,False,False,False
MCH7629,Taneja-Vyas,5999,MISC_RETAIL,INDIVIDUAL,Pune,Maharashtra,2023-01-01 17:10:32,XXXX2652,ACTIVE,1413.56,False,False,False,False,False,False
MCH7630,"RAMA, KALITA AND JHA",4131,TRANSPORT,INDIVIDUAL,Mumbai,Maharashtra,2025-10-01 00:00:00,XXXX2507,ACTIVE,2393.0,False,False,False,False,False,False
MCH7631,Chawla-Ganesh,4131,TRANSPORT,INDIVIDUAL,Pune,Maharashtra,2023-07-12 00:00:00,XXXX3029,ACTIVE,6757.26,False,False,False,False,False,False
MCH7635,Karpe Inc,4814,TELECOM,PARTNERSHIP,Mumbai,Maharashtra,2023-05-11 12:34:38,XXXX3996,INACTIVE,6027.41,False,False,False,False,False,False
MCH7636,BIR PLC,5699,APPAREL,SOLE_PROPRIETOR,Jalandhar,Punjab,2025-05-03 00:00:00,XXXX9076,ACTIVE,178.0,False,False,False,False,False,False
MCH7639,brar-chana,5999,MISC_RETAIL,SOLE_PROPRIETOR,Mumbai,Maharashtra,2025-02-20 05:32:00,XXXX2309,ACTIVE,4805.68,False,False,False,False,False,False
MCH7644,Mital PLC,7011,HOTEL,SOLE_PROPRIETOR,Chennai,Tamil Nadu,2024-03-07 00:00:00,,ACTIVE,602.59,False,False,False,False,True,False
MCH7645,Majumdar-Nagarajan,5912,PHARMACY,SOLE_PROPRIETOR,Amritsar,Punjab,2024-09-21 00:00:00,XXXX0851,ACTIVE,1396.81,False,False,False,False,False,False
MCH7647,"Bala, Mody and Kumer",5912,PHARMACY,PARTNERSHIP,Mumbai,Maharashtra,2025-12-30 18:11:40,XXXX0768,INACTIVE,3285.0,False,False,False,False,False,False
MCH7648,"Trivedi, Ramachandran and Keer",5999,MISC_RETAIL,PRIVATE_LIMITED,Hyderabad,Telangana,2024-11-12 16:04:31,XXXX5109,INACTIVE,1840.11,True,False,False,False,False,False
MCH7651,Sur Inc,5912,PHARMACY,SOLE_PROPRIETOR,Jalandhar,Punjab,2025-07-24 13:48:53,XXXX7942,ACTIVE,1138.07,False,False,False,False,False,False
MCH7653,Mishra LLC,5699,APPAREL,INDIVIDUAL,Jalandhar,Punjab,2025-04-30 00:00:00,XXXX7936,ACTIVE,7064.16,False,False,False,False,False,False
MCH7654,Chakraborty Inc,5699,APPAREL,SOLE_PROPRIETOR,Lucknow,Uttar Pradesh,,,ACTIVE,1250.0,False,False,False,False,True,True
MCH7659,"Bali, Balan and Ramachandran",5942,BOOKS_STATIONERY,PARTNERSHIP,Delhi,Delhi,2023-10-04 00:00:00,XXXX6852,ACTIVE,1079.0,True,False,False,False,False,False
MCH7661,Pal-Atwal,7011,HOTEL,PARTNERSHIP,Kolkata,West Bengal,2024-06-20 00:00:00,XXXX2412,ACTIVE,1304.11,False,False,False,False,False,False
MCH7664,Datta Ltd,4131,TRANSPORT,PARTNERSHIP,Kolkata,West Bengal,,XXXX7337,ACTIVE,990.98,True,False,False,False,False,True
MCH7667,solanki llc,4814,TELECOM,SOLE_PROPRIETOR,Lucknow,Uttar Pradesh,2024-06-28 00:00:00,,ACTIVE,1620.69,False,False,False,False,True,False
MCH7675,Suresh-Tandon,4131,TRANSPORT,PARTNERSHIP,Pune,Maharashtra,2025-01-24 00:00:00,,ACTIVE,1022.55,False,False,False,False,True,False
MCH7679,Sama and Sons,5912,PHARMACY,PARTNERSHIP,Bengaluru,Karnataka,2026-02-25 00:00:00,XXXX7789,ACTIVE,3295.19,False,False,False,False,False,False
MCH7681,"Bal, Kakar and Pillai",4131,TRANSPORT,PRIVATE_LIMITED,Pune,Maharashtra,2024-11-15 00:00:00,XXXX8010,ACTIVE,1955.63,True,False,False,False,False,False
MCH7685,"Badal, Khurana and Bansal",5311,DEPARTMENT_STORE,INDIVIDUAL,Jalandhar,Punjab,2025-05-06 00:19:28,XXXX6889,INACTIVE,-3304.25,False,False,True,False,False,False
MCH7687,Devan Inc,5699,APPAREL,INDIVIDUAL,Lucknow,Uttar Pradesh,2024-11-25 18:59:00,,ACTIVE,2148.82,False,False,False,False,True,False
MCH7688,"Kata, Bobal and Basu",5912,PHARMACY,SOLE_PROPRIETOR,Ludhiana,Punjab,2025-07-29 00:00:00,XXXX2073,ACTIVE,3346.0,False,False,False,False,False,False
MCH7692,Ratti-Patla,5311,DEPARTMENT_STORE,INDIVIDUAL,Amritsar,Punjab,2025-07-10 00:00:00,XXXX7379,ACTIVE,2270.3,False,False,False,False,False,False
MCH7698,Bhatnagar Inc,5999,MISC_RETAIL,INDIVIDUAL,Lucknow,Uttar Pradesh,2023-08-24 00:13:02,XXXX4936,ACTIVE,1276.92,False,False,False,False,False,False
MCH7699,mammen ltd,4814,TELECOM,INDIVIDUAL,Jalandhar,Punjab,2024-10-16 05:11:31,XXXX5219,ACTIVE,,False,False,False,True,False,False
MCH7700,"Lanka, Setty and Muni",5812,RESTAURANT,PARTNERSHIP,Delhi,Delhi,2025-06-14 00:00:00,,INACTIVE,-4782.98,False,False,True,False,True,False
MCH7701,Ravel-Lala,5411,GROCERY,PRIVATE_LIMITED,Ludhiana,Punjab,2025-05-12 05:37:27,XXXX7294,ACTIVE,1411.44,False,False,False,False,False,False
MCH7702,Ahuja-Nayar,5411,GROCERY,PRIVATE_LIMITED,Ludhiana,Punjab,2024-10-04 00:00:00,,INACTIVE,,False,False,False,True,True,False
MCH7709,"JANI, SIDHU AND TRIPATHI",4131,TRANSPORT,PARTNERSHIP,Jaipur,Rajasthan,2025-06-05 00:00:00,XXXX7133,ACTIVE,451.31,False,False,False,False,False,False
MCH7712,Sehgal Ltd,5411,GROCERY,PARTNERSHIP,Lucknow,Uttar Pradesh,,XXXX7167,ACTIVE,2215.59,False,False,False,False,False,True
MCH7714,"koshy, dani and barad",4814,TELECOM,PRIVATE_LIMITED,Jalandhar,Punjab,2023-10-27 23:10:00,,ACTIVE,669.74,False,False,False,False,True,False
MCH7715,Tata-Borah,5999,MISC_RETAIL,PRIVATE_LIMITED,Kolkata,West Bengal,2025-10-06 00:00:00,XXXX1003,INACTIVE,1652.04,False,False,False,False,False,False
MCH7720,Agate-Krishnamurthy,7011,HOTEL,PRIVATE_LIMITED,Chennai,Tamil Nadu,2025-10-12 22:57:00,,ACTIVE,475.0,False,False,False,False,True,False
MCH7723,"Pandya, Barman and Biswas",5699,APPAREL,PRIVATE_LIMITED,Ludhiana,Punjab,2025-01-06 01:31:38,XXXX5367,ACTIVE,3268.86,False,False,False,False,False,False
MCH7724,"Johal, Khatri and Sant",5411,GROCERY,INDIVIDUAL,Jalandhar,Punjab,2026-02-18 00:00:00,XXXX0269,ACTIVE,3132.9,False,False,False,False,False,False
MCH7726,Modi Ltd,5311,DEPARTMENT_STORE,INDIVIDUAL,Lucknow,Uttar Pradesh,2025-05-17 15:11:06,XXXX3760,ACTIVE,1955.14,False,False,False,False,False,False
MCH7728,"Banerjee, Iyengar and Ganguly",7011,HOTEL,INDIVIDUAL,Jaipur,Rajasthan,2024-10-11 00:00:00,XXXX5198,ACTIVE,750.16,False,False,False,False,False,False
MCH7729,"Jain, Bail and Rattan",5411,GROCERY,PRIVATE_LIMITED,Pune,Maharashtra,2023-03-04 07:27:56,,ACTIVE,2571.4,False,False,False,False,True,False
MCH7731,DalalPLC,7011,HOTEL,INDIVIDUAL,Chennai,Tamil Nadu,2024-05-25 00:00:00,,ACTIVE,2899.19,False,False,False,False,True,False
MCH7733,Bora Inc,4814,TELECOM,PRIVATE_LIMITED,Lucknow,Uttar Pradesh,2024-01-22 00:00:00,XXXX3762,ACTIVE,5028.38,True,False,False,False,False,False
MCH7735,GARG-BALAN,5999,MISC_RETAIL,SOLE_PROPRIETOR,Ludhiana,Punjab,2024-01-24 00:00:00,XXXX6442,ACTIVE,-639.06,False,False,True,False,False,False
MCH7736,Kara PLC,5699,APPAREL,INDIVIDUAL,Amritsar,Punjab,2024-01-02 00:00:00,,ACTIVE,778.45,False,False,False,False,True,False
MCH7737,"Sarma, Tripathi and Chandra",4131,TRANSPORT,SOLE_PROPRIETOR,Mumbai,Maharashtra,2023-09-19 00:00:00,XXXX8730,ACTIVE,-1625.72,False,False,True,False,False,False
MCH7744,NATH PLC,5311,DEPARTMENT_STORE,INDIVIDUAL,Amritsar,Punjab,2026-02-08 11:39:38,,ACTIVE,-283.48,False,False,True,False,True,False
MCH7746,LUTHRA GROUP,5699,APPAREL,PRIVATE_LIMITED,Jaipur,Rajasthan,2025-10-08 00:00:00,XXXX6840,ACTIVE,1244.49,False,False,False,False,False,False
MCH7748,chhabra group,5812,RESTAURANT,INDIVIDUAL,Pune,Maharashtra,2025-12-26 00:00:00,XXXX6630,ACTIVE,1602.16,False,False,False,False,False,False
MCH7749,Nigam Inc,4814,TELECOM,PRIVATE_LIMITED,Pune,Maharashtra,2023-01-23 00:00:00,XXXX2192,ACTIVE,7003.66,True,False,False,False,False,False
MCH7750,"Rama, Garde and Ravi",4131,TRANSPORT,PARTNERSHIP,Bengaluru,Karnataka,2025-01-22 00:00:00,XXXX7708,ACTIVE,1271.38,True,False,False,False,False,False
MCH7751,"Vig, Iyer and Andra",5311,DEPARTMENT_STORE,PARTNERSHIP,Pune,Maharashtra,2024-06-28 00:00:00,XXXX3497,INACTIVE,590.58,False,False,False,False,False,False
MCH7757,"Uppal, Kota and Ramaswamy",4814,TELECOM,INDIVIDUAL,Delhi,Delhi,2024-02-09 00:00:00,XXXX2473,ACTIVE,669.43,False,False,False,False,False,False
MCH7758,"memon, agate and deshpande",5699,APPAREL,PARTNERSHIP,Mumbai,Maharashtra,2023-12-27 00:00:00,XXXX4131,ACTIVE,362.28,False,False,False,False,False,False
MCH7759,"SANKARAN, PATEL AND NARAIN",5699,APPAREL,SOLE_PROPRIETOR,Kolkata,West Bengal,2025-10-15 13:32:26,XXXX6518,ACTIVE,,False,False,False,True,False,False
MCH7763,"Choudhury, Mody and Tank",5912,PHARMACY,INDIVIDUAL,Chennai,Tamil Nadu,2023-11-03 00:00:00,,ACTIVE,777.85,False,False,False,False,True,False
MCH7765,Dyal LLC,5812,RESTAURANT,INDIVIDUAL,Amritsar,Punjab,2025-02-27 00:00:00,XXXX8941,ACTIVE,3067.55,False,False,False,False,False,False
MCH7767,Nadkarni-Pathak,7011,HOTEL,INDIVIDUAL,Chennai,Tamil Nadu,2025-07-10 07:50:00,,ACTIVE,3595.48,False,False,False,False,True,False
MCH7768,Sahota-Walia,4131,TRANSPORT,PARTNERSHIP,Delhi,Delhi,2025-06-19 07:32:00,,INACTIVE,1097.55,False,False,False,False,True,False
MCH7769,"Atwal, Loke and Prasad",4814,TELECOM,PARTNERSHIP,Mumbai,Maharashtra,2024-07-21 00:00:00,,ACTIVE,232.38,False,False,False,False,True,False
MCH7772,"Chatterjee, Wason and Nadkarni",5311,DEPARTMENT_STORE,PARTNERSHIP,Mumbai,Maharashtra,2026-01-02 19:37:55,XXXX1871,ACTIVE,541.48,False,False,False,False,False,False
MCH7773,Nath-Parikh,5699,APPAREL,INDIVIDUAL,Jaipur,Rajasthan,2025-09-08 12:42:00,XXXX0128,ACTIVE,544.16,False,False,False,False,False,False
MCH7779,"Mane, Bassi and Samra",5699,APPAREL,PARTNERSHIP,Lucknow,Uttar Pradesh,2024-12-12 19:16:00,XXXX6650,ACTIVE,,False,False,False,True,False,False
MCH7780,Jain PLC,5912,PHARMACY,SOLE_PROPRIETOR,Lucknow,Uttar Pradesh,2025-07-19 13:23:49,,INACTIVE,,False,False,False,True,True,False
MCH7784,dave-babu,5912,PHARMACY,PARTNERSHIP,Ludhiana,Punjab,2023-03-16 00:00:00,XXXX3111,ACTIVE,643.0,False,False,False,False,False,False
MCH7790,Barman-Roy,5942,BOOKS_STATIONERY,SOLE_PROPRIETOR,Chennai,Tamil Nadu,2025-05-28 00:00:00,XXXX1828,ACTIVE,1525.46,False,False,False,False,False,False
MCH7794,Kalita PLC,5912,PHARMACY,PARTNERSHIP,Delhi,Delhi,2025-01-05 18:59:00,XXXX9324,ACTIVE,622.63,False,False,False,False,False,False
MCH7795,"Samra, Venkataraman and Bhatti",4131,TRANSPORT,PRIVATE_LIMITED,Amritsar,Punjab,2024-03-08 04:15:00,XXXX1904,ACTIVE,723.93,False,False,False,False,False,False
MCH7796,"Kari, Sridhar and J0ha1",5411,GROCERY,PARTNERSHIP,Pune,Maharashtra,2024-12-09 00:00:00,XXXX7802,ACTIVE,489.31,False,False,False,False,False,False
MCH7802,Venkatesh LLC,5912,PHARMACY,PARTNERSHIP,Lucknow,Uttar Pradesh,2024-04-12 13:06:25,XXXX5438,ACTIVE,1493.43,False,False,False,False,False,False
MCH7803,Mukherjee-Sha,4814,TELECOM,PRIVATE_LIMITED,Jaipur,Rajasthan,2023-02-16 00:00:00,XXXX2457,ACTIVE,763.0,False,False,False,False,False,False
MCH7804,Choudhry and Sons,5942,BOOKS_STATIONERY,SOLE_PROPRIETOR,Ludhiana,Punjab,2024-02-04 20:13:00,XXXX6038,ACTIVE,586.0,False,False,False,False,False,False
MCH7806,"Sahni, Bhavsar and Kaul",4131,TRANSPORT,PRIVATE_LIMITED,Hyderabad,Telangana,2023-04-17 00:00:00,XXXX2487,ACTIVE,1046.19,True,False,False,False,False,False
MCH7810,Bail Inc,5942,BOOKS_STATIONERY,SOLE_PROPRIETOR,Ludhiana,Punjab,2025-01-25 00:00:00,XXXX3100,INACTIVE,-529.29,False,False,True,False,False,False
MCH7814,Mallick-Puri,5812,RESTAURANT,SOLE_PROPRIETOR,Jaipur,Rajasthan,2024-03-01 00:00:00,,ACTIVE,-2963.54,False,False,True,False,True,False
MCH7817,Lata PLC,5812,RESTAURANT,PRIVATE_LIMITED,Chennai,Tamil Nadu,2025-07-27 00:00:00,,INACTIVE,3090.66,False,False,False,False,True,False
MCH7821,Deshmukh Inc,5999,MISC_RETAIL,PARTNERSHIP,Bengaluru,Karnataka,2026-01-26 00:00:00,XXXX8762,ACTIVE,1463.63,True,False,False,False,False,False
MCH7828,Jhaveri and Sons,5699,APPAREL,INDIVIDUAL,Kolkata,West Bengal,2026-02-23 00:00:00,XXXX3924,ACTIVE,3105.54,False,False,False,False,False,False
MCH7829,Hora Ltd,4131,TRANSPORT,PARTNERSHIP,Jaipur,Rajasthan,2025-05-06 00:00:00,XXXX7292,ACTIVE,422.0,False,False,False,False,False,False
MCH7830,Narayanan-Barad,5912,PHARMACY,PRIVATE_LIMITED,Jaipur,Rajasthan,2025-12-14 17:19:27,XXXX3643,INACTIVE,1497.41,False,False,False,False,False,False
MCH7832,"Sodhi, Venkataraman and Kohli",5999,MISC_RETAIL,INDIVIDUAL,Delhi,Delhi,2025-06-02 00:45:12,XXXX9396,ACTIVE,4116.49,False,False,False,False,False,False
MCH7833,"Chopra, Baral and Hayre",5942,BOOKS_STATIONERY,SOLE_PROPRIETOR,Hyderabad,Telangana,2023-02-10 07:53:34,,INACTIVE,648.0,False,False,False,False,True,False
MCH7835,"DUGAR, DHAWAN AND DE",7011,HOTEL,PRIVATE_LIMITED,Lucknow,Uttar Pradesh,2023-12-26 12:25:00,,INACTIVE,1744.59,False,False,False,False,True,False
MCH7837,Wali Group,5999,MISC_RETAIL,INDIVIDUAL,Kolkata,West Bengal,2023-06-03 00:00:00,,ACTIVE,803.03,True,False,False,False,True,False
MCH7838,"Yohannan, Sethi and Khare",5812,RESTAURANT,SOLE_PROPRIETOR,Amritsar,Punjab,2024-03-25 00:00:00,,ACTIVE,974.3,False,False,False,False,True,False
MCH7839,Mahajan-Bhasin,5699,APPAREL,PARTNERSHIP,Amritsar,Punjab,2023-06-03 00:00:00,XXXX8814,ACTIVE,4413.06,False,False,False,False,False,False
MCH7840,Sood LLC,5311,DEPARTMENT_STORE,INDIVIDUAL,Pune,Maharashtra,2023-09-26 00:00:00,XXXX2181,ACTIVE,394.0,False,False,False,False,False,False
MCH7841,Manda Group,5942,BOOKS_STATIONERY,SOLE_PROPRIETOR,Pune,Maharashtra,2024-10-01 00:00:00,XXXX6401,ACTIVE,14164.49,False,False,False,False,False,False
MCH7842,J0ha1 Ltd,5812,RESTAURANT,PRIVATE_LIMITED,Kolkata,West Bengal,2025-02-06 00:00:00,XXXX0929,INACTIVE,1856.0,False,False,False,False,False,False
MCH7843,Rastogi-Das,5812,RESTAURANT,PARTNERSHIP,Amritsar,Punjab,2025-04-03 00:00:00,XXXX7401,ACTIVE,-1274.89,False,False,True,False,False,False
MCH7844,Singh-Mane,5411,GROCERY,SOLE_PROPRIETOR,Ludhiana,Punjab,2024-10-31 00:00:00,,ACTIVE,1309.0,True,False,False,False,True,False
MCH7845,Bhasin-Dubey,4814,TELECOM,PRIVATE_LIMITED,Ludhiana,Punjab,2024-08-22 00:00:00,XXXX7074,ACTIVE,994.0,False,False,False,False,False,False
MCH7846,Chad-Gole,5999,MISC_RETAIL,INDIVIDUAL,Mumbai,Maharashtra,2023-08-24 00:00:00,XXXX4268,ACTIVE,228.0,True,False,False,False,False,False
MCH7847,Ramakrishnan-Misra,5411,GROCERY,INDIVIDUAL,Mumbai,Maharashtra,2025-12-04 00:00:00,,ACTIVE,2108.0,False,False,False,False,True,False
MCH7849,Lal-Wagle,5311,DEPARTMENT_STORE,SOLE_PROPRIETOR,Jaipur,Rajasthan,2025-02-12 16:31:00,XXXX0377,ACTIVE,4061.65,False,False,False,False,False,False
MCH7850,Reddy Inc,5699,APPAREL,PARTNERSHIP,Chennai,Tamil Nadu,2024-05-16 05:07:55,,ACTIVE,1378.0,False,False,False,False,True,False
MCH7851,"Warrior, Hora and Dayal",4814,TELECOM,INDIVIDUAL,Jalandhar,Punjab,2024-02-07 00:00:00,XXXX4791,ACTIVE,,False,False,False,True,False,False
MCH7852,"Kapadia, K0nda and Luthra",7011,HOTEL,SOLE_PROPRIETOR,Chennai,Tamil Nadu,2023-05-12 06:13:06,XXXX7199,INACTIVE,4401.63,True,False,False,False,False,False
MCH7856,"Sood, Dalal and Butala",7011,HOTEL,PRIVATE_LIMITED,Delhi,Delhi,2025-11-06 15:54:00,XXXX0103,ACTIVE,2048.0,False,False,False,False,False,False
MCH7860,"Pall, Som and Dalal",5999,MISC_RETAIL,PRIVATE_LIMITED,Amritsar,Punjab,2024-11-11 02:08:53,XXXX4239,ACTIVE,-625.05,False,False,True,False,False,False
MCH7862,Pandit-Ratti,5912,PHARMACY,INDIVIDUAL,Amritsar,Punjab,2023-04-23 00:00:00,,ACTIVE,558.23,False,False,False,False,True,False
MCH7863,"Lal, Hegde and Hora",5812,RESTAURANT,PARTNERSHIP,Lucknow,Uttar Pradesh,2024-11-18 00:00:00,XXXX5539,ACTIVE,673.1,False,False,False,False,False,False
MCH7864,"Kumer, Iyer and Bhavsar",4131,TRANSPORT,PRIVATE_LIMITED,Amritsar,Punjab,2024-12-30 05:51:45,XXXX7409,ACTIVE,611.66,False,False,False,False,False,False
MCH7865,Rout Inc,5311,DEPARTMENT_STORE,INDIVIDUAL,Hyderabad,Telangana,2023-11-13 13:57:04,XXXX3299,ACTIVE,2187.26,True,False,False,False,False,False
MCH7866,Bhattacharyya and Sons,5311,DEPARTMENT_STORE,PARTNERSHIP,Delhi,Delhi,2025-10-31 05:29:00,XXXX4002,ACTIVE,2522.0,False,False,False,False,False,False
MCH7868,Chander-Ramakrishnan,5311,DEPARTMENT_STORE,INDIVIDUAL,Pune,Maharashtra,2025-09-21 01:36:00,XXXX9717,ACTIVE,563.96,False,False,False,False,False,False
MCH7870,"Kalla,MoreandSwamy",5912,PHARMACY,PRIVATE_LIMITED,Jaipur,Rajasthan,2025-03-04 00:00:00,XXXX2439,ACTIVE,681.25,False,False,False,False,False,False
MCH7871,"Mital, Palla and Saraf",5699,APPAREL,SOLE_PROPRIETOR,Hyderabad,Telangana,2026-02-17 14:36:44,XXXX0698,ACTIVE,-2352.21,False,False,True,False,False,False
MCH7875,Narasimhan PLC,5411,GROCERY,PRIVATE_LIMITED,Amritsar,Punjab,2025-01-03 00:00:00,,ACTIVE,585.43,False,False,False,False,True,False
MCH7876,Yadav-Bansal,5942,BOOKS_STATIONERY,INDIVIDUAL,Lucknow,Uttar Pradesh,2024-09-22 00:00:00,,ACTIVE,-549.03,False,False,True,False,True,False
MCH7877,Parekh-Borra,5942,BOOKS_STATIONERY,PRIVATE_LIMITED,Mumbai,Maharashtra,2024-02-29 00:00:00,XXXX5911,ACTIVE,,False,False,False,True,False,False
MCH7879,SAWHNEY-GODA,4814,TELECOM,INDIVIDUAL,Jalandhar,Punjab,2023-12-30 23:35:00,,ACTIVE,1760.85,False,False,False,False,True,False
MCH7880,Ben-Khare,4131,TRANSPORT,INDIVIDUAL,Chennai,Tamil Nadu,2024-01-20 00:00:00,,ACTIVE,3857.41,False,False,False,False,True,False
MCH7881,MENON PLC,5311,DEPARTMENT_STORE,PARTNERSHIP,Pune,Maharashtra,2024-02-04 00:00:00,XXXX6678,ACTIVE,1357.1,False,False,False,False,False,False
MCH7885,Sura LLC,5699,APPAREL,PARTNERSHIP,Lucknow,Uttar Pradesh,2025-04-15 09:52:00,XXXX8127,ACTIVE,2999.12,False,False,False,False,False,False
MCH7890,contractor plc,7011,HOTEL,PARTNERSHIP,Chennai,Tamil Nadu,2024-07-21 17:41:07,XXXX0851,INACTIVE,-652.34,False,False,True,False,False,False
MCH7891,BAKSHI PLC,5411,GROCERY,INDIVIDUAL,Bengaluru,Karnataka,2024-03-02 20:11:00,XXXX9978,ACTIVE,3419.67,False,False,False,False,False,False
MCH7895,Pau PLC,5999,MISC_RETAIL,INDIVIDUAL,Amritsar,Punjab,2023-06-08 09:45:00,,ACTIVE,583.0,True,False,False,False,True,False
MCH7896,Samra LLC,7011,HOTEL,PRIVATE_LIMITED,Kolkata,West Bengal,2023-10-16 00:00:00,XXXX8390,INACTIVE,2276.65,False,False,False,False,False,False
MCH7900,Basu-Sami,4131,TRANSPORT,INDIVIDUAL,Delhi,Delhi,2025-04-24 00:00:00,XXXX9772,ACTIVE,1035.61,False,False,False,False,False,False
MCH7901,BALA GROUP,5812,RESTAURANT,PARTNERSHIP,Jaipur,Rajasthan,2023-03-02 12:07:59,XXXX3579,ACTIVE,,False,False,False,True,False,False
MCH7902,deol inc,4131,TRANSPORT,PARTNERSHIP,Ludhiana,Punjab,2025-07-05 00:00:00,,ACTIVE,-2892.53,False,False,True,False,True,False
MCH7904,Kapadia-Pandya,5942,BOOKS_STATIONERY,PARTNERSHIP,Chennai,Tamil Nadu,2023-09-20 00:00:00,XXXX8842,ACTIVE,6260.03,False,False,False,False,False,False
MCH7906,"Ganesan, Gopal and Ratta",5912,PHARMACY,INDIVIDUAL,Jaipur,Rajasthan,2023-08-04 00:00:00,XXXX6996,ACTIVE,733.85,False,False,False,False,False,False
MCH7910,Shenoy LLC,5812,RESTAURANT,PARTNERSHIP,Hyderabad,Telangana,2024-03-25 00:00:00,XXXX4160,INACTIVE,741.5,False,False,False,False,False,False
MCH7912,Sarma-Arya,5699,APPAREL,PRIVATE_LIMITED,Lucknow,Uttar Pradesh,2025-01-01 00:00:00,XXXX2945,ACTIVE,1318.64,False,False,False,False,False,False
MCH7913,Khare Inc,5912,PHARMACY,PARTNERSHIP,Pune,Maharashtra,2025-02-22 00:00:00,XXXX2196,ACTIVE,-1243.32,False,False,True,False,False,False
MCH7914,Grover-Karnik,4814,TELECOM,SOLE_PROPRIETOR,Jaipur,Rajasthan,2023-11-30 00:00:00,,ACTIVE,1922.54,False,False,False,False,True,False
MCH7917,Parsa-Madan,5411,GROCERY,SOLE_PROPRIETOR,Pune,Maharashtra,2023-04-02 01:07:51,XXXX8810,INACTIVE,-1524.64,False,False,True,False,False,False
MCH7918,Purohit LLC,5942,BOOKS_STATIONERY,PRIVATE_LIMITED,Kolkata,West Bengal,2024-09-06 00:00:00,XXXX2495,ACTIVE,1204.0,False,False,False,False,False,False
MCH7919,MAJUMDAR-CHANDRAN,4131,TRANSPORT,PARTNERSHIP,Jaipur,Rajasthan,2025-12-09 01:54:00,XXXX1145,ACTIVE,4626.02,False,False,False,False,False,False
MCH7922,Dara LLC,5812,RESTAURANT,PARTNERSHIP,Mumbai,Maharashtra,2024-05-13 00:00:00,XXXX4567,ACTIVE,1260.96,True,False,False,False,False,False
MCH7925,"Bedi, Shroff and Nadkarni",4131,TRANSPORT,SOLE_PROPRIETOR,Lucknow,Uttar Pradesh,2023-07-07 00:00:00,XXXX0705,ACTIVE,2480.62,False,False,False,False,False,False
MCH7930,"Bhatt, Ganguly and Dhingra",5311,DEPARTMENT_STORE,SOLE_PROPRIETOR,Delhi,Delhi,2025-12-16 00:00:00,,INACTIVE,1892.15,False,False,False,False,True,False
MCH7932,SETHI LTD,4814,TELECOM,PRIVATE_LIMITED,Bengaluru,Karnataka,2025-04-20 22:28:00,XXXX0876,ACTIVE,4410.18,False,False,False,False,False,False
MCH7933,BaradInc,5812,RESTAURANT,INDIVIDUAL,Amritsar,Punjab,2025-07-26 00:00:00,,INACTIVE,1177.0,False,False,False,False,True,False
MCH7934,Srinivasan-Maharaj,5812,RESTAURANT,PARTNERSHIP,Chennai,Tamil Nadu,2023-02-23 00:00:00,,INACTIVE,1154.88,False,False,False,False,True,False
MCH7938,CHANDER LTD,4814,TELECOM,SOLE_PROPRIETOR,Bengaluru,Karnataka,2023-09-22 00:00:00,,ACTIVE,-639.19,True,False,True,False,True,False
MCH7939,Mand LLC,5812,RESTAURANT,PRIVATE_LIMITED,Bengaluru,Karnataka,2025-01-23 00:00:00,,ACTIVE,2096.4,False,False,False,False,True,False
MCH7942,Parmar-Oza,5912,PHARMACY,SOLE_PROPRIETOR,Hyderabad,Telangana,2024-08-10 06:25:22,,ACTIVE,1133.78,False,False,False,False,True,False
MCH7943,Chaudhary-Rana,5912,PHARMACY,INDIVIDUAL,Kolkata,West Bengal,2024-12-27 00:00:00,XXXX8466,ACTIVE,3927.63,False,False,False,False,False,False
MCH7944,Bassi-Dyal,4131,TRANSPORT,SOLE_PROPRIETOR,Kolkata,West Bengal,2025-11-04 00:00:00,XXXX0196,ACTIVE,1227.24,False,False,False,False,False,False
MCH7945,"Barad, Wagle and Raju",5912,PHARMACY,INDIVIDUAL,Ludhiana,Punjab,2023-01-24 00:00:00,XXXX3327,ACTIVE,268.67,False,False,False,False,False,False
MCH7947,Padmanabhan-Kale,4814,TELECOM,PRIVATE_LIMITED,Mumbai,Maharashtra,2023-09-08 00:00:00,,ACTIVE,3921.35,False,False,False,False,True,False
MCH7948,Sachdeva-Buch,5311,DEPARTMENT_STORE,PARTNERSHIP,Mumbai,Maharashtra,2025-07-03 00:00:00,XXXX0532,ACTIVE,656.76,False,False,False,False,False,False
MCH7949,Vohra-Chaudhary,4131,TRANSPORT,PRIVATE_LIMITED,Mumbai,Maharashtra,2023-10-14 00:00:00,,ACTIVE,265.37,False,False,False,False,True,False
MCH7950,Om-Andra,5411,GROCERY,INDIVIDUAL,Ludhiana,Punjab,,,ACTIVE,3471.68,False,False,False,False,True,True
MCH7951,Peri Group,7011,HOTEL,SOLE_PROPRIETOR,Jaipur,Rajasthan,2024-02-21 00:00:00,,ACTIVE,-981.55,False,False,True,False,True,False
MCH7953,Deep Group,5411,GROCERY,SOLE_PROPRIETOR,Mumbai,Maharashtra,2025-08-07 00:00:00,XXXX8333,ACTIVE,1668.75,False,False,False,False,False,False
MCH7954,Sur Inc,7011,HOTEL,PRIVATE_LIMITED,Hyderabad,Telangana,2025-01-04 22:07:00,,ACTIVE,2803.0,False,False,False,False,True,False
MCH7955,"Andra, Oommen and Salvi",5699,APPAREL,PARTNERSHIP,Amritsar,Punjab,2023-02-02 00:00:00,XXXX5039,ACTIVE,-2313.71,False,False,True,False,False,False
MCH7957,Keer-Khalsa,5311,DEPARTMENT_STORE,SOLE_PROPRIETOR,Amritsar,Punjab,2025-11-21 00:00:00,,ACTIVE,1690.94,True,False,False,False,True,False
MCH7960,Comar-Ramesh,5411,GROCERY,SOLE_PROPRIETOR,Amritsar,Punjab,2023-05-01 00:00:00,XXXX2411,ACTIVE,,False,False,False,True,False,False
MCH7965,Magar-Kant,5311,DEPARTMENT_STORE,SOLE_PROPRIETOR,Pune,Maharashtra,2024-05-13 00:00:00,XXXX3832,ACTIVE,567.32,False,False,False,False,False,False
MCH7967,Chandran Inc,5912,PHARMACY,INDIVIDUAL,Bengaluru,Karnataka,2025-06-19 00:00:00,,ACTIVE,-1630.08,False,False,True,False,True,False
MCH7969,"Karan,BalandKhurana",4131,TRANSPORT,INDIVIDUAL,Lucknow,Uttar Pradesh,2025-04-16 00:00:00,,ACTIVE,836.32,False,False,False,False,True,False
MCH7972,Lata Inc,5411,GROCERY,PARTNERSHIP,Bengaluru,Karnataka,2024-12-16 00:00:00,XXXX6015,ACTIVE,-401.1,False,False,True,False,False,False
MCH7973,"Dhar, Som and Mane",7011,HOTEL,SOLE_PROPRIETOR,Kolkata,West Bengal,2023-01-17 11:57:28,XXXX1996,ACTIVE,1422.91,False,False,False,False,False,False
MCH7974,"Verma, Koshy and Bhardwaj",5411,GROCERY,INDIVIDUAL,Jaipur,Rajasthan,2023-10-04 00:00:00,XXXX4544,ACTIVE,460.5,False,False,False,False,False,False
MCH7977,"Kohli, Vaidya and Nagar",7011,HOTEL,SOLE_PROPRIETOR,Chennai,Tamil Nadu,2025-07-23 00:00:00,XXXX5071,ACTIVE,4790.0,False,False,False,False,False,False
MCH7978,"Ganesan, Kohli and Savant",5999,MISC_RETAIL,INDIVIDUAL,Jaipur,Rajasthan,2023-02-15 00:00:00,XXXX8648,ACTIVE,2414.03,False,False,False,False,False,False
MCH7981,"Singhal, Manne and Ray",5699,APPAREL,PRIVATE_LIMITED,Jalandhar,Punjab,2023-11-02 00:00:00,XXXX4502,ACTIVE,234.87,False,False,False,False,False,False
MCH7982,De0 Ltd,5311,DEPARTMENT_STORE,PARTNERSHIP,Ludhiana,Punjab,2023-01-14 04:48:22,XXXX3349,ACTIVE,579.0,False,False,False,False,False,False
MCH7983,Karpe-Raval,5311,DEPARTMENT_STORE,INDIVIDUAL,Lucknow,Uttar Pradesh,2024-01-11 00:00:00,XXXX7464,ACTIVE,3843.3,False,False,False,False,False,False
MCH7985,"Ba1ay, Mammen and Raman",5812,RESTAURANT,PARTNERSHIP,Lucknow,Uttar Pradesh,2023-12-16 19:17:00,,ACTIVE,2429.67,False,False,False,False,True,False
MCH7986,Pathak Inc,5999,MISC_RETAIL,INDIVIDUAL,Chennai,Tamil Nadu,2024-05-30 00:00:00,,INACTIVE,1602.91,True,False,False,False,True,False
MCH7987,Mangat-Sundaram,5912,PHARMACY,INDIVIDUAL,Chennai,Tamil Nadu,2023-02-25 00:00:00,XXXX1113,ACTIVE,-2275.51,False,False,True,False,False,False
MCH7991,Rastogi PLC,5942,BOOKS_STATIONERY,PARTNERSHIP,Mumbai,Maharashtra,,,ACTIVE,1076.7,False,False,False,False,True,True
MCH7992,Goel Group,4814,TELECOM,INDIVIDUAL,Bengaluru,Karnataka,2023-10-18 00:00:00,XXXX0637,ACTIVE,609.52,False,False,False,False,False,False
MCH7993,Garde Inc,4814,TELECOM,PARTNERSHIP,Kolkata,West Bengal,2023-04-23 00:00:00,XXXX0978,ACTIVE,1024.0,False,False,False,False,False,False
MCH7996,Bhargava LLC,5912,PHARMACY,PRIVATE_LIMITED,Amritsar,Punjab,2024-12-18 00:00:00,XXXX0740,INACTIVE,-830.56,False,False,True,False,False,False
MCH7997,"Rattan, Naik and Singh",5999,MISC_RETAIL,INDIVIDUAL,Pune,Maharashtra,2024-05-31 14:52:38,XXXX7888,ACTIVE,-397.79,False,False,True,False,False,False
MCH8003,Tank Ltd,5311,DEPARTMENT_STORE,SOLE_PROPRIETOR,Hyderabad,Telangana,2023-12-14 00:00:00,XXXX5280,ACTIVE,614.4,False,False,False,False,False,False
MCH8004,hayre-agate,5999,MISC_RETAIL,INDIVIDUAL,Amritsar,Punjab,2025-10-01 20:15:00,XXXX1092,INACTIVE,934.62,False,False,False,False,False,False
MCH8005,"Kumar, Ahluwalia and Thaman",4131,TRANSPORT,SOLE_PROPRIETOR,Bengaluru,Karnataka,2025-06-30 00:00:00,,ACTIVE,-6211.56,False,False,True,False,True,False
MCH8007,Chaudhari Inc,5699,APPAREL,SOLE_PROPRIETOR,Pune,Maharashtra,2025-11-26 16:25:31,XXXX2754,ACTIVE,1165.41,False,False,False,False,False,False
MCH8013,Thakkar-Vohra,5942,BOOKS_STATIONERY,SOLE_PROPRIETOR,Bengaluru,Karnataka,2024-08-06 00:00:00,XXXX9632,ACTIVE,,False,False,False,True,False,False
MCH8014,Mukherjee Inc,5912,PHARMACY,SOLE_PROPRIETOR,Jaipur,Rajasthan,2026-01-25 00:00:00,,ACTIVE,702.0,False,False,False,False,True,False
MCH8018,Lad PLC,5411,GROCERY,PRIVATE_LIMITED,Kolkata,West Bengal,2025-03-27 00:00:00,XXXX3019,ACTIVE,655.7,False,False,False,False,False,False
MCH8019,Chaudhry-Naidu,5942,BOOKS_STATIONERY,PRIVATE_LIMITED,Jaipur,Rajasthan,,,ACTIVE,888.78,False,False,False,False,True,True
MCH8023,CHAR-GALA,5699,APPAREL,INDIVIDUAL,Chennai,Tamil Nadu,2024-04-04 00:00:00,XXXX5264,ACTIVE,837.35,False,False,False,False,False,False
MCH8024,Banik PLC,5411,GROCERY,INDIVIDUAL,Jalandhar,Punjab,2026-02-02 22:13:43,XXXX2448,ACTIVE,1100.96,False,False,False,False,False,False
MCH8025,"Karnik, Hayer and Khalsa",4814,TELECOM,PARTNERSHIP,Lucknow,Uttar Pradesh,2023-08-14 14:32:00,XXXX2943,ACTIVE,1781.41,False,False,False,False,False,False
MCH8029,"Gokhale, Varughese and Dube",5311,DEPARTMENT_STORE,SOLE_PROPRIETOR,Hyderabad,Telangana,2025-12-21 00:00:00,XXXX5035,ACTIVE,973.0,False,False,False,False,False,False
MCH8031,CHOKSHI LTD,7011,HOTEL,INDIVIDUAL,Hyderabad,Telangana,2025-07-26 00:00:00,XXXX1391,ACTIVE,2110.06,False,False,False,False,False,False
MCH8032,Roy-Ramesh,5699,APPAREL,PARTNERSHIP,Mumbai,Maharashtra,2025-05-24 00:00:00,,ACTIVE,1773.07,False,False,False,False,True,False
MCH8033,Gole Group,5942,BOOKS_STATIONERY,PRIVATE_LIMITED,Jalandhar,Punjab,2025-05-22 00:00:00,XXXX6033,ACTIVE,1372.74,False,False,False,False,False,False
MCH8035,"Munshi, Mani and Taneja",5999,MISC_RETAIL,INDIVIDUAL,Mumbai,Maharashtra,2025-02-08 00:00:00,XXXX4355,ACTIVE,,False,False,False,True,False,False
MCH8036,"Sarma, Madan and Pandey",5912,PHARMACY,PARTNERSHIP,Mumbai,Maharashtra,2025-07-12 21:56:39,,ACTIVE,2055.77,False,False,False,False,True,False
MCH8037,Patla-Balakrishnan,4814,TELECOM,SOLE_PROPRIETOR,Pune,Maharashtra,2025-09-19 16:54:00,XXXX7137,ACTIVE,327.35,False,False,False,False,False,False
MCH8038,"singh, baria and kakar",5912,PHARMACY,PRIVATE_LIMITED,Lucknow,Uttar Pradesh,2024-12-20 17:52:56,XXXX9731,ACTIVE,1174.3,False,False,False,False,False,False
MCH8039,"Kibe,BrahmbhattandJaggi",5699,APPAREL,SOLE_PROPRIETOR,Pune,Maharashtra,2024-10-28 00:00:00,,ACTIVE,2282.53,False,False,False,False,True,False
MCH8043,Lalla Group,5311,DEPARTMENT_STORE,PRIVATE_LIMITED,Ludhiana,Punjab,2024-07-31 00:00:00,,ACTIVE,1064.0,False,False,False,False,True,False
MCH8044,"Sant, Nadkarni and Rajan",5311,DEPARTMENT_STORE,INDIVIDUAL,Bengaluru,Karnataka,2024-10-13 07:30:00,,ACTIVE,-794.78,True,False,True,False,True,False
MCH8046,Muni LLC,5912,PHARMACY,PARTNERSHIP,Mumbai,Maharashtra,2024-11-12 00:00:00,XXXX2253,ACTIVE,401.9,True,False,False,False,False,False
MCH8048,"kaul, master and deo",4814,TELECOM,INDIVIDUAL,Hyderabad,Telangana,2025-02-15 00:00:00,XXXX6691,ACTIVE,2683.93,False,False,False,False,False,False
MCH8049,Balan-Shah,5699,APPAREL,PRIVATE_LIMITED,Lucknow,Uttar Pradesh,2024-04-09 00:00:00,,ACTIVE,,False,False,False,True,True,False
MCH8050,Bora-Oommen,5311,DEPARTMENT_STORE,INDIVIDUAL,Jalandhar,Punjab,2023-12-16 05:28:51,XXXX3544,ACTIVE,587.46,False,False,False,False,False,False
MCH8051,"saxena, kamdar and kannan",5942,BOOKS_STATIONERY,PARTNERSHIP,Delhi,Delhi,2024-10-17 00:00:00,,ACTIVE,598.72,False,False,False,False,True,False
MCH8052,Mangat-Ganesh,4131,TRANSPORT,SOLE_PROPRIETOR,Kolkata,West Bengal,2024-01-05 09:32:24,,ACTIVE,527.34,False,False,False,False,True,False
MCH8053,CHHABRA INC,4814,TELECOM,INDIVIDUAL,Hyderabad,Telangana,2023-03-29 01:53:59,XXXX7777,ACTIVE,1235.44,False,False,False,False,False,False
MCH8054,"Kant, Gara and Grewal",4131,TRANSPORT,SOLE_PROPRIETOR,Chennai,Tamil Nadu,2024-12-12 00:00:00,XXXX6561,ACTIVE,,False,False,False,True,False,False
MCH8055,"Gade, Dani and Daya1",5812,RESTAURANT,PRIVATE_LIMITED,Bengaluru,Karnataka,2024-06-02 16:33:31,XXXX8947,INACTIVE,1539.89,False,False,False,False,False,False
MCH8056,"Pai, Doshi and Nath",4814,TELECOM,PRIVATE_LIMITED,Lucknow,Uttar Pradesh,2024-05-26 00:00:00,XXXX1736,ACTIVE,581.34,False,False,False,False,False,False
MCH8057,Kalla Group,5912,PHARMACY,SOLE_PROPRIETOR,Mumbai,Maharashtra,2025-08-29 00:00:00,,ACTIVE,437.01,False,False,False,False,True,False
MCH8058,SEM-KAPOOR,5311,DEPARTMENT_STORE,PARTNERSHIP,Kolkata,West Bengal,2024-05-06 00:00:00,XXXX0797,ACTIVE,8700.14,True,False,False,False,False,False
MCH8059,Kapadia PLC,4814,TELECOM,SOLE_PROPRIETOR,Mumbai,Maharashtra,2023-06-05 00:00:00,,INACTIVE,263.96,False,False,False,False,True,False
MCH8060,Nayar-Ahluwalia,5812,RESTAURANT,PRIVATE_LIMITED,Pune,Maharashtra,2025-03-04 20:55:00,XXXX0343,INACTIVE,2824.32,False,False,False,False,False,False
MCH8062,RANDHAWA-KATA,5999,MISC_RETAIL,INDIVIDUAL,Mumbai,Maharashtra,2024-03-31 00:00:00,,ACTIVE,1473.0,True,False,False,False,True,False
MCH8065,Gandhi-Shanker,4131,TRANSPORT,INDIVIDUAL,Lucknow,Uttar Pradesh,2024-07-19 12:29:00,XXXX6598,INACTIVE,674.4,False,False,False,False,False,False
MCH8066,Sane-Shukla,5411,GROCERY,PARTNERSHIP,Amritsar,Punjab,2023-08-03 00:00:00,XXXX7187,ACTIVE,-665.07,False,False,True,False,False,False
MCH8068,Narula-Nadkarni,4131,TRANSPORT,PRIVATE_LIMITED,Bengaluru,Karnataka,2025-06-08 09:19:38,XXXX9498,ACTIVE,-452.45,False,False,True,False,False,False
MCH8069,MEMON INC,7011,HOTEL,INDIVIDUAL,Amritsar,Punjab,2023-09-09 20:32:00,XXXX8900,ACTIVE,557.54,True,False,False,False,False,False
MCH8073,"Chaudhary, Nori and Aggarwal",4814,TELECOM,PRIVATE_LIMITED,Mumbai,Maharashtra,2023-08-04 00:00:00,XXXX9619,ACTIVE,2535.65,False,False,False,False,False,False
MCH8074,Prakash-Bera,4814,TELECOM,INDIVIDUAL,Jalandhar,Punjab,2024-12-04 00:00:00,XXXX8894,ACTIVE,439.79,False,False,False,False,False,False
MCH8076,"Sani, Sanghvi and Butala",5311,DEPARTMENT_STORE,INDIVIDUAL,Ludhiana,Punjab,2024-07-02 00:00:00,XXXX1984,ACTIVE,470.52,False,False,False,False,False,False
MCH8078,thaman-ganguly,5912,PHARMACY,SOLE_PROPRIETOR,Mumbai,Maharashtra,2023-07-12 00:00:00,XXXX8972,ACTIVE,1158.31,False,False,False,False,False,False
MCH8080,Brar PLC,4814,TELECOM,INDIVIDUAL,Pune,Maharashtra,2025-02-02 00:00:00,,ACTIVE,1241.0,False,False,False,False,True,False
MCH8082,Contractor and Sons,7011,HOTEL,SOLE_PROPRIETOR,Amritsar,Punjab,2025-02-20 00:00:00,XXXX4733,ACTIVE,4480.58,False,False,False,False,False,False
MCH8085,VERMA-RAMACHANDRAN,5942,BOOKS_STATIONERY,INDIVIDUAL,Pune,Maharashtra,2025-10-22 00:00:00,XXXX7630,ACTIVE,,False,False,False,True,False,False
MCH8086,Kala LLC,5411,GROCERY,PARTNERSHIP,Jalandhar,Punjab,2024-12-29 00:00:00,XXXX1156,ACTIVE,1335.85,True,False,False,False,False,False
MCH8091,"Kata, Mangat and Tiwari",5812,RESTAURANT,PARTNERSHIP,Amritsar,Punjab,2023-09-18 00:00:00,XXXX4930,INACTIVE,723.01,False,False,False,False,False,False
MCH8093,"Seth, Bassi and Raman",7011,HOTEL,PARTNERSHIP,Hyderabad,Telangana,2024-05-15 00:00:00,XXXX3618,ACTIVE,1629.96,False,False,False,False,False,False
MCH8095,Saxena LLC,5699,APPAREL,PRIVATE_LIMITED,Jaipur,Rajasthan,2024-08-16 00:00:00,XXXX3811,ACTIVE,304.22,False,False,False,False,False,False
MCH8096,Srinivas-Verma,4814,TELECOM,PARTNERSHIP,Mumbai,Maharashtra,,,ACTIVE,2241.14,True,False,False,False,True,True
MCH8098,"Sahni, Bahri and Apte",5912,PHARMACY,INDIVIDUAL,Pune,Maharashtra,2025-08-27 08:34:00,XXXX6599,ACTIVE,1970.0,False,False,False,False,False,False
MCH8101,"Jani, Varghese and Barman",5699,APPAREL,SOLE_PROPRIETOR,Delhi,Delhi,,XXXX8920,INACTIVE,734.89,True,False,False,False,False,True
MCH8104,CHACKO GROUP,7011,HOTEL,PRIVATE_LIMITED,Bengaluru,Karnataka,2024-01-02 09:22:31,XXXX7253,ACTIVE,,False,False,False,True,False,False
MCH8107,Ramachandran Ltd,5999,MISC_RETAIL,PARTNERSHIP,Jaipur,Rajasthan,,XXXX9786,ACTIVE,,False,False,False,True,False,True
MCH8109,"Nadkarni, Sawhney and Singh",5912,PHARMACY,PARTNERSHIP,Delhi,Delhi,2024-04-28 00:00:00,XXXX4923,ACTIVE,5729.0,False,False,False,False,False,False
MCH8110,Kamdar-Raval,5999,MISC_RETAIL,PARTNERSHIP,Lucknow,Uttar Pradesh,2023-07-13 00:00:00,,INACTIVE,768.59,False,False,False,False,True,False
MCH8114,"raman, sandal and bedi",4814,TELECOM,INDIVIDUAL,Jalandhar,Punjab,2024-02-08 00:00:00,XXXX6007,ACTIVE,1612.23,False,False,False,False,False,False
MCH8119,SubramanianandSons,4131,TRANSPORT,SOLE_PROPRIETOR,Amritsar,Punjab,2023-06-14 00:00:00,,ACTIVE,1285.93,True,False,False,False,True,False
MCH8125,Dar PLC,5311,DEPARTMENT_STORE,PARTNERSHIP,Ludhiana,Punjab,2025-09-16 00:00:00,XXXX1755,INACTIVE,176.19,False,False,False,False,False,False
MCH8126,"SAXENA, MITRA AND CHADA",5912,PHARMACY,INDIVIDUAL,Lucknow,Uttar Pradesh,2025-03-12 00:00:00,XXXX5937,INACTIVE,844.44,False,False,False,False,False,False
MCH8129,"Devan, Ramesh and 0ak",5311,DEPARTMENT_STORE,INDIVIDUAL,Kolkata,West Bengal,2025-03-22 13:11:16,XXXX5824,ACTIVE,2940.0,False,False,False,False,False,False
MCH8130,"Kale, Kumer and Chand",5311,DEPARTMENT_STORE,PARTNERSHIP,Ludhiana,Punjab,2026-02-05 04:03:44,XXXX8192,ACTIVE,419.61,True,False,False,False,False,False
MCH8131,Sekhon-Agrawal,5999,MISC_RETAIL,PRIVATE_LIMITED,Kolkata,West Bengal,2023-05-15 00:00:00,,INACTIVE,5430.66,False,False,False,False,True,False
MCH8132,Sami-Balay,5699,APPAREL,PRIVATE_LIMITED,Bengaluru,Karnataka,2025-08-20 00:20:49,XXXX7576,ACTIVE,4139.52,False,False,False,False,False,False
MCH8135,Bhakta PLC,5999,MISC_RETAIL,PRIVATE_LIMITED,Amritsar,Punjab,2024-04-09 00:00:00,,ACTIVE,857.0,False,False,False,False,True,False
MCH8136,Bora Inc,7011,HOTEL,SOLE_PROPRIETOR,Amritsar,Punjab,2025-10-27 00:00:00,XXXX8920,INACTIVE,635.0,False,False,False,False,False,False
MCH8137,G0pa1-Mahajan,4131,TRANSPORT,PARTNERSHIP,Bengaluru,Karnataka,2024-01-30 00:00:00,XXXX2908,ACTIVE,561.1,False,False,False,False,False,False
MCH8138,Chaudhuri-Varma,5311,DEPARTMENT_STORE,INDIVIDUAL,Chennai,Tamil Nadu,2025-05-12 00:00:00,,ACTIVE,1502.0,False,False,False,False,True,False
MCH8139,"mani, kala and verma",5311,DEPARTMENT_STORE,INDIVIDUAL,Amritsar,Punjab,2024-02-07 00:00:00,XXXX2962,ACTIVE,2137.68,False,False,False,False,False,False
MCH8140,"Chokshi, Johal and Sachdeva",5812,RESTAURANT,SOLE_PROPRIETOR,Kolkata,West Bengal,2024-08-24 20:09:39,,ACTIVE,1136.04,False,False,False,False,True,False
MCH8142,Mane and Sons,5912,PHARMACY,PRIVATE_LIMITED,Ludhiana,Punjab,2025-08-25 00:00:00,XXXX5583,ACTIVE,5955.63,False,False,False,False,False,False
MCH8145,Dhi110n LLC,7011,HOTEL,PRIVATE_LIMITED,Chennai,Tamil Nadu,2025-12-10 00:00:00,,ACTIVE,180.43,False,False,False,False,True,False
MCH8146,Bath-Purohit,5942,BOOKS_STATIONERY,SOLE_PROPRIETOR,Delhi,Delhi,2025-04-28 17:40:46,XXXX1421,ACTIVE,5566.64,False,False,False,False,False,False
MCH8148,Sehgal-Banik,4131,TRANSPORT,SOLE_PROPRIETOR,Bengaluru,Karnataka,2024-01-27 00:00:00,,ACTIVE,406.0,False,False,False,False,True,False
MCH8149,"Chandran, Mander and Parmar",5812,RESTAURANT,PARTNERSHIP,Kolkata,West Bengal,,,ACTIVE,1378.0,False,False,False,False,True,True
MCH8150,Hegde-Doctor,5912,PHARMACY,PARTNERSHIP,Pune,Maharashtra,2023-11-02 00:00:00,XXXX3677,ACTIVE,1430.0,False,False,False,False,False,False
MCH8151,Dalal PLC,5699,APPAREL,INDIVIDUAL,Jalandhar,Punjab,2024-08-01 20:15:56,XXXX3346,ACTIVE,1200.0,False,False,False,False,False,False
MCH8152,chaudhari plc,5912,PHARMACY,SOLE_PROPRIETOR,Jalandhar,Punjab,2023-07-24 20:56:00,,ACTIVE,1648.01,False,False,False,False,True,False
MCH8154,Yohannan PLC,4131,TRANSPORT,SOLE_PROPRIETOR,Jalandhar,Punjab,2023-06-26 00:00:00,,INACTIVE,998.6,True,False,False,False,True,False
MCH8157,"mahal, srinivas and vasa",5912,PHARMACY,SOLE_PROPRIETOR,Delhi,Delhi,2024-10-09 09:16:57,XXXX1946,INACTIVE,1033.09,True,False,False,False,False,False
MCH8159,Grover-Barad,5411,GROCERY,PARTNERSHIP,Chennai,Tamil Nadu,2024-12-18 00:00:00,,INACTIVE,768.97,False,False,False,False,True,False
MCH8160,Amble and Sons,5699,APPAREL,INDIVIDUAL,Jaipur,Rajasthan,2023-05-18 00:00:00,XXXX4907,ACTIVE,5769.95,False,False,False,False,False,False
MCH8163,"Sama, Pant and Tara",5942,BOOKS_STATIONERY,PRIVATE_LIMITED,Lucknow,Uttar Pradesh,2025-06-13 00:00:00,,ACTIVE,-1638.28,True,False,True,False,True,False
MCH8164,"Devan, Basu and Buch",5812,RESTAURANT,PRIVATE_LIMITED,Delhi,Delhi,2023-04-26 00:00:00,XXXX8232,ACTIVE,3036.35,False,False,False,False,False,False
MCH8165,"Sandhu, Saran and Dhar",5999,MISC_RETAIL,SOLE_PROPRIETOR,Chennai,Tamil Nadu,2023-04-09 00:00:00,XXXX2851,INACTIVE,1269.15,False,False,False,False,False,False
MCH8169,"Kapur, Prashad and Srinivasan",5999,MISC_RETAIL,INDIVIDUAL,Jaipur,Rajasthan,2024-03-11 00:00:00,XXXX1277,ACTIVE,1294.0,False,False,False,False,False,False
MCH8170,"Dyal, Chadha and Shenoy",4814,TELECOM,PARTNERSHIP,Hyderabad,Telangana,2024-12-15 00:00:00,XXXX7649,ACTIVE,589.07,False,False,False,False,False,False
MCH8174,Bera Group,5311,DEPARTMENT_STORE,PRIVATE_LIMITED,Pune,Maharashtra,2023-12-23 04:06:09,XXXX5992,ACTIVE,1502.14,False,False,False,False,False,False
MCH8176,Bala PLC,5311,DEPARTMENT_STORE,SOLE_PROPRIETOR,Hyderabad,Telangana,,,ACTIVE,3488.0,False,False,False,False,True,True
MCH8177,Soman Inc,5812,RESTAURANT,PRIVATE_LIMITED,Kolkata,West Bengal,2024-03-04 04:33:00,XXXX3095,ACTIVE,2423.6,False,False,False,False,False,False
MCH8181,Mall-Chatterjee,4131,TRANSPORT,INDIVIDUAL,Amritsar,Punjab,,XXXX5158,ACTIVE,-1624.73,False,False,True,False,False,True
MCH8187,"Chada, Mammen and Lanka",4131,TRANSPORT,SOLE_PROPRIETOR,Ludhiana,Punjab,2025-06-03 00:00:00,XXXX5345,ACTIVE,671.0,False,False,False,False,False,False
MCH8188,"ram, krish and pai",5999,MISC_RETAIL,PARTNERSHIP,Lucknow,Uttar Pradesh,2025-02-16 00:00:00,XXXX6724,INACTIVE,734.28,False,False,False,False,False,False
MCH8189,BAJAJ-SURA,4131,TRANSPORT,SOLE_PROPRIETOR,Delhi,Delhi,2023-01-31 11:30:49,,ACTIVE,1010.26,False,False,False,False,True,False
MCH8192,"oza, sant and loke",5411,GROCERY,PRIVATE_LIMITED,Kolkata,West Bengal,2024-05-11 00:46:00,XXXX6524,INACTIVE,408.0,False,False,False,False,False,False
MCH8197,Virk-Venkataraman,5912,PHARMACY,SOLE_PROPRIETOR,Kolkata,West Bengal,2024-01-03 00:00:00,,ACTIVE,964.03,False,False,False,False,True,False
MCH8198,Buch-Sengupta,5311,DEPARTMENT_STORE,INDIVIDUAL,Kolkata,West Bengal,2023-01-18 00:00:00,,INACTIVE,2004.67,False,False,False,False,True,False
MCH8200,Rai-Bhargava,5942,BOOKS_STATIONERY,SOLE_PROPRIETOR,Amritsar,Punjab,2023-07-19 00:00:00,,ACTIVE,-443.44,False,False,True,False,True,False
MCH8203,lad-suresh,5999,MISC_RETAIL,PARTNERSHIP,Ludhiana,Punjab,2024-10-16 00:00:00,XXXX4787,ACTIVE,937.0,True,False,False,False,False,False
MCH8204,Bumb-Bansal,7011,HOTEL,PRIVATE_LIMITED,Jalandhar,Punjab,2025-10-13 17:19:27,XXXX5504,ACTIVE,1083.04,False,False,False,False,False,False
MCH8208,TAK-SHANKAR,7011,HOTEL,INDIVIDUAL,Mumbai,Maharashtra,2024-03-18 07:08:51,,ACTIVE,1309.39,False,False,False,False,True,False
MCH8209,"Cheema, Bansal and Comar",5699,APPAREL,SOLE_PROPRIETOR,Ludhiana,Punjab,2023-12-27 00:00:00,XXXX7595,ACTIVE,6788.0,False,False,False,False,False,False
MCH8210,Bains Group,5912,PHARMACY,PARTNERSHIP,Delhi,Delhi,2025-05-06 00:00:00,XXXX4214,ACTIVE,2128.0,False,False,False,False,False,False
MCH8211,parekh-atwal,5411,GROCERY,PRIVATE_LIMITED,Jaipur,Rajasthan,2025-05-22 00:00:00,XXXX3988,ACTIVE,,False,False,False,True,False,False
MCH8212,Taneja Ltd,5311,DEPARTMENT_STORE,PRIVATE_LIMITED,Chennai,Tamil Nadu,2023-07-03 00:00:00,,INACTIVE,2159.07,False,False,False,False,True,False
MCH8215,"Brar, Ramesh and Kaul",5411,GROCERY,PARTNERSHIP,Chennai,Tamil Nadu,2023-05-23 00:00:00,XXXX0664,INACTIVE,1544.34,False,False,False,False,False,False
MCH8219,Devi Group,4814,TELECOM,INDIVIDUAL,Ludhiana,Punjab,2023-01-06 05:16:57,,ACTIVE,1980.0,False,False,False,False,True,False
MCH8220,sarkar plc,5411,GROCERY,PRIVATE_LIMITED,Pune,Maharashtra,2024-06-11 00:00:00,,ACTIVE,142.34,False,False,False,False,True,False
MCH8221,Kala-Bajaj,5942,BOOKS_STATIONERY,SOLE_PROPRIETOR,Bengaluru,Karnataka,,XXXX6509,INACTIVE,1133.63,False,False,False,False,False,True
MCH8225,Bedi-Date,5999,MISC_RETAIL,PRIVATE_LIMITED,Pune,Maharashtra,2024-02-28 00:00:00,XXXX7783,ACTIVE,2289.3,True,False,False,False,False,False
MCH8226,Das-Subramanian,5999,MISC_RETAIL,PARTNERSHIP,Jaipur,Rajasthan,2024-03-26 00:00:00,XXXX8444,ACTIVE,789.74,False,False,False,False,False,False
MCH8233,Patel Ltd,5411,GROCERY,PARTNERSHIP,Jalandhar,Punjab,2024-12-28 17:57:00,,ACTIVE,1942.94,False,False,False,False,True,False
MCH8235,Konda-Pillai,5942,BOOKS_STATIONERY,PRIVATE_LIMITED,Chennai,Tamil Nadu,2025-08-29 19:03:00,XXXX2371,ACTIVE,-921.33,False,False,True,False,False,False
MCH8238,"Lala, Seth and Tak",5699,APPAREL,PARTNERSHIP,Jaipur,Rajasthan,2024-07-22 00:00:00,XXXX3627,ACTIVE,952.06,False,False,False,False,False,False
MCH8239,"Brahmbhatt, 0ak and Dhar",5411,GROCERY,PARTNERSHIP,Jaipur,Rajasthan,2025-05-19 21:53:30,,ACTIVE,266.0,False,False,False,False,True,False
MCH8240,Sur LLC,5912,PHARMACY,PARTNERSHIP,Lucknow,Uttar Pradesh,2025-08-10 00:00:00,XXXX7724,ACTIVE,1777.69,False,False,False,False,False,False
MCH8241,"MANE, WAGLE AND GANESAN",5311,DEPARTMENT_STORE,PARTNERSHIP,Kolkata,West Bengal,2024-09-22 06:26:59,XXXX4988,ACTIVE,814.25,False,False,False,False,False,False
MCH8242,Choudhary-Pall,7011,HOTEL,PRIVATE_LIMITED,Ludhiana,Punjab,2023-06-27 07:50:14,XXXX7286,ACTIVE,607.04,False,False,False,False,False,False
MCH8245,"Dhillon, Saran and Kalita",7011,HOTEL,PARTNERSHIP,Ludhiana,Punjab,2025-09-06 00:00:00,,ACTIVE,2778.0,False,False,False,False,True,False
MCH8247,"Pandya, Muni and Hora",4814,TELECOM,PARTNERSHIP,Lucknow,Uttar Pradesh,2024-10-24 08:45:00,XXXX5215,ACTIVE,1396.47,False,False,False,False,False,False
MCH8253,Dutt-Narain,5411,GROCERY,SOLE_PROPRIETOR,Hyderabad,Telangana,2024-04-15 01:54:00,XXXX4097,ACTIVE,1104.19,False,False,False,False,False,False
MCH8255,"Yadav, Goyal and Sem",5699,APPAREL,INDIVIDUAL,Jalandhar,Punjab,2023-11-02 00:00:00,XXXX9821,ACTIVE,2733.83,False,False,False,False,False,False
MCH8259,Lall Group,5942,BOOKS_STATIONERY,SOLE_PROPRIETOR,Jalandhar,Punjab,2023-04-13 00:00:00,,ACTIVE,2667.52,False,False,False,False,True,False
MCH8261,"Sridhar, Manda and Arora",5812,RESTAURANT,SOLE_PROPRIETOR,Jaipur,Rajasthan,2023-12-02 15:30:00,,INACTIVE,8032.44,False,False,False,False,True,False
MCH8262,Sanghvi Ltd,5411,GROCERY,SOLE_PROPRIETOR,Bengaluru,Karnataka,2024-06-10 00:00:00,,ACTIVE,4676.0,False,False,False,False,True,False
MCH8263,"Gara, Kar and Raval",5699,APPAREL,SOLE_PROPRIETOR,Chennai,Tamil Nadu,2025-07-21 16:32:17,XXXX6445,ACTIVE,1443.08,False,False,False,False,False,False
MCH8264,"Hayer, Pant and Suresh",4131,TRANSPORT,PRIVATE_LIMITED,Jaipur,Rajasthan,2025-01-03 00:00:00,XXXX8332,ACTIVE,2906.17,False,False,False,False,False,False
MCH8268,Krishnamurthy-Chopra,5942,BOOKS_STATIONERY,PRIVATE_LIMITED,Chennai,Tamil Nadu,2025-09-13 00:00:00,XXXX6450,ACTIVE,1218.95,False,False,False,False,False,False
MCH8271,Konda-Bawa,5699,APPAREL,SOLE_PROPRIETOR,Chennai,Tamil Nadu,2023-10-05 00:57:38,XXXX6456,ACTIVE,1087.99,False,False,False,False,False,False
MCH8272,Bava and Sons,5311,DEPARTMENT_STORE,SOLE_PROPRIETOR,Bengaluru,Karnataka,2024-08-08 15:02:00,XXXX3915,ACTIVE,-946.17,True,False,True,False,False,False
MCH8276,"Kakar, Handa and Sachdeva",5812,RESTAURANT,SOLE_PROPRIETOR,Mumbai,Maharashtra,2025-09-23 00:00:00,XXXX1898,ACTIVE,2410.37,False,False,False,False,False,False
MCH8277,"Patil, Goyal and Sarin",5912,PHARMACY,INDIVIDUAL,Amritsar,Punjab,2025-07-04 00:00:00,XXXX6940,INACTIVE,1542.69,False,False,False,False,False,False
MCH8279,Lala PLC,5411,GROCERY,SOLE_PROPRIETOR,Chennai,Tamil Nadu,,,ACTIVE,416.0,False,False,False,False,True,True
MCH8281,Krishnan-Kuruvilla,7011,HOTEL,INDIVIDUAL,Chennai,Tamil Nadu,2024-01-16 23:49:43,XXXX7446,ACTIVE,-1408.93,False,False,True,False,False,False
MCH8283,Nadkarni LLC,4131,TRANSPORT,PRIVATE_LIMITED,Kolkata,West Bengal,2023-10-26 00:00:00,XXXX9874,ACTIVE,731.97,False,False,False,False,False,False
MCH8286,"Chadha, Chaudhari and Edwin",5912,PHARMACY,PRIVATE_LIMITED,Hyderabad,Telangana,2023-08-09 00:00:00,XXXX2952,ACTIVE,1828.46,False,False,False,False,False,False
MCH8288,Kakar-Sood,5311,DEPARTMENT_STORE,PRIVATE_LIMITED,Bengaluru,Karnataka,2024-05-04 00:00:00,XXXX2370,ACTIVE,1556.66,False,False,False,False,False,False
MCH8289,"Ch0udhury, Chakrabarti and Kha1sa",4131,TRANSPORT,SOLE_PROPRIETOR,Lucknow,Uttar Pradesh,2023-06-10 00:00:00,XXXX6763,ACTIVE,954.52,False,False,False,False,False,False
MCH8291,walia inc,7011,HOTEL,PRIVATE_LIMITED,Ludhiana,Punjab,2023-01-04 19:11:00,,ACTIVE,1898.37,False,False,False,False,True,False
MCH8295,MAMMEN LLC,5999,MISC_RETAIL,PRIVATE_LIMITED,Chennai,Tamil Nadu,2024-11-04 00:00:00,XXXX0713,ACTIVE,1554.58,False,False,False,False,False,False
MCH8296,GARA INC,5411,GROCERY,PARTNERSHIP,Jalandhar,Punjab,2025-07-16 16:55:50,XXXX6835,ACTIVE,,False,False,False,True,False,False
MCH8297,Ghose PLC,4131,TRANSPORT,PARTNERSHIP,Kolkata,West Bengal,2024-12-02 00:00:00,XXXX1368,ACTIVE,1408.64,False,False,False,False,False,False
MCH8299,Garde PLC,5812,RESTAURANT,PARTNERSHIP,Jaipur,Rajasthan,2023-01-06 00:00:00,,ACTIVE,1496.13,False,False,False,False,True,False
MCH8306,"Wason, Saraf and Dube",7011,HOTEL,PARTNERSHIP,Bengaluru,Karnataka,2025-02-15 00:00:00,XXXX2511,ACTIVE,67.35,True,False,False,False,False,False
MCH8308,Thakkar PLC,7011,HOTEL,SOLE_PROPRIETOR,Mumbai,Maharashtra,2023-06-06 21:51:00,XXXX2937,ACTIVE,1612.0,True,False,False,False,False,False
MCH8310,Chakraborty Ltd,4131,TRANSPORT,INDIVIDUAL,Delhi,Delhi,2026-01-02 00:00:00,XXXX2816,ACTIVE,1287.03,False,False,False,False,False,False
MCH8312,"Ramanathan, Andra and Sarma",5912,PHARMACY,PARTNERSHIP,Lucknow,Uttar Pradesh,2023-02-20 00:00:00,XXXX8360,ACTIVE,-1966.71,False,False,True,False,False,False
MCH8314,Chawla-Mander,4131,TRANSPORT,PARTNERSHIP,Kolkata,West Bengal,2024-09-07 00:00:00,XXXX3428,ACTIVE,93.33,False,False,False,False,False,False
MCH8316,Nagi PLC,5812,RESTAURANT,PRIVATE_LIMITED,Chennai,Tamil Nadu,2023-09-23 00:00:00,XXXX1199,ACTIVE,1504.17,False,False,False,False,False,False
MCH8324,Golla-Chaudhuri,7011,HOTEL,PRIVATE_LIMITED,Jalandhar,Punjab,2025-06-04 00:00:00,,ACTIVE,,False,False,False,True,True,False
MCH8325,Sarin Inc,5999,MISC_RETAIL,INDIVIDUAL,Amritsar,Punjab,2025-03-19 00:00:00,XXXX5498,ACTIVE,1640.03,False,False,False,False,False,False
MCH8326,"Bassi, Lalla and Sastry",5411,GROCERY,INDIVIDUAL,Amritsar,Punjab,2025-12-30 00:00:00,XXXX1031,ACTIVE,1031.0,False,False,False,False,False,False
MCH8327,Men0n Ltd,5999,MISC_RETAIL,INDIVIDUAL,Bengaluru,Karnataka,2023-06-18 18:05:34,,INACTIVE,1670.04,True,False,False,False,True,False
MCH8328,Raman-Dass,5411,GROCERY,PARTNERSHIP,Jalandhar,Punjab,2024-09-29 00:00:00,,ACTIVE,2484.83,True,False,False,False,True,False
MCH8329,"Halder, Panchal and Pandit",5999,MISC_RETAIL,INDIVIDUAL,Lucknow,Uttar Pradesh,2025-07-10 00:00:00,XXXX8898,ACTIVE,422.0,True,False,False,False,False,False
MCH8330,trivedi-shan,5812,RESTAURANT,PARTNERSHIP,Hyderabad,Telangana,2024-11-05 18:16:00,XXXX4928,ACTIVE,4115.86,True,False,False,False,False,False
MCH8331,Yogi Inc,5999,MISC_RETAIL,SOLE_PROPRIETOR,Bengaluru,Karnataka,2025-05-07 00:00:00,,INACTIVE,1372.86,False,False,False,False,True,False
MCH8332,"Sethi, Buch and Sachdeva",7011,HOTEL,INDIVIDUAL,Hyderabad,Telangana,2025-05-04 00:00:00,,ACTIVE,1666.61,False,False,False,False,True,False
MCH8334,"Rai,BandiandJayaraman",4131,TRANSPORT,PARTNERSHIP,Kolkata,West Bengal,2024-08-17 14:07:20,XXXX6794,ACTIVE,3117.64,True,False,False,False,False,False
MCH8335,Bhatti-Keer,5311,DEPARTMENT_STORE,SOLE_PROPRIETOR,Hyderabad,Telangana,2024-03-06 00:00:00,,INACTIVE,1335.83,True,False,False,False,True,False
MCH8337,padmanabhan-nanda,5999,MISC_RETAIL,INDIVIDUAL,Bengaluru,Karnataka,2024-08-20 08:14:01,XXXX3358,ACTIVE,694.67,False,False,False,False,False,False
MCH8338,Basu Ltd,5812,RESTAURANT,PRIVATE_LIMITED,Pune,Maharashtra,2025-06-21 00:00:00,XXXX2977,ACTIVE,279.5,False,False,False,False,False,False
MCH8341,Jha Ltd,4814,TELECOM,PRIVATE_LIMITED,Chennai,Tamil Nadu,2023-02-07 18:23:55,XXXX7449,ACTIVE,2211.95,False,False,False,False,False,False
MCH8344,Purohit-Ravi,5311,DEPARTMENT_STORE,PRIVATE_LIMITED,Pune,Maharashtra,2023-09-04 21:29:50,,ACTIVE,337.58,False,False,False,False,True,False
MCH8345,"Srinivas, Bali and Bhatt",7011,HOTEL,SOLE_PROPRIETOR,Jalandhar,Punjab,2023-02-08 02:01:40,,INACTIVE,1909.16,False,False,False,False,True,False
MCH8346,Sane-Ben,5999,MISC_RETAIL,PRIVATE_LIMITED,Kolkata,West Bengal,2024-04-03 00:00:00,XXXX0445,ACTIVE,2955.96,False,False,False,False,False,False
MCH8352,Tailor and Sons,7011,HOTEL,SOLE_PROPRIETOR,Lucknow,Uttar Pradesh,2024-11-06 00:00:00,,ACTIVE,1393.59,False,False,False,False,True,False
MCH8355,Chacko-D’Alia,5311,DEPARTMENT_STORE,PRIVATE_LIMITED,Bengaluru,Karnataka,2024-08-14 00:00:00,XXXX0030,INACTIVE,413.17,False,False,False,False,False,False
MCH8358,Sarna-Singh,5699,APPAREL,SOLE_PROPRIETOR,Amritsar,Punjab,2025-12-16 19:12:00,XXXX7799,INACTIVE,1645.07,False,False,False,False,False,False
MCH8363,Salvi Group,7011,HOTEL,SOLE_PROPRIETOR,Lucknow,Uttar Pradesh,2024-11-20 00:00:00,,ACTIVE,833.32,False,False,False,False,True,False
MCH8364,KataPLC,5912,PHARMACY,INDIVIDUAL,Mumbai,Maharashtra,2023-11-21 12:44:00,,ACTIVE,753.31,False,False,False,False,True,False
MCH8365,Banik PLC,5999,MISC_RETAIL,PRIVATE_LIMITED,Jalandhar,Punjab,2024-01-11 00:00:00,XXXX2609,ACTIVE,3523.0,False,False,False,False,False,False
MCH8369,Samra-Radhakrishnan,5699,APPAREL,SOLE_PROPRIETOR,Bengaluru,Karnataka,2024-03-18 13:50:00,XXXX2161,ACTIVE,2175.82,False,False,False,False,False,False
MCH8370,Tandon-Khosla,4131,TRANSPORT,PARTNERSHIP,Hyderabad,Telangana,2024-09-15 22:48:07,XXXX2413,ACTIVE,574.0,False,False,False,False,False,False
MCH8372,Parsa-Chokshi,4814,TELECOM,PRIVATE_LIMITED,Amritsar,Punjab,2023-02-10 09:57:00,XXXX0623,ACTIVE,714.9,False,False,False,False,False,False
MCH8374,nadig-batra,5699,APPAREL,PARTNERSHIP,Amritsar,Punjab,2024-02-21 17:20:06,XXXX0820,ACTIVE,831.77,False,False,False,False,False,False
MCH8377,"Agate, Suresh and Bahri",5311,DEPARTMENT_STORE,INDIVIDUAL,Hyderabad,Telangana,2024-02-05 00:00:00,XXXX2261,ACTIVE,1519.49,False,False,False,False,False,False
MCH8379,Deep Group,5942,BOOKS_STATIONERY,PRIVATE_LIMITED,Kolkata,West Bengal,2026-01-29 00:00:00,XXXX9737,INACTIVE,469.0,False,False,False,False,False,False
MCH8380,Gola-Bal,4814,TELECOM,INDIVIDUAL,Hyderabad,Telangana,2025-10-14 05:29:06,XXXX2229,ACTIVE,-3345.73,False,False,True,False,False,False
MCH8384,"Tella, Batra and Baral",5311,DEPARTMENT_STORE,INDIVIDUAL,Jalandhar,Punjab,2023-04-08 00:00:00,,ACTIVE,,False,False,False,True,True,False
MCH8385,Thaker-Hegde,5812,RESTAURANT,PARTNERSHIP,Amritsar,Punjab,2024-05-14 00:00:00,,ACTIVE,2913.48,False,False,False,False,True,False
MCH8389,Thaman Group,5812,RESTAURANT,INDIVIDUAL,Mumbai,Maharashtra,2024-02-17 16:36:00,XXXX0828,INACTIVE,1716.78,True,False,False,False,False,False
MCH8390,"Thakkar, Babu and Nagi",4131,TRANSPORT,PRIVATE_LIMITED,Hyderabad,Telangana,2024-03-25 00:00:00,XXXX7354,ACTIVE,2159.57,False,False,False,False,False,False
MCH8391,Talwar-Bhasin,5699,APPAREL,INDIVIDUAL,Ludhiana,Punjab,2025-10-21 00:00:00,XXXX8885,ACTIVE,2052.0,True,False,False,False,False,False
MCH8393,Salvi LLC,7011,HOTEL,PARTNERSHIP,Jalandhar,Punjab,2024-10-18 00:00:00,XXXX4953,ACTIVE,1230.0,False,False,False,False,False,False
MCH8399,"La11a, Wadhwa and Bhardwaj",5812,RESTAURANT,PRIVATE_LIMITED,Kolkata,West Bengal,2025-09-05 20:30:25,XXXX6906,ACTIVE,1773.81,True,False,False,False,False,False
MCH8400,Banerjee Inc,5812,RESTAURANT,SOLE_PROPRIETOR,Lucknow,Uttar Pradesh,,,ACTIVE,,False,False,False,True,True,True
MCH8401,Pandey PLC,7011,HOTEL,PARTNERSHIP,Chennai,Tamil Nadu,2025-09-09 00:00:00,XXXX3862,INACTIVE,625.0,True,False,False,False,False,False
MCH8405,Roy Ltd,5699,APPAREL,PRIVATE_LIMITED,Kolkata,West Bengal,2023-02-13 22:05:26,XXXX2689,INACTIVE,1147.53,True,False,False,False,False,False
MCH8407,Dey Group,4131,TRANSPORT,INDIVIDUAL,Lucknow,Uttar Pradesh,2024-07-10 00:00:00,,ACTIVE,2726.27,False,False,False,False,True,False
MCH8409,"Dua, Naidu and Agate",4131,TRANSPORT,INDIVIDUAL,Mumbai,Maharashtra,2024-09-05 14:57:07,,ACTIVE,1474.83,False,False,False,False,True,False
MCH8410,Kade LLC,5411,GROCERY,PARTNERSHIP,Lucknow,Uttar Pradesh,2024-11-08 00:00:00,XXXX1337,ACTIVE,893.08,False,False,False,False,False,False
MCH8411,Chopra Group,5812,RESTAURANT,PRIVATE_LIMITED,Jalandhar,Punjab,2023-01-01 00:00:00,,INACTIVE,1067.4,True,False,False,False,True,False
MCH8412,Sachdeva-Mutti,5311,DEPARTMENT_STORE,PRIVATE_LIMITED,Bengaluru,Karnataka,2023-03-01 00:00:00,,ACTIVE,2327.41,False,False,False,False,True,False
MCH8413,"Mammen,ParmerandChandra",4814,TELECOM,SOLE_PROPRIETOR,Bengaluru,Karnataka,2024-03-19 00:00:00,,ACTIVE,-393.94,False,False,True,False,True,False
MCH8416,"Bal, Kant and Gola",5411,GROCERY,PRIVATE_LIMITED,Chennai,Tamil Nadu,2025-03-31 00:00:00,XXXX9605,ACTIVE,5069.39,False,False,False,False,False,False
MCH8417,Bhalla-Batta,5311,DEPARTMENT_STORE,PARTNERSHIP,Bengaluru,Karnataka,2025-07-07 16:05:00,,ACTIVE,544.37,False,False,False,False,True,False
MCH8418,Jaggi Inc,7011,HOTEL,INDIVIDUAL,Pune,Maharashtra,2023-12-01 00:00:00,XXXX8100,INACTIVE,-1654.02,False,False,True,False,False,False
MCH8419,Nigam Inc,4814,TELECOM,SOLE_PROPRIETOR,Amritsar,Punjab,2025-01-10 08:52:00,XXXX8712,ACTIVE,462.51,False,False,False,False,False,False
MCH8421,"Wali, Chowdhury and Barman",5812,RESTAURANT,PRIVATE_LIMITED,Bengaluru,Karnataka,2023-10-08 02:41:00,XXXX7420,ACTIVE,966.94,False,False,False,False,False,False
MCH8422,Kakar-Bera,5699,APPAREL,SOLE_PROPRIETOR,Amritsar,Punjab,2025-10-03 00:00:00,XXXX1336,ACTIVE,661.76,False,False,False,False,False,False
MCH8423,Balasubramanian and Sons,5411,GROCERY,PRIVATE_LIMITED,Mumbai,Maharashtra,2025-01-26 00:00:00,XXXX9849,ACTIVE,1838.16,False,False,False,False,False,False
MCH8425,"Bhatnagar,ComarandHans",7011,HOTEL,INDIVIDUAL,Jalandhar,Punjab,2025-06-12 00:00:00,XXXX6872,ACTIVE,637.53,False,False,False,False,False,False
MCH8427,Lad-Vora,5942,BOOKS_STATIONERY,PRIVATE_LIMITED,Jalandhar,Punjab,2025-03-30 00:00:00,XXXX3682,INACTIVE,815.94,False,False,False,False,False,False
MCH8428,"Keer, Batra and Kapadia",7011,HOTEL,PARTNERSHIP,Jalandhar,Punjab,2024-08-19 14:22:51,,ACTIVE,2475.47,False,False,False,False,True,False
MCH8431,Bala Group,4131,TRANSPORT,INDIVIDUAL,Ludhiana,Punjab,2025-05-02 00:00:00,XXXX7030,ACTIVE,964.23,False,False,False,False,False,False
MCH8432,Lad Inc,5942,BOOKS_STATIONERY,PRIVATE_LIMITED,Delhi,Delhi,2024-10-07 00:00:00,XXXX3387,ACTIVE,394.7,False,False,False,False,False,False
MCH8433,"Gill, Taneja and Bhardwaj",5411,GROCERY,INDIVIDUAL,Lucknow,Uttar Pradesh,2023-05-12 00:00:00,XXXX5384,INACTIVE,5465.01,False,False,False,False,False,False
MCH8435,Bajwa-Sandhu,5699,APPAREL,INDIVIDUAL,Jaipur,Rajasthan,2024-08-11 00:00:00,XXXX2867,ACTIVE,-5825.04,False,False,True,False,False,False
MCH8436,"Seshadri, Minhas and Subramanian",4814,TELECOM,INDIVIDUAL,Delhi,Delhi,2025-12-21 00:00:00,XXXX8739,ACTIVE,1427.93,False,False,False,False,False,False
MCH8437,Sinha LLC,7011,HOTEL,SOLE_PROPRIETOR,Kolkata,West Bengal,2025-12-04 08:30:12,,INACTIVE,761.27,False,False,False,False,True,False
MCH8439,Bala and Sons,5912,PHARMACY,INDIVIDUAL,Jalandhar,Punjab,2024-09-14 00:00:00,,ACTIVE,1591.75,False,False,False,False,True,False
MCH8440,"Chacko, Natarajan and Menon",5999,MISC_RETAIL,INDIVIDUAL,Mumbai,Maharashtra,2025-01-19 00:00:00,,ACTIVE,775.41,False,False,False,False,True,False
MCH8445,CHAND INC,5999,MISC_RETAIL,PARTNERSHIP,Jaipur,Rajasthan,2025-12-27 10:31:00,,ACTIVE,2873.41,False,False,False,False,True,False
MCH8446,Pingle Inc,5912,PHARMACY,INDIVIDUAL,Jalandhar,Punjab,2024-11-02 09:35:00,XXXX1627,INACTIVE,1069.0,False,False,False,False,False,False
MCH8448,"Roy, Parekh and Ratti",7011,HOTEL,PRIVATE_LIMITED,Jaipur,Rajasthan,2024-07-25 22:15:50,,ACTIVE,364.74,False,False,False,False,True,False
MCH8449,Mani-Ramachandran,5912,PHARMACY,PARTNERSHIP,Delhi,Delhi,2024-12-27 07:20:47,XXXX6183,ACTIVE,461.73,False,False,False,False,False,False
MCH8450,Singhal LLC,5999,MISC_RETAIL,PRIVATE_LIMITED,Jaipur,Rajasthan,2023-07-18 00:00:00,XXXX4149,ACTIVE,2472.47,True,False,False,False,False,False
MCH8451,"KALA, PRADHAN AND HAYRE",5812,RESTAURANT,PARTNERSHIP,Hyderabad,Telangana,2024-06-14 00:00:00,XXXX0448,ACTIVE,1874.56,False,False,False,False,False,False
MCH8453,"Jaggi, Saxena and Ratta",5411,GROCERY,PARTNERSHIP,Amritsar,Punjab,2023-11-19 00:00:00,,ACTIVE,599.17,False,False,False,False,True,False
MCH8455,Chauhan-Raju,5311,DEPARTMENT_STORE,PRIVATE_LIMITED,Pune,Maharashtra,2023-03-29 00:00:00,XXXX8676,ACTIVE,1832.78,False,False,False,False,False,False
MCH8456,Srinivasan and Sons,5411,GROCERY,INDIVIDUAL,Jalandhar,Punjab,2023-03-04 13:45:00,XXXX9275,ACTIVE,3454.0,False,False,False,False,False,False
MCH8460,Luthra PLC,5311,DEPARTMENT_STORE,PRIVATE_LIMITED,Jaipur,Rajasthan,2023-03-10 19:52:37,XXXX0930,ACTIVE,2927.81,True,False,False,False,False,False
MCH8464,"Kapadia, Sarin and Bhargava",5411,GROCERY,SOLE_PROPRIETOR,Ludhiana,Punjab,2024-07-19 17:44:00,,ACTIVE,1536.1,False,False,False,False,True,False
MCH8466,dani plc,5999,MISC_RETAIL,SOLE_PROPRIETOR,Lucknow,Uttar Pradesh,2024-11-20 00:00:00,XXXX7189,ACTIVE,1946.42,False,False,False,False,False,False
MCH8467,"Tara, Nagi and Keer",5411,GROCERY,SOLE_PROPRIETOR,Chennai,Tamil Nadu,2024-08-06 00:00:00,XXXX0896,INACTIVE,3292.09,True,False,False,False,False,False
MCH8470,Munshi-Reddy,4131,TRANSPORT,SOLE_PROPRIETOR,Pune,Maharashtra,2025-12-29 00:00:00,,ACTIVE,1203.0,True,False,False,False,True,False
MCH8472,Guha-Sandhu,4814,TELECOM,PARTNERSHIP,Amritsar,Punjab,,,ACTIVE,1828.57,False,False,False,False,True,True
MCH8473,"Tella, Dara and Krish",4814,TELECOM,PRIVATE_LIMITED,Mumbai,Maharashtra,2025-06-21 06:51:14,,ACTIVE,320.84,False,False,False,False,True,False
MCH8475,"Karpe, Iyer and Gole",5942,BOOKS_STATIONERY,PRIVATE_LIMITED,Bengaluru,Karnataka,2025-04-20 00:00:00,,ACTIVE,2426.04,False,False,False,False,True,False
MCH8480,Doshi-Sarin,4131,TRANSPORT,INDIVIDUAL,Pune,Maharashtra,2023-07-02 00:00:00,,ACTIVE,-1310.85,False,False,True,False,True,False
MCH8481,"Dixit,GeraandGara",4131,TRANSPORT,SOLE_PROPRIETOR,Jaipur,Rajasthan,,XXXX7969,ACTIVE,1730.88,False,False,False,False,False,True
MCH8484,"Grover, Swamy and Johal",5912,PHARMACY,PRIVATE_LIMITED,Kolkata,West Bengal,2023-08-17 22:00:16,,INACTIVE,1273.08,False,False,False,False,True,False
MCH8489,Mand and Sons,7011,HOTEL,INDIVIDUAL,Pune,Maharashtra,2025-08-24 00:00:00,XXXX8251,ACTIVE,2744.11,False,False,False,False,False,False
MCH8490,SEKHON-CHADHA,5699,APPAREL,SOLE_PROPRIETOR,Delhi,Delhi,2024-06-28 00:00:00,XXXX6195,INACTIVE,-694.05,False,False,True,False,False,False
MCH8492,Narayan Gr0up,4814,TELECOM,INDIVIDUAL,Kolkata,West Bengal,,XXXX3928,INACTIVE,,False,False,False,True,False,True
MCH8493,BUCH INC,5912,PHARMACY,INDIVIDUAL,Chennai,Tamil Nadu,2025-01-17 02:45:11,XXXX2495,ACTIVE,2394.24,False,False,False,False,False,False
MCH8496,Sandhu PLC,5942,BOOKS_STATIONERY,PARTNERSHIP,Hyderabad,Telangana,2025-01-10 19:16:00,XXXX1870,INACTIVE,,False,False,False,True,False,False
MCH8497,"Pandey, Dutta and Thakkar",5812,RESTAURANT,PRIVATE_LIMITED,Delhi,Delhi,2025-09-18 03:34:00,XXXX5023,ACTIVE,802.0,False,False,False,False,False,False
MCH8501,Koshy-Mukherjee,7011,HOTEL,PARTNERSHIP,Hyderabad,Telangana,2023-08-21 00:00:00,,ACTIVE,3180.8,False,False,False,False,True,False
MCH8504,Kohli PLC,5411,GROCERY,SOLE_PROPRIETOR,Chennai,Tamil Nadu,2025-05-05 19:30:15,XXXX5769,ACTIVE,977.26,False,False,False,False,False,False
MCH8505,Kamdar-Ghosh,5942,BOOKS_STATIONERY,PRIVATE_LIMITED,Jaipur,Rajasthan,2023-08-02 00:00:00,XXXX4333,ACTIVE,517.98,False,False,False,False,False,False
MCH8506,"HANDA, SAHNI AND SAWHNEY",4814,TELECOM,PARTNERSHIP,Hyderabad,Telangana,2026-01-12 00:00:00,,ACTIVE,339.0,False,False,False,False,True,False
MCH8508,"Iyengar,GillandTella",5999,MISC_RETAIL,PRIVATE_LIMITED,Chennai,Tamil Nadu,2023-12-12 06:59:00,,ACTIVE,1985.47,False,False,False,False,True,False
MCH8509,merchant-kalita,5411,GROCERY,PRIVATE_LIMITED,Hyderabad,Telangana,2025-02-11 00:00:00,XXXX1030,ACTIVE,329.11,False,False,False,False,False,False
MCH8511,Bhattacharyya LLC,4131,TRANSPORT,SOLE_PROPRIETOR,Kolkata,West Bengal,2025-09-13 17:14:01,XXXX1424,ACTIVE,1377.4,False,False,False,False,False,False
MCH8512,Luthra-Bhasin,4131,TRANSPORT,SOLE_PROPRIETOR,Lucknow,Uttar Pradesh,2025-07-22 00:00:00,,ACTIVE,2579.73,False,False,False,False,True,False
MCH8517,"Bandi, Bir and Buch",5912,PHARMACY,INDIVIDUAL,Delhi,Delhi,2025-05-12 00:00:00,XXXX8958,ACTIVE,2544.34,False,False,False,False,False,False
MCH8518,Srivastava-Parsa,5699,APPAREL,INDIVIDUAL,Jaipur,Rajasthan,2024-09-11 00:00:00,,ACTIVE,191.84,False,False,False,False,True,False
MCH8521,"Sankaran, Mangat and Gaba",5311,DEPARTMENT_STORE,SOLE_PROPRIETOR,Delhi,Delhi,2024-11-24 00:00:00,XXXX8612,ACTIVE,1028.11,False,False,False,False,False,False
MCH8525,Bah1-Mangat,7011,HOTEL,INDIVIDUAL,Mumbai,Maharashtra,2025-03-27 07:27:27,,INACTIVE,444.54,False,False,False,False,True,False
MCH8527,"Varkey, Chacko and Sarraf",5411,GROCERY,PRIVATE_LIMITED,Delhi,Delhi,2025-07-20 12:37:01,,ACTIVE,128.48,False,False,False,False,True,False
MCH8529,Prakash-Sharaf,4814,TELECOM,PARTNERSHIP,Amritsar,Punjab,2024-10-30 00:00:00,XXXX5799,INACTIVE,2061.7,False,False,False,False,False,False
MCH8530,Chopra-Khanna,5311,DEPARTMENT_STORE,PARTNERSHIP,Hyderabad,Telangana,,,ACTIVE,442.28,False,False,False,False,True,True
MCH8536,Boase PLC,4814,TELECOM,PARTNERSHIP,Mumbai,Maharashtra,2024-10-23 00:00:00,,ACTIVE,3149.45,True,False,False,False,True,False
MCH8537,Sunder LLC,4131,TRANSPORT,PRIVATE_LIMITED,Chennai,Tamil Nadu,2025-09-16 00:00:00,XXXX0694,ACTIVE,1072.34,False,False,False,False,False,False
MCH8539,Arya-Char,5699,APPAREL,SOLE_PROPRIETOR,Chennai,Tamil Nadu,2025-10-07 09:25:50,XXXX4751,ACTIVE,3012.9,False,False,False,False,False,False
MCH8540,Tiwari Ltd,5999,MISC_RETAIL,SOLE_PROPRIETOR,Jaipur,Rajasthan,2024-06-27 07:54:00,,ACTIVE,,False,False,False,True,True,False
MCH8545,Taneja and Sons,5411,GROCERY,PRIVATE_LIMITED,Jaipur,Rajasthan,2025-07-06 00:00:00,,ACTIVE,1926.0,False,False,False,False,True,False
MCH8546,jani plc,5311,DEPARTMENT_STORE,PARTNERSHIP,Kolkata,West Bengal,2024-09-21 00:00:00,,ACTIVE,1691.74,False,False,False,False,True,False
MCH8548,Karpe Ltd,5812,RESTAURANT,PARTNERSHIP,Delhi,Delhi,,,ACTIVE,699.0,False,False,False,False,True,True
MCH8549,"Amb1e, Sangha and C0mar",4814,TELECOM,INDIVIDUAL,Ludhiana,Punjab,2026-01-12 00:00:00,XXXX7799,ACTIVE,1130.69,False,False,False,False,False,False
MCH8550,Nayar Ltd,4814,TELECOM,PARTNERSHIP,Jalandhar,Punjab,2024-01-09 17:54:25,XXXX8067,ACTIVE,1649.78,True,False,False,False,False,False
MCH8551,Sule-Ganesh,5699,APPAREL,INDIVIDUAL,Kolkata,West Bengal,2023-03-15 04:50:00,XXXX8206,ACTIVE,1452.12,False,False,False,False,False,False
MCH8552,"Manne, Manda and Toor",4131,TRANSPORT,SOLE_PROPRIETOR,Pune,Maharashtra,2023-08-19 00:00:00,,ACTIVE,,False,False,False,True,True,False
MCH8553,Kumar and Sons,5411,GROCERY,PARTNERSHIP,Jalandhar,Punjab,2025-11-15 00:00:00,,ACTIVE,1412.27,False,False,False,False,True,False
MCH8554,MANGAT PLC,5999,MISC_RETAIL,SOLE_PROPRIETOR,Mumbai,Maharashtra,2023-04-03 00:00:00,,INACTIVE,,False,False,False,True,True,False
MCH8555,Ar0ra PLC,5999,MISC_RETAIL,PRIVATE_LIMITED,Delhi,Delhi,2023-04-15 00:00:00,XXXX5379,ACTIVE,1643.0,False,False,False,False,False,False
MCH8556,"Rout, Dhillon and Sinha",5942,BOOKS_STATIONERY,SOLE_PROPRIETOR,Jaipur,Rajasthan,2023-05-04 17:49:00,,ACTIVE,,False,False,False,True,True,False
MCH8558,Dutt-Tailor,5311,DEPARTMENT_STORE,SOLE_PROPRIETOR,Amritsar,Punjab,2024-12-29 00:00:00,,ACTIVE,857.14,False,False,False,False,True,False
MCH8559,"Gokhale, Dugal and Pradhan",5812,RESTAURANT,PRIVATE_LIMITED,Pune,Maharashtra,2023-07-09 00:00:00,,INACTIVE,2171.47,False,False,False,False,True,False
MCH8561,"Swaminathan, Sa1vi and Kant",5699,APPAREL,PRIVATE_LIMITED,Mumbai,Maharashtra,2025-04-19 00:00:00,XXXX8856,ACTIVE,4447.81,False,False,False,False,False,False
MCH8562,Radhakrishnan-Apte,5812,RESTAURANT,PRIVATE_LIMITED,Chennai,Tamil Nadu,2023-12-04 06:47:00,,ACTIVE,1647.0,False,False,False,False,True,False
MCH8563,"Sen, Saxena and Chopra",5411,GROCERY,SOLE_PROPRIETOR,Pune,Maharashtra,2025-12-18 00:00:00,XXXX7720,ACTIVE,1384.68,False,False,False,False,False,False
MCH8565,"MAMMEN, MODI AND SANKAR",5812,RESTAURANT,SOLE_PROPRIETOR,Jaipur,Rajasthan,2024-07-27 21:42:00,,ACTIVE,609.89,False,False,False,False,True,False
MCH8566,Magar-Kota,4131,TRANSPORT,PARTNERSHIP,Amritsar,Punjab,2026-01-03 12:47:00,,ACTIVE,1353.18,False,False,False,False,True,False
MCH8568,Krishna-Agrawal,4814,TELECOM,PARTNERSHIP,Kolkata,West Bengal,2024-10-25 03:43:00,XXXX2727,INACTIVE,412.1,False,False,False,False,False,False
MCH8569,Tara Ltd,5812,RESTAURANT,INDIVIDUAL,Lucknow,Uttar Pradesh,2025-11-18 04:42:59,,ACTIVE,1022.19,False,False,False,False,True,False
MCH8570,Reddy Ltd,5942,BOOKS_STATIONERY,PARTNERSHIP,Hyderabad,Telangana,2023-03-28 00:00:00,XXXX0172,ACTIVE,528.1,False,False,False,False,False,False
MCH8571,"Garde, Toor and Malhotra",4814,TELECOM,PARTNERSHIP,Amritsar,Punjab,2023-05-31 00:00:00,,ACTIVE,266.55,False,False,False,False,True,False
MCH8572,"Sheth,SethandKulkarni",4814,TELECOM,INDIVIDUAL,Jaipur,Rajasthan,2026-01-15 00:00:00,XXXX3405,ACTIVE,4326.0,False,False,False,False,False,False
MCH8574,vohra group,5912,PHARMACY,INDIVIDUAL,Jaipur,Rajasthan,2026-02-04 00:00:00,XXXX4640,INACTIVE,-746.57,False,False,True,False,False,False
MCH8575,"Doctor, Merchant and Bhatti",4814,TELECOM,PARTNERSHIP,Kolkata,West Bengal,2024-04-18 00:00:00,,ACTIVE,2693.45,False,False,False,False,True,False
MCH8578,Bhatt LLC,4131,TRANSPORT,SOLE_PROPRIETOR,Pune,Maharashtra,2023-08-26 23:42:00,XXXX0722,INACTIVE,2462.04,False,False,False,False,False,False
MCH8579,OM LLC,5311,DEPARTMENT_STORE,SOLE_PROPRIETOR,Bengaluru,Karnataka,2024-05-10 00:00:00,XXXX3786,ACTIVE,3034.67,False,False,False,False,False,False
MCH8581,"Sundaram, Sekhon and Andra",7011,HOTEL,PARTNERSHIP,Jalandhar,Punjab,2024-11-14 00:00:00,,ACTIVE,953.97,False,False,False,False,True,False
MCH8588,"Kala, Kant and Gola",4131,TRANSPORT,INDIVIDUAL,Chennai,Tamil Nadu,2025-11-24 00:00:00,XXXX4984,ACTIVE,,True,False,False,True,False,False
MCH8591,Dutta and Sons,5999,MISC_RETAIL,INDIVIDUAL,Kolkata,West Bengal,2025-02-02 00:00:00,XXXX4892,ACTIVE,2731.17,False,False,False,False,False,False
MCH8592,Venkatesh-Brahmbhatt,5942,BOOKS_STATIONERY,PRIVATE_LIMITED,Bengaluru,Karnataka,2023-11-29 06:07:36,XXXX8568,ACTIVE,2914.59,False,False,False,False,False,False
MCH8597,Hayre-Badami,5812,RESTAURANT,PRIVATE_LIMITED,Amritsar,Punjab,2023-05-26 00:00:00,XXXX4723,ACTIVE,1847.81,False,False,False,False,False,False
MCH8598,"Raghavan, Nadig and Karpe",5812,RESTAURANT,SOLE_PROPRIETOR,Pune,Maharashtra,2024-06-16 14:32:56,XXXX2019,ACTIVE,1385.16,False,False,False,False,False,False
MCH8600,"KALITA, BAINS AND GANDHI",5812,RESTAURANT,SOLE_PROPRIETOR,Delhi,Delhi,2024-07-06 00:00:00,XXXX1997,ACTIVE,855.0,False,False,False,False,False,False
MCH8601,CHAHAL-PAREKH,5812,RESTAURANT,PRIVATE_LIMITED,Amritsar,Punjab,2025-02-20 00:00:00,XXXX3773,ACTIVE,-600.58,False,False,True,False,False,False
MCH8602,Raghavan-Ah1uwa1ia,5411,GROCERY,INDIVIDUAL,Chennai,Tamil Nadu,2023-01-19 00:00:00,,ACTIVE,-292.78,False,False,True,False,True,False
MCH8603,mane ltd,5812,RESTAURANT,SOLE_PROPRIETOR,Ludhiana,Punjab,2023-04-01 16:26:07,XXXX9521,ACTIVE,258.46,False,False,False,False,False,False
MCH8606,Prabhakar Ltd,5942,BOOKS_STATIONERY,PARTNERSHIP,Mumbai,Maharashtra,2024-11-25 22:32:00,,ACTIVE,602.72,False,False,False,False,True,False
MCH8607,Sachdeva-Dutta,4814,TELECOM,PARTNERSHIP,Jalandhar,Punjab,2026-02-16 21:14:26,XXXX4211,ACTIVE,699.07,False,False,False,False,False,False
MCH8610,Pandey and Sons,5999,MISC_RETAIL,SOLE_PROPRIETOR,Bengaluru,Karnataka,,XXXX7090,ACTIVE,1014.0,False,False,False,False,False,True
MCH8612,KURIAN-GODA,5812,RESTAURANT,SOLE_PROPRIETOR,Mumbai,Maharashtra,2023-07-18 06:11:37,XXXX5561,ACTIVE,1133.93,False,False,False,False,False,False
MCH8613,Comar-Tata,5812,RESTAURANT,INDIVIDUAL,Lucknow,Uttar Pradesh,2023-09-05 12:31:28,,INACTIVE,2485.09,False,False,False,False,True,False
MCH8614,Basu-Gola,4131,TRANSPORT,PARTNERSHIP,Pune,Maharashtra,2026-01-08 00:00:00,XXXX7777,ACTIVE,1454.86,False,False,False,False,False,False
MCH8615,devi-narasimhan,5942,BOOKS_STATIONERY,SOLE_PROPRIETOR,Kolkata,West Bengal,2024-11-18 00:00:00,XXXX6197,ACTIVE,722.58,False,False,False,False,False,False
MCH8616,RATTI-JHA,5699,APPAREL,SOLE_PROPRIETOR,Pune,Maharashtra,2025-05-30 00:00:00,,ACTIVE,,False,False,False,True,True,False
MCH8619,Salvi-Nazareth,5411,GROCERY,SOLE_PROPRIETOR,Delhi,Delhi,2024-07-25 00:00:00,,ACTIVE,860.21,False,False,False,False,True,False
MCH8622,choudhry-krishna,7011,HOTEL,PARTNERSHIP,Pune,Maharashtra,2025-03-18 00:00:00,,ACTIVE,196.86,False,False,False,False,True,False
MCH8624,Kannan-Mital,5912,PHARMACY,SOLE_PROPRIETOR,Pune,Maharashtra,2023-05-20 00:00:00,XXXX4371,ACTIVE,1202.33,False,False,False,False,False,False
MCH8628,"char, sastry and sane",4131,TRANSPORT,INDIVIDUAL,Pune,Maharashtra,2023-08-18 01:53:50,XXXX0498,ACTIVE,1108.74,False,False,False,False,False,False
MCH8631,Chaudhari-Chhabra,5699,APPAREL,SOLE_PROPRIETOR,Lucknow,Uttar Pradesh,2024-02-17 00:00:00,XXXX0971,ACTIVE,1011.95,False,False,False,False,False,False
MCH8632,"Koshy, Suri and Dey",5812,RESTAURANT,INDIVIDUAL,Delhi,Delhi,2025-11-14 10:58:44,XXXX2442,ACTIVE,3705.21,False,False,False,False,False,False
MCH8633,Pillai-Lata,5912,PHARMACY,INDIVIDUAL,Amritsar,Punjab,2025-04-02 00:00:00,XXXX5672,ACTIVE,1325.55,False,False,False,False,False,False
MCH8634,Palla-Brar,5912,PHARMACY,PARTNERSHIP,Jalandhar,Punjab,2023-06-13 00:00:00,XXXX3042,ACTIVE,843.2,False,False,False,False,False,False
MCH8636,GHOSH-DASH,5942,BOOKS_STATIONERY,PARTNERSHIP,Amritsar,Punjab,2023-09-06 09:12:03,XXXX8665,ACTIVE,3699.41,False,False,False,False,False,False
MCH8638,ramanathan-apte,5942,BOOKS_STATIONERY,PARTNERSHIP,Chennai,Tamil Nadu,2025-04-16 00:00:00,XXXX4259,ACTIVE,985.8,False,False,False,False,False,False
MCH8639,Samra-Behl,7011,HOTEL,PRIVATE_LIMITED,Bengaluru,Karnataka,2024-06-30 11:58:00,,INACTIVE,2557.45,False,False,False,False,True,False
MCH8640,"vasa, nanda and bhat",5311,DEPARTMENT_STORE,SOLE_PROPRIETOR,Pune,Maharashtra,2025-03-05 00:00:00,,ACTIVE,347.11,False,False,False,False,True,False
MCH8641,Rai and Sons,4131,TRANSPORT,INDIVIDUAL,Ludhiana,Punjab,2024-01-10 00:00:00,,ACTIVE,,False,False,False,True,True,False
MCH8643,"Kota, Aurora and Dugal",5699,APPAREL,SOLE_PROPRIETOR,Delhi,Delhi,2024-04-15 14:41:15,XXXX3864,ACTIVE,1011.23,False,False,False,False,False,False
MCH8644,M0re-L0ke,4131,TRANSPORT,INDIVIDUAL,Ludhiana,Punjab,2025-07-20 00:00:00,,ACTIVE,1294.91,False,False,False,False,True,False
MCH8645,"Desai, Agarwal and Handa",4814,TELECOM,INDIVIDUAL,Ludhiana,Punjab,2024-03-31 00:00:00,,ACTIVE,1177.09,False,False,False,False,True,False
MCH8648,"KUMER, PRADHAN AND PAI",5912,PHARMACY,SOLE_PROPRIETOR,Jalandhar,Punjab,2023-12-17 00:00:00,XXXX7970,ACTIVE,2147.87,False,False,False,False,False,False
MCH8650,Konda Ltd,5999,MISC_RETAIL,SOLE_PROPRIETOR,Ludhiana,Punjab,2024-05-27 00:00:00,XXXX1884,ACTIVE,578.35,False,False,False,False,False,False
MCH8654,Bhavsar-Subramanian,5411,GROCERY,INDIVIDUAL,Mumbai,Maharashtra,2025-12-15 00:00:00,,ACTIVE,714.58,True,False,False,False,True,False
MCH8656,Singh PLC,5942,BOOKS_STATIONERY,INDIVIDUAL,Bengaluru,Karnataka,2024-06-09 00:00:00,XXXX7982,ACTIVE,9885.11,True,False,False,False,False,False
MCH8659,sha ltd,7011,HOTEL,PARTNERSHIP,Mumbai,Maharashtra,2024-10-23 00:00:00,XXXX7204,ACTIVE,,False,False,False,True,False,False
MCH8660,"Ben, Guha and Sabharwa1",5812,RESTAURANT,SOLE_PROPRIETOR,Lucknow,Uttar Pradesh,2025-07-22 00:00:00,XXXX9591,ACTIVE,,False,False,False,True,False,False
MCH8661,Kapoor and Sons,4131,TRANSPORT,PARTNERSHIP,Mumbai,Maharashtra,,,ACTIVE,1762.47,True,False,False,False,True,True
MCH8663,Khalsa Group,5942,BOOKS_STATIONERY,PARTNERSHIP,Jalandhar,Punjab,2023-04-05 00:00:00,XXXX4696,INACTIVE,338.0,True,False,False,False,False,False
MCH8672,"Ganguly, Sarin and Merchant",5311,DEPARTMENT_STORE,INDIVIDUAL,Jalandhar,Punjab,2025-06-09 00:00:00,XXXX0728,INACTIVE,1816.05,False,False,False,False,False,False
MCH8673,Goswami and Sons,5812,RESTAURANT,PRIVATE_LIMITED,Delhi,Delhi,2026-02-25 00:00:00,XXXX3903,ACTIVE,979.86,False,False,False,False,False,False
MCH8674,"Mani, Dutta and Issac",5812,RESTAURANT,PRIVATE_LIMITED,Chennai,Tamil Nadu,2023-05-05 15:05:33,XXXX3482,ACTIVE,,False,False,False,True,False,False
MCH8678,Dani-Talwar,7011,HOTEL,PARTNERSHIP,Lucknow,Uttar Pradesh,2024-07-07 00:00:00,XXXX8500,INACTIVE,393.54,False,False,False,False,False,False
MCH8679,Dutt-Goel,4814,TELECOM,PRIVATE_LIMITED,Kolkata,West Bengal,2024-08-14 00:00:00,XXXX4631,ACTIVE,423.15,False,False,False,False,False,False
MCH8680,Bhatt-Toor,5311,DEPARTMENT_STORE,PRIVATE_LIMITED,Jaipur,Rajasthan,2025-12-02 00:00:00,,ACTIVE,1399.6,False,False,False,False,True,False
MCH8681,Suri Ltd,5699,APPAREL,PARTNERSHIP,Jalandhar,Punjab,2025-07-19 03:33:54,XXXX1510,ACTIVE,1034.26,False,False,False,False,False,False
MCH8692,Singhal-Mane,5999,MISC_RETAIL,PARTNERSHIP,Jalandhar,Punjab,2025-07-24 00:00:00,XXXX7132,ACTIVE,1884.81,False,False,False,False,False,False
MCH8693,Mukhopadhyay-Rama,5411,GROCERY,INDIVIDUAL,Lucknow,Uttar Pradesh,2024-10-07 22:23:22,XXXX9284,ACTIVE,406.79,True,False,False,False,False,False
MCH8697,Karnik Ltd,5999,MISC_RETAIL,SOLE_PROPRIETOR,Hyderabad,Telangana,2023-01-19 11:39:00,XXXX5700,ACTIVE,353.31,False,False,False,False,False,False
MCH8698,"Boase, Bal and Mand",5311,DEPARTMENT_STORE,PRIVATE_LIMITED,Kolkata,West Bengal,2025-06-13 00:00:00,,ACTIVE,3054.52,False,False,False,False,True,False
MCH8703,MODY GROUP,5999,MISC_RETAIL,PARTNERSHIP,Hyderabad,Telangana,2023-04-09 03:36:19,XXXX1194,INACTIVE,2908.51,True,False,False,False,False,False
MCH8705,"Sahota, Kale and Patil",4131,TRANSPORT,PRIVATE_LIMITED,Delhi,Delhi,2024-11-10 00:00:00,XXXX9019,ACTIVE,1127.21,False,False,False,False,False,False
MCH8708,"Mukherjee, Sami and Purohit",5999,MISC_RETAIL,SOLE_PROPRIETOR,Hyderabad,Telangana,2026-01-28 00:00:00,,INACTIVE,2919.92,False,False,False,False,True,False
MCH8713,"Shere, Loke and Butala",4814,TELECOM,PRIVATE_LIMITED,Delhi,Delhi,,,INACTIVE,-1029.16,False,False,True,False,True,True
MCH8714,GuptaGroup,5912,PHARMACY,SOLE_PROPRIETOR,Pune,Maharashtra,2023-10-08 00:00:00,XXXX2445,INACTIVE,569.38,False,False,False,False,False,False
MCH8715,"Raju,LokeandVora",5999,MISC_RETAIL,PARTNERSHIP,Hyderabad,Telangana,2025-09-14 00:00:00,,ACTIVE,1332.26,False,False,False,False,True,False
MCH8716,"Naik, Chada and Divan",5999,MISC_RETAIL,PRIVATE_LIMITED,Ludhiana,Punjab,2023-01-11 00:00:00,XXXX7487,ACTIVE,225.43,False,False,False,False,False,False
MCH8718,Chaudhari-Bhalla,5812,RESTAURANT,INDIVIDUAL,Pune,Maharashtra,2024-07-23 04:38:30,,ACTIVE,,False,False,False,True,True,False
MCH8719,kala llc,5311,DEPARTMENT_STORE,INDIVIDUAL,Kolkata,West Bengal,2025-10-25 00:00:00,,ACTIVE,2779.32,False,False,False,False,True,False
MCH8721,Bera-Chhabra,4131,TRANSPORT,SOLE_PROPRIETOR,Lucknow,Uttar Pradesh,2024-08-09 00:00:00,,ACTIVE,2543.82,False,False,False,False,True,False
MCH8724,Sethi-Reddy,5411,GROCERY,PRIVATE_LIMITED,Hyderabad,Telangana,2025-04-09 00:00:00,XXXX1664,INACTIVE,425.41,False,False,False,False,False,False
MCH8725,Gala Group,7011,HOTEL,PRIVATE_LIMITED,Jaipur,Rajasthan,2024-08-14 22:49:00,XXXX8002,ACTIVE,7512.0,False,False,False,False,False,False
MCH8726,Rast0gi-Saini,5999,MISC_RETAIL,PARTNERSHIP,Ludhiana,Punjab,,XXXX1324,ACTIVE,4900.29,False,False,False,False,False,True
MCH8727,Vig-Mann,5999,MISC_RETAIL,PARTNERSHIP,Delhi,Delhi,,XXXX8266,ACTIVE,157.65,False,False,False,False,False,True
MCH8729,"Chowdhury, Krishnamurthy and Parekh",5942,BOOKS_STATIONERY,PRIVATE_LIMITED,Kolkata,West Bengal,2024-02-07 00:00:00,XXXX0917,ACTIVE,870.42,False,False,False,False,False,False
MCH8730,"Bhasin, Mall and Sarraf",5999,MISC_RETAIL,PRIVATE_LIMITED,Jalandhar,Punjab,2025-02-13 00:00:00,XXXX3406,ACTIVE,937.7,False,False,False,False,False,False
MCH8733,"Dhillon, Goel and Dar",4814,TELECOM,SOLE_PROPRIETOR,Kolkata,West Bengal,2024-03-27 19:48:14,XXXX9551,ACTIVE,-2966.16,False,False,True,False,False,False
MCH8734,"Ganguly, Hayre and Choudhury",4814,TELECOM,SOLE_PROPRIETOR,Lucknow,Uttar Pradesh,2023-05-05 00:00:00,XXXX9044,ACTIVE,4276.72,False,False,False,False,False,False
MCH8735,"Chhabra, Kunda and Sem",4814,TELECOM,PARTNERSHIP,Jalandhar,Punjab,2025-09-18 00:00:00,XXXX2658,ACTIVE,1589.68,False,False,False,False,False,False
MCH8736,Dora-Sachar,5311,DEPARTMENT_STORE,PRIVATE_LIMITED,Mumbai,Maharashtra,2024-10-11 13:06:21,XXXX8019,ACTIVE,2228.33,False,False,False,False,False,False
MCH8741,Swaminathan-Kakar,4814,TELECOM,SOLE_PROPRIETOR,Kolkata,West Bengal,2024-08-17 15:49:00,XXXX8273,ACTIVE,8897.16,False,False,False,False,False,False
MCH8744,Prashad LLC,5942,BOOKS_STATIONERY,INDIVIDUAL,Jalandhar,Punjab,2025-03-31 16:57:30,XXXX7893,ACTIVE,3282.54,False,False,False,False,False,False
MCH8746,Kari Inc,5912,PHARMACY,PARTNERSHIP,Pune,Maharashtra,2024-10-11 07:16:00,XXXX5648,ACTIVE,,False,False,False,True,False,False
MCH8749,"Tara, Parmer and Walla",4131,TRANSPORT,PRIVATE_LIMITED,Kolkata,West Bengal,2025-06-19 00:00:00,XXXX2433,INACTIVE,584.1,False,False,False,False,False,False
MCH8750,"Bawa, Chatterjee and Sathe",7011,HOTEL,INDIVIDUAL,Ludhiana,Punjab,2025-11-30 21:13:53,XXXX2302,ACTIVE,3120.06,False,False,False,False,False,False
MCH8753,"Bhandari, Trivedi and Bora",4131,TRANSPORT,PARTNERSHIP,Hyderabad,Telangana,2024-12-27 13:54:54,,INACTIVE,718.79,False,False,False,False,True,False
MCH8755,"Biswas, Divan and Sachdeva",7011,HOTEL,PRIVATE_LIMITED,Chennai,Tamil Nadu,2025-07-25 09:26:00,XXXX2136,INACTIVE,2277.32,False,False,False,False,False,False
MCH8756,Warrior Inc,5699,APPAREL,PRIVATE_LIMITED,Jalandhar,Punjab,2023-10-04 00:00:00,XXXX8985,ACTIVE,1476.03,False,False,False,False,False,False
MCH8761,chokshi llc,7011,HOTEL,INDIVIDUAL,Hyderabad,Telangana,2025-12-01 06:08:00,XXXX2385,ACTIVE,963.43,False,False,False,False,False,False
MCH8762,Dani-Saha,4131,TRANSPORT,PARTNERSHIP,Kolkata,West Bengal,,,ACTIVE,778.15,False,False,False,False,True,True
MCH8765,"Kamdar, Sehgal and Tata",5411,GROCERY,PARTNERSHIP,Delhi,Delhi,2025-01-06 00:00:00,XXXX8883,ACTIVE,4863.17,False,False,False,False,False,False
MCH8766,Shanker Ltd,5912,PHARMACY,SOLE_PROPRIETOR,Chennai,Tamil Nadu,2025-07-02 00:00:00,XXXX2464,ACTIVE,801.0,False,False,False,False,False,False
MCH8767,Golla Group,5699,APPAREL,SOLE_PROPRIETOR,Hyderabad,Telangana,2023-11-05 00:00:00,,ACTIVE,397.99,False,False,False,False,True,False
MCH8768,kata-bajwa,5999,MISC_RETAIL,PARTNERSHIP,Chennai,Tamil Nadu,2023-09-16 08:38:57,XXXX4693,ACTIVE,1033.9,False,False,False,False,False,False
MCH8769,Dara-Keer,5912,PHARMACY,PRIVATE_LIMITED,Jaipur,Rajasthan,2024-12-29 11:46:00,,ACTIVE,637.83,False,False,False,False,True,False
MCH8770,Mani-Mutti,5999,MISC_RETAIL,SOLE_PROPRIETOR,Delhi,Delhi,2023-04-07 00:00:00,XXXX8061,ACTIVE,379.0,False,False,False,False,False,False
MCH8775,Bakshi-Shah,5699,APPAREL,PARTNERSHIP,Delhi,Delhi,2025-07-09 07:17:12,,ACTIVE,480.13,False,False,False,False,True,False
MCH8777,Kibe PLC,7011,HOTEL,PARTNERSHIP,Mumbai,Maharashtra,2023-06-16 00:00:00,XXXX6956,INACTIVE,1945.67,False,False,False,False,False,False
MCH8779,Tak-Wali,5812,RESTAURANT,INDIVIDUAL,Bengaluru,Karnataka,2024-01-24 00:00:00,XXXX6424,ACTIVE,206.0,False,False,False,False,False,False
MCH8781,Gade PLC,5912,PHARMACY,PRIVATE_LIMITED,Mumbai,Maharashtra,2023-02-27 16:50:53,,ACTIVE,714.3,False,False,False,False,True,False
MCH8782,SWAMY-KHURANA,5699,APPAREL,SOLE_PROPRIETOR,Amritsar,Punjab,2025-04-29 00:00:00,,ACTIVE,1314.55,False,False,False,False,True,False
MCH8784,"Iyengar, Savant and Sehgal",4131,TRANSPORT,PRIVATE_LIMITED,Mumbai,Maharashtra,2024-01-12 00:00:00,,ACTIVE,575.0,False,False,False,False,True,False
MCH8789,"Pingle,NadigandNarula",5812,RESTAURANT,INDIVIDUAL,Ludhiana,Punjab,2025-02-07 00:00:00,XXXX4177,ACTIVE,-1463.08,False,False,True,False,False,False
MCH8790,Thaman-Singh,5912,PHARMACY,INDIVIDUAL,Kolkata,West Bengal,2024-02-04 00:00:00,,ACTIVE,,False,False,False,True,True,False
MCH8792,CHOPRA-NORI,5699,APPAREL,PRIVATE_LIMITED,Lucknow,Uttar Pradesh,2025-01-09 00:00:00,XXXX7970,ACTIVE,-793.52,False,False,True,False,False,False
MCH8794,Mani-Zachariah,5411,GROCERY,PARTNERSHIP,Bengaluru,Karnataka,2026-01-04 01:33:25,XXXX8493,INACTIVE,6393.53,False,False,False,False,False,False
MCH8795,basak-bhavsar,5942,BOOKS_STATIONERY,SOLE_PROPRIETOR,Jaipur,Rajasthan,2024-03-15 00:00:00,XXXX0185,INACTIVE,243.16,False,False,False,False,False,False
MCH8798,Ch0wdhury-Su1e,5311,DEPARTMENT_STORE,INDIVIDUAL,Jalandhar,Punjab,2024-12-28 02:38:26,XXXX7155,ACTIVE,207.92,False,False,False,False,False,False
MCH8799,"Dada, Ramaswamy and Dugal",5942,BOOKS_STATIONERY,PRIVATE_LIMITED,Hyderabad,Telangana,2023-04-09 00:00:00,XXXX9201,INACTIVE,2080.34,False,False,False,False,False,False
MCH8801,BEDI INC,5912,PHARMACY,SOLE_PROPRIETOR,Lucknow,Uttar Pradesh,2024-08-11 00:00:00,XXXX1264,ACTIVE,3479.49,False,False,False,False,False,False
MCH8805,bose inc,5699,APPAREL,INDIVIDUAL,Ludhiana,Punjab,2024-07-10 00:00:00,,ACTIVE,6022.98,False,False,False,False,True,False
MCH8808,"Kothari, Bansal and Gupta",5942,BOOKS_STATIONERY,INDIVIDUAL,Bengaluru,Karnataka,2025-09-19 01:30:00,XXXX4892,ACTIVE,380.0,True,False,False,False,False,False
MCH8809,Narasimhan-Sem,4814,TELECOM,INDIVIDUAL,Jalandhar,Punjab,2023-02-05 00:00:00,,INACTIVE,2118.31,True,False,False,False,True,False
MCH8811,Bobal LLC,5999,MISC_RETAIL,PARTNERSHIP,Hyderabad,Telangana,2023-12-18 00:00:00,XXXX2126,ACTIVE,1645.76,False,False,False,False,False,False
MCH8813,Dey-Dua,5812,RESTAURANT,PARTNERSHIP,Hyderabad,Telangana,2023-11-10 00:00:00,XXXX2372,ACTIVE,1432.39,False,False,False,False,False,False
MCH8817,SawhneyLtd,7011,HOTEL,INDIVIDUAL,Pune,Maharashtra,,,INACTIVE,495.07,False,False,False,False,True,True
MCH8819,AcharyaInc,5912,PHARMACY,PRIVATE_LIMITED,Ludhiana,Punjab,2024-02-27 00:00:00,XXXX4379,ACTIVE,2075.22,False,False,False,False,False,False
MCH8820,Mistry Group,5812,RESTAURANT,PARTNERSHIP,Kolkata,West Bengal,2025-10-19 00:00:00,XXXX9973,ACTIVE,1132.45,False,False,False,False,False,False
MCH8821,MUKHOPADHYAY-CHERIAN,5812,RESTAURANT,SOLE_PROPRIETOR,Jalandhar,Punjab,2023-11-26 00:00:00,XXXX4167,ACTIVE,703.03,False,False,False,False,False,False
MCH8823,SUBRAMANIAN INC,5699,APPAREL,PARTNERSHIP,Mumbai,Maharashtra,2024-01-31 00:00:00,XXXX6614,INACTIVE,523.43,False,False,False,False,False,False
MCH8824,Mani PLC,5999,MISC_RETAIL,INDIVIDUAL,Hyderabad,Telangana,2024-02-22 00:00:00,XXXX3496,ACTIVE,1314.9,False,False,False,False,False,False
MCH8825,"mandal, chaudhari and savant",5699,APPAREL,INDIVIDUAL,Jalandhar,Punjab,2025-07-27 00:00:00,XXXX2789,ACTIVE,1817.3,False,False,False,False,False,False
MCH8826,Mallick-Dasgupta,5311,DEPARTMENT_STORE,PRIVATE_LIMITED,Jalandhar,Punjab,2023-02-09 07:13:10,XXXX8031,ACTIVE,1719.24,False,False,False,False,False,False
MCH8828,RANGANATHAN AND SONS,4131,TRANSPORT,INDIVIDUAL,Amritsar,Punjab,2026-01-02 04:46:18,,ACTIVE,,False,False,False,True,True,False
MCH8832,"Korpal, Dugar and Grover",5411,GROCERY,INDIVIDUAL,Ludhiana,Punjab,2025-10-27 07:47:00,XXXX3528,ACTIVE,2140.7,False,False,False,False,False,False
MCH8835,"Natarajan, Hegde and Varughese",5999,MISC_RETAIL,SOLE_PROPRIETOR,Mumbai,Maharashtra,2025-04-08 15:21:00,XXXX5039,ACTIVE,523.96,False,False,False,False,False,False
MCH8837,Tata-Rajagopal,5411,GROCERY,PARTNERSHIP,Ludhiana,Punjab,2023-09-03 00:00:00,,INACTIVE,2586.19,False,False,False,False,True,False
MCH8838,"KALA, SIDHU AND KURUVILLA",5912,PHARMACY,PARTNERSHIP,Chennai,Tamil Nadu,2023-02-11 00:00:00,,INACTIVE,593.62,False,False,False,False,True,False
MCH8840,Chatterjee and Sons,5311,DEPARTMENT_STORE,INDIVIDUAL,Pune,Maharashtra,2024-09-26 02:57:00,,ACTIVE,1208.62,False,False,False,False,True,False
MCH8842,"Bala, Pillai and Kala",5999,MISC_RETAIL,PARTNERSHIP,Amritsar,Punjab,2023-04-23 00:00:00,XXXX1658,INACTIVE,,False,False,False,True,False,False
MCH8844,"Lad, Walia and Raj",5912,PHARMACY,INDIVIDUAL,Ludhiana,Punjab,2025-11-26 00:00:00,XXXX9266,ACTIVE,,False,False,False,True,False,False
MCH8845,Varkey-Jha,5999,MISC_RETAIL,PARTNERSHIP,Kolkata,West Bengal,2024-03-01 05:26:00,,ACTIVE,5630.04,True,False,False,False,True,False
MCH8850,"Sachdev, Nayar and Arora",5411,GROCERY,PARTNERSHIP,Ludhiana,Punjab,2025-04-07 03:43:08,,INACTIVE,,False,False,False,True,True,False
MCH8851,"Kanda, Kohli and Thaman",5812,RESTAURANT,SOLE_PROPRIETOR,Jalandhar,Punjab,,,INACTIVE,5573.07,False,False,False,False,True,True
MCH8852,Bali-Hora,5912,PHARMACY,INDIVIDUAL,Delhi,Delhi,2024-07-09 00:00:00,,ACTIVE,2821.74,True,False,False,False,True,False
MCH8854,Kohli-Aurora,4131,TRANSPORT,PRIVATE_LIMITED,Chennai,Tamil Nadu,2023-12-04 00:00:00,XXXX8113,ACTIVE,-429.48,False,False,True,False,False,False
MCH8855,"Rau, Dua and Nadkarni",5411,GROCERY,PRIVATE_LIMITED,Ludhiana,Punjab,2025-06-06 02:15:00,XXXX4472,ACTIVE,2893.79,False,False,False,False,False,False
MCH8861,Prashad and Sons,5999,MISC_RETAIL,INDIVIDUAL,Chennai,Tamil Nadu,,XXXX5366,ACTIVE,,False,False,False,True,False,True
MCH8863,Sastry PLC,4814,TELECOM,INDIVIDUAL,Pune,Maharashtra,2024-03-08 00:00:00,,ACTIVE,,False,False,False,True,True,False
MCH8864,Lala-Ben,5912,PHARMACY,INDIVIDUAL,Ludhiana,Punjab,2025-12-28 05:23:00,,ACTIVE,869.2,False,False,False,False,True,False
MCH8865,Wali-Yogi,5942,BOOKS_STATIONERY,PARTNERSHIP,Pune,Maharashtra,,XXXX7565,ACTIVE,1783.0,False,False,False,False,False,True
MCH8869,Tella-Roy,5912,PHARMACY,SOLE_PROPRIETOR,Ludhiana,Punjab,2025-05-17 00:00:00,XXXX1975,ACTIVE,618.72,False,False,False,False,False,False
MCH8870,Solanki-Cherian,4131,TRANSPORT,PARTNERSHIP,Kolkata,West Bengal,2025-07-04 00:00:00,XXXX5015,ACTIVE,1597.0,False,False,False,False,False,False
MCH8873,"Pathak, Bath and Kant",4131,TRANSPORT,PARTNERSHIP,Pune,Maharashtra,2025-06-11 00:00:00,,ACTIVE,2212.3,False,False,False,False,True,False
MCH8876,Narayanan and Sons,5942,BOOKS_STATIONERY,INDIVIDUAL,Bengaluru,Karnataka,2025-12-10 00:00:00,XXXX5207,INACTIVE,2065.28,False,False,False,False,False,False
MCH8878,Kashyap-Behl,7011,HOTEL,SOLE_PROPRIETOR,Kolkata,West Bengal,2023-07-21 00:00:00,,ACTIVE,228.35,False,False,False,False,True,False
MCH8879,Raju and Sons,5912,PHARMACY,SOLE_PROPRIETOR,Lucknow,Uttar Pradesh,2023-08-30 05:18:50,,ACTIVE,906.0,True,False,False,False,True,False
MCH8880,Bava Group,7011,HOTEL,SOLE_PROPRIETOR,Bengaluru,Karnataka,2025-01-12 16:40:00,,INACTIVE,3216.0,True,False,False,False,True,False
MCH8884,"Dubey, Srinivasan and Pillai",5942,BOOKS_STATIONERY,SOLE_PROPRIETOR,Chennai,Tamil Nadu,2023-07-03 00:00:00,,ACTIVE,,True,False,False,True,True,False
MCH8885,"Dhawan,DevanandChokshi",5699,APPAREL,INDIVIDUAL,Delhi,Delhi,2025-09-12 04:35:13,,ACTIVE,,False,False,False,True,True,False
MCH8889,"Mahal, Edwin and Dasgupta",5699,APPAREL,SOLE_PROPRIETOR,Pune,Maharashtra,2023-03-26 00:00:00,,INACTIVE,-1329.62,False,False,True,False,True,False
MCH8890,Halder Inc,7011,HOTEL,PRIVATE_LIMITED,Lucknow,Uttar Pradesh,2026-01-15 00:00:00,XXXX3843,INACTIVE,2352.14,False,False,False,False,False,False
MCH8891,"Natt,ManeandPau",4814,TELECOM,PRIVATE_LIMITED,Mumbai,Maharashtra,2025-03-13 09:17:17,XXXX7130,ACTIVE,1140.0,True,False,False,False,False,False
MCH8893,Anand-Dada,5411,GROCERY,PRIVATE_LIMITED,Delhi,Delhi,2023-02-15 00:00:00,,ACTIVE,598.72,False,False,False,False,True,False
MCH8895,Chakraborty-Apte,7011,HOTEL,SOLE_PROPRIETOR,Jalandhar,Punjab,2023-05-04 01:45:30,XXXX4276,ACTIVE,2412.11,False,False,False,False,False,False
MCH8896,Yadav-Padmanabhan,4131,TRANSPORT,PRIVATE_LIMITED,Hyderabad,Telangana,2024-02-05 00:00:00,XXXX8367,ACTIVE,1243.9,False,False,False,False,False,False
MCH8899,bedi and sons,5699,APPAREL,PRIVATE_LIMITED,Kolkata,West Bengal,2025-02-25 00:00:00,XXXX6442,INACTIVE,,False,False,False,True,False,False
MCH8900,Nadkarni-Khare,5812,RESTAURANT,INDIVIDUAL,Lucknow,Uttar Pradesh,2025-06-11 00:00:00,XXXX8698,INACTIVE,1349.0,False,False,False,False,False,False
MCH8901,Narasimhan and Sons,4814,TELECOM,PRIVATE_LIMITED,Amritsar,Punjab,2024-01-04 05:23:00,XXXX2904,ACTIVE,772.61,False,False,False,False,False,False
MCH8902,Sabharwal Ltd,5411,GROCERY,SOLE_PROPRIETOR,Amritsar,Punjab,2024-12-27 00:00:00,XXXX6574,ACTIVE,-270.57,False,False,True,False,False,False
MCH8903,Keer-Sagar,5411,GROCERY,PARTNERSHIP,Lucknow,Uttar Pradesh,2024-09-16 00:00:00,,ACTIVE,841.61,False,False,False,False,True,False
MCH8909,"PALAN, WALI AND WAGLE",5999,MISC_RETAIL,INDIVIDUAL,Delhi,Delhi,,XXXX8931,ACTIVE,1366.3,False,False,False,False,False,True
MCH8910,Varkey Group,5912,PHARMACY,INDIVIDUAL,Ludhiana,Punjab,2025-02-07 02:32:41,XXXX9985,ACTIVE,9929.86,False,False,False,False,False,False
MCH8911,Bava LLC,5942,BOOKS_STATIONERY,SOLE_PROPRIETOR,Hyderabad,Telangana,2025-06-14 08:41:00,,ACTIVE,3342.77,False,False,False,False,True,False
MCH8912,Chada Ltd,5411,GROCERY,PARTNERSHIP,Amritsar,Punjab,2023-09-12 00:00:00,XXXX9037,ACTIVE,1015.47,False,False,False,False,False,False
MCH8915,Sur Ltd,5812,RESTAURANT,INDIVIDUAL,Mumbai,Maharashtra,2025-08-04 21:08:00,XXXX8373,INACTIVE,665.18,False,False,False,False,False,False
MCH8918,Solanki and Sons,5699,APPAREL,PRIVATE_LIMITED,Bengaluru,Karnataka,2025-05-17 00:00:00,XXXX0760,ACTIVE,,True,False,False,True,False,False
MCH8919,Parmar Ltd,4131,TRANSPORT,PRIVATE_LIMITED,Bengaluru,Karnataka,2023-12-24 00:00:00,,ACTIVE,2228.63,True,False,False,False,True,False
MCH8920,"Parekh, Srivastava and Choudhury",5311,DEPARTMENT_STORE,PRIVATE_LIMITED,Delhi,Delhi,2023-12-15 00:00:00,XXXX5523,ACTIVE,19788.99,False,False,False,False,False,False
MCH8921,"Palla, Kanda and Kohli",5411,GROCERY,INDIVIDUAL,Jaipur,Rajasthan,2023-04-01 00:00:00,,INACTIVE,1560.65,False,False,False,False,True,False
MCH8923,Choudhury Group,5912,PHARMACY,INDIVIDUAL,Jaipur,Rajasthan,2024-06-12 00:00:00,XXXX6185,INACTIVE,2880.15,False,False,False,False,False,False
MCH8926,Ramesh-Mukhopadhyay,5912,PHARMACY,SOLE_PROPRIETOR,Delhi,Delhi,2024-01-16 00:00:00,XXXX8940,ACTIVE,5318.08,False,False,False,False,False,False
MCH8927,RAJ-KALA,5999,MISC_RETAIL,INDIVIDUAL,Delhi,Delhi,2024-04-22 22:45:00,XXXX1023,ACTIVE,261.67,False,False,False,False,False,False
MCH8928,Deo PLC,4131,TRANSPORT,PARTNERSHIP,Chennai,Tamil Nadu,2024-10-18 05:30:00,XXXX5889,ACTIVE,1547.93,False,False,False,False,False,False
MCH8929,Nagi-Bala,5311,DEPARTMENT_STORE,SOLE_PROPRIETOR,Kolkata,West Bengal,2024-12-17 17:24:00,XXXX2967,ACTIVE,232.0,False,False,False,False,False,False
MCH8931,Ramaswamy-Bhasin,5812,RESTAURANT,PARTNERSHIP,Hyderabad,Telangana,2024-05-23 00:00:00,,INACTIVE,1406.0,False,False,False,False,True,False
MCH8932,"Venkatesh, Nayak and Ravel",5999,MISC_RETAIL,PRIVATE_LIMITED,Lucknow,Uttar Pradesh,2023-01-01 00:00:00,XXXX0298,ACTIVE,1585.03,True,False,False,False,False,False
MCH8933,magar inc,7011,HOTEL,SOLE_PROPRIETOR,Lucknow,Uttar Pradesh,2025-03-08 00:00:00,XXXX1861,ACTIVE,1568.46,False,False,False,False,False,False
MCH8934,Dubey and Sons,5411,GROCERY,SOLE_PROPRIETOR,Bengaluru,Karnataka,2025-09-12 05:11:51,,INACTIVE,1359.0,False,False,False,False,True,False
MCH8935,tella-bawa,4131,TRANSPORT,INDIVIDUAL,Jaipur,Rajasthan,2024-01-13 15:35:49,XXXX5076,ACTIVE,997.56,False,False,False,False,False,False
MCH8937,"Mand, Bhatt and Pathak",7011,HOTEL,INDIVIDUAL,Amritsar,Punjab,2023-06-10 00:00:00,XXXX2215,ACTIVE,2746.33,False,False,False,False,False,False
MCH8939,"DHAWAN, KAMDAR AND DALAL",5812,RESTAURANT,INDIVIDUAL,Bengaluru,Karnataka,2023-01-06 17:37:02,XXXX2113,ACTIVE,729.0,False,False,False,False,False,False
MCH8941,Iyer LLC,5999,MISC_RETAIL,SOLE_PROPRIETOR,Ludhiana,Punjab,2023-01-24 23:45:00,XXXX9253,ACTIVE,2580.56,True,False,False,False,False,False
MCH8943,Bassi-Dhingra,5942,BOOKS_STATIONERY,PRIVATE_LIMITED,Chennai,Tamil Nadu,2024-09-09 00:49:00,,ACTIVE,774.62,False,False,False,False,True,False
MCH8944,"Zachariah, Ratta and Contractor",5311,DEPARTMENT_STORE,PRIVATE_LIMITED,Hyderabad,Telangana,2024-07-16 13:53:35,XXXX4901,ACTIVE,2179.0,False,False,False,False,False,False
MCH8945,"Sankar, Swamy and Char",5411,GROCERY,SOLE_PROPRIETOR,Kolkata,West Bengal,2026-02-26 00:00:00,XXXX4564,ACTIVE,1329.0,False,False,False,False,False,False
MCH8949,"Srinivasan,SaxenaandKant",5942,BOOKS_STATIONERY,PRIVATE_LIMITED,Bengaluru,Karnataka,,XXXX6857,INACTIVE,1726.82,False,False,False,False,False,True
MCH8950,Handa Inc,4131,TRANSPORT,PARTNERSHIP,Mumbai,Maharashtra,2024-07-31 11:02:32,XXXX9807,ACTIVE,3860.38,False,False,False,False,False,False
MCH8951,Golla-Venkataraman,4814,TELECOM,INDIVIDUAL,Mumbai,Maharashtra,2023-09-02 00:00:00,XXXX8004,ACTIVE,436.83,False,False,False,False,False,False
MCH8952,"varghese, korpal and dora",5912,PHARMACY,SOLE_PROPRIETOR,Chennai,Tamil Nadu,2024-08-10 00:00:00,,ACTIVE,987.96,False,False,False,False,True,False
MCH8953,Narayan-Uppal,5912,PHARMACY,PRIVATE_LIMITED,Ludhiana,Punjab,2025-06-28 10:02:00,XXXX8384,ACTIVE,2726.98,False,False,False,False,False,False
MCH8955,Sani LLC,7011,HOTEL,PRIVATE_LIMITED,Chennai,Tamil Nadu,2023-09-26 00:00:00,XXXX2430,ACTIVE,-1833.73,False,False,True,False,False,False
MCH8957,MADAN-KOTHARI,5699,APPAREL,SOLE_PROPRIETOR,Ludhiana,Punjab,,XXXX2329,ACTIVE,934.34,False,False,False,False,False,True
MCH8958,Verma-Biswas,5699,APPAREL,PARTNERSHIP,Amritsar,Punjab,2023-03-06 14:48:00,,ACTIVE,7196.61,False,False,False,False,True,False
MCH8963,"Aggarwal,NagiandBorde",5411,GROCERY,SOLE_PROPRIETOR,Ludhiana,Punjab,2024-08-01 17:56:00,XXXX8826,ACTIVE,474.91,False,False,False,False,False,False
MCH8965,bajaj ltd,5942,BOOKS_STATIONERY,INDIVIDUAL,Chennai,Tamil Nadu,2025-01-30 07:02:00,XXXX4056,ACTIVE,326.0,False,False,False,False,False,False
MCH8966,Talwar PLC,5999,MISC_RETAIL,SOLE_PROPRIETOR,Chennai,Tamil Nadu,2023-07-23 00:00:00,XXXX6452,ACTIVE,432.95,False,False,False,False,False,False
MCH8967,"KAKAR, MANDAL AND SEHGAL",4814,TELECOM,PRIVATE_LIMITED,Delhi,Delhi,2024-01-26 00:00:00,XXXX8902,ACTIVE,-3964.67,False,False,True,False,False,False
MCH8968,"MAJUMDAR, SETTY AND SAHNI",5812,RESTAURANT,PRIVATE_LIMITED,Amritsar,Punjab,2026-02-23 13:01:00,,INACTIVE,477.9,False,False,False,False,True,False
MCH8972,VIG INC,5411,GROCERY,PARTNERSHIP,Kolkata,West Bengal,2024-08-17 00:00:00,,ACTIVE,835.08,False,False,False,False,True,False
MCH8974,"Shukla, Gaba and Sani",5912,PHARMACY,SOLE_PROPRIETOR,Delhi,Delhi,2026-02-15 00:00:00,XXXX6249,ACTIVE,438.78,False,False,False,False,False,False
MCH8975,"shanker, kothari and balasubramanian",4814,TELECOM,INDIVIDUAL,Mumbai,Maharashtra,2025-10-24 08:14:24,,ACTIVE,-1231.77,False,False,True,False,True,False
MCH8976,PRAKASH PLC,5699,APPAREL,SOLE_PROPRIETOR,Jalandhar,Punjab,2023-02-15 00:00:00,XXXX7167,INACTIVE,1358.57,False,False,False,False,False,False
MCH8978,TalwarandSons,5942,BOOKS_STATIONERY,SOLE_PROPRIETOR,Mumbai,Maharashtra,2023-05-23 00:00:00,,ACTIVE,4704.55,False,False,False,False,True,False
MCH8980,"peri, karpe and saraf",5699,APPAREL,SOLE_PROPRIETOR,Jalandhar,Punjab,2024-10-24 00:00:00,XXXX9158,ACTIVE,277.5,True,False,False,False,False,False
MCH8981,Tara-Sinha,5999,MISC_RETAIL,INDIVIDUAL,Bengaluru,Karnataka,2025-10-02 00:00:00,XXXX2903,ACTIVE,3617.0,False,False,False,False,False,False
MCH8982,deo-nath,5812,RESTAURANT,PRIVATE_LIMITED,Amritsar,Punjab,2023-07-18 09:15:26,,ACTIVE,1840.43,False,False,False,False,True,False
MCH8984,Sharma Group,5812,RESTAURANT,PRIVATE_LIMITED,Ludhiana,Punjab,2023-06-21 00:00:00,,ACTIVE,590.58,False,False,False,False,True,False
MCH8987,Mander LLC,5942,BOOKS_STATIONERY,PRIVATE_LIMITED,Pune,Maharashtra,2024-02-02 00:00:00,XXXX1556,ACTIVE,881.75,False,False,False,False,False,False
MCH8988,"Ratti, Rattan and Menon",5942,BOOKS_STATIONERY,PRIVATE_LIMITED,Chennai,Tamil Nadu,2026-02-21 19:46:26,XXXX5339,ACTIVE,1897.88,False,False,False,False,False,False
MCH8990,Konda-Comar,4131,TRANSPORT,PRIVATE_LIMITED,Bengaluru,Karnataka,2023-05-12 14:14:04,,ACTIVE,273.69,False,False,False,False,True,False
MCH8994,Shukla-Manne,4814,TELECOM,PARTNERSHIP,Kolkata,West Bengal,2025-11-22 15:26:14,XXXX3303,ACTIVE,2951.22,True,False,False,False,False,False
MCH8995,MAHAJAN GROUP,5999,MISC_RETAIL,PARTNERSHIP,Jalandhar,Punjab,2023-09-12 00:00:00,XXXX2606,ACTIVE,2967.0,False,False,False,False,False,False
MCH8996,Bala-Bhalla,5999,MISC_RETAIL,PRIVATE_LIMITED,Lucknow,Uttar Pradesh,2025-08-18 00:00:00,,ACTIVE,1146.92,True,False,False,False,True,False
MCH8999,"BORDE, REDDY AND MITAL",4131,TRANSPORT,SOLE_PROPRIETOR,Jalandhar,Punjab,2024-06-30 00:00:00,XXXX5712,ACTIVE,-561.7,False,False,True,False,False,False
MCH9001,Mangat-Sachar,4814,TELECOM,INDIVIDUAL,Kolkata,West Bengal,2023-11-09 00:00:00,XXXX2576,ACTIVE,805.62,False,False,False,False,False,False
MCH9002,MANNE LTD,5311,DEPARTMENT_STORE,PARTNERSHIP,Amritsar,Punjab,2023-04-11 00:00:00,XXXX2471,ACTIVE,2336.66,True,False,False,False,False,False
MCH9004,Vaidya-Subramanian,5912,PHARMACY,PRIVATE_LIMITED,Ludhiana,Punjab,2025-03-08 19:05:00,XXXX0005,INACTIVE,-1239.93,True,False,True,False,False,False
MCH9006,Chopra-Sandhu,5699,APPAREL,PARTNERSHIP,Lucknow,Uttar Pradesh,2024-04-03 00:00:00,XXXX5629,ACTIVE,1365.03,False,False,False,False,False,False
MCH9008,"GOUR, AMBLE AND BAKSHI",5411,GROCERY,SOLE_PROPRIETOR,Amritsar,Punjab,2024-12-18 18:50:53,XXXX6873,ACTIVE,1167.35,False,False,False,False,False,False
MCH9009,"Singhal, Patil and Brar",5311,DEPARTMENT_STORE,PRIVATE_LIMITED,Jalandhar,Punjab,2026-02-20 19:57:40,XXXX1036,INACTIVE,1016.03,False,False,False,False,False,False
MCH9012,"Goel, Devan and Grover",5411,GROCERY,SOLE_PROPRIETOR,Amritsar,Punjab,2025-09-16 06:09:00,XXXX8417,INACTIVE,603.58,False,False,False,False,False,False
MCH9014,Konda-Ram,4814,TELECOM,SOLE_PROPRIETOR,Ludhiana,Punjab,2025-08-15 00:00:00,,ACTIVE,485.94,False,False,False,False,True,False
MCH9015,PRASHAD INC,5812,RESTAURANT,SOLE_PROPRIETOR,Chennai,Tamil Nadu,2025-08-05 00:00:00,XXXX4666,ACTIVE,787.45,False,False,False,False,False,False
MCH9016,Upadhyay-Sethi,4814,TELECOM,PARTNERSHIP,Mumbai,Maharashtra,2025-07-27 08:59:26,XXXX7823,ACTIVE,764.46,False,False,False,False,False,False
MCH9018,Zacharia and Sons,5942,BOOKS_STATIONERY,INDIVIDUAL,Bengaluru,Karnataka,2024-03-06 00:00:00,,ACTIVE,594.92,False,False,False,False,True,False
MCH9021,Dubey PLC,4814,TELECOM,PRIVATE_LIMITED,Jaipur,Rajasthan,2023-10-03 00:00:00,XXXX4205,INACTIVE,214.99,False,False,False,False,False,False
MCH9022,"Kunda,DugarandKari",5699,APPAREL,INDIVIDUAL,Amritsar,Punjab,2026-01-24 00:00:00,,ACTIVE,1439.0,False,False,False,False,True,False
MCH9027,"Dani, Soni and Nagy",7011,HOTEL,PARTNERSHIP,Jalandhar,Punjab,2023-10-26 00:00:00,XXXX0115,ACTIVE,-905.68,False,False,True,False,False,False
MCH9029,Hayre and Sons,5311,DEPARTMENT_STORE,INDIVIDUAL,Amritsar,Punjab,2025-11-19 00:00:00,,ACTIVE,,False,False,False,True,True,False
MCH9032,Johal-Vaidya,5311,DEPARTMENT_STORE,PARTNERSHIP,Mumbai,Maharashtra,2023-06-07 06:53:00,,ACTIVE,821.89,False,False,False,False,True,False
MCH9035,Merchant PLC,5411,GROCERY,PRIVATE_LIMITED,Jaipur,Rajasthan,2023-02-04 00:00:00,XXXX9773,ACTIVE,-1280.34,False,False,True,False,False,False
MCH9036,CHERIAN LLC,5699,APPAREL,SOLE_PROPRIETOR,Ludhiana,Punjab,2023-05-17 18:31:08,XXXX5926,ACTIVE,928.81,False,False,False,False,False,False
MCH9037,Varty-Vaidya,4131,TRANSPORT,PRIVATE_LIMITED,Jalandhar,Punjab,2023-04-17 21:34:00,XXXX4749,ACTIVE,2383.02,False,False,False,False,False,False
MCH9038,"Dara, Pai and Saxena",5699,APPAREL,SOLE_PROPRIETOR,Ludhiana,Punjab,2024-04-18 00:00:00,XXXX0438,ACTIVE,2740.86,True,False,False,False,False,False
MCH9040,Sharma-Dubey,5942,BOOKS_STATIONERY,SOLE_PROPRIETOR,Jaipur,Rajasthan,2023-06-25 10:52:00,XXXX1697,ACTIVE,573.1,True,False,False,False,False,False
MCH9041,Kade-Sahota,4131,TRANSPORT,INDIVIDUAL,Pune,Maharashtra,,XXXX2107,ACTIVE,2738.21,False,False,False,False,False,True
MCH9043,Setty and Sons,7011,HOTEL,PARTNERSHIP,Pune,Maharashtra,2024-02-10 00:00:00,,ACTIVE,3323.0,False,False,False,False,True,False
MCH9045,"Kaul, Sethi and Vaidya",4814,TELECOM,PARTNERSHIP,Bengaluru,Karnataka,,XXXX8934,INACTIVE,1488.0,False,False,False,False,False,True
MCH9048,Kalla PLC,5812,RESTAURANT,PARTNERSHIP,Jalandhar,Punjab,2023-09-18 04:32:57,,ACTIVE,544.22,False,False,False,False,True,False
MCH9049,Babu-Bali,5812,RESTAURANT,INDIVIDUAL,Bengaluru,Karnataka,2023-07-02 10:16:00,XXXX7773,ACTIVE,2337.3,False,False,False,False,False,False
MCH9050,Bali Ltd,4131,TRANSPORT,INDIVIDUAL,Jalandhar,Punjab,2025-06-01 00:00:00,XXXX4958,INACTIVE,847.23,False,False,False,False,False,False
MCH9051,"Gara, Keer and Padmanabhan",4814,TELECOM,SOLE_PROPRIETOR,Bengaluru,Karnataka,2023-07-16 00:00:00,XXXX6304,ACTIVE,1715.14,False,False,False,False,False,False
MCH9052,ramaswamy-chhabra,5942,BOOKS_STATIONERY,PARTNERSHIP,Mumbai,Maharashtra,2024-11-10 00:00:00,,ACTIVE,-534.11,True,False,True,False,True,False
MCH9056,"Misra, Kalita and Kapur",5942,BOOKS_STATIONERY,PRIVATE_LIMITED,Lucknow,Uttar Pradesh,2023-06-17 00:00:00,XXXX2688,ACTIVE,497.59,False,False,False,False,False,False
MCH9057,Dayal Ltd,5942,BOOKS_STATIONERY,PARTNERSHIP,Jaipur,Rajasthan,2024-10-11 00:00:00,XXXX4286,ACTIVE,728.46,True,False,False,False,False,False
MCH9059,Shroff Ltd,5311,DEPARTMENT_STORE,PRIVATE_LIMITED,Jalandhar,Punjab,2023-07-18 00:00:00,,ACTIVE,399.71,False,False,False,False,True,False
MCH9060,"RAMASWAMY, SINGHAL AND DEEP",5999,MISC_RETAIL,INDIVIDUAL,Mumbai,Maharashtra,2023-01-01 00:00:00,,ACTIVE,1011.0,False,False,False,False,True,False
MCH9063,"Bhatt, Sabharwal and Devi",5699,APPAREL,SOLE_PROPRIETOR,Kolkata,West Bengal,2023-09-10 00:00:00,XXXX6663,INACTIVE,,False,False,False,True,False,False
MCH9067,Korpal-Som,4814,TELECOM,PRIVATE_LIMITED,Amritsar,Punjab,2024-10-04 00:00:00,XXXX0268,INACTIVE,1246.81,False,False,False,False,False,False
MCH9068,Halder PLC,5699,APPAREL,PRIVATE_LIMITED,Jalandhar,Punjab,2023-10-08 00:00:00,XXXX3540,ACTIVE,5193.72,False,False,False,False,False,False
MCH9070,"buch, samra and tata",5912,PHARMACY,PARTNERSHIP,Lucknow,Uttar Pradesh,2023-11-19 07:02:51,XXXX5311,ACTIVE,5075.53,False,False,False,False,False,False
MCH9074,Sa1vi-Tata,7011,HOTEL,PARTNERSHIP,Chennai,Tamil Nadu,2025-04-24 00:00:00,XXXX6816,ACTIVE,1227.0,False,False,False,False,False,False
MCH9075,BHAKTA INC,4814,TELECOM,PARTNERSHIP,Delhi,Delhi,2023-10-20 00:00:00,,INACTIVE,1186.46,False,False,False,False,True,False
MCH9080,Jani and Sons,5699,APPAREL,PARTNERSHIP,Lucknow,Uttar Pradesh,2025-05-13 00:00:00,XXXX8347,INACTIVE,672.43,False,False,False,False,False,False
MCH9081,Patil-Hans,4814,TELECOM,INDIVIDUAL,Mumbai,Maharashtra,2025-06-12 12:49:19,XXXX5116,ACTIVE,,False,False,False,True,False,False
MCH9082,Din-Batta,5311,DEPARTMENT_STORE,PRIVATE_LIMITED,Mumbai,Maharashtra,2024-02-18 00:00:00,XXXX5721,INACTIVE,4454.42,False,False,False,False,False,False
MCH9083,"Gera, Varghese and Karpe",5311,DEPARTMENT_STORE,PRIVATE_LIMITED,Jaipur,Rajasthan,2025-05-19 00:31:00,XXXX5725,ACTIVE,3755.09,False,False,False,False,False,False
MCH9088,Bhardwaj-Bala,5999,MISC_RETAIL,PARTNERSHIP,Chennai,Tamil Nadu,2025-06-26 00:00:00,XXXX2198,ACTIVE,4130.0,False,False,False,False,False,False
MCH9091,"Dewan, Hayre and Kala",4131,TRANSPORT,SOLE_PROPRIETOR,Amritsar,Punjab,,XXXX6414,INACTIVE,4267.28,False,False,False,False,False,True
MCH9092,Mall-Deshpande,7011,HOTEL,PARTNERSHIP,Delhi,Delhi,2025-12-26 00:00:00,XXXX3451,INACTIVE,1485.1,False,False,False,False,False,False
MCH9094,"YADAV, ZACHARIA AND DUTT",5912,PHARMACY,SOLE_PROPRIETOR,Ludhiana,Punjab,2023-09-24 00:00:00,XXXX0313,INACTIVE,1081.32,False,False,False,False,False,False
MCH9095,Mital-Reddy,4814,TELECOM,PARTNERSHIP,Lucknow,Uttar Pradesh,2025-12-07 00:00:00,,INACTIVE,1105.17,False,False,False,False,True,False
MCH9096,Tandon-Thaman,5999,MISC_RETAIL,INDIVIDUAL,Delhi,Delhi,2023-09-03 00:00:00,XXXX5613,ACTIVE,2658.35,False,False,False,False,False,False
MCH9098,Manda and Sons,5812,RESTAURANT,PARTNERSHIP,Bengaluru,Karnataka,2024-03-03 16:14:27,XXXX2826,ACTIVE,870.0,False,False,False,False,False,False
MCH9100,Dey-Bandi,5999,MISC_RETAIL,SOLE_PROPRIETOR,Mumbai,Maharashtra,2023-01-23 11:38:30,XXXX4872,ACTIVE,707.08,False,False,False,False,False,False
MCH9101,Pal-Ramesh,4131,TRANSPORT,PARTNERSHIP,Pune,Maharashtra,2024-05-29 14:48:09,XXXX0762,ACTIVE,1223.0,True,False,False,False,False,False
MCH9102,sastry-wali,5942,BOOKS_STATIONERY,PRIVATE_LIMITED,Pune,Maharashtra,2025-06-30 04:03:18,XXXX5592,ACTIVE,1846.0,False,False,False,False,False,False
MCH9104,Mannan-Kaul,4131,TRANSPORT,SOLE_PROPRIETOR,Amritsar,Punjab,2023-08-17 14:59:00,XXXX9446,ACTIVE,-1425.14,False,False,True,False,False,False
MCH9107,"Devi, Chhabra and Sharaf",5699,APPAREL,SOLE_PROPRIETOR,Pune,Maharashtra,2026-02-22 08:24:38,XXXX5997,ACTIVE,637.0,False,False,False,False,False,False
MCH9109,"Som, Mittal and Wable",5699,APPAREL,PARTNERSHIP,Amritsar,Punjab,2024-11-08 00:00:00,XXXX6670,ACTIVE,553.0,False,False,False,False,False,False
MCH9110,Barad LLC,7011,HOTEL,INDIVIDUAL,Lucknow,Uttar Pradesh,2024-08-01 13:01:22,XXXX8331,INACTIVE,1477.89,False,False,False,False,False,False
MCH9111,"Dhar, Thaker and Madan",5999,MISC_RETAIL,PRIVATE_LIMITED,Kolkata,West Bengal,2024-08-11 00:00:00,XXXX7487,ACTIVE,1785.1,False,False,False,False,False,False
MCH9112,Pingle-Natt,5311,DEPARTMENT_STORE,SOLE_PROPRIETOR,Lucknow,Uttar Pradesh,2023-09-18 08:56:52,XXXX8580,INACTIVE,356.0,False,False,False,False,False,False
MCH9114,Narayan-Kalita,5699,APPAREL,INDIVIDUAL,Bengaluru,Karnataka,2025-03-08 21:47:49,XXXX0713,ACTIVE,2471.0,False,False,False,False,False,False
MCH9117,"KALE, KOHLI AND CHHABRA",5942,BOOKS_STATIONERY,SOLE_PROPRIETOR,Jalandhar,Punjab,,,INACTIVE,206.51,False,False,False,False,True,True
MCH9119,Dyal-Salvi,4814,TELECOM,PARTNERSHIP,Chennai,Tamil Nadu,2023-04-20 00:00:00,,ACTIVE,6428.96,False,False,False,False,True,False
MCH9120,sood ltd,7011,HOTEL,SOLE_PROPRIETOR,Mumbai,Maharashtra,2025-09-24 21:17:00,,ACTIVE,680.9,False,False,False,False,True,False
MCH9121,Divan-Char,5942,BOOKS_STATIONERY,PARTNERSHIP,Amritsar,Punjab,2025-02-18 00:00:00,XXXX7320,INACTIVE,-339.98,False,False,True,False,False,False
MCH9125,Raghavan PLC,5999,MISC_RETAIL,INDIVIDUAL,Jaipur,Rajasthan,2024-10-10 00:00:00,,ACTIVE,1723.08,True,False,False,False,True,False
MCH9126,Anne-Chahal,5411,GROCERY,PARTNERSHIP,Hyderabad,Telangana,2023-03-05 00:00:00,,ACTIVE,,False,False,False,True,True,False
MCH9128,"Vig, Menon and Prabhakar",5942,BOOKS_STATIONERY,SOLE_PROPRIETOR,Delhi,Delhi,2023-08-30 06:57:00,XXXX4425,ACTIVE,594.0,False,False,False,False,False,False
MCH9129,"sinha, chauhan and sathe",5411,GROCERY,PARTNERSHIP,Kolkata,West Bengal,2025-07-06 00:00:00,XXXX8177,ACTIVE,914.12,False,False,False,False,False,False
MCH9130,Chhabra LLC,5812,RESTAURANT,PRIVATE_LIMITED,Jalandhar,Punjab,2024-12-09 00:00:00,,ACTIVE,1786.29,False,False,False,False,True,False
MCH9131,"Arya, Narang and Maharaj",7011,HOTEL,INDIVIDUAL,Jaipur,Rajasthan,2024-04-19 05:10:00,,ACTIVE,6588.75,False,False,False,False,True,False
MCH9132,Shankar-Bahl,4814,TELECOM,INDIVIDUAL,Pune,Maharashtra,2023-12-04 18:44:00,XXXX6153,INACTIVE,2278.28,False,False,False,False,False,False
MCH9133,"Rai, Nadig and Karpe",4131,TRANSPORT,PRIVATE_LIMITED,Ludhiana,Punjab,2025-03-09 00:00:00,,ACTIVE,-268.65,False,False,True,False,True,False
MCH9134,Edwin-Viswanathan,5699,APPAREL,SOLE_PROPRIETOR,Jalandhar,Punjab,,,ACTIVE,1602.69,False,False,False,False,True,True
MCH9135,"NATH, SAMRA AND CHOPRA",4814,TELECOM,SOLE_PROPRIETOR,Kolkata,West Bengal,2026-02-04 01:44:00,XXXX8758,ACTIVE,387.53,False,False,False,False,False,False
MCH9136,Mody Ltd,5411,GROCERY,INDIVIDUAL,Chennai,Tamil Nadu,2024-07-10 00:00:00,XXXX0073,ACTIVE,1976.5,False,False,False,False,False,False
MCH9137,Chakrabarti PLC,4131,TRANSPORT,PRIVATE_LIMITED,Jaipur,Rajasthan,2023-11-19 00:00:00,XXXX6117,ACTIVE,347.82,False,False,False,False,False,False
MCH9140,Raghavan-Batta,4814,TELECOM,INDIVIDUAL,Bengaluru,Karnataka,2024-11-04 20:20:17,XXXX4406,ACTIVE,755.01,False,False,False,False,False,False
MCH9143,Prakash Inc,5812,RESTAURANT,PARTNERSHIP,Lucknow,Uttar Pradesh,2023-03-02 00:00:00,XXXX9977,ACTIVE,1791.89,False,False,False,False,False,False
MCH9145,CHAD-KARPE,5699,APPAREL,PARTNERSHIP,Jaipur,Rajasthan,2024-11-08 19:13:00,XXXX0351,ACTIVE,359.12,False,False,False,False,False,False
MCH9147,Bedi-Dugar,5912,PHARMACY,SOLE_PROPRIETOR,Bengaluru,Karnataka,2024-05-31 05:15:00,,ACTIVE,1264.98,False,False,False,False,True,False
MCH9148,Venkatesh and Sons,7011,HOTEL,SOLE_PROPRIETOR,Hyderabad,Telangana,2023-07-16 21:32:00,XXXX2774,ACTIVE,503.0,False,False,False,False,False,False
MCH9149,varghese plc,5411,GROCERY,INDIVIDUAL,Jaipur,Rajasthan,2025-12-26 00:00:00,,ACTIVE,3708.64,False,False,False,False,True,False
MCH9151,Ravi Ltd,4131,TRANSPORT,PARTNERSHIP,Jalandhar,Punjab,2025-06-26 08:37:00,,INACTIVE,779.12,False,False,False,False,True,False
MCH9152,KARA-PARIKH,4814,TELECOM,SOLE_PROPRIETOR,Lucknow,Uttar Pradesh,2024-12-01 00:00:00,,ACTIVE,5009.29,False,False,False,False,True,False
MCH9153,Amble and Sons,4131,TRANSPORT,SOLE_PROPRIETOR,Amritsar,Punjab,2025-04-11 00:00:00,XXXX6825,ACTIVE,,False,False,False,True,False,False
MCH9154,"PAL, DARA AND YADAV",5999,MISC_RETAIL,PRIVATE_LIMITED,Jaipur,Rajasthan,2025-07-12 00:00:00,XXXX2752,ACTIVE,3887.81,False,False,False,False,False,False
MCH9158,"Sachdeva, Va1a and Bedi",5812,RESTAURANT,SOLE_PROPRIETOR,Lucknow,Uttar Pradesh,,XXXX2873,INACTIVE,6181.65,False,False,False,False,False,True
MCH9160,Som Ltd,4814,TELECOM,PARTNERSHIP,Ludhiana,Punjab,2025-01-29 00:00:00,XXXX9537,ACTIVE,722.22,False,False,False,False,False,False
MCH9161,Patla Group,5311,DEPARTMENT_STORE,INDIVIDUAL,Pune,Maharashtra,2024-10-25 00:00:00,XXXX6366,ACTIVE,-1771.36,False,False,True,False,False,False
MCH9162,Shankar-Shah,5999,MISC_RETAIL,PRIVATE_LIMITED,Bengaluru,Karnataka,2023-02-22 00:00:00,XXXX1527,ACTIVE,,False,False,False,True,False,False
MCH9164,MITAL AND SONS,5699,APPAREL,PRIVATE_LIMITED,Delhi,Delhi,2025-08-12 00:00:00,,ACTIVE,4681.79,True,False,False,False,True,False
MCH9165,"Iyengar, Raja and Bhasin",5411,GROCERY,PRIVATE_LIMITED,Lucknow,Uttar Pradesh,2024-03-01 00:00:00,XXXX0194,ACTIVE,1898.13,False,False,False,False,False,False
MCH9173,BUMB-BANDI,5999,MISC_RETAIL,SOLE_PROPRIETOR,Pune,Maharashtra,2023-06-26 02:58:00,,ACTIVE,450.27,False,False,False,False,True,False
MCH9174,"Chander, Goswami and Butala",7011,HOTEL,PARTNERSHIP,Jalandhar,Punjab,2024-06-14 12:24:00,XXXX7543,ACTIVE,914.67,False,False,False,False,False,False
MCH9175,BHATT LTD,7011,HOTEL,SOLE_PROPRIETOR,Bengaluru,Karnataka,2025-04-27 18:17:00,XXXX4885,ACTIVE,567.73,False,False,False,False,False,False
MCH9176,Jayaraman PLC,5311,DEPARTMENT_STORE,PRIVATE_LIMITED,Jalandhar,Punjab,2025-08-16 00:00:00,,INACTIVE,609.42,False,False,False,False,True,False
MCH9180,RamaswamyPLC,5699,APPAREL,INDIVIDUAL,Pune,Maharashtra,2025-08-08 00:00:00,,ACTIVE,-1761.26,False,False,True,False,True,False
MCH9185,Om Ltd,5812,RESTAURANT,PARTNERSHIP,Kolkata,West Bengal,2025-09-22 00:00:00,XXXX2377,INACTIVE,311.59,False,False,False,False,False,False
MCH9187,MANE AND SONS,5812,RESTAURANT,INDIVIDUAL,Hyderabad,Telangana,2025-12-18 00:00:00,,ACTIVE,508.01,False,False,False,False,True,False
MCH9188,Randhawa PLC,4814,TELECOM,PARTNERSHIP,Jalandhar,Punjab,2024-09-11 00:00:00,XXXX7941,ACTIVE,,False,False,False,True,False,False
MCH9190,"Dugar, Babu and Ba1a",5812,RESTAURANT,INDIVIDUAL,Chennai,Tamil Nadu,2025-01-24 00:00:00,,ACTIVE,471.43,False,False,False,False,True,False
MCH9192,gandhi llc,5912,PHARMACY,INDIVIDUAL,Jaipur,Rajasthan,2025-03-01 00:00:00,,ACTIVE,1758.06,False,False,False,False,True,False
MCH9193,Ramachandran-Rao,5699,APPAREL,INDIVIDUAL,Bengaluru,Karnataka,2024-04-07 00:00:00,XXXX3147,ACTIVE,1693.53,False,False,False,False,False,False
MCH9195,"Manne, Parsa and Ratta",5311,DEPARTMENT_STORE,INDIVIDUAL,Kolkata,West Bengal,2025-01-08 03:54:16,XXXX4221,ACTIVE,1304.69,False,False,False,False,False,False
MCH9196,"Dani, Palla and Ramachandran",7011,HOTEL,SOLE_PROPRIETOR,Hyderabad,Telangana,2023-02-04 00:00:00,XXXX4438,ACTIVE,403.86,False,False,False,False,False,False
MCH9199,Goda-Patel,4814,TELECOM,PARTNERSHIP,Lucknow,Uttar Pradesh,2024-12-23 00:00:00,XXXX5124,ACTIVE,992.24,False,False,False,False,False,False
MCH9201,Ramachandran PLC,4814,TELECOM,PRIVATE_LIMITED,Jaipur,Rajasthan,2024-10-02 18:21:00,,ACTIVE,1064.13,False,False,False,False,True,False
MCH9203,PATEL-BHASIN,7011,HOTEL,PARTNERSHIP,Delhi,Delhi,2025-04-14 00:00:00,XXXX4448,ACTIVE,1305.76,False,False,False,False,False,False
MCH9205,Lala Ltd,4131,TRANSPORT,PRIVATE_LIMITED,Kolkata,West Bengal,2024-11-26 04:12:00,XXXX6473,INACTIVE,569.25,False,False,False,False,False,False
MCH9207,"Gola, Prabhu and Sood",5311,DEPARTMENT_STORE,PRIVATE_LIMITED,Kolkata,West Bengal,2025-02-14 20:21:36,XXXX9079,ACTIVE,1107.16,False,False,False,False,False,False
MCH9208,Lala-Tiwari,5942,BOOKS_STATIONERY,PARTNERSHIP,Amritsar,Punjab,2023-05-17 00:00:00,,INACTIVE,338.09,False,False,False,False,True,False
MCH9211,Dubey-Kurian,7011,HOTEL,INDIVIDUAL,Jalandhar,Punjab,2023-08-01 00:00:00,XXXX5476,ACTIVE,2981.74,False,False,False,False,False,False
MCH9216,AMBLE-THAMAN,5912,PHARMACY,PARTNERSHIP,Ludhiana,Punjab,2025-02-10 00:00:00,XXXX0188,ACTIVE,2329.15,True,False,False,False,False,False
MCH9219,Baria Inc,4814,TELECOM,SOLE_PROPRIETOR,Jaipur,Rajasthan,2024-07-29 00:00:00,XXXX1370,ACTIVE,1931.0,False,False,False,False,False,False
MCH9220,"Agate,BoaseandKurian",4131,TRANSPORT,SOLE_PROPRIETOR,Delhi,Delhi,,XXXX4686,INACTIVE,-728.01,False,False,True,False,False,True
MCH9223,D’Alia-Hans,5699,APPAREL,PARTNERSHIP,Chennai,Tamil Nadu,2024-12-09 02:24:19,XXXX4506,ACTIVE,376.0,False,False,False,False,False,False
MCH9226,"Sandhu, Jha and Randhawa",5699,APPAREL,INDIVIDUAL,Pune,Maharashtra,2024-12-03 00:00:00,XXXX3955,ACTIVE,5451.11,False,False,False,False,False,False
MCH9228,Ram Inc,5999,MISC_RETAIL,INDIVIDUAL,Hyderabad,Telangana,2025-10-19 16:20:00,XXXX4276,ACTIVE,1661.79,False,False,False,False,False,False
MCH9229,Anne-Parikh,5942,BOOKS_STATIONERY,PRIVATE_LIMITED,Jaipur,Rajasthan,2025-10-23 00:00:00,,INACTIVE,173.81,True,False,False,False,True,False
MCH9231,Kala-Dugar,4131,TRANSPORT,PARTNERSHIP,Pune,Maharashtra,,XXXX1283,ACTIVE,228.82,False,False,False,False,False,True
MCH9232,Ahuja-Chaudhry,4131,TRANSPORT,INDIVIDUAL,Hyderabad,Telangana,2023-04-20 00:00:00,XXXX7963,ACTIVE,361.11,False,False,False,False,False,False
MCH9234,"Jhaveri, Chandran and Shukla",7011,HOTEL,PARTNERSHIP,Lucknow,Uttar Pradesh,2024-07-26 00:00:00,XXXX3221,ACTIVE,762.04,False,False,False,False,False,False
MCH9237,GOKHALE INC,5912,PHARMACY,PRIVATE_LIMITED,Ludhiana,Punjab,2025-09-28 00:00:00,XXXX1229,ACTIVE,1901.54,False,False,False,False,False,False
MCH9239,BALAKRISHNAN-DAS,5411,GROCERY,PARTNERSHIP,Bengaluru,Karnataka,2025-12-11 06:31:01,XXXX2607,ACTIVE,,False,False,False,True,False,False
MCH9242,"Kadakia, Yadav and Seshadri",7011,HOTEL,PARTNERSHIP,Hyderabad,Telangana,2023-03-10 00:00:00,XXXX4049,INACTIVE,1024.36,False,False,False,False,False,False
MCH9245,zachariah-suri,5311,DEPARTMENT_STORE,INDIVIDUAL,Jalandhar,Punjab,2023-05-03 00:00:00,XXXX8506,ACTIVE,328.18,False,False,False,False,False,False
MCH9246,"Krishna, Wable and Kanda",4814,TELECOM,SOLE_PROPRIETOR,Pune,Maharashtra,2023-03-01 00:00:00,XXXX5813,ACTIVE,859.77,False,False,False,False,False,False
MCH9249,"Aggarwal, Agarwal and Naidu",5699,APPAREL,PARTNERSHIP,Chennai,Tamil Nadu,2025-12-23 00:00:00,XXXX8648,ACTIVE,-3533.14,False,False,True,False,False,False
MCH9251,"Venkatesh, Randhawa and Lal",4131,TRANSPORT,SOLE_PROPRIETOR,Lucknow,Uttar Pradesh,2026-01-02 09:37:10,XXXX5230,ACTIVE,621.25,False,False,False,False,False,False
MCH9253,Gole LLC,5699,APPAREL,SOLE_PROPRIETOR,Amritsar,Punjab,2024-05-09 20:29:36,XXXX9261,ACTIVE,1349.23,False,False,False,False,False,False
MCH9255,"Hegde, Dass and Sehgal",5699,APPAREL,PRIVATE_LIMITED,Amritsar,Punjab,2023-07-19 10:19:06,,ACTIVE,1054.61,False,False,False,False,True,False
MCH9257,Deep-Venkataraman,7011,HOTEL,PARTNERSHIP,Amritsar,Punjab,2023-12-17 00:00:00,XXXX0628,ACTIVE,705.83,False,False,False,False,False,False
MCH9258,Edwin Inc,5942,BOOKS_STATIONERY,PARTNERSHIP,Lucknow,Uttar Pradesh,2024-09-26 00:00:00,XXXX4564,ACTIVE,1647.77,False,False,False,False,False,False
MCH9261,Gupta-Manne,5812,RESTAURANT,INDIVIDUAL,Jaipur,Rajasthan,2025-07-10 09:04:41,,ACTIVE,2734.0,False,False,False,False,True,False
MCH9263,"Chatterjee, Anand and Mani",5999,MISC_RETAIL,PARTNERSHIP,Kolkata,West Bengal,2024-05-05 00:44:32,,ACTIVE,628.47,False,False,False,False,True,False
MCH9266,"Badami, Pathak and Nanda",5699,APPAREL,PRIVATE_LIMITED,Pune,Maharashtra,2024-09-10 19:17:00,XXXX4174,ACTIVE,157.82,False,False,False,False,False,False
MCH9271,"Bera, Contractor and Trivedi",4131,TRANSPORT,SOLE_PROPRIETOR,Delhi,Delhi,2025-02-20 00:00:00,XXXX7655,ACTIVE,,False,False,False,True,False,False
MCH9276,TRIVEDI-KUNDA,5699,APPAREL,INDIVIDUAL,Delhi,Delhi,2025-12-31 04:58:00,XXXX9182,ACTIVE,2310.01,False,False,False,False,False,False
MCH9277,Pa1-R0ut,5942,BOOKS_STATIONERY,INDIVIDUAL,Amritsar,Punjab,2026-02-10 18:58:24,,ACTIVE,963.33,False,False,False,False,True,False
MCH9278,Pant PLC,5942,BOOKS_STATIONERY,PARTNERSHIP,Bengaluru,Karnataka,2024-06-25 23:31:00,XXXX4286,ACTIVE,822.0,False,False,False,False,False,False
MCH9279,Choudhury LLC,5411,GROCERY,SOLE_PROPRIETOR,Kolkata,West Bengal,2024-11-18 00:00:00,XXXX8759,ACTIVE,644.81,False,False,False,False,False,False
MCH9287,"Datta, Virk and Arya",5999,MISC_RETAIL,INDIVIDUAL,Amritsar,Punjab,2025-09-21 00:00:00,XXXX9129,ACTIVE,636.69,False,False,False,False,False,False
MCH9289,LALL LLC,7011,HOTEL,PRIVATE_LIMITED,Kolkata,West Bengal,2025-12-08 09:38:21,XXXX4196,ACTIVE,3024.28,False,False,False,False,False,False
MCH9290,"Gole, Viswanathan and Brahmbhatt",7011,HOTEL,PARTNERSHIP,Ludhiana,Punjab,,,INACTIVE,1704.51,False,False,False,False,True,True
MCH9291,"Thakkar, Bath and Uppal",5311,DEPARTMENT_STORE,SOLE_PROPRIETOR,Lucknow,Uttar Pradesh,2024-12-24 06:25:11,XXXX5444,INACTIVE,3529.0,True,False,False,False,False,False
MCH9296,Bhakta-Sen,5699,APPAREL,PRIVATE_LIMITED,Delhi,Delhi,2024-12-29 00:00:00,XXXX1809,ACTIVE,453.57,False,False,False,False,False,False
MCH9298,Jain Ltd,5942,BOOKS_STATIONERY,SOLE_PROPRIETOR,Bengaluru,Karnataka,2024-02-03 12:58:21,XXXX4996,ACTIVE,8519.11,False,False,False,False,False,False
MCH9299,Pathak-Menon,5812,RESTAURANT,SOLE_PROPRIETOR,Ludhiana,Punjab,2024-04-28 07:03:55,,ACTIVE,3015.0,False,False,False,False,True,False
MCH9302,Savant-Dave,5311,DEPARTMENT_STORE,PARTNERSHIP,Bengaluru,Karnataka,2025-08-17 00:00:00,,ACTIVE,543.56,False,False,False,False,True,False
MCH9304,Char Ltd,4814,TELECOM,INDIVIDUAL,Bengaluru,Karnataka,2024-01-05 00:00:00,,ACTIVE,531.14,False,False,False,False,True,False
MCH9306,Zachariah-Anne,5942,BOOKS_STATIONERY,PARTNERSHIP,Mumbai,Maharashtra,2026-02-10 00:00:00,XXXX8479,ACTIVE,1250.09,False,False,False,False,False,False
MCH9307,"Bajwa, Dhawan and Guha",5812,RESTAURANT,SOLE_PROPRIETOR,Jalandhar,Punjab,2024-03-07 00:00:00,,ACTIVE,468.19,True,False,False,False,True,False
MCH9310,Ganguly-Tella,7011,HOTEL,INDIVIDUAL,Pune,Maharashtra,2024-03-29 00:00:00,XXXX9831,ACTIVE,-482.88,False,False,True,False,False,False
MCH9311,"Dyal, Mohan and Patla",5942,BOOKS_STATIONERY,SOLE_PROPRIETOR,Bengaluru,Karnataka,2025-02-16 00:00:00,XXXX6699,ACTIVE,1774.56,False,False,False,False,False,False
MCH9316,Bandi Ltd,5411,GROCERY,SOLE_PROPRIETOR,Ludhiana,Punjab,2025-08-21 00:00:00,XXXX7992,ACTIVE,1198.18,False,False,False,False,False,False
MCH9319,LadInc,5699,APPAREL,SOLE_PROPRIETOR,Jalandhar,Punjab,2025-07-20 00:00:00,XXXX7774,ACTIVE,839.54,False,False,False,False,False,False
MCH9320,Char Inc,5411,GROCERY,PRIVATE_LIMITED,Hyderabad,Telangana,2025-11-22 00:00:00,XXXX2569,ACTIVE,695.0,False,False,False,False,False,False
MCH9322,"Khosla, Walia and Deep",5311,DEPARTMENT_STORE,PARTNERSHIP,Kolkata,West Bengal,2024-07-15 00:00:00,XXXX6036,ACTIVE,1060.15,False,False,False,False,False,False
MCH9325,"Patel, Parikh and Kaul",4814,TELECOM,PRIVATE_LIMITED,Lucknow,Uttar Pradesh,2023-03-13 00:58:46,XXXX6200,ACTIVE,1538.45,False,False,False,False,False,False
MCH9332,GALA INC,5699,APPAREL,PRIVATE_LIMITED,Amritsar,Punjab,2023-03-21 00:00:00,XXXX9903,ACTIVE,1348.88,False,False,False,False,False,False
MCH9335,Shenoy Group,5699,APPAREL,PARTNERSHIP,Lucknow,Uttar Pradesh,2024-07-07 04:29:20,,ACTIVE,1203.23,False,False,False,False,True,False
MCH9338,D’Alia-Mitter,5942,BOOKS_STATIONERY,PARTNERSHIP,Mumbai,Maharashtra,2025-07-01 00:00:00,,ACTIVE,604.36,True,False,False,False,True,False
MCH9340,Mallick-Konda,5999,MISC_RETAIL,INDIVIDUAL,Bengaluru,Karnataka,2025-01-24 13:55:00,,INACTIVE,1550.33,False,False,False,False,True,False
MCH9342,Dua-Lala,5999,MISC_RETAIL,SOLE_PROPRIETOR,Bengaluru,Karnataka,2025-04-17 11:33:00,XXXX5431,INACTIVE,1698.37,False,False,False,False,False,False
MCH9343,Sridhar-Sarna,7011,HOTEL,PARTNERSHIP,Chennai,Tamil Nadu,2025-08-16 00:00:00,XXXX5274,ACTIVE,287.96,False,False,False,False,False,False
MCH9345,Mahal Inc,4814,TELECOM,PRIVATE_LIMITED,Amritsar,Punjab,2025-11-30 00:00:00,XXXX3955,ACTIVE,4834.52,False,False,False,False,False,False
MCH9348,"TOOR, PAREKH AND AGATE",5942,BOOKS_STATIONERY,PRIVATE_LIMITED,Amritsar,Punjab,2025-03-30 00:00:00,XXXX2650,ACTIVE,4472.44,False,False,False,False,False,False
MCH9349,"Bhat, Suri and Khalsa",5999,MISC_RETAIL,INDIVIDUAL,Hyderabad,Telangana,2023-07-15 00:00:00,XXXX5714,ACTIVE,2394.34,False,False,False,False,False,False
MCH9350,SINGH-SANE,5411,GROCERY,PRIVATE_LIMITED,Ludhiana,Punjab,2023-04-13 00:00:00,XXXX6181,ACTIVE,840.43,False,False,False,False,False,False
MCH9352,RAMANATHAN-LALA,4131,TRANSPORT,PARTNERSHIP,Bengaluru,Karnataka,2026-02-09 00:00:00,XXXX7472,ACTIVE,1121.19,False,False,False,False,False,False
MCH9353,Ray-Gaba,5812,RESTAURANT,PRIVATE_LIMITED,Pune,Maharashtra,2023-09-21 00:00:00,XXXX8215,ACTIVE,1357.72,False,False,False,False,False,False
MCH9354,"SRINIVASAN, BHARGAVA AND SATHE",7011,HOTEL,PRIVATE_LIMITED,Pune,Maharashtra,2025-12-26 03:14:06,XXXX2027,ACTIVE,272.4,False,False,False,False,False,False
MCH9355,Vig PLC,5912,PHARMACY,PARTNERSHIP,Jalandhar,Punjab,2024-11-01 00:00:00,XXXX4435,ACTIVE,1697.72,False,False,False,False,False,False
MCH9356,WagleLLC,5411,GROCERY,PARTNERSHIP,Delhi,Delhi,2025-09-15 00:00:00,XXXX8552,ACTIVE,862.0,False,False,False,False,False,False
MCH9358,Shroff Ltd,5311,DEPARTMENT_STORE,SOLE_PROPRIETOR,Kolkata,West Bengal,2023-05-21 00:00:00,XXXX7468,ACTIVE,1856.54,False,False,False,False,False,False
MCH9359,"Ramanathan, Parekh and Agrawal",4131,TRANSPORT,PARTNERSHIP,Ludhiana,Punjab,2023-04-08 13:17:52,XXXX6652,ACTIVE,3245.01,False,False,False,False,False,False
MCH9362,"Lala, Oza and Chahal",5912,PHARMACY,SOLE_PROPRIETOR,Delhi,Delhi,2024-04-25 00:00:00,XXXX6427,ACTIVE,1820.41,False,False,False,False,False,False
MCH9363,Mannan Group,4131,TRANSPORT,PRIVATE_LIMITED,Mumbai,Maharashtra,2024-07-29 00:00:00,,ACTIVE,,False,False,False,True,True,False
MCH9366,"Parsa, Walia and Viswanathan",5699,APPAREL,INDIVIDUAL,Jalandhar,Punjab,2024-11-13 00:00:00,XXXX5233,ACTIVE,7891.78,False,False,False,False,False,False
MCH9367,Luthra and Sons,5942,BOOKS_STATIONERY,PRIVATE_LIMITED,Amritsar,Punjab,2023-05-31 17:55:00,,ACTIVE,1752.0,True,False,False,False,True,False
MCH9369,Kara Group,7011,HOTEL,SOLE_PROPRIETOR,Kolkata,West Bengal,2024-07-06 20:37:37,,ACTIVE,2036.0,False,False,False,False,True,False
MCH9370,Mallick-Gola,5999,MISC_RETAIL,PRIVATE_LIMITED,Jaipur,Rajasthan,2023-02-20 00:00:00,XXXX9080,ACTIVE,4284.71,False,False,False,False,False,False
MCH9371,Mand-Oommen,5411,GROCERY,PRIVATE_LIMITED,Chennai,Tamil Nadu,2023-11-11 00:00:00,,ACTIVE,284.42,True,False,False,False,True,False
MCH9375,"Bhalla, Koshy and Sule",5942,BOOKS_STATIONERY,INDIVIDUAL,Ludhiana,Punjab,2023-07-28 23:16:10,XXXX7795,INACTIVE,924.32,True,False,False,False,False,False
MCH9377,chaudhuri plc,5699,APPAREL,SOLE_PROPRIETOR,Delhi,Delhi,2023-04-14 00:00:00,XXXX8248,ACTIVE,1583.18,False,False,False,False,False,False
MCH9379,Nazareth and Sons,5999,MISC_RETAIL,INDIVIDUAL,Kolkata,West Bengal,,XXXX1135,INACTIVE,242.0,False,False,False,False,False,True
MCH9380,CHAKRABARTI GROUP,5812,RESTAURANT,PRIVATE_LIMITED,Ludhiana,Punjab,2023-11-23 00:00:00,XXXX0981,ACTIVE,199.0,False,False,False,False,False,False
MCH9383,"Sekhon,PadmanabhanandRege",5942,BOOKS_STATIONERY,INDIVIDUAL,Chennai,Tamil Nadu,2026-01-24 02:02:00,XXXX3604,INACTIVE,2841.0,False,False,False,False,False,False
MCH9385,"Ray, Gu1ati and Gi11",4814,TELECOM,SOLE_PROPRIETOR,Amritsar,Punjab,2024-02-17 00:00:00,,ACTIVE,1178.44,False,False,False,False,True,False
MCH9386,Shankar Ltd,4131,TRANSPORT,INDIVIDUAL,Amritsar,Punjab,2023-10-23 00:00:00,XXXX6796,ACTIVE,-252.98,False,False,True,False,False,False
MCH9388,"mahajan, dixit and memon",7011,HOTEL,PARTNERSHIP,Kolkata,West Bengal,2024-11-21 00:00:00,,ACTIVE,1507.31,False,False,False,False,True,False
MCH9390,"Minhas,PauandNarayanan",4131,TRANSPORT,INDIVIDUAL,Ludhiana,Punjab,,,ACTIVE,2246.12,False,False,False,False,True,True
MCH9391,Vasa-Mitra,4814,TELECOM,INDIVIDUAL,Jalandhar,Punjab,2024-10-30 00:00:00,XXXX6623,ACTIVE,1456.23,False,False,False,False,False,False
MCH9393,"Sehgal, Chawla and Korpal",5812,RESTAURANT,INDIVIDUAL,Amritsar,Punjab,2025-09-03 17:19:00,XXXX8440,ACTIVE,896.96,False,False,False,False,False,False
MCH9394,Pal-Taneja,4814,TELECOM,PRIVATE_LIMITED,Ludhiana,Punjab,2024-01-02 00:00:00,,INACTIVE,311.59,False,False,False,False,True,False
MCH9395,Bhagat-Chana,5699,APPAREL,PRIVATE_LIMITED,Jaipur,Rajasthan,2024-12-12 00:00:00,,ACTIVE,2768.73,False,False,False,False,True,False
MCH9396,Baria-Bhasin,5912,PHARMACY,PARTNERSHIP,Pune,Maharashtra,2025-01-24 00:00:00,XXXX2332,ACTIVE,-157.3,False,False,True,False,False,False
MCH9397,Ramaswamy-Goel,5411,GROCERY,PRIVATE_LIMITED,Jalandhar,Punjab,2025-12-20 01:06:00,XXXX1693,ACTIVE,1519.0,False,False,False,False,False,False
MCH9398,"Soman, Murthy and Mangat",5411,GROCERY,PARTNERSHIP,Bengaluru,Karnataka,2026-02-21 00:00:00,,ACTIVE,5429.9,False,False,False,False,True,False
MCH9400,"Dara, Desai and Sethi",5999,MISC_RETAIL,PARTNERSHIP,Mumbai,Maharashtra,2025-08-23 00:00:00,,ACTIVE,2120.88,False,False,False,False,True,False
MCH9401,Ravi LLC,7011,HOTEL,SOLE_PROPRIETOR,Pune,Maharashtra,2025-11-14 00:00:00,XXXX5647,ACTIVE,1824.72,False,False,False,False,False,False
MCH9402,Vyas-Nath,5812,RESTAURANT,PRIVATE_LIMITED,Lucknow,Uttar Pradesh,2023-09-18 00:00:00,,ACTIVE,-640.89,False,False,True,False,True,False
MCH9403,"Bains,BanerjeeandBansal",7011,HOTEL,PARTNERSHIP,Mumbai,Maharashtra,2025-02-22 16:11:00,,INACTIVE,1838.83,False,False,False,False,True,False
MCH9404,BARAL AND SONS,4131,TRANSPORT,PRIVATE_LIMITED,Kolkata,West Bengal,2025-02-10 00:00:00,,ACTIVE,,False,False,False,True,True,False
MCH9406,Randhawa and Sons,5812,RESTAURANT,INDIVIDUAL,Lucknow,Uttar Pradesh,2025-08-11 00:00:00,XXXX6795,ACTIVE,2159.94,True,False,False,False,False,False
MCH9408,Arya-Vig,4131,TRANSPORT,INDIVIDUAL,Bengaluru,Karnataka,2023-12-24 00:00:00,XXXX5633,ACTIVE,-784.44,False,False,True,False,False,False
MCH9410,Sagar-Chawla,5699,APPAREL,INDIVIDUAL,Jalandhar,Punjab,2026-01-24 00:00:00,XXXX0534,ACTIVE,820.0,False,False,False,False,False,False
MCH9412,NAYAK-GUHA,4131,TRANSPORT,INDIVIDUAL,Amritsar,Punjab,,XXXX5639,ACTIVE,2887.33,False,False,False,False,False,True
MCH9413,Kala-Sarkar,5912,PHARMACY,SOLE_PROPRIETOR,Hyderabad,Telangana,2023-10-25 07:38:39,XXXX4409,ACTIVE,869.76,False,False,False,False,False,False
MCH9414,Banik-Garde,5812,RESTAURANT,INDIVIDUAL,Jalandhar,Punjab,2025-01-16 00:00:00,XXXX2149,ACTIVE,942.13,False,False,False,False,False,False
MCH9415,Krishnamurthy-Warrior,7011,HOTEL,SOLE_PROPRIETOR,Ludhiana,Punjab,2023-02-21 00:00:00,,ACTIVE,438.69,False,False,False,False,True,False
MCH9416,Kulkarni and Sons,5411,GROCERY,PARTNERSHIP,Mumbai,Maharashtra,2024-12-13 22:23:48,XXXX6473,ACTIVE,755.0,False,False,False,False,False,False
MCH9418,"BORA, VENKATESH AND LOKE",5411,GROCERY,INDIVIDUAL,Bengaluru,Karnataka,2024-05-22 00:00:00,XXXX4087,INACTIVE,1520.21,False,False,False,False,False,False
MCH9423,apte group,7011,HOTEL,SOLE_PROPRIETOR,Chennai,Tamil Nadu,2025-10-24 00:00:00,XXXX7128,ACTIVE,3132.43,False,False,False,False,False,False
MCH9424,Sur-Bajaj,5311,DEPARTMENT_STORE,SOLE_PROPRIETOR,Bengaluru,Karnataka,2025-04-18 00:00:00,XXXX3219,ACTIVE,1902.79,False,False,False,False,False,False
MCH9426,Puri-Soman,5699,APPAREL,INDIVIDUAL,Bengaluru,Karnataka,2023-10-28 00:00:00,XXXX1701,ACTIVE,333.54,False,False,False,False,False,False
MCH9428,"Dyal, Varma and Sachdeva",5999,MISC_RETAIL,PRIVATE_LIMITED,Lucknow,Uttar Pradesh,,,ACTIVE,1955.23,False,False,False,False,True,True
MCH9429,Varghese-Mitter,7011,HOTEL,PARTNERSHIP,Hyderabad,Telangana,2024-12-16 00:00:00,XXXX2894,ACTIVE,1566.55,False,False,False,False,False,False
MCH9430,"Shetty, Pau and Chhabra",4814,TELECOM,PARTNERSHIP,Pune,Maharashtra,2023-10-31 00:00:00,,ACTIVE,927.24,False,False,False,False,True,False
MCH9431,Madan-Kota,4131,TRANSPORT,PRIVATE_LIMITED,Bengaluru,Karnataka,2023-02-05 00:00:00,XXXX4111,ACTIVE,436.79,False,False,False,False,False,False
MCH9433,Chhabra-Naik,5912,PHARMACY,INDIVIDUAL,Jalandhar,Punjab,2023-12-14 00:00:00,XXXX0723,ACTIVE,4629.09,False,False,False,False,False,False
MCH9434,Srinivasan-Savant,5812,RESTAURANT,PARTNERSHIP,Chennai,Tamil Nadu,2023-05-01 21:28:13,XXXX0171,ACTIVE,,False,False,False,True,False,False
MCH9439,Jani LLC,5411,GROCERY,SOLE_PROPRIETOR,Bengaluru,Karnataka,2024-02-24 00:00:00,XXXX0929,ACTIVE,275.02,False,False,False,False,False,False
MCH9440,Ratti LLC,5311,DEPARTMENT_STORE,INDIVIDUAL,Jalandhar,Punjab,,XXXX2202,ACTIVE,186.6,False,False,False,False,False,True
MCH9442,issac-batra,7011,HOTEL,PARTNERSHIP,Delhi,Delhi,2025-08-12 00:00:00,,ACTIVE,1049.17,False,False,False,False,True,False
MCH9443,"Bumb, Sama and Prashad",4131,TRANSPORT,SOLE_PROPRIETOR,Lucknow,Uttar Pradesh,2024-03-28 00:00:00,,ACTIVE,712.16,False,False,False,False,True,False
MCH9444,Sachdeva-Khatri,4131,TRANSPORT,PARTNERSHIP,Jalandhar,Punjab,2024-01-13 00:00:00,XXXX0236,ACTIVE,345.26,False,False,False,False,False,False
MCH9447,Sundaram LLC,5999,MISC_RETAIL,INDIVIDUAL,Hyderabad,Telangana,2026-01-30 00:00:00,XXXX5917,ACTIVE,974.62,False,False,False,False,False,False
MCH9448,"Sant, Manda and Khurana",5699,APPAREL,PARTNERSHIP,Jalandhar,Punjab,2023-10-08 00:00:00,XXXX3103,INACTIVE,522.0,True,False,False,False,False,False
MCH9450,"Bahl, Varughese and Char",4814,TELECOM,PARTNERSHIP,Pune,Maharashtra,2023-06-22 16:33:28,XXXX7596,ACTIVE,260.0,False,False,False,False,False,False
MCH9452,Kapoor-Kara,5999,MISC_RETAIL,PRIVATE_LIMITED,Kolkata,West Bengal,,XXXX6515,INACTIVE,,False,False,False,True,False,True
MCH9456,"Rajagopalan, Luthra and Singh",5999,MISC_RETAIL,INDIVIDUAL,Delhi,Delhi,2025-09-22 04:16:00,XXXX4617,ACTIVE,,True,False,False,True,False,False
MCH9457,"Grover, Deep and Subramaniam",4131,TRANSPORT,PARTNERSHIP,Bengaluru,Karnataka,2026-01-19 00:00:00,XXXX7189,ACTIVE,276.66,False,False,False,False,False,False
MCH9458,Raja Ltd,5311,DEPARTMENT_STORE,PARTNERSHIP,Amritsar,Punjab,2025-12-15 00:00:00,XXXX6323,ACTIVE,480.87,False,False,False,False,False,False
MCH9459,BATTA-HANDA,4131,TRANSPORT,PARTNERSHIP,Hyderabad,Telangana,2025-06-03 00:00:00,,ACTIVE,11281.97,False,False,False,False,True,False
MCH9460,"Oza, Balakrishnan and Kapoor",5942,BOOKS_STATIONERY,INDIVIDUAL,Chennai,Tamil Nadu,,XXXX5842,ACTIVE,481.26,False,False,False,False,False,True
MCH9463,Boase and Sons,5942,BOOKS_STATIONERY,PRIVATE_LIMITED,Amritsar,Punjab,2025-06-01 16:04:50,XXXX5299,ACTIVE,835.0,False,False,False,False,False,False
MCH9467,"Pall, Lala and Dhar",4131,TRANSPORT,INDIVIDUAL,Chennai,Tamil Nadu,2024-09-03 09:23:16,,ACTIVE,1206.07,False,False,False,False,True,False
MCH9471,"bajaj, sandal and barad",5912,PHARMACY,SOLE_PROPRIETOR,Mumbai,Maharashtra,2025-05-23 00:00:00,XXXX5365,ACTIVE,-457.15,False,False,True,False,False,False
MCH9472,Sankaran-Om,5699,APPAREL,PRIVATE_LIMITED,Delhi,Delhi,2023-06-03 00:00:00,XXXX0828,INACTIVE,4710.1,False,False,False,False,False,False
MCH9474,"Bajwa, Bhandari and Parmar",5912,PHARMACY,SOLE_PROPRIETOR,Kolkata,West Bengal,2024-03-16 19:46:00,XXXX9563,ACTIVE,1464.0,False,False,False,False,False,False
MCH9476,Sama PLC,5812,RESTAURANT,PRIVATE_LIMITED,Hyderabad,Telangana,,XXXX6830,ACTIVE,165.93,False,False,False,False,False,True
MCH9478,"desai, borah and dugar",5999,MISC_RETAIL,PRIVATE_LIMITED,Kolkata,West Bengal,,,INACTIVE,1333.54,True,False,False,False,True,True
MCH9481,Kata LLC,4814,TELECOM,PARTNERSHIP,Amritsar,Punjab,2025-11-25 00:00:00,,ACTIVE,1054.88,False,False,False,False,True,False
MCH9482,"Vasa, Chada and Iyengar",5411,GROCERY,PARTNERSHIP,Hyderabad,Telangana,,XXXX4559,ACTIVE,600.13,False,False,False,False,False,True
MCH9483,"Yohannan, Ghose and Pal",5699,APPAREL,PARTNERSHIP,Hyderabad,Telangana,2023-03-21 23:53:34,,ACTIVE,4425.5,False,False,False,False,True,False
MCH9484,"bail, sen and bava",5912,PHARMACY,SOLE_PROPRIETOR,Jalandhar,Punjab,2024-11-30 00:00:00,,ACTIVE,1401.0,True,False,False,False,True,False
MCH9489,Badal-Sankaran,4131,TRANSPORT,SOLE_PROPRIETOR,Chennai,Tamil Nadu,2026-02-03 18:53:00,,ACTIVE,1437.06,False,False,False,False,True,False
MCH9492,Mitra Gr0up,5912,PHARMACY,PRIVATE_LIMITED,Kolkata,West Bengal,2024-07-13 00:00:00,XXXX2263,ACTIVE,1049.0,False,False,False,False,False,False
MCH9494,Sama Group,4814,TELECOM,INDIVIDUAL,Bengaluru,Karnataka,2023-11-01 04:57:39,XXXX1784,ACTIVE,-1540.07,False,False,True,False,False,False
MCH9502,VYAS-HAYRE,5942,BOOKS_STATIONERY,SOLE_PROPRIETOR,Mumbai,Maharashtra,2023-03-25 00:00:00,,ACTIVE,777.19,False,False,False,False,True,False
MCH9503,Kulkarni LLC,4131,TRANSPORT,INDIVIDUAL,Hyderabad,Telangana,2026-01-22 21:02:00,XXXX4779,INACTIVE,1312.52,False,False,False,False,False,False
MCH9506,"SAVANT, BAINS AND BALI",5912,PHARMACY,PARTNERSHIP,Pune,Maharashtra,2025-01-12 00:00:00,XXXX0299,ACTIVE,353.01,False,False,False,False,False,False
MCH9510,Warri0r-Thakkar,4131,TRANSPORT,SOLE_PROPRIETOR,Bengaluru,Karnataka,2024-09-15 00:00:00,,ACTIVE,1261.0,False,False,False,False,True,False
MCH9514,Prakash Gr0up,5912,PHARMACY,PARTNERSHIP,Lucknow,Uttar Pradesh,2024-10-06 00:00:00,XXXX7878,INACTIVE,2338.36,False,False,False,False,False,False
MCH9516,"SULE, BORRA AND RATTAN",5812,RESTAURANT,PARTNERSHIP,Amritsar,Punjab,2023-01-19 00:01:38,,ACTIVE,-397.19,True,False,True,False,True,False
MCH9517,MENON INC,7011,HOTEL,SOLE_PROPRIETOR,Mumbai,Maharashtra,2023-09-23 00:00:00,XXXX3518,ACTIVE,-1486.34,True,False,True,False,False,False
MCH9519,Shere-Banik,5699,APPAREL,SOLE_PROPRIETOR,Lucknow,Uttar Pradesh,2025-07-04 00:00:00,,ACTIVE,889.4,False,False,False,False,True,False
MCH9521,"soni, bal and thaman",5699,APPAREL,PARTNERSHIP,Ludhiana,Punjab,2023-05-04 07:18:00,,INACTIVE,155.0,False,False,False,False,True,False
MCH9523,"Tank, Uppal and Malhotra",5912,PHARMACY,PARTNERSHIP,Pune,Maharashtra,2025-10-25 00:00:00,,ACTIVE,5060.01,False,False,False,False,True,False
MCH9528,Kibe-Memon,5699,APPAREL,SOLE_PROPRIETOR,Delhi,Delhi,2025-12-07 00:00:00,XXXX9874,ACTIVE,5399.84,False,False,False,False,False,False
MCH9529,Dubey Inc,4814,TELECOM,PRIVATE_LIMITED,Pune,Maharashtra,2024-04-26 00:00:00,XXXX3556,ACTIVE,1801.0,False,False,False,False,False,False
MCH9530,B0rah PLC,5812,RESTAURANT,INDIVIDUAL,Hyderabad,Telangana,2023-11-01 00:00:00,,INACTIVE,999.86,True,False,False,False,True,False
MCH9531,lad ltd,5411,GROCERY,PRIVATE_LIMITED,Ludhiana,Punjab,2025-12-02 00:00:00,XXXX8566,INACTIVE,545.56,False,False,False,False,False,False
MCH9534,DESHMUKH-YADAV,7011,HOTEL,INDIVIDUAL,Hyderabad,Telangana,2024-08-13 00:00:00,XXXX7810,ACTIVE,1143.6,False,False,False,False,False,False
MCH9537,Chakrab0rty PLC,5942,BOOKS_STATIONERY,INDIVIDUAL,Amritsar,Punjab,2025-01-02 06:24:34,XXXX8422,ACTIVE,-1188.48,False,False,True,False,False,False
MCH9541,"Grover, Bhatia and Tandon",5812,RESTAURANT,PARTNERSHIP,Lucknow,Uttar Pradesh,2025-07-02 05:37:38,,ACTIVE,2401.33,True,False,False,False,True,False
MCH9542,"Singh, Johal and Khalsa",5942,BOOKS_STATIONERY,INDIVIDUAL,Hyderabad,Telangana,2025-06-18 21:51:23,XXXX3154,ACTIVE,2463.46,False,False,False,False,False,False
MCH9543,Khanna-Som,5942,BOOKS_STATIONERY,SOLE_PROPRIETOR,Bengaluru,Karnataka,2023-11-13 04:04:51,XXXX7044,ACTIVE,1143.19,False,False,False,False,False,False
MCH9546,"Mohan, Tak and Dhingra",5999,MISC_RETAIL,SOLE_PROPRIETOR,Amritsar,Punjab,2024-11-20 10:50:24,XXXX5350,ACTIVE,1645.26,False,False,False,False,False,False
MCH9547,Anne-Narasimhan,5311,DEPARTMENT_STORE,INDIVIDUAL,Delhi,Delhi,2025-04-11 00:00:00,,ACTIVE,823.12,False,False,False,False,True,False
MCH9548,Raja PLC,4131,TRANSPORT,PARTNERSHIP,Jaipur,Rajasthan,2026-02-22 14:03:23,XXXX5841,ACTIVE,1649.0,True,False,False,False,False,False
MCH9550,Chandra-Sangha,5942,BOOKS_STATIONERY,SOLE_PROPRIETOR,Hyderabad,Telangana,2025-12-18 00:00:00,,ACTIVE,674.9,False,False,False,False,True,False
MCH9551,Chaudhari-Dugar,5942,BOOKS_STATIONERY,INDIVIDUAL,Lucknow,Uttar Pradesh,2023-08-11 00:00:00,XXXX6470,ACTIVE,2156.36,False,False,False,False,False,False
MCH9554,Kale Ltd,4814,TELECOM,PARTNERSHIP,Kolkata,West Bengal,2025-12-07 00:00:00,,INACTIVE,696.0,False,False,False,False,True,False
MCH9555,Chandra Ltd,4814,TELECOM,PARTNERSHIP,Jaipur,Rajasthan,2023-01-10 01:23:43,XXXX4338,INACTIVE,7981.95,False,False,False,False,False,False
MCH9556,"Hari, Dave and Ahluwalia",4131,TRANSPORT,SOLE_PROPRIETOR,Chennai,Tamil Nadu,2025-06-12 00:00:00,XXXX9377,ACTIVE,4820.97,False,False,False,False,False,False
MCH9559,Randhawa-Mody,5699,APPAREL,SOLE_PROPRIETOR,Amritsar,Punjab,2025-06-08 00:00:00,XXXX2517,INACTIVE,543.84,False,False,False,False,False,False
MCH9560,Puri-Ahluwalia,5999,MISC_RETAIL,PARTNERSHIP,Ludhiana,Punjab,2025-06-21 05:09:56,XXXX3305,ACTIVE,1176.68,False,False,False,False,False,False
MCH9563,Sharaf-Tella,7011,HOTEL,SOLE_PROPRIETOR,Kolkata,West Bengal,2025-02-09 00:00:00,,ACTIVE,1375.95,True,False,False,False,True,False
MCH9565,"Dhar, Shukla and Chaudhary",5942,BOOKS_STATIONERY,INDIVIDUAL,Chennai,Tamil Nadu,2025-08-22 13:59:00,XXXX9014,ACTIVE,2205.09,False,False,False,False,False,False
MCH9566,Batra-Kaul,5311,DEPARTMENT_STORE,PRIVATE_LIMITED,Delhi,Delhi,2025-11-28 00:00:00,XXXX2521,ACTIVE,1260.75,False,False,False,False,False,False
MCH9567,"Dar, Gera and Sane",5812,RESTAURANT,PRIVATE_LIMITED,Delhi,Delhi,2026-01-09 00:00:00,,ACTIVE,850.48,False,False,False,False,True,False
MCH9569,Parekh-Kalita,5311,DEPARTMENT_STORE,INDIVIDUAL,Amritsar,Punjab,2025-12-07 00:00:00,XXXX5054,ACTIVE,1617.31,False,False,False,False,False,False
MCH9571,buch inc,5812,RESTAURANT,INDIVIDUAL,Hyderabad,Telangana,,XXXX8428,ACTIVE,1270.83,False,False,False,False,False,True
MCH9580,"murthy, virk and lad",5311,DEPARTMENT_STORE,PARTNERSHIP,Ludhiana,Punjab,2025-09-20 00:00:00,,ACTIVE,1520.62,True,False,False,False,True,False
MCH9582,"Aggarwal, Morar and Vohra",4814,TELECOM,PRIVATE_LIMITED,Chennai,Tamil Nadu,2026-02-02 00:00:00,XXXX2956,ACTIVE,2012.0,False,False,False,False,False,False
MCH9583,Khurana-Johal,5411,GROCERY,PARTNERSHIP,Delhi,Delhi,2024-04-30 09:32:52,XXXX6597,ACTIVE,5627.6,False,False,False,False,False,False
MCH9584,"Bhat, Shukla and Bajaj",5311,DEPARTMENT_STORE,PRIVATE_LIMITED,Mumbai,Maharashtra,2025-02-04 10:04:43,XXXX2185,INACTIVE,4140.74,False,False,False,False,False,False
MCH9586,Ghose PLC,7011,HOTEL,PRIVATE_LIMITED,Chennai,Tamil Nadu,2023-03-30 00:00:00,,ACTIVE,2522.89,False,False,False,False,True,False
MCH9587,Krishnamurthy-Contractor,4814,TELECOM,SOLE_PROPRIETOR,Kolkata,West Bengal,2024-12-09 00:00:00,XXXX7878,ACTIVE,211.86,False,False,False,False,False,False
MCH9591,BALI GROUP,5999,MISC_RETAIL,SOLE_PROPRIETOR,Ludhiana,Punjab,2026-01-14 00:00:00,,ACTIVE,3007.14,False,False,False,False,True,False
MCH9593,Varty-Lala,5942,BOOKS_STATIONERY,INDIVIDUAL,Lucknow,Uttar Pradesh,2024-02-08 00:00:00,XXXX0955,ACTIVE,3004.61,False,False,False,False,False,False
MCH9594,Ben Group,5311,DEPARTMENT_STORE,SOLE_PROPRIETOR,Jaipur,Rajasthan,2023-01-10 00:00:00,XXXX1369,ACTIVE,4070.31,False,False,False,False,False,False
MCH9595,Kapur Inc,5999,MISC_RETAIL,PRIVATE_LIMITED,Chennai,Tamil Nadu,2023-10-26 00:00:00,XXXX2715,ACTIVE,,False,False,False,True,False,False
MCH9601,JOSHI-CHAUHAN,4131,TRANSPORT,PRIVATE_LIMITED,Bengaluru,Karnataka,2023-10-05 00:00:00,XXXX5225,ACTIVE,1949.42,False,False,False,False,False,False
MCH9604,Merchant-Johal,5311,DEPARTMENT_STORE,PARTNERSHIP,Pune,Maharashtra,2024-10-11 00:00:00,XXXX6703,ACTIVE,762.2,False,False,False,False,False,False
MCH9605,Chokshi LLC,5812,RESTAURANT,SOLE_PROPRIETOR,Bengaluru,Karnataka,2026-01-31 00:00:00,,ACTIVE,2523.0,False,False,False,False,True,False
MCH9609,Bhatti Inc,5411,GROCERY,INDIVIDUAL,Hyderabad,Telangana,2026-01-29 00:00:00,XXXX4644,INACTIVE,1792.34,False,False,False,False,False,False
MCH9613,Tella Group,5912,PHARMACY,PARTNERSHIP,Hyderabad,Telangana,2024-07-29 00:00:00,XXXX1161,ACTIVE,,False,False,False,True,False,False
MCH9617,Ranganathan-Ha1der,5411,GROCERY,PRIVATE_LIMITED,Chennai,Tamil Nadu,2024-08-12 00:00:00,XXXX2456,ACTIVE,904.23,False,False,False,False,False,False
MCH9620,chad plc,5311,DEPARTMENT_STORE,INDIVIDUAL,Ludhiana,Punjab,2025-04-16 00:00:00,XXXX9311,ACTIVE,786.55,True,False,False,False,False,False
MCH9623,Subramanian LLC,5912,PHARMACY,INDIVIDUAL,Hyderabad,Telangana,2025-06-07 00:00:00,XXXX2659,ACTIVE,1226.76,False,False,False,False,False,False
MCH9624,Brar-Chad,5311,DEPARTMENT_STORE,INDIVIDUAL,Amritsar,Punjab,2025-02-04 00:00:00,XXXX6058,INACTIVE,2595.66,False,False,False,False,False,False
MCH9625,tripathi plc,4814,TELECOM,PRIVATE_LIMITED,Amritsar,Punjab,2024-09-11 21:48:18,,ACTIVE,,False,False,False,True,True,False
MCH9626,Gu1ati-Chhabra,4814,TELECOM,PARTNERSHIP,Lucknow,Uttar Pradesh,2025-02-21 13:12:50,,ACTIVE,880.0,False,False,False,False,True,False
MCH9627,Randhawa Gr0up,7011,HOTEL,PRIVATE_LIMITED,Chennai,Tamil Nadu,2023-08-31 05:51:15,,ACTIVE,-714.24,False,False,True,False,True,False
MCH9632,KADE-SHERE,5311,DEPARTMENT_STORE,SOLE_PROPRIETOR,Delhi,Delhi,2025-11-28 00:00:00,,ACTIVE,895.55,False,False,False,False,True,False
MCH9635,Konda-Verma,5942,BOOKS_STATIONERY,INDIVIDUAL,Chennai,Tamil Nadu,2023-09-10 00:00:00,XXXX7003,ACTIVE,4885.39,False,False,False,False,False,False
MCH9636,KIBE-MAGAR,5699,APPAREL,INDIVIDUAL,Bengaluru,Karnataka,2023-08-21 09:35:55,XXXX6497,ACTIVE,-1341.04,False,False,True,False,False,False
MCH9637,Handa-Basu,5699,APPAREL,PARTNERSHIP,Pune,Maharashtra,2025-09-17 00:00:00,,ACTIVE,515.71,False,False,False,False,True,False
MCH9638,"Dara, Badami and Sen",5699,APPAREL,SOLE_PROPRIETOR,Lucknow,Uttar Pradesh,2026-01-22 00:00:00,,ACTIVE,3649.35,False,False,False,False,True,False
MCH9640,Aurora and Sons,4131,TRANSPORT,SOLE_PROPRIETOR,Lucknow,Uttar Pradesh,2023-09-09 06:54:50,XXXX8586,ACTIVE,1623.21,False,False,False,False,False,False
MCH9641,Andra Ltd,5912,PHARMACY,PRIVATE_LIMITED,Kolkata,West Bengal,2025-10-15 02:13:04,XXXX2758,ACTIVE,3323.59,False,False,False,False,False,False
MCH9642,Sarin Group,4814,TELECOM,INDIVIDUAL,Mumbai,Maharashtra,2025-10-09 00:00:00,XXXX5624,ACTIVE,11510.93,False,False,False,False,False,False
MCH9647,"Bhat, Tank and Aurora",7011,HOTEL,INDIVIDUAL,Kolkata,West Bengal,2024-08-18 00:00:00,XXXX8918,ACTIVE,5590.39,False,False,False,False,False,False
MCH9649,Sachdeva-Dey,7011,HOTEL,SOLE_PROPRIETOR,Amritsar,Punjab,2025-12-06 07:10:00,XXXX7357,ACTIVE,-493.43,False,False,True,False,False,False
MCH9651,Thakkar-Dass,5311,DEPARTMENT_STORE,PRIVATE_LIMITED,Jalandhar,Punjab,2023-03-28 04:13:28,,ACTIVE,2535.0,False,False,False,False,True,False
MCH9654,Saini-Bath,5942,BOOKS_STATIONERY,PRIVATE_LIMITED,Ludhiana,Punjab,2024-10-11 00:00:00,XXXX5605,ACTIVE,2570.91,False,False,False,False,False,False
MCH9659,gokhale-bassi,4814,TELECOM,SOLE_PROPRIETOR,Mumbai,Maharashtra,2023-09-11 00:00:00,XXXX5275,ACTIVE,269.4,False,False,False,False,False,False
MCH9661,Ramanathan Group,7011,HOTEL,INDIVIDUAL,Mumbai,Maharashtra,2023-11-10 08:09:50,,ACTIVE,735.62,False,False,False,False,True,False
MCH9662,Basu-Korpal,4814,TELECOM,PRIVATE_LIMITED,Pune,Maharashtra,2023-09-13 15:28:38,XXXX8451,ACTIVE,1152.0,False,False,False,False,False,False
MCH9665,Baria and Sons,5699,APPAREL,SOLE_PROPRIETOR,Chennai,Tamil Nadu,2023-08-09 00:00:00,XXXX2461,INACTIVE,4561.8,False,False,False,False,False,False
MCH9672,contractor-sinha,5311,DEPARTMENT_STORE,INDIVIDUAL,Kolkata,West Bengal,2024-11-26 00:00:00,XXXX9277,ACTIVE,1371.8,False,False,False,False,False,False
MCH9675,Mand-Varkey,5912,PHARMACY,INDIVIDUAL,Jalandhar,Punjab,2025-11-05 00:00:00,,INACTIVE,843.13,False,False,False,False,True,False
MCH9679,RAMAN LTD,7011,HOTEL,SOLE_PROPRIETOR,Delhi,Delhi,2024-07-09 00:00:00,XXXX1305,INACTIVE,310.73,True,False,False,False,False,False
MCH9681,Bawa PLC,5699,APPAREL,PRIVATE_LIMITED,Pune,Maharashtra,2024-01-09 03:45:47,,ACTIVE,1913.04,False,False,False,False,True,False
MCH9683,Pillai Inc,5411,GROCERY,PARTNERSHIP,Bengaluru,Karnataka,2024-11-28 00:00:00,,INACTIVE,1862.68,False,False,False,False,True,False
MCH9684,Bhasin Inc,5912,PHARMACY,PRIVATE_LIMITED,Delhi,Delhi,2025-01-20 00:00:00,XXXX1695,INACTIVE,2227.2,False,False,False,False,False,False
MCH9688,choudhry llc,5942,BOOKS_STATIONERY,SOLE_PROPRIETOR,Bengaluru,Karnataka,2023-10-18 00:00:00,,ACTIVE,825.43,False,False,False,False,True,False
MCH9690,Bai1-Sarin,7011,HOTEL,PARTNERSHIP,Amritsar,Punjab,2025-04-11 17:06:00,XXXX0228,ACTIVE,3320.22,False,False,False,False,False,False
MCH9692,Pandey-Behl,5812,RESTAURANT,PRIVATE_LIMITED,Hyderabad,Telangana,2024-08-31 00:00:00,XXXX3446,ACTIVE,522.57,False,False,False,False,False,False
MCH9693,"Babu, Murty and Rao",5942,BOOKS_STATIONERY,SOLE_PROPRIETOR,Pune,Maharashtra,2023-07-25 19:48:00,XXXX8024,ACTIVE,1260.07,False,False,False,False,False,False
MCH9696,D’Alia-Bhardwaj,5999,MISC_RETAIL,PRIVATE_LIMITED,Lucknow,Uttar Pradesh,2024-02-17 21:42:16,XXXX0392,ACTIVE,3568.12,False,False,False,False,False,False
MCH9697,Walla Ltd,4814,TELECOM,INDIVIDUAL,Bengaluru,Karnataka,2025-07-21 00:00:00,,ACTIVE,1081.86,True,False,False,False,True,False
MCH9702,Ranganathan-Madan,7011,HOTEL,INDIVIDUAL,Hyderabad,Telangana,2025-04-10 00:00:00,XXXX6187,ACTIVE,1980.13,False,False,False,False,False,False
MCH9704,"Maharaj, Sangha and Suresh",5411,GROCERY,PRIVATE_LIMITED,Pune,Maharashtra,2023-01-01 16:43:00,XXXX3526,ACTIVE,-1435.77,False,False,True,False,False,False
MCH9706,"Mohan, Sahni and Doctor",5699,APPAREL,PARTNERSHIP,Lucknow,Uttar Pradesh,2023-10-26 00:00:00,,ACTIVE,,False,False,False,True,True,False
MCH9710,"Mohanty, Lanka and Kamdar",5311,DEPARTMENT_STORE,INDIVIDUAL,Mumbai,Maharashtra,2024-11-13 00:00:00,XXXX4066,INACTIVE,1462.25,False,False,False,False,False,False
MCH9713,"Toor, Nayak and Varma",5699,APPAREL,INDIVIDUAL,Jalandhar,Punjab,,,ACTIVE,-297.05,False,False,True,False,True,True
MCH9714,Issac-Pall,5912,PHARMACY,PRIVATE_LIMITED,Chennai,Tamil Nadu,2024-07-06 12:33:24,,INACTIVE,925.43,False,False,False,False,True,False
MCH9715,Desai PLC,7011,HOTEL,PARTNERSHIP,Kolkata,West Bengal,2023-01-10 00:00:00,XXXX9015,INACTIVE,547.82,False,False,False,False,False,False
MCH9716,"Kadakia, Mishra and Ba1i",5812,RESTAURANT,PRIVATE_LIMITED,Lucknow,Uttar Pradesh,2023-09-09 13:40:00,XXXX4803,ACTIVE,-1762.09,False,False,True,False,False,False
MCH9718,Raval and Sons,5812,RESTAURANT,INDIVIDUAL,Bengaluru,Karnataka,2026-01-04 00:00:00,XXXX0074,ACTIVE,3311.57,False,False,False,False,False,False
MCH9720,Hayre Ltd,5942,BOOKS_STATIONERY,SOLE_PROPRIETOR,Pune,Maharashtra,2024-04-24 00:00:00,,ACTIVE,507.94,False,False,False,False,True,False
MCH9722,"KRISHNA, SAXENA AND AURORA",4814,TELECOM,INDIVIDUAL,Lucknow,Uttar Pradesh,,XXXX5150,ACTIVE,,False,False,False,True,False,True
MCH9725,Shan LLC,5699,APPAREL,INDIVIDUAL,Lucknow,Uttar Pradesh,2024-12-20 00:00:00,XXXX9593,ACTIVE,2250.85,False,False,False,False,False,False
MCH9728,"Dass, Sengupta and Halder",5411,GROCERY,SOLE_PROPRIETOR,Chennai,Tamil Nadu,2024-10-29 12:12:00,,ACTIVE,6287.55,False,False,False,False,True,False
MCH9729,Prabhakar Ltd,5812,RESTAURANT,INDIVIDUAL,Bengaluru,Karnataka,2025-12-28 11:50:57,,ACTIVE,1127.0,False,False,False,False,True,False
MCH9731,Chaudhry-Pillay,5311,DEPARTMENT_STORE,INDIVIDUAL,Jaipur,Rajasthan,2025-09-19 16:43:34,XXXX2437,ACTIVE,516.39,False,False,False,False,False,False
MCH9732,Pal-Kaur,5699,APPAREL,INDIVIDUAL,Jalandhar,Punjab,2023-06-25 00:00:00,XXXX5064,ACTIVE,1508.45,False,False,False,False,False,False
MCH9733,SATHE-HARI,4131,TRANSPORT,PARTNERSHIP,Bengaluru,Karnataka,2025-09-24 05:50:29,,ACTIVE,1033.79,False,False,False,False,True,False
MCH9736,sant plc,7011,HOTEL,SOLE_PROPRIETOR,Lucknow,Uttar Pradesh,2024-12-07 00:00:00,XXXX1928,ACTIVE,1081.26,False,False,False,False,False,False
MCH9738,Barman-Rastogi,5411,GROCERY,PARTNERSHIP,Chennai,Tamil Nadu,2024-11-19 00:00:00,XXXX3047,ACTIVE,2419.77,False,False,False,False,False,False
MCH9739,"Gupta, Bhatia and Dhillon",4131,TRANSPORT,PRIVATE_LIMITED,Jaipur,Rajasthan,2025-03-20 00:00:00,,ACTIVE,-374.45,False,False,True,False,True,False
MCH9740,Jain and Sons,5812,RESTAURANT,INDIVIDUAL,Jaipur,Rajasthan,2025-01-31 05:45:13,XXXX0204,ACTIVE,1510.42,False,False,False,False,False,False
MCH9743,Sahota-Krish,5942,BOOKS_STATIONERY,PRIVATE_LIMITED,Ludhiana,Punjab,2023-05-22 00:00:00,,ACTIVE,873.78,False,False,False,False,True,False
MCH9744,Walia Inc,5942,BOOKS_STATIONERY,SOLE_PROPRIETOR,Bengaluru,Karnataka,2024-06-24 00:00:00,XXXX8765,INACTIVE,574.28,False,False,False,False,False,False
MCH9745,Chaudhuri PLC,5699,APPAREL,SOLE_PROPRIETOR,Pune,Maharashtra,2025-05-26 00:00:00,XXXX2333,INACTIVE,475.31,True,False,False,False,False,False
MCH9749,"Vasa, Jha and Babu",7011,HOTEL,SOLE_PROPRIETOR,Chennai,Tamil Nadu,2025-04-08 00:00:00,XXXX1516,ACTIVE,276.87,False,False,False,False,False,False
MCH9751,Memon-Sinha,5812,RESTAURANT,SOLE_PROPRIETOR,Ludhiana,Punjab,2023-07-16 00:00:00,XXXX8035,ACTIVE,2265.65,False,False,False,False,False,False
MCH9753,Chowdhury and Sons,4814,TELECOM,INDIVIDUAL,Mumbai,Maharashtra,2023-07-06 13:36:00,XXXX6583,ACTIVE,559.33,False,False,False,False,False,False
MCH9754,Khanna Group,5411,GROCERY,PARTNERSHIP,Ludhiana,Punjab,2023-11-20 00:00:00,XXXX2084,ACTIVE,3682.51,False,False,False,False,False,False
MCH9755,ANAND INC,5311,DEPARTMENT_STORE,PRIVATE_LIMITED,Lucknow,Uttar Pradesh,2024-10-09 16:48:00,XXXX8021,ACTIVE,2048.19,False,False,False,False,False,False
MCH9756,"Dugal, Virk and Dhaliwal",4131,TRANSPORT,PARTNERSHIP,Jalandhar,Punjab,2023-01-01 08:25:47,XXXX9889,ACTIVE,494.0,False,False,False,False,False,False
MCH9757,Venkataraman-Vig,5311,DEPARTMENT_STORE,SOLE_PROPRIETOR,Amritsar,Punjab,2025-03-26 02:02:24,,ACTIVE,-1622.73,False,False,True,False,True,False
MCH9762,Kara LLC,5999,MISC_RETAIL,INDIVIDUAL,Delhi,Delhi,,XXXX0458,ACTIVE,413.17,False,False,False,False,False,True
MCH9763,Bhatnagar-Ramesh,5699,APPAREL,INDIVIDUAL,Bengaluru,Karnataka,2023-03-24 10:13:00,XXXX4349,ACTIVE,2954.71,False,False,False,False,False,False
MCH9764,More-Bhavsar,5912,PHARMACY,SOLE_PROPRIETOR,Pune,Maharashtra,2024-09-06 22:28:13,XXXX9274,ACTIVE,3514.68,False,False,False,False,False,False
MCH9769,"Kota, Dara and Sarin",4131,TRANSPORT,PARTNERSHIP,Ludhiana,Punjab,2025-05-22 00:00:00,XXXX8418,ACTIVE,2120.25,True,False,False,False,False,False
MCH9770,jha-andra,4131,TRANSPORT,SOLE_PROPRIETOR,Chennai,Tamil Nadu,2026-01-22 00:00:00,XXXX4006,INACTIVE,1847.23,True,False,False,False,False,False
MCH9772,Vyas-Ganguly,5942,BOOKS_STATIONERY,PARTNERSHIP,Jalandhar,Punjab,2023-12-25 00:00:00,XXXX9749,ACTIVE,1198.91,False,False,False,False,False,False
MCH9774,Trivedi Group,5912,PHARMACY,PARTNERSHIP,Jaipur,Rajasthan,2024-08-03 00:00:00,XXXX0478,ACTIVE,1811.0,False,False,False,False,False,False
MCH9778,"chandra, subramanian and borde",5942,BOOKS_STATIONERY,PRIVATE_LIMITED,Bengaluru,Karnataka,2025-05-20 15:00:27,XXXX8556,ACTIVE,2313.1,False,False,False,False,False,False
MCH9779,De0-Agate,4814,TELECOM,INDIVIDUAL,Kolkata,West Bengal,2024-03-24 00:00:00,,ACTIVE,2425.1,False,False,False,False,True,False
MCH9780,"Kibe, Setty and Kaul",5942,BOOKS_STATIONERY,PRIVATE_LIMITED,Mumbai,Maharashtra,2024-07-14 00:00:00,XXXX3304,ACTIVE,3251.18,False,False,False,False,False,False
MCH9782,Bhardwaj-Varghese,4131,TRANSPORT,INDIVIDUAL,Ludhiana,Punjab,2023-02-18 14:33:29,XXXX9226,ACTIVE,1522.0,False,False,False,False,False,False
MCH9784,lal ltd,5812,RESTAURANT,PARTNERSHIP,Chennai,Tamil Nadu,2024-12-28 05:21:00,XXXX3001,ACTIVE,1442.84,False,False,False,False,False,False
MCH9785,Nagarajan PLC,5699,APPAREL,INDIVIDUAL,Mumbai,Maharashtra,2025-08-06 00:00:00,,ACTIVE,2709.78,False,False,False,False,True,False
MCH9786,"Pai, Thakkar and Krish",5311,DEPARTMENT_STORE,PRIVATE_LIMITED,Hyderabad,Telangana,,,ACTIVE,1876.06,False,False,False,False,True,True
MCH9787,Nigam LLC,7011,HOTEL,PRIVATE_LIMITED,Jaipur,Rajasthan,2023-06-18 00:00:00,,INACTIVE,717.19,False,False,False,False,True,False
MCH9790,Kumar-Dua,4814,TELECOM,SOLE_PROPRIETOR,Kolkata,West Bengal,2024-12-09 00:00:00,XXXX3101,ACTIVE,375.28,False,False,False,False,False,False
MCH9793,Brar Ltd,5699,APPAREL,PRIVATE_LIMITED,Bengaluru,Karnataka,,XXXX1666,ACTIVE,198.68,True,False,False,False,False,True
MCH9797,"Basu, Kota and Hora",7011,HOTEL,INDIVIDUAL,Jaipur,Rajasthan,,,ACTIVE,3455.43,False,False,False,False,True,True
MCH9798,Mann-Gera,4131,TRANSPORT,INDIVIDUAL,Jalandhar,Punjab,2025-07-15 05:53:00,XXXX9887,ACTIVE,952.0,False,False,False,False,False,False
MCH9800,Dasgupta-Sathe,7011,HOTEL,PARTNERSHIP,Ludhiana,Punjab,2024-06-13 13:22:14,XXXX4632,ACTIVE,,False,False,False,True,False,False
MCH9801,"Manda, Bansal and Devan",5812,RESTAURANT,PARTNERSHIP,Pune,Maharashtra,2025-09-12 00:49:00,XXXX9062,INACTIVE,1106.68,False,False,False,False,False,False
MCH9802,Contractor-Keer,5699,APPAREL,INDIVIDUAL,Delhi,Delhi,2024-04-08 00:00:00,XXXX7381,ACTIVE,1430.48,False,False,False,False,False,False
MCH9803,Rastogi Ltd,5942,BOOKS_STATIONERY,PARTNERSHIP,Jaipur,Rajasthan,2025-01-29 05:08:38,,ACTIVE,3135.89,True,False,False,False,True,False
MCH9804,Bhasin-Peri,5311,DEPARTMENT_STORE,SOLE_PROPRIETOR,Chennai,Tamil Nadu,2023-12-21 00:24:00,,INACTIVE,962.52,False,False,False,False,True,False
MCH9805,Sha-Mitter,5311,DEPARTMENT_STORE,PARTNERSHIP,Jalandhar,Punjab,,XXXX2906,ACTIVE,1993.26,False,False,False,False,False,True
MCH9806,Hari-Kant,5411,GROCERY,INDIVIDUAL,Amritsar,Punjab,2023-12-26 00:00:00,XXXX7555,ACTIVE,1398.42,False,False,False,False,False,False
MCH9807,PILLAY-SULE,5912,PHARMACY,PARTNERSHIP,Ludhiana,Punjab,2024-09-17 00:00:00,,ACTIVE,3555.86,False,False,False,False,True,False
MCH9811,"Dyal, Ranganathan and Sinha",5812,RESTAURANT,PRIVATE_LIMITED,Delhi,Delhi,2025-11-04 00:00:00,XXXX7878,ACTIVE,972.81,False,False,False,False,False,False
MCH9813,MENON GROUP,5999,MISC_RETAIL,INDIVIDUAL,Delhi,Delhi,2026-01-06 00:00:00,XXXX6379,INACTIVE,12265.27,True,False,False,False,False,False
MCH9814,Sekhon-Luthra,5411,GROCERY,INDIVIDUAL,Hyderabad,Telangana,2023-06-12 00:00:00,,ACTIVE,2338.35,False,False,False,False,True,False
MCH9815,"NARASIMHAN, VASA AND GOSWAMI",5942,BOOKS_STATIONERY,INDIVIDUAL,Delhi,Delhi,2025-11-10 04:53:00,XXXX2719,ACTIVE,-528.91,False,False,True,False,False,False
MCH9820,"Rai, Saha and Lalla",7011,HOTEL,INDIVIDUAL,Amritsar,Punjab,2024-10-13 00:00:00,,ACTIVE,3129.0,False,False,False,False,True,False
MCH9821,Natt-Kibe,5699,APPAREL,PRIVATE_LIMITED,Chennai,Tamil Nadu,2025-05-03 00:00:00,XXXX1748,ACTIVE,4072.48,False,False,False,False,False,False
MCH9822,Thaman-Parsa,5311,DEPARTMENT_STORE,PRIVATE_LIMITED,Bengaluru,Karnataka,,XXXX0031,ACTIVE,534.71,False,False,False,False,False,True
MCH9823,Kunda-Parekh,5812,RESTAURANT,INDIVIDUAL,Mumbai,Maharashtra,2023-04-10 00:00:00,XXXX9475,ACTIVE,1308.28,False,False,False,False,False,False
MCH9824,Memon-Mistry,4814,TELECOM,PARTNERSHIP,Ludhiana,Punjab,2024-08-16 02:30:46,,INACTIVE,837.47,False,False,False,False,True,False
MCH9826,RANA AND SONS,5411,GROCERY,PRIVATE_LIMITED,Bengaluru,Karnataka,2023-07-07 16:29:00,XXXX1551,ACTIVE,739.28,True,False,False,False,False,False
MCH9827,Chaudry and Sons,5311,DEPARTMENT_STORE,PRIVATE_LIMITED,Bengaluru,Karnataka,2025-04-02 00:00:00,XXXX2305,ACTIVE,1686.75,False,False,False,False,False,False
MCH9831,deep-kanda,4814,TELECOM,SOLE_PROPRIETOR,Pune,Maharashtra,2025-07-29 00:00:00,XXXX7811,ACTIVE,796.02,False,False,False,False,False,False
MCH9834,Handa-Chaudhari,5411,GROCERY,PRIVATE_LIMITED,Lucknow,Uttar Pradesh,2025-04-27 00:00:00,XXXX0961,ACTIVE,3989.9,False,False,False,False,False,False
MCH9835,Mahajan-Pingle,7011,HOTEL,PRIVATE_LIMITED,Jaipur,Rajasthan,2025-09-22 00:00:00,,ACTIVE,2477.71,False,False,False,False,True,False
MCH9836,"Nori, Malhotra and Deep",7011,HOTEL,SOLE_PROPRIETOR,Chennai,Tamil Nadu,,XXXX5684,ACTIVE,3007.0,False,False,False,False,False,True
MCH9837,Raval-Aurora,5812,RESTAURANT,SOLE_PROPRIETOR,Kolkata,West Bengal,2023-04-26 00:00:00,,ACTIVE,2990.0,False,False,False,False,True,False
MCH9839,Natarajan-Keer,5812,RESTAURANT,INDIVIDUAL,Delhi,Delhi,2025-03-03 12:00:05,XXXX6434,ACTIVE,2189.15,False,False,False,False,False,False
MCH9840,"gara, bedi and dua",5942,BOOKS_STATIONERY,PRIVATE_LIMITED,Amritsar,Punjab,2025-09-12 00:00:00,XXXX3528,ACTIVE,369.0,False,False,False,False,False,False
MCH9843,"Banerjee, Singh and Anne",5942,BOOKS_STATIONERY,INDIVIDUAL,Chennai,Tamil Nadu,2025-04-07 00:00:00,,ACTIVE,8077.21,False,False,False,False,True,False
MCH9844,MENON AND SONS,4131,TRANSPORT,SOLE_PROPRIETOR,Mumbai,Maharashtra,2024-04-14 00:00:00,,ACTIVE,1083.0,False,False,False,False,True,False
MCH9845,Misra-Varghese,5912,PHARMACY,SOLE_PROPRIETOR,Ludhiana,Punjab,2025-12-30 00:00:00,,ACTIVE,186.59,False,False,False,False,True,False
MCH9846,Mukherjee Ltd,5812,RESTAURANT,SOLE_PROPRIETOR,Chennai,Tamil Nadu,2024-09-15 00:00:00,XXXX2201,ACTIVE,1799.62,False,False,False,False,False,False
MCH9847,Dube and Sons,4814,TELECOM,PARTNERSHIP,Delhi,Delhi,2023-06-06 03:41:54,XXXX0678,ACTIVE,918.47,False,False,False,False,False,False
MCH9848,B0rde Inc,5311,DEPARTMENT_STORE,PRIVATE_LIMITED,Hyderabad,Telangana,2024-02-03 00:00:00,XXXX6800,ACTIVE,1173.29,True,False,False,False,False,False
MCH9849,Jayaraman Inc,5942,BOOKS_STATIONERY,INDIVIDUAL,Kolkata,West Bengal,2026-02-11 02:12:30,XXXX8402,ACTIVE,1659.94,False,False,False,False,False,False
MCH9853,Dhar-Raval,5912,PHARMACY,SOLE_PROPRIETOR,Kolkata,West Bengal,,,ACTIVE,795.17,False,False,False,False,True,True
MCH9855,Samra-Manda,4814,TELECOM,PRIVATE_LIMITED,Chennai,Tamil Nadu,2025-02-01 00:00:00,XXXX7965,ACTIVE,1167.22,False,False,False,False,False,False
MCH9856,"Gala, Nadig and Borra",5411,GROCERY,PARTNERSHIP,Lucknow,Uttar Pradesh,2025-10-13 23:24:00,XXXX3540,ACTIVE,1744.37,False,False,False,False,False,False
MCH9857,Mitra-Bala,5311,DEPARTMENT_STORE,PARTNERSHIP,Bengaluru,Karnataka,2024-01-15 00:21:39,XXXX6024,ACTIVE,507.74,False,False,False,False,False,False
MCH9858,"Memon, Mohanty and Ghosh",4131,TRANSPORT,SOLE_PROPRIETOR,Mumbai,Maharashtra,2025-12-11 20:43:32,XXXX2372,ACTIVE,911.0,False,False,False,False,False,False
MCH9859,Mukherjee-Agate,5999,MISC_RETAIL,SOLE_PROPRIETOR,Jalandhar,Punjab,,,ACTIVE,158.0,False,False,False,False,True,True
MCH9861,"Mukherjee, Murthy and Jani",4131,TRANSPORT,PRIVATE_LIMITED,Ludhiana,Punjab,2025-06-22 00:00:00,,ACTIVE,719.77,False,False,False,False,True,False
MCH9865,Minhas PLC,5942,BOOKS_STATIONERY,PRIVATE_LIMITED,Delhi,Delhi,2025-11-29 00:00:00,,ACTIVE,334.0,False,False,False,False,True,False
MCH9866,Sane-Dar,4814,TELECOM,PARTNERSHIP,Lucknow,Uttar Pradesh,2024-04-11 00:00:00,,ACTIVE,910.27,False,False,False,False,True,False
MCH9867,TripathiLtd,5942,BOOKS_STATIONERY,INDIVIDUAL,Hyderabad,Telangana,2024-11-01 00:43:00,,ACTIVE,936.0,False,False,False,False,True,False
MCH9868,"Narain, Dada and Panchal",4814,TELECOM,SOLE_PROPRIETOR,Pune,Maharashtra,2026-02-28 00:00:00,XXXX7397,INACTIVE,-236.45,False,False,True,False,False,False
MCH9877,"Garde, Sabharwal and Prashad",5942,BOOKS_STATIONERY,PRIVATE_LIMITED,Hyderabad,Telangana,2024-03-02 00:00:00,XXXX0532,ACTIVE,1246.91,False,False,False,False,False,False
MCH9879,Venkataraman-Tata,4814,TELECOM,INDIVIDUAL,Ludhiana,Punjab,2024-01-04 00:00:00,XXXX0897,INACTIVE,2839.66,False,False,False,False,False,False
MCH9881,Kalla-Tara,5411,GROCERY,PRIVATE_LIMITED,Delhi,Delhi,2025-04-10 00:00:00,,ACTIVE,1174.86,False,False,False,False,True,False
MCH9882,Joshi PLC,4814,TELECOM,SOLE_PROPRIETOR,Jaipur,Rajasthan,,,ACTIVE,320.23,False,False,False,False,True,True
MCH9883,Modi PLC,5411,GROCERY,SOLE_PROPRIETOR,Delhi,Delhi,2024-08-25 00:00:00,XXXX9460,ACTIVE,492.1,False,False,False,False,False,False
MCH9884,Sidhu Group,7011,HOTEL,PARTNERSHIP,Chennai,Tamil Nadu,2023-10-27 00:00:00,XXXX1060,ACTIVE,1570.58,False,False,False,False,False,False
MCH9888,"Contractor, Mohanty and Devi",5912,PHARMACY,SOLE_PROPRIETOR,Chennai,Tamil Nadu,2025-09-23 23:00:00,XXXX3253,ACTIVE,1367.96,False,False,False,False,False,False
MCH9896,Dave-Vasa,5311,DEPARTMENT_STORE,PARTNERSHIP,Pune,Maharashtra,2023-09-30 00:00:00,XXXX8599,ACTIVE,3148.67,False,False,False,False,False,False
MCH9897,Modi PLC,5699,APPAREL,INDIVIDUAL,Delhi,Delhi,2023-06-01 00:00:00,,ACTIVE,-1453.4,False,False,True,False,True,False
MCH9901,Oommen Ltd,7011,HOTEL,SOLE_PROPRIETOR,Hyderabad,Telangana,2025-10-01 18:50:10,XXXX3340,INACTIVE,538.3,False,False,False,False,False,False
MCH9905,Pate1-S00d,7011,HOTEL,SOLE_PROPRIETOR,Jaipur,Rajasthan,2025-11-21 00:00:00,XXXX3100,ACTIVE,,False,False,False,True,False,False
MCH9906,"Raj, Goda and Rastogi",5912,PHARMACY,PRIVATE_LIMITED,Pune,Maharashtra,2025-01-31 00:00:00,XXXX2011,ACTIVE,543.33,False,False,False,False,False,False
MCH9909,"Gade, Tiwari and Solanki",5699,APPAREL,INDIVIDUAL,Pune,Maharashtra,2024-08-23 00:00:00,XXXX1254,ACTIVE,2922.02,False,False,False,False,False,False
MCH9910,"Karan, Ram and Sengupta",5311,DEPARTMENT_STORE,INDIVIDUAL,Delhi,Delhi,2025-10-14 00:00:00,XXXX9661,ACTIVE,191.17,False,False,False,False,False,False
MCH9911,"Pal, Dash and Nagi",4131,TRANSPORT,INDIVIDUAL,Mumbai,Maharashtra,2024-11-28 00:00:00,XXXX9114,ACTIVE,1474.73,False,False,False,False,False,False
MCH9912,"Gade, Bajaj and Zachariah",7011,HOTEL,SOLE_PROPRIETOR,Ludhiana,Punjab,2023-02-22 18:06:00,,ACTIVE,564.0,False,False,False,False,True,False
MCH9913,Das Ltd,4814,TELECOM,PARTNERSHIP,Lucknow,Uttar Pradesh,2024-08-10 00:00:00,,ACTIVE,442.64,False,False,False,False,True,False
MCH9914,"Parmar, Sekhon and Kakar",4131,TRANSPORT,PRIVATE_LIMITED,Amritsar,Punjab,2025-12-15 03:30:38,XXXX2607,ACTIVE,1356.48,False,False,False,False,False,False
MCH9916,"Sur, Palla and Goyal",4814,TELECOM,PRIVATE_LIMITED,Pune,Maharashtra,2023-09-04 08:24:31,XXXX2814,ACTIVE,282.0,False,False,False,False,False,False
MCH9918,"Jha, Kumer and Srivastava",5699,APPAREL,SOLE_PROPRIETOR,Bengaluru,Karnataka,2024-01-16 02:34:09,XXXX0709,INACTIVE,902.09,False,False,False,False,False,False
MCH9919,"Ramaswamy,PallandBahri",5912,PHARMACY,PRIVATE_LIMITED,Mumbai,Maharashtra,2026-02-09 00:00:00,,ACTIVE,1346.24,False,False,False,False,True,False
MCH9920,Oommen-Mitra,5411,GROCERY,PRIVATE_LIMITED,Jaipur,Rajasthan,2024-01-17 00:00:00,XXXX9085,ACTIVE,767.57,False,False,False,False,False,False
MCH9921,"Datta, Chatterjee and Khalsa",4131,TRANSPORT,PRIVATE_LIMITED,Bengaluru,Karnataka,2024-02-22 00:00:00,XXXX9256,ACTIVE,2964.42,False,False,False,False,False,False
MCH9922,Chand-Jain,5411,GROCERY,PARTNERSHIP,Chennai,Tamil Nadu,2023-09-10 00:00:00,XXXX1121,ACTIVE,1800.0,False,False,False,False,False,False
MCH9927,"lall, bali and varughese",5812,RESTAURANT,SOLE_PROPRIETOR,Lucknow,Uttar Pradesh,2025-12-09 00:00:00,XXXX3313,ACTIVE,1410.0,False,False,False,False,False,False
MCH9928,KrishnanInc,7011,HOTEL,PRIVATE_LIMITED,Jaipur,Rajasthan,2025-05-06 06:23:57,XXXX1927,ACTIVE,477.53,True,False,False,False,False,False
MCH9930,Kale LLC,5699,APPAREL,SOLE_PROPRIETOR,Jaipur,Rajasthan,,,ACTIVE,1917.92,False,False,False,False,True,True
MCH9931,ray ltd,5912,PHARMACY,PRIVATE_LIMITED,Chennai,Tamil Nadu,2023-06-28 07:48:26,XXXX5643,ACTIVE,7044.3,False,False,False,False,False,False
MCH9933,Bali-Zachariah,5411,GROCERY,SOLE_PROPRIETOR,Jaipur,Rajasthan,2023-06-07 00:00:00,XXXX3410,ACTIVE,1549.0,False,False,False,False,False,False
MCH9935,Sahni-Barad,5999,MISC_RETAIL,PARTNERSHIP,Delhi,Delhi,2023-06-12 00:00:00,,ACTIVE,1444.0,False,False,False,False,True,False
MCH9937,"Sant, Dada and Biswas",4814,TELECOM,PARTNERSHIP,Hyderabad,Telangana,2023-08-09 00:00:00,,INACTIVE,663.0,False,False,False,False,True,False
MCH9940,Mutti-Chakraborty,5812,RESTAURANT,PRIVATE_LIMITED,Jaipur,Rajasthan,2024-05-03 00:00:00,,INACTIVE,1326.53,True,False,False,False,True,False
MCH9941,Bava and Sons,5999,MISC_RETAIL,PRIVATE_LIMITED,Hyderabad,Telangana,2024-12-02 03:24:00,XXXX5432,ACTIVE,-2534.64,False,False,True,False,False,False
MCH9942,Choudhry-Shenoy,4814,TELECOM,PARTNERSHIP,Amritsar,Punjab,2024-09-08 09:43:00,XXXX9245,ACTIVE,1359.79,False,False,False,False,False,False
MCH9943,Mukhopadhyay-Kale,5699,APPAREL,PRIVATE_LIMITED,Amritsar,Punjab,2025-11-30 15:51:23,XXXX2419,ACTIVE,2114.46,False,False,False,False,False,False
MCH9944,"Parikh, Mutti and Saha",4131,TRANSPORT,PARTNERSHIP,Jalandhar,Punjab,2025-08-03 12:22:46,XXXX1410,ACTIVE,1826.64,False,False,False,False,False,False
MCH9945,"Pant, Hayre and Pathak",4814,TELECOM,PRIVATE_LIMITED,Jalandhar,Punjab,2025-07-14 00:56:49,XXXX5088,ACTIVE,789.57,False,False,False,False,False,False
MCH9946,Jain LLC,5912,PHARMACY,PARTNERSHIP,Pune,Maharashtra,2024-12-10 16:23:14,XXXX3595,ACTIVE,1421.0,False,False,False,False,False,False
MCH9947,Sarkar Ltd,5311,DEPARTMENT_STORE,INDIVIDUAL,Ludhiana,Punjab,2023-06-25 00:00:00,XXXX2610,ACTIVE,,False,False,False,True,False,False
MCH9949,Balan LLC,5411,GROCERY,PRIVATE_LIMITED,Amritsar,Punjab,2024-06-27 00:00:00,XXXX7461,ACTIVE,2493.77,False,False,False,False,False,False
MCH9951,Natt Group,5912,PHARMACY,PARTNERSHIP,Chennai,Tamil Nadu,2024-02-05 00:00:00,XXXX9043,ACTIVE,1765.37,False,False,False,False,False,False
MCH9952,Vig-Doctor,4131,TRANSPORT,PRIVATE_LIMITED,Lucknow,Uttar Pradesh,2024-10-27 00:00:00,XXXX8487,ACTIVE,856.86,True,False,False,False,False,False
MCH9954,"Dutta, J0ha1 and Char",5699,APPAREL,SOLE_PROPRIETOR,Delhi,Delhi,2025-12-23 00:00:00,XXXX1428,ACTIVE,3148.72,False,False,False,False,False,False
MCH9955,NORI-NAZARETH,5699,APPAREL,SOLE_PROPRIETOR,Delhi,Delhi,2024-05-22 02:32:54,,INACTIVE,673.27,False,False,False,False,True,False
MCH9956,Khatri Inc,7011,HOTEL,SOLE_PROPRIETOR,Pune,Maharashtra,2023-05-19 18:45:01,XXXX1406,INACTIVE,-2099.08,False,False,True,False,False,False
MCH9957,"Chatterjee, Goda and Saraf",4814,TELECOM,SOLE_PROPRIETOR,Ludhiana,Punjab,2025-05-10 05:24:35,XXXX6546,ACTIVE,533.81,False,False,False,False,False,False
MCH9963,Mahajan and S0ns,5942,BOOKS_STATIONERY,PARTNERSHIP,Jaipur,Rajasthan,2025-01-19 07:33:36,XXXX6758,ACTIVE,7342.46,False,False,False,False,False,False
MCH9964,Dua Inc,4131,TRANSPORT,SOLE_PROPRIETOR,Mumbai,Maharashtra,2023-02-06 00:00:00,,INACTIVE,794.67,False,False,False,False,True,False
MCH9966,TOOR GROUP,5999,MISC_RETAIL,PARTNERSHIP,Kolkata,West Bengal,2024-03-11 00:00:00,XXXX5380,ACTIVE,681.04,True,False,False,False,False,False
MCH9967,Kaul LLC,5812,RESTAURANT,INDIVIDUAL,Lucknow,Uttar Pradesh,2023-12-23 00:00:00,XXXX0442,ACTIVE,4200.0,False,False,False,False,False,False
MCH9968,Kata-Bawa,5311,DEPARTMENT_STORE,PRIVATE_LIMITED,Lucknow,Uttar Pradesh,2025-09-01 12:08:34,,ACTIVE,2070.31,False,False,False,False,True,False
MCH9969,Tiwari and Sons,5942,BOOKS_STATIONERY,PRIVATE_LIMITED,Ludhiana,Punjab,2023-01-15 00:00:00,XXXX1860,INACTIVE,1542.28,False,False,False,False,False,False
MCH9972,"Bakshi, Tata and Parmer",5311,DEPARTMENT_STORE,SOLE_PROPRIETOR,Hyderabad,Telangana,2024-08-14 00:00:00,XXXX4296,ACTIVE,1398.48,False,False,False,False,False,False
MCH9973,"Parsa, Loyal and Pai",4814,TELECOM,PARTNERSHIP,Lucknow,Uttar Pradesh,2024-04-19 00:00:00,XXXX4016,ACTIVE,1836.29,False,False,False,False,False,False
MCH9975,Nadkarni-Sane,5999,MISC_RETAIL,SOLE_PROPRIETOR,Delhi,Delhi,2025-08-02 00:00:00,XXXX7415,ACTIVE,4465.19,False,False,False,False,False,False
MCH9977,Mohanty-Desai,4814,TELECOM,SOLE_PROPRIETOR,Mumbai,Maharashtra,2023-02-13 00:00:00,XXXX4001,ACTIVE,845.52,False,False,False,False,False,False
MCH9979,"Bandi, Gupta and Sarma",4131,TRANSPORT,PRIVATE_LIMITED,Ludhiana,Punjab,2023-04-13 00:00:00,,INACTIVE,-979.52,False,False,True,False,True,False
MCH9983,bhagat group,5411,GROCERY,INDIVIDUAL,Pune,Maharashtra,2025-11-27 00:00:00,XXXX2568,ACTIVE,3669.57,False,False,False,False,False,False
MCH9984,"Dash, Radhakrishnan and Singh",4131,TRANSPORT,SOLE_PROPRIETOR,Amritsar,Punjab,2025-11-01 00:00:00,XXXX5597,ACTIVE,956.87,False,False,False,False,False,False
MCH9986,tak ltd,4131,TRANSPORT,PARTNERSHIP,Delhi,Delhi,2025-01-21 00:00:00,XXXX9722,ACTIVE,-1750.99,False,False,True,False,False,False
MCH9988,"Johal, Padmanabhan and Sagar",5912,PHARMACY,INDIVIDUAL,Delhi,Delhi,2026-02-02 00:00:00,,ACTIVE,1620.14,True,False,False,False,True,False
MCH9990,Mishra Inc,5912,PHARMACY,PRIVATE_LIMITED,Mumbai,Maharashtra,2023-02-18 00:00:00,XXXX3137,ACTIVE,970.05,False,False,False,False,False,False
MCH9992,Rajagopalan PLC,7011,HOTEL,SOLE_PROPRIETOR,Bengaluru,Karnataka,2024-02-07 00:00:00,XXXX3993,ACTIVE,577.93,False,False,False,False,False,False
MCH9993,Chadha-Tailor,5942,BOOKS_STATIONERY,PRIVATE_LIMITED,Ludhiana,Punjab,2026-01-05 00:00:00,,INACTIVE,2368.65,False,False,False,False,True,False
MCH9994,"Barad, Lall and Shetty",5942,BOOKS_STATIONERY,PARTNERSHIP,Delhi,Delhi,2026-01-13 00:00:00,XXXX2579,ACTIVE,1588.48,False,False,False,False,False,False
MCH9995,ben-krish,5311,DEPARTMENT_STORE,SOLE_PROPRIETOR,Pune,Maharashtra,2025-09-11 20:22:00,XXXX5281,ACTIVE,2919.94,True,False,False,False,False,False
MCH9996,Kala-Nadkarni,5699,APPAREL,PRIVATE_LIMITED,Delhi,Delhi,2023-01-03 00:00:00,XXXX7769,ACTIVE,628.11,False,False,False,False,False,False
MCH9997,"Kalita, Dass and Balay",5999,MISC_RETAIL,INDIVIDUAL,Ludhiana,Punjab,2023-07-12 00:00:00,XXXX2557,ACTIVE,2233.91,False,False,False,False,False,False
MCH9999,"KONDA, SUBRAMANIAN AND RAU",5999,MISC_RETAIL,INDIVIDUAL,Mumbai,Maharashtra,2024-01-16 20:59:00,,ACTIVE,510.0,False,False,False,False,True,False
