complaint_id,txn_id,user_id,merchant_id,disputed_amount,reason_code,reason_category,complaint_text,resolution_status,severity,channel,reported_timestamp,transaction_timestamp,bank_response_timestamp,disputed_amount_missing,disputed_amount_negative,txn_id_missing,reported_ts_missing,txn_ts_missing,bank_response_missing,reported_before_txn,complaint_id_duplicate
CBK0002082,TXN00004325,USR97580,MCH1127,,Merchant Not Delivered,SERVICE_NOT_DELIVERED,Customer says amount was debited twice.,CLOSED,CRITICAL,IVR,2026-02-01 00:00:00,2026-01-28 00:00:00,2026-02-10 03:19:10,True,False,False,False,False,False,False,False
CBK0001941,TXN00003720,USR54113,MCH3835,414.69,login compromised,ACCOUNT_TAKEOVER,User reports money deducted but merchant denies receiving payment.,IN_PROGRESS,HIGH,CALL_CENTER,2026-03-05 06:24:15,2026-02-25 10:24:00,2026-03-12 06:24:00,False,False,False,False,False,False,False,False
CBK0001799,TXN00012539,USR17980,MCH3700,7039.0,customer issue,CUSTOMER_DISPUTE,merchant service was not delivered after payment.,OPEN,LOW,IVR,2026-02-05 00:00:00,2026-02-04 00:00:00,2026-03-06 00:00:00,False,False,False,False,False,False,False,False
CBK0002465,TXN00017802,USR76148,MCH4534,1303.05,no service,SERVICE_NOT_DELIVERED,Suspicious high-value payment disputed by customer. pls check asap,REJECTED,HIGH,IVR,2026-04-01 00:00:00,2026-03-30 00:00:00,2026-04-07 00:00:00,False,False,False,False,False,False,False,False
CBK0001870,TXN00015944,USR24660,MCH1686,1459.42,merchant service issue,SERVICE_NOT_DELIVERED,Merchant service was not delivered after payment.,IN_PROGRESS,LOW,APP,2026-01-14 21:01:41,2026-01-09 00:00:00,2026-01-26 00:00:00,False,False,False,False,False,False,False,False
CBK0002663,TXN00009741,USR40631,MCH9584,548.0,service failed,SERVICE_NOT_DELIVERED,Complaint received after multiple failed attempts. urgent,CLOSED,LOW,BRANCH,2026-02-06 00:00:00,2026-02-05 00:00:00,2026-02-23 00:00:00,False,False,False,False,False,False,False,False
CBK0000782,TXN00015086,USR58789,MCH6008,1949.6,extra amount deducted,AMOUNT_MISMATCH,User says UPI PIN was not entered by them.,IN_PROGRESS,MEDIUM,CHATBOT,2026-02-10 00:00:00,2026-02-05 00:00:00,2026-03-03 00:00:00,False,False,False,False,False,False,False,False
CBK0001838,TXN00014426,USR30157,MCH4526,4193.52,Service Not Provided,SERVICE_NOT_DELIVERED,Merchant service was not delivered after payment. details missing,OPEN,MEDIUM,CHATBOT,2026-04-06 04:17:08,2026-03-26 10:17:08,2026-04-18 00:00:00,False,False,False,False,False,False,False,False
CBK0001095,TXN00015316,USR86750,MCH5980,930.83,dispute raised,CUSTOMER_DISPUTE,Customer complaint text unclear due to poor call center notes.,OPEN,HIGH,BRANCH,2026-01-13 00:00:00,2026-01-12 00:00:00,2026-01-14 00:00:00,False,False,False,False,False,False,False,False
CBK0002541,TXN00002822,USR11987,MCH3992,,UNAUTHORISED,UNAUTHORIZED,User claims account was compromised before transaction.,OPEN,HIGH,IVR,2026-03-23 00:00:00,2026-03-18 10:04:06,2026-03-30 00:00:00,True,False,False,False,False,False,False,False
CBK0001147,TXN00002456,USR89588,MCH2614,1805.23,double debit,DUPLICATE_DEBIT,customer says amount was debited twice.,IN_PROGRESS,LOW,CHATBOT,2026-02-12 00:00:00,2026-02-10 03:16:00,2026-03-12 14:16:00,False,False,False,False,False,False,False,False
CBK0001137,TXN00015627,USR35882,MCH8913,4853.7,dispute raised,CUSTOMER_DISPUTE,Customer says amount was debited twice.,RESOLVED,MEDIUM,CHATBOT,2026-01-21 00:00:00,2026-01-21 01:07:00,2026-02-06 08:07:54,False,False,False,False,False,False,True,False
CBK0002213,TXN00009870,USR79046,MCH8457,12334.0,Merchant Not Delivered,SERVICE_NOT_DELIVERED,Merchant service was not delivered after payment.,IN_PROGRESS,MEDIUM,IVR,2026-02-17 00:00:00,2026-01-02 00:00:00,,False,False,False,False,False,True,False,False
CBK0000946,TXN00013141,USR22644,MCH9193,7638.7,Fraud Suspected,FRAUD,MERCHANT SERVICE WAS NOT DELIVERED AFTER PAYMENT.,IN_PROGRESS,CRITICAL,EMAIL,2026-01-31 14:01:41,2026-01-26 00:00:00,,False,False,False,False,False,True,False,False
CBK0002366,TXN00012165,USR98915,MCH6399,,fraud,FRAUD,Customer says transaction was not authorized.,IN_PROGRESS,LOW,CALL_CENTER,2026-02-20 00:00:00,2026-02-20 00:00:00,2026-02-23 21:48:00,True,False,False,False,False,False,False,False
CBK0002026,TXN00019737,USR27262,MCH4852,174.11,charged twice,DUPLICATE_DEBIT,Merchant service was not delivered after payment.,RESOLVED,MEDIUM,IVR,2026-01-23 00:00:00,2026-01-13 00:00:00,2026-02-11 19:25:13,False,False,False,False,False,False,False,False
CBK0001099,TXN00011289,USR94570,MCH4545,305.0,Account Takeover,ACCOUNT_TAKEOVER,Payment made to unknown merchant as per customer statement.,CLOSED,CRITICAL,IVR,2026-02-04 00:00:00,2026-01-30 04:49:00,2026-02-28 00:00:00,False,False,False,False,False,False,False,False
CBK0001197,TXN00006253,USR19220,MCH7286,4952.0,dispute raised,CUSTOMER_DISPUTE,Complaint received after multiple failed attempts.,REJECTED,MEDIUM,CHATBOT,2026-01-10 00:00:00,2026-01-08 00:00:00,2026-01-20 14:43:26,False,False,False,False,False,False,False,False
CBK0002347,TXN00010961,USR55439,MCH7581,1126.18,Wrong Amount,AMOUNT_MISMATCH,Customer says transaction was not authorized.,REJECTED,LOW,BRANCH,2026-03-15 00:00:00,2026-02-13 00:00:00,,False,False,False,False,False,True,False,False
CBK0000289,TXN00005764,USR38028,MCH6758,513.84,Fraud Suspected,FRAUD,User claims account was compromised before transaction.,REJECTED,MEDIUM,CHATBOT,,2026-03-12 23:03:00,,False,False,False,True,False,True,False,False
CBK0002002,TXN00010298,USR97772,MCH5269,534.44,service failed,SERVICE_NOT_DELIVERED,Merchant service was not delivered after payment. urgent,IN_PROGRESS,CRITICAL,CHATBOT,2026-01-08 00:00:00,2026-01-03 00:00:00,2026-02-03 23:32:04,False,False,False,False,False,False,False,False
CBK0000512,TXN00014054,USR27947,MCH7667,4010.97,Unauthorized Transaction,UNAUTHORIZED,Customer says amount was debited twice.,CLOSED,LOW,CHATBOT,2026-01-26 00:00:00,2026-01-21 00:00:00,2026-01-30 00:00:00,False,False,False,False,False,False,False,False
CBK0001155,TXN00010146,USR94690,MCH3957,2637.93,unauthorized_transaction,UNAUTHORIZED,Payment made to unknown merchant as per customer statement.,IN_PROGRESS,MEDIUM,IVR,,2026-02-09 19:16:42,2026-02-23 06:16:42,False,False,False,True,False,False,False,False
CBK0001330,TXN00005940,USR67471,MCH8738,1360.01,DUP_DEBIT,DUPLICATE_DEBIT,Suspicious high-value payment disputed by customer.,PENDING_BANK,MEDIUM,CHATBOT,2026-03-15 12:34:00,2026-03-14 00:34:00,2026-03-27 00:00:00,False,False,False,False,False,False,False,False
CBK0000259,TXN00017504,USR24872,MCH9291,12647.35,unauthorized_transaction,UNAUTHORIZED,merchant service was not delivered after payment.,IN_PROGRESS,LOW,CHATBOT,2026-01-30 09:27:00,2026-01-22 00:00:00,2026-02-13 00:00:00,False,False,False,False,False,False,False,False
CBK0000164,TXN00010786,USR79443,MCH3729,,charged twice,DUPLICATE_DEBIT,Payment made to unknown merchant as per customer statement.,CLOSED,MEDIUM,IVR,2026-01-18 00:00:00,2026-01-08 02:00:24,2026-01-23 04:00:24,True,False,False,False,False,False,False,False
CBK0000681,TXN00006290,USR89588,MCH9105,,extra amount deducted,AMOUNT_MISMATCH,Merchant service was not delivered after payment.,REJECTED,LOW,IVR,2026-02-02 00:00:00,2026-01-28 00:00:00,2026-02-28 00:00:00,True,False,False,False,False,False,False,False
CBK0002683,TXN00004094,USR73891,MCH8154,2519.45,incorrect amount,AMOUNT_MISMATCH,suspicious high-value payment disputed by customer.,IN_PROGRESS,HIGH,IVR,2026-01-06 00:00:00,2026-01-08 00:00:00,2026-01-21 00:00:00,False,False,False,False,False,False,True,False
CBK0002792,TXN00005061,USR22154,MCH9022,1535.65,account hacked,ACCOUNT_TAKEOVER,Customer says amount was debited twice.,REJECTED,HIGH,CHATBOT,2026-03-02 00:00:00,2026-02-28 13:16:03,2026-03-30 00:00:00,False,False,False,False,False,False,False,False
CBK0000594,TXN00065742,USR32980,MCH7020,470.0,Merchant Not Delivered,SERVICE_NOT_DELIVERED,suspicious high-value payment disputed by customer.,CLOSED,MEDIUM,EMAIL,,2026-02-19 00:00:00,2026-02-24 00:00:00,False,False,False,True,False,False,False,False
CBK0001247,TXN00003165,USR41524,MCH2342,2714.54,scam,FRAUD,Suspicious high-value payment disputed by customer.,RESOLVED,MEDIUM,CALL_CENTER,2026-01-09 00:00:00,2026-01-04 00:00:00,2026-02-03 00:00:00,False,False,False,False,False,False,False,False
CBK0000566,TXN00000086,USR11727,MCH4948,411.83,unauth txn,UNAUTHORIZED,User says UPI PIN was not entered by them.,REJECTED,HIGH,CHATBOT,2026-02-24 02:13:00,2026-02-23 00:00:00,2026-03-15 00:00:00,False,False,False,False,False,False,False,False
CBK0002764,TXN00014418,USR71468,MCH6403,1393.43,Service Not Provided,SERVICE_NOT_DELIVERED,customer complaint text unclear due to poor call center notes.,PENDING_BANK,MEDIUM,EMAIL,2026-03-05 00:00:00,2026-03-03 00:00:00,,False,False,False,False,False,True,False,False
CBK0000023,TXN00001464,USR92751,MCH2757,1112.83,Merchant Not Delivered,SERVICE_NOT_DELIVERED,MERCHANT SERVICE WAS NOT DELIVERED AFTER PAYMENT.,RESOLVED,MEDIUM,IVR,2026-04-13 00:00:00,2026-03-14 00:00:00,2026-04-16 00:00:00,False,False,False,False,False,False,False,False
CBK0000361,TXN00012527,USR24926,MCH7438,2311.0,Duplicate Debit,DUPLICATE_DEBIT,User claims account was compromised before transaction.,CLOSED,LOW,IVR,2026-02-16 18:13:57,2026-02-14 00:00:00,,False,False,False,False,False,True,False,False
CBK0002544,TXN00018727,USR27888,MCH5076,10161.06,delivery issue,SERVICE_NOT_DELIVERED,merchant service was not delivered after payment.,OPEN,HIGH,CHATBOT,2026-03-25 00:00:00,2026-03-20 01:26:11,2026-04-24 20:26:11,False,False,False,False,False,False,False,False
CBK0000430,TXN00018881,USR47299,MCH3382,2108.9,fraud,FRAUD,Merchant service was not delivered after payment. urgent,IN_PROGRESS,HIGH,IVR,2026-02-26 00:00:00,2026-02-11 03:20:31,2026-03-23 06:20:31,False,False,False,False,False,False,False,False
CBK0001264,TXN00008143,USR92737,MCH4183,240.64,unauth txn,UNAUTHORIZED,Merchant service was not delivered after payment.,OPEN,LOW,IVR,2026-03-25 22:21:00,2026-03-22 17:21:29,,False,False,False,False,False,True,False,False
CBK0001919,TXN00005826,USR72795,MCH2259,1770.58,login compromised,ACCOUNT_TAKEOVER,Merchant service was not delivered after payment.,REJECTED,CRITICAL,IVR,2026-02-04 14:03:00,2026-01-31 00:00:00,2026-02-08 00:00:00,False,False,False,False,False,False,False,False
CBK0000069,TXN00002744,USR21384,MCH4252,840.07,delivery issue,SERVICE_NOT_DELIVERED,USER CLAIMS ACCOUNT WAS COMPROMISED BEFORE TRANSACTION.,IN_PROGRESS,CRITICAL,EMAIL,,2026-01-15 01:24:40,2026-02-11 00:00:00,False,False,False,True,False,False,False,False
CBK0001760,TXN00017025,USR79110,MCH1320,,FRAUD,FRAUD,user says upi pin was not entered by them.,RESOLVED,LOW,IVR,2026-03-24 23:17:18,,,True,False,False,False,True,True,False,False
CBK0002232,TXN00009269,USR99886,MCH1941,385.53,Merchant Not Delivered,SERVICE_NOT_DELIVERED,Payment made to unknown merchant as per customer statement.,CLOSED,MEDIUM,CHATBOT,2026-01-29 17:24:45,2026-01-26 19:24:45,,False,False,False,False,False,True,False,False
CBK0002798,TXN00066039,USR24087,MCH6965,1372.0,Service Not Provided,SERVICE_NOT_DELIVERED,User reports money deducted but merchant denies receiving payment.,RESOLVED,LOW,CHATBOT,2026-01-22 06:27:51,2026-01-14 00:00:00,2026-02-09 00:00:00,False,False,False,False,False,False,False,False
CBK0000080,TXN00007630,USR70905,MCH7833,963.14,Duplicate Debit,DUPLICATE_DEBIT,user claims account was compromised before transaction.,IN_PROGRESS,LOW,BRANCH,2026-01-12 06:35:00,2026-01-11 19:35:00,2026-01-24 00:00:00,False,False,False,False,False,False,False,False
CBK0000789,TXN00006632,USR56899,MCH7296,4124.85,fraud,FRAUD,Merchant service was not delivered after payment.,IN_PROGRESS,LOW,EMAIL,2026-04-03 00:00:00,2026-03-28 00:00:00,,False,False,False,False,False,True,False,False
CBK0002564,TXN00013473,USR78994,MCH2383,2485.28,Customer Dispute,CUSTOMER_DISPUTE,Customer says amount was debited twice.,PENDING_BANK,MEDIUM,CHATBOT,2026-02-26 00:00:00,2026-02-16 02:17:00,2026-03-04 00:00:00,False,False,False,False,False,False,False,False
CBK0000359,TXN00014970,USR35935,MCH3100,3336.7,Account Takeover,ACCOUNT_TAKEOVER,user reports money deducted but merchant denies receiving payment.,IN_PROGRESS,MEDIUM,CHATBOT,2026-02-20 00:00:00,,2026-03-12 18:19:47,False,False,False,False,True,False,False,False
CBK0002003,TXN00015085,USR71636,MCH4256,-956.46,Merchant Not Delivered,SERVICE_NOT_DELIVERED,suspicious high-value payment disputed by customer.,IN_PROGRESS,MEDIUM,APP,2026-01-18 06:11:00,2026-01-16 00:00:00,2026-02-09 00:00:00,False,True,False,False,False,False,False,False
CBK0002463,TXN00014364,USR87498,MCH4089,2489.04,suspicious transaction,FRAUD,Customer says amount was debited twice.,RESOLVED,LOW,CHATBOT,2026-01-21 17:18:16,2026-01-19 00:00:00,2026-02-11 00:00:00,False,False,False,False,False,False,False,False
CBK0001171,TXN00006955,USR26685,MCH3901,1336.86,ATO,ACCOUNT_TAKEOVER,payment made to unknown merchant as per customer statement.,OPEN,LOW,CHATBOT,2026-02-16 16:57:27,,2026-02-19 00:00:00,False,False,False,False,True,False,False,False
CBK0002716,TXN00003119,USR34955,MCH8691,1198.29,suspicious transaction,FRAUD,Payment made to unknown merchant as per customer statement.,CLOSED,LOW,EMAIL,2026-02-24 21:58:58,,,False,False,False,False,True,True,False,False
CBK0001839,TXN00004638,USR67862,MCH8953,1651.94,extra amount deducted,AMOUNT_MISMATCH,User reports money deducted but merchant denies receiving payment.,IN_PROGRESS,HIGH,EMAIL,2026-02-12 11:49:00,2026-02-12 09:49:00,2026-02-17 00:00:00,False,False,False,False,False,False,False,False
CBK0002314,TXN00014145,USR21162,MCH2383,3888.0,suspicious transaction,FRAUD,Complaint received after multiple failed attempts.,CLOSED,LOW,IVR,2026-03-10 21:03:16,2026-03-09 00:00:00,2026-04-07 00:00:00,False,False,False,False,False,False,False,False
CBK0000406,TXN00007974,USR33394,MCH3064,4101.89,Wrong Amount,AMOUNT_MISMATCH,user claims account was compromised before transaction.,OPEN,LOW,IVR,2026-03-11 00:00:00,,2026-03-20 06:27:39,False,False,False,False,True,False,False,False
CBK0002718,TXN00013934,USR84084,MCH7370,7727.87,Account Takeover,ACCOUNT_TAKEOVER,User claims account was compromised before transaction.,OPEN,LOW,IVR,2026-03-22 23:15:17,2026-02-20 00:00:00,2026-04-04 00:00:00,False,False,False,False,False,False,False,False
CBK0002400,TXN00015733,USR87357,MCH9878,2313.86,UNAUTHORISED,UNAUTHORIZED,customer complaint text unclear due to poor call center notes.,CLOSED,MEDIUM,IVR,2026-01-25 00:00:00,2026-01-22 00:00:00,2026-02-22 00:00:00,False,False,False,False,False,False,False,False
CBK0002758,,USR60667,MCH2383,1225.29,fraud,FRAUD,payment made to unknown merchant as per customer statement.,IN_PROGRESS,MEDIUM,BRANCH,2026-03-25 00:00:00,2026-03-23 06:19:08,2026-04-13 00:00:00,False,False,True,False,False,False,False,False
CBK0002250,TXN00008645,USR60783,MCH8613,5443.5,Unauthorized Transaction,UNAUTHORIZED,PAYMENT MADE TO UNKNOWN MERCHANT AS PER CUSTOMER STATEMENT.,CLOSED,HIGH,CALL_CENTER,2026-01-19 00:00:00,2026-01-12 12:57:11,,False,False,False,False,False,True,False,False
CBK0000661,TXN00012553,USR87727,MCH8876,901.62,no service,SERVICE_NOT_DELIVERED,User claims account was compromised before transaction.,RESOLVED,LOW,IVR,2026-01-23 00:00:00,2026-01-21 17:03:00,2026-02-15 06:03:00,False,False,False,False,False,False,False,False
CBK0001020,TXN00084758,USR36590,MCH1368,,Service Not Provided,SERVICE_NOT_DELIVERED,User says UPI PIN was not entered by them.,OPEN,HIGH,IVR,2026-02-26 00:00:00,2026-02-23 00:00:00,2026-03-15 00:00:00,True,False,False,False,False,False,False,False
CBK0002104,TXN00006293,USR48479,MCH8779,2214.27,DUP_DEBIT,DUPLICATE_DEBIT,Complaint received after multiple failed attempts.,REJECTED,LOW,BRANCH,2026-01-19 00:00:00,2026-01-08 00:00:00,,False,False,False,False,False,True,False,False
CBK0002572,TXN00002760,USR49176,MCH2925,1345.79,unauth txn,UNAUTHORIZED,User says UPI PIN was not entered by them.,RESOLVED,LOW,IVR,2026-01-30 00:00:00,2026-01-15 14:26:16,2026-02-09 00:00:00,False,False,False,False,False,False,False,False
CBK0000929,TXN00014710,USR38547,MCH5541,3089.13,Unauthorized Transaction,UNAUTHORIZED,Merchant service was not delivered after payment.,OPEN,MEDIUM,IVR,2026-02-03 12:11:04,2026-01-23 13:11:04,2026-02-04 12:11:00,False,False,False,False,False,False,False,False
CBK0002608,TXN00012654,USR13367,MCH8076,326.32,account hacked,ACCOUNT_TAKEOVER,User claims account was compromised before transaction.,RESOLVED,LOW,APP,,2026-03-29 04:01:37,2026-04-24 19:01:00,False,False,False,True,False,False,False,False
CBK0002430,TXN00019681,USR37650,MCH5655,9661.7,not delivered,SERVICE_NOT_DELIVERED,Customer says amount was debited twice.,RESOLVED,HIGH,IVR,2026-02-04 00:00:00,2026-01-29 00:00:00,2026-02-15 00:00:00,False,False,False,False,False,False,False,False
CBK0002156,TXN00013206,USR11987,MCH6665,26477.69,Customer Dispute,CUSTOMER_DISPUTE,Complaint received after multiple failed attempts.,IN_PROGRESS,HIGH,EMAIL,2026-01-25 04:52:00,2026-01-24 09:52:00,,False,False,False,False,False,True,False,False
CBK0000366,TXN00002078,USR73403,MCH5076,6907.46,extra amount deducted,AMOUNT_MISMATCH,Customer says transaction was not authorized.,CLOSED,LOW,CALL_CENTER,2026-03-04 00:00:00,2026-03-02 18:29:32,,False,False,False,False,False,True,False,False
CBK0000432,TXN00094213,USR96958,MCH7286,-1411.26,unauth txn,UNAUTHORIZED,User reports money deducted but merchant denies receiving payment.,RESOLVED,HIGH,EMAIL,2026-02-01 00:00:00,2026-01-29 00:00:00,2026-02-02 00:00:00,False,True,False,False,False,False,False,False
CBK0001972,TXN00001376,USR12133,MCH6555,1261.15,item not received,SERVICE_NOT_DELIVERED,Merchant service was not delivered after payment.,CLOSED,MEDIUM,CHATBOT,2026-02-06 04:24:08,2026-02-01 02:24:08,,False,False,False,False,False,True,False,False
CBK0001250,TXN00015587,USR11697,MCH8741,11364.57,no service,SERVICE_NOT_DELIVERED,Complaint received after multiple failed attempts.,PENDING_BANK,LOW,APP,2026-02-05 00:00:00,2026-02-02 00:00:00,,False,False,False,False,False,True,False,False
CBK0001283,TXN00002013,USR31545,MCH5974,439.0,unauth txn,UNAUTHORIZED,Suspicious high-value payment disputed by customer.,REJECTED,MEDIUM,CALL_CENTER,2026-03-04 02:59:29,,2026-03-28 00:00:00,False,False,False,False,True,False,False,False
CBK0000973,TXN00016040,USR25345,MCH3851,3127.0,unauth txn,UNAUTHORIZED,Complaint received after multiple failed attempts.,PENDING_BANK,LOW,IVR,2026-02-06 00:00:00,2026-02-04 00:00:00,2026-03-07 00:00:00,False,False,False,False,False,False,False,False
CBK0000578,TXN00006468,USR71457,MCH6810,7884.04,UNAUTHORISED,UNAUTHORIZED,Suspicious high-value payment disputed by customer.,IN_PROGRESS,LOW,IVR,2026-01-11 20:52:43,2026-01-09 11:52:43,2026-01-13 00:00:00,False,False,False,False,False,False,False,False
CBK0001696,TXN00019601,USR19556,MCH5844,9956.85,ATO,ACCOUNT_TAKEOVER,Suspicious high-value payment disputed by customer.,CLOSED,HIGH,CHATBOT,2026-03-09 13:14:00,2026-03-08 00:00:00,2026-04-03 00:00:00,False,False,False,False,False,False,False,False
CBK0002333,TXN00002832,USR10042,MCH1611,8214.17,Account Takeover,ACCOUNT_TAKEOVER,Merchant service was not delivered after payment.,REJECTED,MEDIUM,IVR,2026-03-05 00:00:00,2026-03-02 13:26:00,2026-04-04 00:00:00,False,False,False,False,False,False,False,False
CBK0001122,TXN00015275,USR61052,MCH8979,320.53,not delivered,SERVICE_NOT_DELIVERED,Complaint received after multiple failed attempts.,REJECTED,MEDIUM,IVR,2026-03-13 16:27:48,2026-03-07 00:00:00,2026-04-11 16:27:48,False,False,False,False,False,False,False,False
CBK0000959,TXN00011129,USR50320,MCH6319,4888.42,unauth txn,UNAUTHORIZED,User reports money deducted but merchant denies receiving payment.,CLOSED,MEDIUM,EMAIL,2026-03-09 11:52:00,2026-02-07 00:00:00,,False,False,False,False,False,True,False,False
CBK0001968,,USR46599,MCH1320,2799.09,dispute raised,CUSTOMER_DISPUTE,Customer says amount was debited twice.,PENDING_BANK,MEDIUM,EMAIL,2026-03-23 00:00:00,2026-03-21 00:00:00,2026-04-13 03:36:00,False,False,True,False,False,False,False,False
CBK0001828,TXN00016623,USR59679,MCH8755,818.66,account hacked,ACCOUNT_TAKEOVER,Customer says amount was debited twice. pls check asap,PENDING_BANK,HIGH,BRANCH,2026-01-15 08:21:37,2026-01-05 00:00:00,2026-02-03 08:21:37,False,False,False,False,False,False,False,False
CBK0001654,TXN00012039,USR76792,MCH6492,966.0,extra amount deducted,AMOUNT_MISMATCH,User reports money deducted but merchant denies receiving payment.,IN_PROGRESS,HIGH,CALL_CENTER,2026-02-07 05:28:28,2026-02-05 00:00:00,2026-02-22 05:28:00,False,False,False,False,False,False,False,False
CBK0002440,TXN00014010,USR71922,MCH6703,1883.55,unauth txn,UNAUTHORIZED,complaint received after multiple failed attempts.,IN_PROGRESS,HIGH,IVR,2026-02-01 08:39:00,2026-01-31 08:39:15,,False,False,False,False,False,True,False,False
CBK0001278,TXN00008385,USR17657,MCH3542,1944.27,dispute raised,CUSTOMER_DISPUTE,PAYMENT MADE TO UNKNOWN MERCHANT AS PER CUSTOMER STATEMENT.,RESOLVED,LOW,CHATBOT,2026-04-06 00:00:00,2026-02-20 00:00:00,,False,False,False,False,False,True,False,False
CBK0002370,TXN00001816,USR24664,MCH3992,6501.45,DUP_DEBIT,DUPLICATE_DEBIT,Payment made to unknown merchant as per customer statement.,PENDING_BANK,LOW,CALL_CENTER,2026-03-26 19:41:41,2026-03-25 00:00:00,2026-04-13 00:00:00,False,False,False,False,False,False,False,False
CBK0001105,TXN00019695,USR34180,MCH6310,1782.96,Duplicate Debit,DUPLICATE_DEBIT,User reports money deducted but merchant denies receiving payment.,OPEN,MEDIUM,CHATBOT,,2026-03-04 00:00:00,,False,False,False,True,False,True,False,False
CBK0000180,TXN00019503,USR70812,MCH3936,1537.27,not delivered,SERVICE_NOT_DELIVERED,user claims account was compromised before transaction.,IN_PROGRESS,LOW,BRANCH,2026-01-22 00:00:00,2026-01-18 00:00:00,2026-02-02 00:00:00,False,False,False,False,False,False,False,False
CBK0000369,TXN00008758,USR86274,MCH3418,11352.0,UNAUTHORISED,UNAUTHORIZED,User says UPI PIN was not entered by them.,IN_PROGRESS,MEDIUM,IVR,2026-03-20 15:15:38,2026-03-18 04:15:38,,False,False,False,False,False,True,False,False
CBK0002303,TXN00016593,USR96415,MCH1320,6511.97,Unauthorized Transaction,UNAUTHORIZED,Customer complaint text unclear due to poor call center notes.,RESOLVED,MEDIUM,IVR,2026-01-13 00:00:00,2026-01-11 00:00:00,2026-01-22 01:23:48,False,False,False,False,False,False,False,False
CBK0001525,TXN00004103,USR18453,MCH7793,4864.83,ATO,ACCOUNT_TAKEOVER,User claims account was compromised before transaction.,CLOSED,MEDIUM,EMAIL,2026-01-28 00:00:00,,2026-02-01 00:00:00,False,False,False,False,True,False,False,False
CBK0000316,TXN00016400,USR40842,MCH3815,1616.81,Wrong Amount,AMOUNT_MISMATCH,COMPLAINT RECEIVED AFTER MULTIPLE FAILED ATTEMPTS.,RESOLVED,MEDIUM,CHATBOT,2026-04-18 00:00:00,2026-03-18 00:00:00,2026-05-03 00:00:00,False,False,False,False,False,False,False,False
CBK0001238,TXN00006193,USR35817,MCH7061,26207.56,FRAUD,FRAUD,Customer says amount was debited twice.,IN_PROGRESS,LOW,APP,2026-03-13 00:00:00,2026-03-12 00:00:00,2026-04-10 00:00:00,False,False,False,False,False,False,False,False
CBK0002585,TXN00018187,USR23937,MCH4560,,ATO,ACCOUNT_TAKEOVER,Customer complaint text unclear due to poor call center notes.,RESOLVED,MEDIUM,CHATBOT,2026-03-27 00:00:00,2026-03-24 00:00:00,2026-04-14 14:38:55,True,False,False,False,False,False,False,False
CBK0001427,TXN00019824,USR76289,MCH5563,755.08,no service,SERVICE_NOT_DELIVERED,Suspicious high-value payment disputed by customer.,REJECTED,CRITICAL,EMAIL,2026-02-05 00:00:00,2026-01-06 00:00:00,2026-03-03 08:07:00,False,False,False,False,False,False,False,False
CBK0002514,TXN00001801,USR99493,MCH3992,4455.8,not delivered,SERVICE_NOT_DELIVERED,Customer says transaction was not authorized.,PENDING_BANK,LOW,BRANCH,,2026-03-12 14:53:38,2026-03-19 00:00:00,False,False,False,True,False,False,False,False
CBK0001680,TXN00009645,USR11085,MCH7073,3937.19,not delivered,SERVICE_NOT_DELIVERED,Complaint received after multiple failed attempts.,OPEN,MEDIUM,CHATBOT,2026-02-02 00:00:00,2026-01-31 16:31:00,,False,False,False,False,False,True,False,False
CBK0002041,TXN00015934,USR69637,MCH2240,1508.23,complaint,CUSTOMER_DISPUTE,Customer complaint text unclear due to poor call center notes.,CLOSED,HIGH,CHATBOT,2026-03-24 00:00:00,,2026-04-17 00:00:00,False,False,False,False,True,False,False,False
CBK0002780,TXN00040959,USR75376,MCH4293,823.15,item not received,SERVICE_NOT_DELIVERED,User says UPI PIN was not entered by them.,IN_PROGRESS,HIGH,CHATBOT,2026-03-13 00:00:00,2026-02-26 00:00:00,,False,False,False,False,False,True,False,False
CBK0000294,TXN00019876,USR55690,MCH6739,2134.32,Duplicate Debit,DUPLICATE_DEBIT,CUSTOMER COMPLAINT TEXT UNCLEAR DUE TO POOR CALL CENTER NOTES.,PENDING_BANK,LOW,IVR,,,2026-03-20 23:37:00,False,False,False,True,True,False,False,False
CBK0002617,TXN00016671,USR60544,MCH7838,1587.1,Customer Dispute,CUSTOMER_DISPUTE,User claims account was compromised before transaction.,REJECTED,LOW,CALL_CENTER,2026-02-24 00:00:00,2026-02-09 00:00:00,2026-03-17 23:17:16,False,False,False,False,False,False,False,False
CBK0001175,TXN00061071,USR22543,MCH3116,,customer issue,CUSTOMER_DISPUTE,customer says amount was debited twice.,IN_PROGRESS,CRITICAL,CHATBOT,2026-02-10 00:00:00,2026-02-04 15:43:17,2026-02-22 11:43:00,True,False,False,False,False,False,False,False
CBK0001087,TXN00014733,USR20889,MCH5264,1558.23,merchant service issue,SERVICE_NOT_DELIVERED,Suspicious high-value payment disputed by customer.,IN_PROGRESS,HIGH,CALL_CENTER,2026-02-06 00:00:00,2026-02-06 00:00:00,,False,False,False,False,False,True,False,False
CBK0002077,TXN00005419,USR55970,MCH9128,8383.0,Fraud Suspected,FRAUD,Payment made to unknown merchant as per customer statement.,REJECTED,LOW,CALL_CENTER,2026-01-30 00:00:00,2026-01-22 00:00:00,2026-02-25 00:00:00,False,False,False,False,False,False,False,False
CBK0001820,TXN00007866,USR51854,MCH1450,-2477.45,incorrect amount,AMOUNT_MISMATCH,complaint received after multiple failed attempts.,REJECTED,LOW,EMAIL,2026-02-22 00:00:00,2026-02-21 00:00:00,2026-03-23 19:57:00,False,True,False,False,False,False,False,False
CBK0001018,TXN00018348,USR13510,MCH1320,1207.49,Unauthorized Transaction,UNAUTHORIZED,Complaint received after multiple failed attempts.,RESOLVED,LOW,APP,2026-02-13 05:26:28,2026-01-28 00:00:00,2026-02-17 00:00:00,False,False,False,False,False,False,False,False
CBK0001949,TXN00000319,USR60096,MCH4998,2189.0,customer issue,CUSTOMER_DISPUTE,Customer says amount was debited twice.,PENDING_BANK,MEDIUM,EMAIL,2026-02-24 00:00:00,2026-02-19 00:00:00,2026-03-21 00:00:00,False,False,False,False,False,False,False,False
CBK0000860,TXN00007296,USR97580,MCH3701,1425.61,delivery issue,SERVICE_NOT_DELIVERED,Suspicious high-value payment disputed by customer.,PENDING_BANK,MEDIUM,CHATBOT,,2026-02-04 00:00:00,,False,False,False,True,False,True,False,False
CBK0000879,TXN00018041,USR59366,MCH6145,479.19,scam,FRAUD,Customer complaint text unclear due to poor call center notes.,PENDING_BANK,LOW,IVR,2026-03-24 00:00:00,2026-03-14 00:00:00,2026-03-25 00:00:00,False,False,False,False,False,False,False,False
CBK0001383,TXN00005315,USR50648,MCH2822,819.89,Customer Dispute,CUSTOMER_DISPUTE,User reports money deducted but merchant denies receiving payment.,OPEN,LOW,CHATBOT,2026-03-12 00:00:00,2026-03-06 00:00:00,2026-03-27 05:23:46,False,False,False,False,False,False,False,False
CBK0001532,,USR52450,MCH6244,3174.58,complaint,CUSTOMER_DISPUTE,User reports money deducted but merchant denies receiving payment.,REJECTED,LOW,IVR,2026-03-12 00:00:00,,2026-03-30 00:00:00,False,False,True,False,True,False,False,False
CBK0000448,TXN00013063,USR62513,MCH8391,395.16,merchant service issue,SERVICE_NOT_DELIVERED,Suspicious high-value payment disputed by customer.,REJECTED,MEDIUM,EMAIL,,2026-02-14 00:00:00,2026-02-17 10:59:00,False,False,False,True,False,False,False,False
CBK0002336,TXN00014456,USR56287,MCH4473,4534.17,merchant service issue,SERVICE_NOT_DELIVERED,Merchant service was not delivered after payment.,PENDING_BANK,LOW,EMAIL,2026-01-10 09:07:37,,2026-02-05 00:00:00,False,False,False,False,True,False,False,False
CBK0001121,TXN00005396,USR14769,MCH8455,2926.18,scam,FRAUD,Customer says transaction was not authorized.,OPEN,MEDIUM,EMAIL,,2026-01-23 08:19:00,,False,False,False,True,False,True,False,False
CBK0001266,TXN00017098,USR19427,MCH5980,1358.37,DUP_DEBIT,DUPLICATE_DEBIT,Complaint received after multiple failed attempts.,REJECTED,MEDIUM,CHATBOT,2026-02-02 14:20:47,2026-01-30 00:00:00,2026-02-03 00:00:00,False,False,False,False,False,False,False,False
CBK0001732,TXN00007456,USR17657,MCH3806,2655.0,Fraud Suspected,FRAUD,User claims account was compromised before transaction.,CLOSED,CRITICAL,BRANCH,2026-03-17 00:00:00,2026-03-17 00:00:00,,False,False,False,False,False,True,False,False
CBK0000575,TXN00009966,USR40897,MCH9575,606.33,item not received,SERVICE_NOT_DELIVERED,merchant service was not delivered after payment.,REJECTED,CRITICAL,EMAIL,2026-02-23 00:00:00,2026-02-23 00:00:00,,False,False,False,False,False,True,False,False
CBK0002268,TXN00008063,USR89588,MCH1457,2296.42,complaint,CUSTOMER_DISPUTE,User says UPI PIN was not entered by them.,OPEN,HIGH,BRANCH,2026-03-19 00:00:00,2026-03-08 00:00:00,2026-03-28 00:00:00,False,False,False,False,False,False,False,False
CBK0001126,TXN00007982,USR35882,MCH4473,-3415.3,unauthorized_transaction,UNAUTHORIZED,Merchant service was not delivered after payment.,CLOSED,HIGH,EMAIL,,2026-03-28 21:42:00,,False,True,False,True,False,True,False,False
CBK0002517,TXN00011567,USR30157,MCH1130,-7727.83,complaint,CUSTOMER_DISPUTE,Customer says transaction was not authorized. urgent,CLOSED,MEDIUM,CALL_CENTER,2026-01-26 22:31:00,2026-01-26 00:00:00,2026-01-30 22:31:46,False,True,False,False,False,False,False,False
CBK0001815,TXN00017040,USR53591,MCH4590,2935.06,item not received,SERVICE_NOT_DELIVERED,Payment made to unknown merchant as per customer statement.,IN_PROGRESS,MEDIUM,IVR,,2026-03-11 16:43:08,2026-04-05 00:00:00,False,False,False,True,False,False,False,False
CBK0000752,TXN00012584,USR47668,MCH3678,397.91,Customer Dispute,CUSTOMER_DISPUTE,COMPLAINT RECEIVED AFTER MULTIPLE FAILED ATTEMPTS.,CLOSED,LOW,APP,2026-02-16 00:00:00,2026-01-17 00:00:00,,False,False,False,False,False,True,False,False
CBK0000688,TXN00018235,USR63160,MCH6399,5681.16,Customer Dispute,CUSTOMER_DISPUTE,User says UPI PIN was not entered by them.,REJECTED,HIGH,APP,2026-02-19 00:00:00,2026-02-17 08:49:47,2026-03-18 00:00:00,False,False,False,False,False,False,False,False
CBK0001827,TXN00003656,USR60742,MCH3472,1011.36,dispute raised,CUSTOMER_DISPUTE,complaint received after multiple failed attempts.,REJECTED,LOW,BRANCH,2026-04-11 00:00:00,2026-03-26 00:00:00,,False,False,False,False,False,True,False,False
CBK0001798,TXN00017706,USR24802,MCH9650,1159.44,Account Takeover,ACCOUNT_TAKEOVER,User says UPI PIN was not entered by them.,CLOSED,LOW,BRANCH,2026-01-24 00:00:00,2026-01-22 20:39:26,2026-02-18 20:39:00,False,False,False,False,False,False,False,False
CBK0001588,TXN00006200,USR71373,MCH4370,5233.09,not delivered,SERVICE_NOT_DELIVERED,Customer says transaction was not authorized.,IN_PROGRESS,HIGH,EMAIL,2026-01-28 00:00:00,2026-01-25 00:00:00,,False,False,False,False,False,True,False,False
CBK0001960,TXN00008459,USR48339,MCH3765,3145.24,Account Takeover,ACCOUNT_TAKEOVER,Customer complaint text unclear due to poor call center notes.,IN_PROGRESS,MEDIUM,CALL_CENTER,2026-01-12 00:00:00,2026-01-07 05:57:00,2026-02-09 00:00:00,False,False,False,False,False,False,False,False
CBK0000227,TXN00013273,USR34180,MCH1485,465.76,login compromised,ACCOUNT_TAKEOVER,User claims account was compromised before transaction.,PENDING_BANK,HIGH,EMAIL,2026-02-09 08:37:14,2026-02-07 00:00:00,,False,False,False,False,False,True,False,False
CBK0001487,TXN00015922,USR41135,MCH5982,-759.33,dispute raised,CUSTOMER_DISPUTE,Complaint received after multiple failed attempts.,IN_PROGRESS,HIGH,IVR,2026-02-25 00:00:00,2026-02-23 00:00:00,2026-03-16 00:00:00,False,True,False,False,False,False,False,False
CBK0002403,TXN00000926,USR32749,MCH6945,486.0,no service,SERVICE_NOT_DELIVERED,SUSPICIOUS HIGH-VALUE PAYMENT DISPUTED BY CUSTOMER.,IN_PROGRESS,MEDIUM,CHATBOT,2026-03-19 13:26:00,2026-03-17 00:00:00,2026-04-17 13:26:01,False,False,False,False,False,False,False,False
CBK0001606,TXN00006400,USR91446,MCH8696,3582.55,UNAUTHORISED,UNAUTHORIZED,Suspicious high-value payment disputed by customer. call dropped,IN_PROGRESS,HIGH,EMAIL,2026-02-01 00:00:00,2026-01-29 00:00:00,2026-02-13 00:00:00,False,False,False,False,False,False,False,False
CBK0002158,TXN00015104,USR76750,MCH6228,2517.56,Customer Dispute,CUSTOMER_DISPUTE,User claims account was compromised before transaction.,REJECTED,LOW,BRANCH,2026-01-25 00:00:00,2026-01-19 00:00:00,2026-01-30 00:00:00,False,False,False,False,False,False,False,False
CBK0000247,TXN00019340,USR75302,MCH7286,1486.0,service failed,SERVICE_NOT_DELIVERED,Customer says transaction was not authorized.,RESOLVED,HIGH,CALL_CENTER,2026-01-04 00:00:00,2026-01-04 20:29:59,2026-01-18 00:00:00,False,False,False,False,False,False,True,False
CBK0002588,TXN00008732,USR22039,MCH2374,3491.72,charged twice,DUPLICATE_DEBIT,User says UPI PIN was not entered by them.,CLOSED,HIGH,CHATBOT,2026-04-01 00:00:00,2026-03-22 00:00:00,,False,False,False,False,False,True,False,False
CBK0001636,TXN00012003,USR66224,MCH3992,1641.33,extra amount deducted,AMOUNT_MISMATCH,SUSPICIOUS HIGH-VALUE PAYMENT DISPUTED BY CUSTOMER.,IN_PROGRESS,MEDIUM,APP,2026-02-27 00:00:00,2026-02-20 00:00:00,,False,False,False,False,False,True,False,False
CBK0001542,TXN00007849,USR68559,MCH4064,1413.0,Service Not Provided,SERVICE_NOT_DELIVERED,Complaint received after multiple failed attempts.,PENDING_BANK,MEDIUM,BRANCH,2026-01-23 03:43:00,2026-01-21 03:43:00,2026-02-15 03:43:00,False,False,False,False,False,False,False,False
CBK0000088,TXN00002716,USR62830,MCH4381,8825.16,incorrect amount,AMOUNT_MISMATCH,merchant service was not delivered after payment.,REJECTED,MEDIUM,CALL_CENTER,2026-01-25 00:00:00,2026-01-22 00:00:00,2026-02-15 00:00:00,False,False,False,False,False,False,False,False
CBK0002664,TXN00008946,USR84093,MCH1298,815.57,unauth txn,UNAUTHORIZED,Suspicious high-value payment disputed by customer. details missing,REJECTED,MEDIUM,IVR,2026-01-09 07:57:53,2026-01-06 13:57:53,2026-02-08 07:57:00,False,False,False,False,False,False,False,False
CBK0001415,TXN00018932,USR90778,MCH1764,1825.0,not done by me,UNAUTHORIZED,complaint received after multiple failed attempts.,OPEN,HIGH,IVR,2026-03-31 10:23:00,2026-03-29 04:23:47,2026-04-15 10:23:47,False,False,False,False,False,False,False,False
CBK0000390,TXN00006356,USR12919,MCH6810,-344.33,customer issue,CUSTOMER_DISPUTE,User says UPI PIN was not entered by them.,RESOLVED,LOW,CALL_CENTER,2026-05-07 00:00:00,2026-03-23 00:00:00,2026-06-03 00:00:00,False,True,False,False,False,False,False,False
CBK0000693,TXN00018137,USR29306,MCH7744,7022.75,extra amount deducted,AMOUNT_MISMATCH,Customer says txn was not authorized.,IN_PROGRESS,MEDIUM,IVR,2026-02-18 00:00:00,2026-02-15 00:00:00,2026-02-18 00:00:00,False,False,False,False,False,False,False,False
CBK0002485,TXN00010063,USR21384,MCH6470,-1603.64,Service Not Provided,SERVICE_NOT_DELIVERED,complaint received after multiple failed attempts.,IN_PROGRESS,MEDIUM,BRANCH,2026-03-05 00:00:00,2026-03-03 00:00:00,,False,True,False,False,False,True,False,False
CBK0002258,TXN00014019,USR41320,MCH3992,1550.0,ATO,ACCOUNT_TAKEOVER,User claims account was compromised before transaction.,RESOLVED,LOW,EMAIL,2026-03-11 00:00:00,2026-03-09 00:00:00,2026-03-31 00:00:00,False,False,False,False,False,False,False,False
CBK0002045,TXN00002711,USR57231,MCH4181,3969.0,Service Not Provided,SERVICE_NOT_DELIVERED,Customer complaint text unclear due to poor call center notes.,CLOSED,LOW,CHATBOT,2026-01-31 00:00:00,2026-01-23 00:00:00,2026-02-12 00:00:00,False,False,False,False,False,False,False,False
CBK0000122,TXN00015011,USR79150,MCH7474,1339.61,UNAUTHORISED,UNAUTHORIZED,User reports money deducted but merchant denies receiving payment.,IN_PROGRESS,LOW,EMAIL,2026-03-07 00:00:00,2026-02-25 00:00:00,2026-03-18 00:00:00,False,False,False,False,False,False,False,False
CBK0002239,TXN00004673,USR82373,MCH4473,1272.25,Customer Dispute,CUSTOMER_DISPUTE,Customer says amount was debited twice.,RESOLVED,LOW,CHATBOT,2026-02-19 00:00:00,2026-02-13 09:50:18,2026-02-26 04:50:18,False,False,False,False,False,False,False,False
CBK0001382,,USR57424,MCH4684,678.56,unauth txn,UNAUTHORIZED,Customer complaint text unclear due to poor call center notes.,PENDING_BANK,LOW,IVR,2026-01-03 00:00:00,2026-01-02 00:00:00,2026-02-01 00:00:00,False,False,True,False,False,False,False,False
CBK0002315,TXN00012331,USR91192,MCH2718,1246.25,FRAUD,FRAUD,Customer complaint text unclear due to poor call center notes.,PENDING_BANK,MEDIUM,BRANCH,2026-02-14 00:00:00,,,False,False,False,False,True,True,False,False
CBK0001978,TXN00012089,USR83284,MCH4334,1931.29,UNAUTHORISED,UNAUTHORIZED,User reports money deducted but merchant denies receiving payment.,OPEN,LOW,IVR,2026-04-04 00:00:00,2026-03-31 04:45:00,2026-04-28 00:00:00,False,False,False,False,False,False,False,False
CBK0001151,TXN00002195,USR98362,MCH1468,4960.35,Unauthorized Transaction,UNAUTHORIZED,Complaint received after multiple failed attempts.,REJECTED,LOW,APP,2026-04-05 01:38:00,2026-03-30 22:38:33,,False,False,False,False,False,True,False,False
CBK0000424,TXN00095161,USR40061,MCH1589,4157.35,Wrong Amount,AMOUNT_MISMATCH,Payment made to unknown merchant as per customer statement.,OPEN,LOW,IVR,2026-03-24 00:00:00,2026-03-22 09:02:49,2026-04-20 00:00:00,False,False,False,False,False,False,False,False
CBK0002543,TXN00001628,USR11727,MCH7286,,amount mismatch,AMOUNT_MISMATCH,Payment made to unknown merchant as per customer statement.,PENDING_BANK,MEDIUM,IVR,,2026-02-09 00:00:00,2026-02-20 00:00:00,True,False,False,True,False,False,False,False
CBK0000371,TXN00002374,USR58639,MCH5954,1428.93,unauth txn,UNAUTHORIZED,Customer complaint text unclear due to poor call center notes.,RESOLVED,HIGH,APP,2026-04-03 04:13:08,2026-03-31 00:00:00,,False,False,False,False,False,True,False,False
CBK0001586,TXN00001182,USR80241,MCH7734,261.51,service failed,SERVICE_NOT_DELIVERED,User says UPI PIN was not entered by them. pls check asap,PENDING_BANK,MEDIUM,BRANCH,2026-04-04 00:00:00,2026-03-30 00:00:00,,False,False,False,False,False,True,False,False
CBK0002553,TXN00012590,USR41260,MCH4089,8645.0,dispute raised,CUSTOMER_DISPUTE,COMPLAINT RECEIVED AFTER MULTIPLE FAILED ATTEMPTS.,CLOSED,CRITICAL,IVR,2026-03-31 00:00:00,2026-03-16 00:00:00,2026-04-17 00:00:00,False,False,False,False,False,False,False,False
CBK0002432,TXN00013381,USR11036,MCH9344,738.73,extra amount deducted,AMOUNT_MISMATCH,User claims account was compromised before transaction.,PENDING_BANK,MEDIUM,IVR,2026-04-02 05:19:00,2026-03-31 00:00:00,2026-04-15 00:00:00,False,False,False,False,False,False,False,False
CBK0001998,TXN00000406,USR93650,MCH2266,2066.08,Fraud Suspected,FRAUD,Customer says amount was debited twice.,IN_PROGRESS,HIGH,CHATBOT,2026-02-01 00:00:00,2026-01-31 22:47:03,2026-02-06 01:47:00,False,False,False,False,False,False,False,False
CBK0002566,TXN00000405,USR64878,MCH8953,3060.38,not delivered,SERVICE_NOT_DELIVERED,suspicious high-value payment disputed by customer.,IN_PROGRESS,LOW,APP,2026-03-24 00:00:00,2026-03-13 09:18:13,2026-04-08 00:00:00,False,False,False,False,False,False,False,False
CBK0001756,TXN00005028,USR40684,MCH7978,1800.13,login compromised,ACCOUNT_TAKEOVER,User reports money deducted but merchant denies receiving payment.,PENDING_BANK,HIGH,CHATBOT,,2026-02-22 00:00:00,2026-03-10 00:00:00,False,False,False,True,False,False,False,False
CBK0002645,TXN00004392,USR43033,MCH3019,272.46,merchant service issue,SERVICE_NOT_DELIVERED,User claims account was compromised before transaction.,REJECTED,LOW,CHATBOT,2026-02-21 12:13:00,2026-02-18 00:00:00,2026-03-09 12:13:05,False,False,False,False,False,False,False,False
CBK0002230,TXN00009287,USR50434,MCH1683,1407.0,fraud,FRAUD,Merchant service was not delivered after payment.,IN_PROGRESS,MEDIUM,CHATBOT,2026-01-13 00:00:00,2026-01-10 00:00:00,2026-02-03 00:00:00,False,False,False,False,False,False,False,False
CBK0000526,TXN00006600,USR65622,MCH3129,,item not received,SERVICE_NOT_DELIVERED,Customer complaint text unclear due to poor call center notes.,OPEN,MEDIUM,APP,2026-01-31 21:13:00,2026-01-28 00:00:00,2026-02-05 00:00:00,True,False,False,False,False,False,False,False
CBK0001449,TXN00008116,USR21449,MCH7397,19544.3,login compromised,ACCOUNT_TAKEOVER,Customer says amount was debited twice.,RESOLVED,MEDIUM,EMAIL,2026-03-29 15:23:00,2026-03-27 00:00:00,2026-03-29 00:00:00,False,False,False,False,False,False,False,False
CBK0002686,TXN00017656,USR69648,MCH9430,-447.83,unauth txn,UNAUTHORIZED,Customer complaint text unclear due to poor call center notes.,RESOLVED,MEDIUM,CHATBOT,2026-01-03 03:37:00,,2026-01-08 00:00:00,False,True,False,False,True,False,False,False
CBK0000533,TXN00001047,USR30500,MCH9291,518.0,item not received,SERVICE_NOT_DELIVERED,suspicious high-value payment disputed by customer.,RESOLVED,LOW,CHATBOT,2026-01-21 00:00:00,2026-01-19 06:20:45,,False,False,False,False,False,True,False,False
CBK0001709,TXN00014343,USR26622,MCH8668,2893.0,Service Not Provided,SERVICE_NOT_DELIVERED,User says UPI PIN was not entered by them.,OPEN,MEDIUM,BRANCH,2026-02-02 00:00:00,2026-02-04 00:00:00,2026-02-17 00:00:00,False,False,False,False,False,False,True,False
CBK0001509,TXN00011866,USR37594,MCH9858,628.55,service failed,SERVICE_NOT_DELIVERED,Customer says transaction was not authorized.,RESOLVED,LOW,CHATBOT,2026-02-27 00:00:00,2026-02-16 12:27:00,,False,False,False,False,False,True,False,False
CBK0000303,TXN00015469,USR54853,MCH2556,,DUP_DEBIT,DUPLICATE_DEBIT,Customer complaint text unclear due to poor call center notes.,IN_PROGRESS,MEDIUM,CHATBOT,2026-02-26 00:00:00,2026-01-11 14:40:00,,True,False,False,False,False,True,False,False
CBK0001911,TXN00009220,USR30497,MCH8391,914.0,no service,SERVICE_NOT_DELIVERED,User says UPI PIN was not entered by them.,OPEN,MEDIUM,APP,2026-02-27 00:00:00,2026-02-23 14:29:24,2026-03-14 00:00:00,False,False,False,False,False,False,False,False
CBK0000626,TXN00018979,USR61349,MCH5687,2995.87,scam,FRAUD,Customer says transaction was not authorized.,IN_PROGRESS,MEDIUM,CHATBOT,,2026-02-02 04:41:35,2026-02-28 00:00:00,False,False,False,True,False,False,False,False
CBK0000415,TXN00009182,USR26627,MCH9291,-4153.73,incorrect amount,AMOUNT_MISMATCH,user claims account was compromised before transaction.,REJECTED,MEDIUM,IVR,2026-03-29 12:42:00,2026-03-28 00:00:00,2026-04-16 12:42:25,False,True,False,False,False,False,False,False
CBK0002793,TXN00005174,USR39885,MCH8673,1679.19,unauth txn,UNAUTHORIZED,user reports money deducted but merchant denies receiving payment.,RESOLVED,HIGH,CHATBOT,2026-02-12 00:00:00,2026-02-06 00:00:00,2026-02-12 00:00:00,False,False,False,False,False,False,False,False
CBK0001629,TXN00012665,USR52097,MCH2757,3223.69,delivery issue,SERVICE_NOT_DELIVERED,Complaint received after multiple failed attempts.,IN_PROGRESS,CRITICAL,EMAIL,2026-03-19 00:00:00,2026-03-16 00:00:00,,False,False,False,False,False,True,False,False
CBK0001065,TXN00018250,USR21407,MCH5172,4835.58,not done by me,UNAUTHORIZED,Customer complaint text unclear due to poor call center notes.,CLOSED,LOW,IVR,2026-01-14 23:22:45,2026-01-11 00:00:00,2026-01-19 00:00:00,False,False,False,False,False,False,False,False
CBK0002087,TXN00011160,USR29051,MCH4590,1773.89,no service,SERVICE_NOT_DELIVERED,Customer says amount was debited twice.,REJECTED,LOW,BRANCH,2026-03-18 00:00:00,2026-03-17 00:00:00,2026-04-03 09:26:00,False,False,False,False,False,False,False,False
CBK0001063,TXN00000271,USR23350,MCH6258,16937.48,Account Takeover,ACCOUNT_TAKEOVER,Customer says amount was debited twice.,PENDING_BANK,MEDIUM,IVR,2026-03-18 00:00:00,2026-03-17 03:29:28,,False,False,False,False,False,True,False,False
CBK0002348,TXN00012938,USR62273,MCH3100,3749.0,account hacked,ACCOUNT_TAKEOVER,User claims account was compromised before transaction.,OPEN,LOW,APP,2026-03-19 00:00:00,2026-03-09 00:00:00,2026-03-20 00:00:00,False,False,False,False,False,False,False,False
CBK0002447,TXN00012629,USR35956,MCH8605,3056.74,item not received,SERVICE_NOT_DELIVERED,Customer says transaction was not authorized. NA,OPEN,MEDIUM,CALL_CENTER,2026-03-16 00:00:00,2026-02-13 00:00:00,2026-04-04 00:00:00,False,False,False,False,False,False,False,False
CBK0001531,TXN00018893,USR98962,MCH8250,3450.22,Duplicate Debit,DUPLICATE_DEBIT,User claims account was compromised before transaction. pls check asap,PENDING_BANK,MEDIUM,EMAIL,2026-03-01 00:00:00,2026-02-28 21:20:00,,False,False,False,False,False,True,False,False
CBK0000921,TXN00009757,USR21384,MCH6474,,incorrect amount,AMOUNT_MISMATCH,Merchant service was not delivered after payment.,REJECTED,LOW,BRANCH,2026-02-17 09:48:37,2026-02-12 02:48:37,2026-03-06 00:00:00,True,False,False,False,False,False,False,False
CBK0002660,TXN00015268,USR84844,MCH9709,4086.0,delivery issue,SERVICE_NOT_DELIVERED,Suspicious high-value payment disputed by customer.,OPEN,MEDIUM,EMAIL,2026-03-25 00:00:00,2026-03-23 00:00:00,2026-04-20 10:49:25,False,False,False,False,False,False,False,False
CBK0000513,TXN00003962,USR43455,MCH5580,12077.97,Wrong Amount,AMOUNT_MISMATCH,Complaint received after multiple failed attempts. urgent,RESOLVED,CRITICAL,CHATBOT,2026-02-21 00:00:00,2026-02-16 00:00:00,2026-03-16 12:04:00,False,False,False,False,False,False,False,False
CBK0000969,TXN00014162,USR45011,MCH6383,4363.63,not delivered,SERVICE_NOT_DELIVERED,payment made to unknown merchant as per customer statement.,IN_PROGRESS,LOW,BRANCH,2026-03-06 00:00:00,2026-02-18 00:00:00,2026-03-19 11:52:22,False,False,False,False,False,False,False,False
CBK0000468,TXN00004108,USR22727,MCH3160,5763.03,Fraud Suspected,FRAUD,User says UPI PIN was not entered by them.,RESOLVED,HIGH,CHATBOT,2026-03-01 01:25:00,2026-02-25 00:00:00,2026-03-18 00:00:00,False,False,False,False,False,False,False,False
CBK0002014,TXN00016742,USR94725,MCH8212,1163.64,Fraud Suspected,FRAUD,Complaint received after multiple failed attempts.,OPEN,LOW,EMAIL,,2026-01-24 00:00:00,,False,False,False,True,False,True,False,False
CBK0000951,TXN00000025,USR43827,MCH5400,1302.18,delivery issue,SERVICE_NOT_DELIVERED,Suspicious high-value payment disputed by customer. details missing,CLOSED,LOW,APP,2026-03-28 00:00:00,,2026-04-10 00:00:00,False,False,False,False,True,False,False,False
CBK0001507,TXN00014680,USR38336,MCH1475,6017.37,Wrong Amount,AMOUNT_MISMATCH,Payment made to unknown merchant as per customer statement.,REJECTED,LOW,CHATBOT,2026-02-28 00:00:00,2026-01-29 00:00:00,2026-03-25 00:00:00,False,False,False,False,False,False,False,False
CBK0000470,TXN00016736,USR95074,MCH2822,15548.64,Fraud Suspected,FRAUD,User claims account was compromised before transaction.,REJECTED,MEDIUM,CHATBOT,2026-02-10 17:51:46,2026-02-08 00:00:00,2026-03-12 00:00:00,False,False,False,False,False,False,False,False
CBK0000453,TXN00008829,USR76027,MCH5301,19778.02,Merchant Not Delivered,SERVICE_NOT_DELIVERED,CUSTOMER COMPLAINT TEXT UNCLEAR DUE TO POOR CALL CENTER NOTES.,IN_PROGRESS,CRITICAL,BRANCH,2026-03-29 00:00:00,2026-03-25 17:00:00,2026-04-13 13:00:00,False,False,False,False,False,False,False,False
CBK0000183,TXN00018275,USR61083,MCH2383,894.24,Wrong Amount,AMOUNT_MISMATCH,Suspicious high-value payment disputed by customer.,REJECTED,LOW,CALL_CENTER,2026-04-08 07:16:00,2026-03-29 06:16:45,2026-04-29 00:00:00,False,False,False,False,False,False,False,False
CBK0000309,TXN00008361,USR59660,MCH3485,5163.82,customer issue,CUSTOMER_DISPUTE,User claims account was compromised before transaction.,OPEN,LOW,EMAIL,2026-02-23 00:00:00,2026-02-12 00:00:00,2026-03-12 00:00:00,False,False,False,False,False,False,False,False
CBK0001243,TXN00018079,USR63150,MCH6850,8988.28,Duplicate Debit,DUPLICATE_DEBIT,Complaint received after multiple failed attempts.,RESOLVED,MEDIUM,CHATBOT,2026-03-29 00:00:00,2026-03-25 00:00:00,2026-04-07 02:25:00,False,False,False,False,False,False,False,False
CBK0000692,TXN00005181,USR70317,MCH3740,1107.86,no service,SERVICE_NOT_DELIVERED,Merchant service was not delivered after payment.,OPEN,LOW,CHATBOT,2026-03-05 00:00:00,2026-03-01 13:57:00,2026-03-15 00:57:00,False,False,False,False,False,False,False,False
CBK0000685,TXN00011648,USR24719,MCH5852,2218.94,charged twice,DUPLICATE_DEBIT,User claims account was compromised before transaction.,REJECTED,MEDIUM,EMAIL,2026-02-11 00:00:00,2026-02-08 00:00:00,,False,False,False,False,False,True,False,False
CBK0000550,TXN00015783,USR50831,MCH8921,2852.68,account hacked,ACCOUNT_TAKEOVER,Customer complaint text unclear due to poor call center notes.,IN_PROGRESS,HIGH,IVR,,2026-03-27 00:00:00,2026-04-07 00:00:00,False,False,False,True,False,False,False,False
CBK0000201,TXN00011466,USR99920,MCH9344,860.0,UNAUTHORISED,UNAUTHORIZED,User reports money deducted but merchant denies receiving payment.,IN_PROGRESS,HIGH,EMAIL,2026-02-09 00:00:00,2026-02-06 00:00:00,2026-03-04 00:00:00,False,False,False,False,False,False,False,False
CBK0001657,TXN00002770,USR79332,MCH7033,1004.64,ATO,ACCOUNT_TAKEOVER,Customer says transaction was not authorized.,OPEN,MEDIUM,EMAIL,2026-03-22 00:00:00,2026-03-19 00:00:00,2026-03-28 17:25:00,False,False,False,False,False,False,False,False
CBK0002790,TXN00005364,USR44424,MCH3678,,not delivered,SERVICE_NOT_DELIVERED,PAYMENT MADE TO UNKNOWN MERCHANT AS PER CUSTOMER STATEMENT.,CLOSED,CRITICAL,EMAIL,2026-02-05 00:00:00,2026-02-03 00:00:00,2026-03-04 00:00:00,True,False,False,False,False,False,False,False
CBK0001692,TXN00054083,USR37452,MCH4658,664.5,unauth txn,UNAUTHORIZED,customer says transaction was not authorized.,REJECTED,MEDIUM,CALL_CENTER,2026-02-05 00:00:00,2026-02-02 00:00:00,2026-02-12 08:27:52,False,False,False,False,False,False,False,False
CBK0000389,TXN00015997,USR38082,MCH5891,1370.91,not done by me,UNAUTHORIZED,Customer says amount was debited twice.,PENDING_BANK,LOW,IVR,2026-02-27 01:44:30,,2026-03-04 01:44:00,False,False,False,False,True,False,False,False
CBK0001599,TXN00018048,USR45408,MCH4590,2467.08,Service Not Provided,SERVICE_NOT_DELIVERED,Customer complaint text unclear due to poor call center notes.,PENDING_BANK,HIGH,CHATBOT,2026-02-05 16:57:00,2026-02-03 07:57:00,,False,False,False,False,False,True,False,False
CBK0000152,TXN00056695,USR13925,MCH6810,-3475.46,UNAUTHORISED,UNAUTHORIZED,Suspicious high-value payment disputed by customer.,OPEN,CRITICAL,EMAIL,2026-03-19 11:00:00,2026-03-24 11:00:00,2026-04-13 11:00:46,False,True,False,False,False,False,True,False
CBK0001688,TXN00015571,USR42338,MCH6498,722.56,login compromised,ACCOUNT_TAKEOVER,Merchant service was not delivered after payment.,CLOSED,MEDIUM,CALL_CENTER,2026-02-07 00:00:00,2026-02-03 00:00:00,2026-02-15 13:16:00,False,False,False,False,False,False,False,False
CBK0002187,TXN00007012,USR73010,MCH4473,1064.0,customer issue,CUSTOMER_DISPUTE,Payment made to unknown merchant as per customer statement.,CLOSED,HIGH,APP,,2026-01-01 00:00:00,2026-01-25 00:00:00,False,False,False,True,False,False,False,False
CBK0001704,TXN00005100,USR11419,MCH1320,-3671.61,account hacked,ACCOUNT_TAKEOVER,User reports money deducted but merchant denies receiving payment.,IN_PROGRESS,LOW,CHATBOT,2026-03-19 18:04:00,2026-03-11 00:00:00,2026-03-22 18:04:40,False,True,False,False,False,False,False,False
CBK0002113,TXN00002480,USR12658,MCH3815,5722.09,fraud,FRAUD,Merchant service was not delivered after payment.,REJECTED,HIGH,CHATBOT,2026-04-02 00:00:00,2026-03-27 00:00:00,2026-04-13 15:09:41,False,False,False,False,False,False,False,False
CBK0001594,TXN00004839,USR23350,MCH9444,955.91,Merchant Not Delivered,SERVICE_NOT_DELIVERED,customer says amount was debited twice.,CLOSED,HIGH,CHATBOT,2026-04-24 00:00:00,2026-03-25 14:10:57,2026-04-24 21:10:57,False,False,False,False,False,False,False,False
CBK0000893,TXN00017214,USR89151,MCH7710,-1267.1,FRAUD,FRAUD,User reports money deducted but merchant denies receiving payment.,PENDING_BANK,MEDIUM,EMAIL,2026-03-08 00:00:00,2026-03-06 00:00:00,2026-03-21 00:00:00,False,True,False,False,False,False,False,False
CBK0002372,TXN00037348,USR79864,MCH6026,2069.0,extra amount deducted,AMOUNT_MISMATCH,Customer says transaction was not authorized.,OPEN,MEDIUM,CHATBOT,2026-01-05 18:15:09,2026-01-04 00:00:00,,False,False,False,False,False,True,False,False
CBK0002491,TXN00019091,USR41955,MCH3954,11124.0,no service,SERVICE_NOT_DELIVERED,User reports money deducted but merchant denies receiving payment.,IN_PROGRESS,MEDIUM,EMAIL,2026-02-24 00:00:00,2026-02-20 18:20:01,2026-03-15 00:00:00,False,False,False,False,False,False,False,False
CBK0000133,TXN00011403,USR18453,MCH9291,3000.84,customer issue,CUSTOMER_DISPUTE,Suspicious high-value payment disputed by customer.,OPEN,HIGH,CALL_CENTER,2026-01-19 00:00:00,2026-01-14 00:00:00,2026-02-17 16:25:35,False,False,False,False,False,False,False,False
CBK0002280,TXN00002173,USR47525,MCH1015,856.42,Wrong Amount,AMOUNT_MISMATCH,Merchant service was not delivered after payment.,PENDING_BANK,LOW,BRANCH,2026-03-06 00:00:00,2026-03-05 03:02:00,2026-03-15 22:02:04,False,False,False,False,False,False,False,False
CBK0002322,TXN00009493,USR71348,MCH1425,270.77,no service,SERVICE_NOT_DELIVERED,user claims account was compromised before transaction.,RESOLVED,MEDIUM,IVR,2026-03-13 11:10:29,2026-02-26 00:00:00,,False,False,False,False,False,True,False,False
CBK0002139,TXN00012172,USR85655,MCH2375,,Fraud Suspected,FRAUD,CUSTOMER SAYS TRANSACTION WAS NOT AUTHORIZED.,REJECTED,LOW,APP,2026-01-02 15:32:47,2026-01-01 00:00:00,2026-01-24 00:00:00,True,False,False,False,False,False,False,False
CBK0001864,,USR51310,MCH8220,464.81,scam,FRAUD,Merchant service was not delivered after payment.,CLOSED,LOW,CHATBOT,2026-03-23 00:00:00,2026-03-17 12:10:45,2026-04-07 00:00:00,False,False,True,False,False,False,False,False
CBK0002285,TXN00005474,USR53527,MCH4473,271.69,customer issue,CUSTOMER_DISPUTE,User claims account was compromised before transaction.,CLOSED,MEDIUM,IVR,2026-01-30 00:00:00,2026-01-29 00:00:00,,False,False,False,False,False,True,False,False
CBK0000840,TXN00018717,USR16257,MCH3019,4563.14,Service Not Provided,SERVICE_NOT_DELIVERED,User claims account was compromised before transaction.,PENDING_BANK,LOW,IVR,2026-03-02 15:58:44,2026-02-20 08:58:00,2026-03-13 00:00:00,False,False,False,False,False,False,False,False
CBK0000783,,USR96677,MCH2556,4726.95,Account Takeover,ACCOUNT_TAKEOVER,User says UPI PIN was not entered by them.,CLOSED,MEDIUM,CHATBOT,2026-02-23 00:00:00,2026-02-23 00:00:00,,False,False,True,False,False,True,False,False
CBK0002629,TXN00010196,USR41172,MCH4588,852.0,Fraud Suspected,FRAUD,User says UPI PIN was not entered by them.,REJECTED,HIGH,IVR,2026-02-18 02:42:14,2026-02-21 00:00:00,,False,False,False,False,False,True,True,False
CBK0001589,TXN00088540,USR96555,MCH2757,221.01,scam,FRAUD,Merchant service was not delivered after payment.,REJECTED,HIGH,IVR,2026-01-31 00:00:00,2026-01-30 00:47:43,2026-02-24 20:47:43,False,False,False,False,False,False,False,False
CBK0000809,TXN00013144,USR51720,MCH9790,688.92,unauth txn,UNAUTHORIZED,CUSTOMER SAYS TRANSACTION WAS NOT AUTHORIZED.,PENDING_BANK,HIGH,CALL_CENTER,2026-03-19 23:09:00,2026-03-09 00:00:00,,False,False,False,False,False,True,False,False
CBK0000654,TXN00013810,USR50022,MCH5980,4552.67,ATO,ACCOUNT_TAKEOVER,complaint received after multiple failed attempts.,CLOSED,LOW,IVR,2026-03-08 07:44:45,2026-03-07 00:00:00,,False,False,False,False,False,True,False,False
CBK0001614,TXN00017424,USR36509,MCH1316,9374.52,merchant service issue,SERVICE_NOT_DELIVERED,customer says transaction was not authorized.,PENDING_BANK,MEDIUM,CHATBOT,2026-02-19 00:00:00,2026-02-18 00:00:00,2026-03-21 00:00:00,False,False,False,False,False,False,False,False
CBK0000291,TXN00003485,USR79977,MCH3900,485.1,item not received,SERVICE_NOT_DELIVERED,User reports money deducted but merchant denies receiving payment.,OPEN,LOW,BRANCH,,2026-02-10 00:00:00,,False,False,False,True,False,True,False,False
CBK0002114,TXN00004014,USR25900,MCH4717,4940.23,item not received,SERVICE_NOT_DELIVERED,Customer complaint text unclear due to poor call center notes. urgent,RESOLVED,HIGH,CHATBOT,2026-03-19 00:00:00,2026-03-12 00:00:00,2026-04-17 22:25:36,False,False,False,False,False,False,False,False
CBK0000739,TXN00017315,USR29561,MCH5980,704.73,login compromised,ACCOUNT_TAKEOVER,User says UPI PIN was not entered by them.,IN_PROGRESS,HIGH,IVR,,2026-01-04 00:00:00,2026-01-24 06:45:30,False,False,False,True,False,False,False,False
CBK0002251,TXN00017472,USR79175,MCH4488,14012.62,Customer Dispute,CUSTOMER_DISPUTE,Suspicious high-value payment disputed by customer.,RESOLVED,CRITICAL,IVR,2026-03-10 13:37:56,2026-02-23 08:37:00,2026-04-01 00:00:00,False,False,False,False,False,False,False,False
CBK0001438,TXN00008449,USR22964,MCH2194,653.0,customer issue,CUSTOMER_DISPUTE,Complaint received after multiple failed attempts. urgent,RESOLVED,MEDIUM,APP,2026-03-26 00:00:00,2026-03-22 00:00:00,2026-04-07 00:00:00,False,False,False,False,False,False,False,False
CBK0001884,TXN00019164,USR22644,MCH9648,1364.5,suspicious transaction,FRAUD,suspicious high-value payment disputed by customer.,IN_PROGRESS,LOW,CHATBOT,2026-02-12 07:08:18,2026-02-08 00:00:00,2026-02-14 00:00:00,False,False,False,False,False,False,False,False
CBK0001771,TXN00011619,USR17315,MCH2722,-893.52,service failed,SERVICE_NOT_DELIVERED,Merchant service was not delivered after payment. call dropped,IN_PROGRESS,LOW,EMAIL,2026-01-26 00:00:00,2026-01-25 21:15:13,,False,True,False,False,False,True,False,False
CBK0001406,TXN00010864,USR66856,MCH7459,2891.42,Unauthorized Transaction,UNAUTHORIZED,Customer complaint text unclear due to poor call center notes. pls check asap,OPEN,CRITICAL,CHATBOT,2026-03-23 04:34:25,,2026-04-20 04:34:25,False,False,False,False,True,False,False,False
CBK0001268,TXN00004622,USR97580,MCH1348,1330.95,item not received,SERVICE_NOT_DELIVERED,Merchant service was not delivered after payment.,REJECTED,MEDIUM,IVR,2026-01-24 17:29:00,2026-01-24 00:00:00,2026-01-31 00:00:00,False,False,False,False,False,False,False,False
CBK0001693,TXN00009578,USR55777,MCH8533,5287.35,incorrect amount,AMOUNT_MISMATCH,complaint received after multiple failed attempts.,CLOSED,MEDIUM,APP,2026-02-04 17:25:23,2026-02-01 00:00:00,2026-03-01 17:25:00,False,False,False,False,False,False,False,False
CBK0002368,TXN00004923,USR50207,MCH8391,1673.05,extra amount deducted,AMOUNT_MISMATCH,Merchant service was not delivered after payment.,CLOSED,LOW,IVR,,2026-01-27 00:00:00,,False,False,False,True,False,True,False,False
CBK0000452,TXN00002107,USR52224,MCH4529,6251.19,service failed,SERVICE_NOT_DELIVERED,MERCHANT SERVICE WAS NOT DELIVERED AFTER PAYMENT.,REJECTED,HIGH,IVR,2026-03-10 00:00:00,2026-02-28 04:18:55,2026-03-27 12:18:55,False,False,False,False,False,False,False,False
CBK0001628,TXN00008857,USR61151,MCH4796,5937.26,Duplicate Debit,DUPLICATE_DEBIT,Payment made to unknown merchant as per cust statement.,REJECTED,LOW,CALL_CENTER,2026-03-22 09:53:18,2026-03-19 00:00:00,2026-04-04 09:53:18,False,False,False,False,False,False,False,False
CBK0000543,TXN00001593,USR30157,MCH9787,759.56,not delivered,SERVICE_NOT_DELIVERED,User claims account was compromised before transaction.,PENDING_BANK,HIGH,CALL_CENTER,2026-03-28 00:00:00,2026-03-27 00:00:00,2026-04-01 00:00:00,False,False,False,False,False,False,False,False
CBK0002740,TXN00013424,USR71939,MCH4819,3989.1,item not received,SERVICE_NOT_DELIVERED,User reports money deducted but merchant denies receiving payment.,PENDING_BANK,LOW,CHATBOT,2026-02-16 00:00:00,2026-02-13 22:58:37,2026-03-04 13:58:00,False,False,False,False,False,False,False,False
CBK0001471,TXN00003290,USR25087,MCH3815,991.51,not delivered,SERVICE_NOT_DELIVERED,Customer complaint text unclear due to poor call center notes. NA,CLOSED,HIGH,EMAIL,2026-03-09 00:00:00,2026-03-08 00:00:00,2026-03-20 00:00:00,False,False,False,False,False,False,False,False
CBK0001808,TXN00004140,USR30844,MCH8779,378.0,complaint,CUSTOMER_DISPUTE,User says UPI PIN was not entered by them.,IN_PROGRESS,CRITICAL,BRANCH,2026-02-14 00:00:00,,2026-03-04 00:00:00,False,False,False,False,True,False,False,False
CBK0002225,TXN00011962,USR12961,MCH8953,6403.5,unauth txn,UNAUTHORIZED,Payment made to unknown merchant as per customer statement.,CLOSED,LOW,IVR,2026-03-03 23:36:15,2026-03-02 02:36:15,,False,False,False,False,False,True,False,False
CBK0000353,TXN00017372,USR56234,MCH7986,1275.74,not done by me,UNAUTHORIZED,Customer complaint text unclear due to poor call center notes.,REJECTED,HIGH,IVR,2026-02-05 01:14:36,2026-02-02 18:14:36,2026-02-25 00:00:00,False,False,False,False,False,False,False,False
CBK0002065,TXN00010646,USR10669,MCH3100,-5027.32,Wrong Amount,AMOUNT_MISMATCH,Customer says transaction was not authorized. NA,IN_PROGRESS,CRITICAL,IVR,2026-01-29 00:00:00,2026-01-27 00:00:00,2026-02-10 00:00:00,False,True,False,False,False,False,False,False
CBK0000833,TXN00007902,USR66726,MCH6087,5099.0,DUP_DEBIT,DUPLICATE_DEBIT,Merchant service was not delivered after payment. NA,IN_PROGRESS,HIGH,IVR,2026-03-09 00:00:00,2026-02-26 00:00:00,2026-03-28 04:34:00,False,False,False,False,False,False,False,False
CBK0002388,TXN00018528,USR77072,MCH5954,3336.11,account hacked,ACCOUNT_TAKEOVER,Complaint received after multiple failed attempts.,RESOLVED,MEDIUM,IVR,2026-03-14 00:00:00,,2026-03-21 00:00:00,False,False,False,False,True,False,False,False
CBK0001420,TXN00010436,USR26201,MCH9908,509.15,delivery issue,SERVICE_NOT_DELIVERED,User says UPI PIN was not entered by them.,REJECTED,MEDIUM,IVR,2026-03-21 13:56:00,2026-03-16 06:56:10,2026-04-16 00:00:00,False,False,False,False,False,False,False,False
CBK0001795,TXN00017402,USR78513,MCH4226,2837.81,login compromised,ACCOUNT_TAKEOVER,Complaint received after multiple failed attempts.,REJECTED,LOW,IVR,2026-01-31 00:47:03,2026-01-23 04:47:03,2026-02-11 00:47:03,False,False,False,False,False,False,False,False
CBK0001315,TXN00005438,USR68023,MCH5877,1581.74,extra amount deducted,AMOUNT_MISMATCH,Merchant service was not delivered after payment. urgent,OPEN,HIGH,BRANCH,2026-02-22 07:46:00,2026-02-16 00:00:00,,False,False,False,False,False,True,False,False
CBK0000115,TXN00000541,USR20121,MCH8779,1346.0,complaint,CUSTOMER_DISPUTE,Customer says amount was debited twice.,RESOLVED,LOW,EMAIL,2026-03-23 03:31:09,2026-02-20 00:00:00,2026-04-05 00:00:00,False,False,False,False,False,False,False,False
CBK0000627,TXN00003619,USR39542,MCH7650,-4189.62,amount mismatch,AMOUNT_MISMATCH,suspicious high-value payment disputed by customer.,OPEN,MEDIUM,CALL_CENTER,2026-03-22 00:00:00,2026-03-22 00:00:00,,False,True,False,False,False,True,False,False
CBK0000510,TXN00007774,USR73010,MCH1407,1443.57,unauthorized_transaction,UNAUTHORIZED,User claims account was compromised before txn.,REJECTED,MEDIUM,IVR,2026-03-09 00:00:00,2026-03-07 00:00:00,2026-04-04 00:00:00,False,False,False,False,False,False,False,False
CBK0001979,TXN00007772,USR77274,MCH7833,1320.83,incorrect amount,AMOUNT_MISMATCH,Customer complaint text unclear due to poor call center notes.,PENDING_BANK,CRITICAL,IVR,2026-03-31 00:00:00,2026-03-24 00:00:00,2026-04-17 10:47:26,False,False,False,False,False,False,False,False
CBK0001738,TXN00010457,USR59679,MCH9291,2161.39,fraud,FRAUD,Merchant service was not delivered after payment.,OPEN,CRITICAL,CALL_CENTER,2026-03-06 00:00:00,2026-03-05 00:00:00,2026-03-17 18:20:16,False,False,False,False,False,False,False,False
CBK0002680,TXN00009041,USR82433,MCH4594,865.19,charged twice,DUPLICATE_DEBIT,User says UPI PIN was not entered by them.,OPEN,LOW,EMAIL,2026-02-10 00:00:00,2026-02-07 00:00:00,2026-02-16 00:00:00,False,False,False,False,False,False,False,False
CBK0001521,TXN00010065,USR51069,MCH8953,4146.46,Merchant Not Delivered,SERVICE_NOT_DELIVERED,user reports money deducted but merchant denies receiving payment.,CLOSED,LOW,CHATBOT,2026-03-17 18:07:42,2026-02-14 00:00:00,2026-04-10 00:00:00,False,False,False,False,False,False,False,False
CBK0000013,TXN00019943,USR42818,MCH6838,728.13,customer issue,CUSTOMER_DISPUTE,User says UPI PIN was not entered by them. call dropped,IN_PROGRESS,LOW,APP,2026-01-05 00:00:00,2026-01-02 14:58:54,,False,False,False,False,False,True,False,False
CBK0002262,TXN00088490,USR30627,MCH2594,4274.13,merchant service issue,SERVICE_NOT_DELIVERED,User reports money deducted but merchant denies receiving payment. NA,IN_PROGRESS,HIGH,CHATBOT,2026-03-17 00:00:00,,,False,False,False,False,True,True,False,False
CBK0000718,TXN00011539,USR60803,MCH7874,1528.98,unauthorized_transaction,UNAUTHORIZED,customer complaint text unclear due to poor call center notes.,IN_PROGRESS,HIGH,CHATBOT,2026-03-10 00:00:00,2026-03-09 18:51:51,2026-03-31 00:00:00,False,False,False,False,False,False,False,False
CBK0000446,TXN00010750,USR17864,MCH4002,2928.89,delivery issue,SERVICE_NOT_DELIVERED,Payment made to unknown merchant as per customer statement.,REJECTED,MEDIUM,CALL_CENTER,2026-01-15 00:00:00,2026-01-12 00:00:00,2026-01-31 20:48:17,False,False,False,False,False,False,False,False
CBK0000258,TXN00017642,USR41056,MCH9394,1505.96,customer issue,CUSTOMER_DISPUTE,Customer says amount was debited twice.,RESOLVED,HIGH,CHATBOT,2026-03-01 00:00:00,2026-02-26 00:19:00,2026-03-24 00:00:00,False,False,False,False,False,False,False,False
CBK0000449,TXN00007492,USR66286,MCH2383,2062.69,complaint,CUSTOMER_DISPUTE,Merchant service was not delivered after payment.,OPEN,LOW,APP,2026-02-20 00:00:00,2026-02-19 00:00:00,2026-02-25 00:00:00,False,False,False,False,False,False,False,False
CBK0000486,TXN00002729,USR58335,MCH6810,1526.62,Wrong Amount,AMOUNT_MISMATCH,Payment made to unknown merchant as per customer statement.,IN_PROGRESS,LOW,CALL_CENTER,2026-01-14 19:40:25,,2026-01-30 19:40:00,False,False,False,False,True,False,False,False
CBK0000888,TXN00015372,USR10047,MCH6850,1341.86,amount mismatch,AMOUNT_MISMATCH,PAYMENT MADE TO UNKNOWN MERCHANT AS PER CUSTOMER STATEMENT.,PENDING_BANK,CRITICAL,CHATBOT,2026-02-14 00:00:00,2026-02-12 00:00:00,2026-03-02 00:00:00,False,False,False,False,False,False,False,False
CBK0000711,TXN00015632,USR47206,MCH3217,386.01,complaint,CUSTOMER_DISPUTE,User says UPI PIN was not entered by them.,IN_PROGRESS,LOW,BRANCH,2026-03-06 00:00:00,2026-03-05 00:00:00,2026-04-01 23:17:35,False,False,False,False,False,False,False,False
CBK0001690,TXN00011230,USR60327,MCH9976,-2395.8,complaint,CUSTOMER_DISPUTE,Complaint received after multiple failed attempts.,IN_PROGRESS,LOW,CHATBOT,,2026-02-15 00:00:00,2026-03-13 00:00:00,False,True,False,True,False,False,False,False
CBK0001395,TXN00016017,USR47363,MCH9787,-849.31,dispute raised,CUSTOMER_DISPUTE,User claims account was compromised before transaction.,OPEN,HIGH,CHATBOT,2026-02-27 00:00:00,2026-02-23 00:00:00,2026-03-24 05:41:00,False,True,False,False,False,False,False,False
CBK0002728,TXN00014794,USR60133,MCH9291,975.44,Customer Dispute,CUSTOMER_DISPUTE,Payment made to unknown merchant as per customer statement.,IN_PROGRESS,MEDIUM,CHATBOT,2026-03-04 11:24:00,2026-03-03 15:24:00,2026-03-12 00:00:00,False,False,False,False,False,False,False,False
CBK0001237,TXN00015341,USR87558,MCH4264,6901.63,item not received,SERVICE_NOT_DELIVERED,Complaint received after multiple failed attempts.,PENDING_BANK,CRITICAL,IVR,2026-01-12 14:48:33,2026-01-10 19:48:33,,False,False,False,False,False,True,False,False
CBK0002749,TXN00019208,USR22131,MCH6084,1146.96,Customer Dispute,CUSTOMER_DISPUTE,Suspicious high-value payment disputed by customer.,REJECTED,MEDIUM,CHATBOT,2026-03-10 01:16:17,2026-03-08 00:00:00,2026-03-12 00:00:00,False,False,False,False,False,False,False,False
CBK0001101,TXN00002219,USR11618,MCH1518,3127.19,item not received,SERVICE_NOT_DELIVERED,COMPLAINT RECEIVED AFTER MULTIPLE FAILED ATTEMPTS.,OPEN,HIGH,CHATBOT,2026-03-17 00:00:00,2026-03-15 00:00:00,2026-04-12 00:00:00,False,False,False,False,False,False,False,False
CBK0000963,TXN00003306,USR42884,MCH8953,2280.54,Duplicate Debit,DUPLICATE_DEBIT,Payment made to unknown merchant as per customer statement.,IN_PROGRESS,MEDIUM,EMAIL,,2026-01-04 00:00:00,2026-02-01 00:48:55,False,False,False,True,False,False,False,False
CBK0000772,TXN00010034,USR25196,MCH1320,305.0,dispute raised,CUSTOMER_DISPUTE,Customer says amount was debited twice.,OPEN,CRITICAL,CHATBOT,2026-01-08 09:22:06,2026-01-06 00:00:00,2026-02-05 00:00:00,False,False,False,False,False,False,False,False
CBK0002005,,USR66391,MCH8391,1171.4,no service,SERVICE_NOT_DELIVERED,customer says amount was debited twice.,RESOLVED,LOW,CHATBOT,2026-03-24 00:00:00,2026-03-16 13:33:00,2026-04-16 00:00:00,False,False,True,False,False,False,False,False
CBK0000345,TXN00007052,USR24877,MCH7863,,dispute raised,CUSTOMER_DISPUTE,Payment made to unknown merchant as per customer statement.,PENDING_BANK,LOW,CHATBOT,2026-03-09 00:00:00,2026-03-07 06:24:54,2026-03-22 22:24:54,True,False,False,False,False,False,False,False
CBK0000194,TXN00009105,USR80813,MCH3548,,delivery issue,SERVICE_NOT_DELIVERED,Customer complaint text unclear due to poor call center notes.,REJECTED,LOW,APP,2026-03-12 03:37:00,2026-03-10 07:37:00,2026-03-25 00:00:00,True,False,False,False,False,False,False,False
CBK0002591,TXN00004763,USR40127,MCH4473,2865.75,double debit,DUPLICATE_DEBIT,Customer says transaction was not authorized.,PENDING_BANK,MEDIUM,CHATBOT,2026-03-12 23:20:31,2026-03-10 00:00:00,2026-03-19 23:20:31,False,False,False,False,False,False,False,False
CBK0001957,TXN00009699,USR64159,MCH2134,3917.9,Duplicate Debit,DUPLICATE_DEBIT,MERCHANT SERVICE WAS NOT DELIVERED AFTER PAYMENT.,IN_PROGRESS,HIGH,CHATBOT,2026-02-06 00:00:00,2026-02-03 10:47:22,2026-03-03 00:00:00,False,False,False,False,False,False,False,False
CBK0000922,TXN00018185,USR61372,MCH8331,660.0,Service Not Provided,SERVICE_NOT_DELIVERED,user reports money deducted but merchant denies receiving payment.,OPEN,CRITICAL,EMAIL,2026-02-28 00:00:00,2026-02-27 00:00:00,,False,False,False,False,False,True,False,False
CBK0000118,TXN00008970,USR64312,MCH2858,450.63,suspicious transaction,FRAUD,Payment made to unknown merchant as per customer statement.,CLOSED,LOW,IVR,,2026-01-26 00:00:00,,False,False,False,True,False,True,False,False
CBK0002416,TXN00007831,USR38240,MCH6533,905.66,account hacked,ACCOUNT_TAKEOVER,Suspicious high-value payment disputed by customer.,OPEN,LOW,EMAIL,2026-01-07 00:00:00,2026-01-06 01:46:00,2026-01-28 08:46:41,False,False,False,False,False,False,False,False
CBK0000075,TXN00014086,USR84007,MCH8154,1493.94,scam,FRAUD,User reports money deducted but merchant denies receiving payment.,RESOLVED,MEDIUM,APP,2026-03-25 00:00:00,2026-03-18 00:00:00,2026-03-26 00:00:00,False,False,False,False,False,False,False,False
CBK0001584,TXN00016151,USR53727,MCH3815,1236.73,login compromised,ACCOUNT_TAKEOVER,Merchant service was not delivered after payment.,IN_PROGRESS,LOW,CALL_CENTER,2026-02-04 08:28:07,2026-02-03 00:00:00,2026-03-06 00:00:00,False,False,False,False,False,False,False,False
CBK0001958,TXN00018222,USR46902,MCH5561,1611.0,merchant service issue,SERVICE_NOT_DELIVERED,Customer complaint text unclear due to poor call center notes.,CLOSED,LOW,BRANCH,2026-03-10 18:32:00,2026-03-08 00:00:00,,False,False,False,False,False,True,False,False
CBK0001192,,USR17450,MCH6659,4315.76,fraud,FRAUD,CUSTOMER SAYS AMOUNT WAS DEBITED TWICE.,REJECTED,LOW,IVR,2026-03-31 00:00:00,2026-03-24 09:19:34,2026-04-30 20:19:34,False,False,True,False,False,False,False,False
CBK0002096,TXN00008557,USR89656,MCH4345,752.0,FRAUD,FRAUD,Payment made to unknown merchant as per customer statement.,REJECTED,HIGH,CHATBOT,2026-03-20 00:00:00,2026-03-14 00:00:00,,False,False,False,False,False,True,False,False
CBK0000989,TXN00012972,USR33348,MCH5173,1647.57,unauth txn,UNAUTHORIZED,Customer says amount was debited twice.,RESOLVED,CRITICAL,IVR,2026-03-14 13:36:37,2026-03-03 18:36:37,2026-03-20 00:00:00,False,False,False,False,False,False,False,False
CBK0002306,TXN00008650,USR32641,MCH1565,1166.57,not delivered,SERVICE_NOT_DELIVERED,user claims account was compromised before transaction.,OPEN,MEDIUM,CHATBOT,2026-02-19 00:00:00,2026-02-18 00:00:00,2026-03-12 00:00:00,False,False,False,False,False,False,False,False
CBK0001387,TXN00008870,USR26871,MCH3687,4628.47,unauthorized_transaction,UNAUTHORIZED,Suspicious high-value payment disputed by customer.,REJECTED,MEDIUM,CHATBOT,2026-01-23 00:00:00,2026-01-20 19:35:20,,False,False,False,False,False,True,False,False
CBK0000996,TXN00000021,USR22644,MCH4473,1284.05,dispute raised,CUSTOMER_DISPUTE,Complaint received after multiple failed attempts. pls check asap,REJECTED,LOW,CHATBOT,2026-01-17 19:42:38,2026-01-07 00:00:00,2026-02-11 00:00:00,False,False,False,False,False,False,False,False
CBK0001421,TXN00015594,USR50434,MCH6889,1421.26,Account Takeover,ACCOUNT_TAKEOVER,Customer complaint text unclear due to poor call center notes.,OPEN,LOW,EMAIL,2026-01-30 00:00:00,2026-01-26 00:00:00,2026-02-17 10:08:54,False,False,False,False,False,False,False,False
CBK0000238,TXN00008222,USR40061,MCH2274,4360.22,dispute raised,CUSTOMER_DISPUTE,User reports money deducted but merchant denies receiving payment.,IN_PROGRESS,LOW,APP,2026-02-22 00:00:00,2026-02-19 00:00:00,,False,False,False,False,False,True,False,False
CBK0001241,TXN00019245,USR99206,MCH4590,2987.16,suspicious transaction,FRAUD,Customer complaint text unclear due to poor call center notes.,CLOSED,MEDIUM,BRANCH,2026-03-12 00:00:00,2026-03-11 00:00:00,2026-04-06 00:00:00,False,False,False,False,False,False,False,False
CBK0000558,TXN00006037,USR26658,MCH7509,739.74,dispute raised,CUSTOMER_DISPUTE,user reports money deducted but merchant denies receiving payment.,CLOSED,LOW,EMAIL,2026-02-14 00:00:00,2026-02-13 00:00:00,2026-02-22 03:45:00,False,False,False,False,False,False,False,False
CBK0001977,TXN00000225,USR94159,MCH5655,666.0,complaint,CUSTOMER_DISPUTE,Payment made to unknown merchant as per customer statement.,RESOLVED,HIGH,BRANCH,2026-03-07 22:21:00,2026-03-07 00:00:00,,False,False,False,False,False,True,False,False
CBK0000076,TXN00001158,USR27355,MCH5963,461.85,no service,SERVICE_NOT_DELIVERED,CUSTOMER SAYS TRANSACTION WAS NOT AUTHORIZED.,REJECTED,LOW,IVR,2026-01-05 22:59:45,2026-01-04 00:00:00,2026-01-09 22:59:00,False,False,False,False,False,False,False,False
CBK0002083,TXN00014640,USR17657,MCH2822,5247.0,no service,SERVICE_NOT_DELIVERED,Suspicious high-value payment disputed by customer. NA,CLOSED,LOW,EMAIL,2026-03-27 00:00:00,2026-03-25 00:00:00,2026-04-03 14:05:27,False,False,False,False,False,False,False,False
CBK0001948,TXN00014225,USR73728,MCH8953,,UNAUTHORISED,UNAUTHORIZED,Payment made to unknown merchant as per customer statement.,OPEN,MEDIUM,CALL_CENTER,2026-02-18 00:00:00,2026-02-17 00:00:00,,True,False,False,False,False,True,False,False
CBK0002583,TXN00016902,USR33856,MCH4131,1595.05,unauthorized_transaction,UNAUTHORIZED,Customer says amount was debited twice.,PENDING_BANK,LOW,BRANCH,2026-01-17 22:10:59,2026-01-15 15:10:59,2026-02-10 00:00:00,False,False,False,False,False,False,False,False
CBK0002069,TXN00019571,USR23992,MCH5315,475.0,unauthorized_transaction,UNAUTHORIZED,User claims account was compromised before transaction.,OPEN,MEDIUM,BRANCH,2026-03-05 00:00:00,,2026-04-04 21:12:20,False,False,False,False,True,False,False,False
CBK0000924,TXN00003076,USR28031,MCH8603,342.0,customer issue,CUSTOMER_DISPUTE,User says UPI PIN was not entered by them.,PENDING_BANK,MEDIUM,APP,,2026-01-01 00:00:00,2026-01-24 01:31:00,False,False,False,True,False,False,False,False
CBK0002449,TXN00010509,USR57946,MCH4966,1835.21,service failed,SERVICE_NOT_DELIVERED,Suspicious high-value payment disputed by customer.,OPEN,MEDIUM,IVR,2026-02-28 00:00:00,2026-02-26 06:53:00,2026-03-25 00:00:00,False,False,False,False,False,False,False,False
CBK0000169,TXN00084777,USR83541,MCH9196,-1091.87,FRAUD,FRAUD,Payment made to unknown merchant as per customer statement.,OPEN,MEDIUM,APP,,2026-03-02 00:00:00,2026-03-22 00:00:00,False,True,False,True,False,False,False,False
CBK0001675,TXN00007698,USR30500,MCH1290,1746.55,DUP_DEBIT,DUPLICATE_DEBIT,Merchant service was not delivered after payment.,RESOLVED,MEDIUM,BRANCH,2026-03-27 00:00:00,2026-03-25 00:00:00,2026-04-10 05:50:27,False,False,False,False,False,False,False,False
CBK0002129,TXN00005777,USR99787,MCH8779,891.95,FRAUD,FRAUD,Customer says amount was debited twice.,OPEN,HIGH,CALL_CENTER,2026-03-21 00:00:00,2026-03-05 00:00:00,2026-04-02 00:00:00,False,False,False,False,False,False,False,False
CBK0000286,TXN00017361,USR62049,MCH6810,1755.45,Unauthorized Transaction,UNAUTHORIZED,user claims account was compromised before transaction.,IN_PROGRESS,LOW,IVR,2026-02-11 00:00:00,2026-02-01 02:57:51,2026-02-28 00:00:00,False,False,False,False,False,False,False,False
CBK0002438,TXN00006364,USR79500,MCH2963,2678.39,Merchant Not Delivered,SERVICE_NOT_DELIVERED,Complaint received after multiple failed attempts.,CLOSED,LOW,EMAIL,2026-02-18 21:05:00,2026-02-17 00:00:00,2026-03-16 00:00:00,False,False,False,False,False,False,False,False
CBK0002365,TXN00000567,USR77716,MCH2387,1015.09,scam,FRAUD,suspicious high-value payment disputed by customer.,OPEN,LOW,CHATBOT,2026-03-19 00:00:00,2026-03-15 16:57:45,2026-04-12 05:57:00,False,False,False,False,False,False,False,False
CBK0002224,TXN00008421,USR39089,MCH2822,964.56,Unauthorized Transaction,UNAUTHORIZED,User claims account was compromised before transaction.,CLOSED,LOW,CALL_CENTER,2026-01-11 00:00:00,2026-01-06 00:00:00,2026-01-17 00:00:00,False,False,False,False,False,False,False,False
CBK0000686,TXN00000850,USR54783,MCH8420,1203.18,UNAUTHORISED,UNAUTHORIZED,Customer says txn was not authorized.,PENDING_BANK,MEDIUM,BRANCH,2026-01-20 00:00:00,2026-01-23 00:00:00,,False,False,False,False,False,True,True,False
CBK0002291,TXN00000916,USR59058,MCH4473,577.0,unauthorized_transaction,UNAUTHORIZED,Merchant service was not delivered after payment. details missing,OPEN,HIGH,IVR,2026-01-03 00:00:00,2026-01-01 00:19:40,,False,False,False,False,False,True,False,False
CBK0000999,TXN00009812,USR25934,MCH4473,2069.51,dispute raised,CUSTOMER_DISPUTE,User reports money deducted but merchant denies receiving payment. details missing,OPEN,LOW,CALL_CENTER,2026-03-15 00:00:00,2026-03-11 14:54:18,2026-04-01 00:00:00,False,False,False,False,False,False,False,False
CBK0002761,TXN00017387,USR73413,MCH2266,303.26,not done by me,UNAUTHORIZED,User says UPI PIN was not entered by them.,OPEN,MEDIUM,APP,2026-03-12 11:20:23,2026-03-09 00:00:00,2026-03-30 00:00:00,False,False,False,False,False,False,False,False
CBK0002125,TXN00011157,USR38625,MCH3327,-2138.06,Customer Dispute,CUSTOMER_DISPUTE,Customer says transaction was not authorized. urgent,PENDING_BANK,MEDIUM,IVR,2026-02-10 00:00:00,2026-01-26 03:53:00,2026-02-16 06:53:00,False,True,False,False,False,False,False,False
CBK0002511,TXN00014471,USR91311,MCH8100,2509.27,Account Takeover,ACCOUNT_TAKEOVER,COMPLAINT RECEIVED AFTER MULTIPLE FAILED ATTEMPTS.,OPEN,HIGH,IVR,2026-02-27 00:00:00,2026-02-21 00:00:00,,False,False,False,False,False,True,False,False
CBK0002548,TXN00003431,USR51725,MCH1320,3242.15,merchant service issue,SERVICE_NOT_DELIVERED,User reports money deducted but merchant denies receiving payment.,OPEN,MEDIUM,CHATBOT,2026-01-09 00:00:00,2026-01-01 00:00:00,2026-01-09 00:08:00,False,False,False,False,False,False,False,False
CBK0002220,TXN00018020,USR89284,MCH2757,1238.72,Service Not Provided,SERVICE_NOT_DELIVERED,Payment made to unknown merchant as per customer statement.,CLOSED,LOW,CALL_CENTER,2026-03-18 00:00:00,2026-03-15 13:36:00,2026-04-10 01:36:14,False,False,False,False,False,False,False,False
CBK0000131,,USR16031,MCH4997,1424.0,Unauthorized Transaction,UNAUTHORIZED,Customer complaint text unclear due to poor call center notes.,IN_PROGRESS,HIGH,CALL_CENTER,2026-02-23 00:00:00,2026-02-21 20:10:28,2026-03-21 00:00:00,False,False,True,False,False,False,False,False
CBK0001441,TXN00017441,USR80479,MCH2733,766.94,unauthorized_transaction,UNAUTHORIZED,Customer says amount was debited twice.,IN_PROGRESS,HIGH,CALL_CENTER,2026-01-15 00:00:00,2026-01-12 00:00:00,,False,False,False,False,False,True,False,False
CBK0001641,TXN00012030,USR59679,MCH5954,,service failed,SERVICE_NOT_DELIVERED,Customer complaint text unclear due to poor call center notes.,REJECTED,LOW,CALL_CENTER,,2026-03-30 18:54:00,2026-04-23 00:00:00,True,False,False,True,False,False,False,False
CBK0002766,TXN00011236,USR61715,MCH4062,,Fraud Suspected,FRAUD,Customer says amount was debited twice.,RESOLVED,LOW,IVR,2026-02-19 00:00:00,2026-02-17 00:00:00,2026-02-26 00:00:00,True,False,False,False,False,False,False,False
CBK0001084,TXN00017437,USR13933,MCH2265,1311.0,customer issue,CUSTOMER_DISPUTE,Customer complaint text unclear due to poor call center notes.,PENDING_BANK,MEDIUM,CHATBOT,2026-01-18 00:00:00,2026-01-17 10:41:08,2026-02-09 00:00:00,False,False,False,False,False,False,False,False
CBK0001109,TXN00008405,USR77137,MCH8779,-1327.89,DUP_DEBIT,DUPLICATE_DEBIT,Suspicious high-value payment disputed by customer.,CLOSED,MEDIUM,APP,2026-02-20 00:00:00,2026-02-18 00:00:00,2026-02-28 01:12:00,False,True,False,False,False,False,False,False
CBK0001142,TXN00013418,USR55881,MCH1320,6925.85,Merchant Not Delivered,SERVICE_NOT_DELIVERED,User claims account was compromised before transaction.,CLOSED,MEDIUM,IVR,2026-01-15 00:00:00,2026-01-13 19:02:00,,False,False,False,False,False,True,False,False
CBK0000777,,USR41853,MCH3327,7674.18,Unauthorized Transaction,UNAUTHORIZED,Customer says amount was debited twice.,IN_PROGRESS,LOW,CHATBOT,,2026-03-01 00:00:00,,False,False,True,True,False,True,False,False
CBK0002610,TXN00011255,USR62673,MCH3100,2068.22,account hacked,ACCOUNT_TAKEOVER,Merchant service was not delivered after payment.,OPEN,LOW,CALL_CENTER,2026-01-21 17:51:37,2026-01-06 00:00:00,2026-01-25 17:51:37,False,False,False,False,False,False,False,False
CBK0000938,TXN00011273,USR80424,MCH1874,1062.27,not delivered,SERVICE_NOT_DELIVERED,Customer says amount was debited twice.,RESOLVED,CRITICAL,BRANCH,2026-02-21 00:00:00,2026-02-16 00:00:00,2026-02-28 00:00:00,False,False,False,False,False,False,False,False
CBK0000720,TXN00009292,USR62461,MCH8044,2299.02,scam,FRAUD,Payment made to unknown merchant as per cust statement.,IN_PROGRESS,LOW,CHATBOT,2026-01-21 00:00:00,2026-01-16 00:00:00,,False,False,False,False,False,True,False,False
CBK0000534,TXN00009187,USR89514,MCH5319,3008.39,item not received,SERVICE_NOT_DELIVERED,User says UPI PIN was not entered by them. details missing,CLOSED,LOW,EMAIL,2026-01-19 00:00:00,2026-01-18 00:00:00,2026-02-07 00:00:00,False,False,False,False,False,False,False,False
CBK0001713,TXN00019900,USR24117,MCH3622,4072.76,no service,SERVICE_NOT_DELIVERED,Complaint received after multiple failed attempts. call dropped,IN_PROGRESS,MEDIUM,BRANCH,2026-01-27 00:00:00,2026-01-19 00:00:00,,False,False,False,False,False,True,False,False
CBK0002694,TXN00017451,USR11727,MCH6810,1007.69,no service,SERVICE_NOT_DELIVERED,Customer says transaction was not authorized.,PENDING_BANK,LOW,IVR,2026-03-06 17:47:56,2026-03-04 00:00:00,2026-03-25 00:00:00,False,False,False,False,False,False,False,False
CBK0002018,TXN00005542,USR80304,MCH8953,236.16,DUP_DEBIT,DUPLICATE_DEBIT,Complaint received after multiple failed attempts.,IN_PROGRESS,MEDIUM,APP,2026-02-01 10:25:53,2026-01-31 00:00:00,,False,False,False,False,False,True,False,False
CBK0002775,TXN00018203,USR60939,MCH9570,1403.54,Unauthorized Transaction,UNAUTHORIZED,Complaint received after multiple failed attempts.,CLOSED,LOW,APP,2026-02-12 08:26:59,,2026-02-15 08:26:00,False,False,False,False,True,False,False,False
CBK0002030,TXN00019111,USR11036,MCH5122,1094.0,UNAUTHORISED,UNAUTHORIZED,Payment made to unknown merchant as per customer statement.,REJECTED,HIGH,EMAIL,2026-01-19 03:25:00,2026-01-15 00:00:00,2026-01-22 00:00:00,False,False,False,False,False,False,False,False
CBK0002007,TXN00018681,USR53356,MCH5076,5525.44,amount mismatch,AMOUNT_MISMATCH,merchant service was not delivered after payment.,PENDING_BANK,MEDIUM,CHATBOT,2026-03-06 00:00:00,2026-03-06 00:00:00,,False,False,False,False,False,True,False,False
CBK0001825,TXN00000995,USR60939,MCH9788,,scam,FRAUD,customer says amount was debited twice.,IN_PROGRESS,MEDIUM,APP,2026-02-22 00:00:00,,2026-03-06 00:00:00,True,False,False,False,True,False,False,False
CBK0000191,TXN00016165,USR22024,MCH5684,4335.54,merchant service issue,SERVICE_NOT_DELIVERED,Merchant service was not delivered after payment. urgent,CLOSED,HIGH,BRANCH,2026-02-16 00:00:00,2026-02-10 00:00:00,2026-02-19 00:00:00,False,False,False,False,False,False,False,False
CBK0001412,TXN00007645,USR75440,MCH4862,-1667.95,not delivered,SERVICE_NOT_DELIVERED,Customer says transaction was not authorized.,IN_PROGRESS,CRITICAL,EMAIL,2026-02-23 00:00:00,2026-02-23 00:00:00,2026-03-21 10:58:05,False,True,False,False,False,False,False,False
CBK0000015,TXN00003408,USR88037,MCH7845,895.1,no service,SERVICE_NOT_DELIVERED,Suspicious high-value payment disputed by cust.,IN_PROGRESS,MEDIUM,IVR,,,2026-04-01 14:30:26,False,False,False,True,True,False,False,False
CBK0001722,TXN00001041,USR72483,MCH9013,1977.08,extra amount deducted,AMOUNT_MISMATCH,customer says amount was debited twice.,PENDING_BANK,LOW,BRANCH,2026-01-08 00:00:00,2026-01-06 00:00:00,2026-01-18 00:00:00,False,False,False,False,False,False,False,False
CBK0000826,TXN00002919,USR50535,MCH2014,4331.37,scam,FRAUD,customer says amount was debited twice.,PENDING_BANK,HIGH,IVR,2026-01-13 00:00:00,2026-01-11 00:00:00,,False,False,False,False,False,True,False,False
CBK0001912,TXN00004776,USR25848,MCH1193,2319.55,not delivered,SERVICE_NOT_DELIVERED,Complaint received after multiple failed attempts.,REJECTED,HIGH,CHATBOT,2026-01-22 00:00:00,2026-01-17 01:51:00,2026-01-30 21:51:51,False,False,False,False,False,False,False,False
CBK0002561,TXN00002204,USR14039,MCH6810,455.59,Unauthorized Transaction,UNAUTHORIZED,User says UPI PIN was not entered by them.,IN_PROGRESS,HIGH,IVR,2026-03-08 00:00:00,2026-03-04 00:00:00,2026-03-11 00:00:00,False,False,False,False,False,False,False,False
CBK0000224,TXN00019488,USR33856,MCH7833,6544.91,not done by me,UNAUTHORIZED,User says UPI PIN was not entered by them. urgent,CLOSED,MEDIUM,CHATBOT,2026-01-11 04:59:00,,,False,False,False,False,True,True,False,False
CBK0000554,TXN00016199,USR58457,MCH2818,4366.91,account hacked,ACCOUNT_TAKEOVER,Payment made to unknown merchant as per customer statement.,IN_PROGRESS,HIGH,CHATBOT,2026-03-13 00:00:00,2026-03-03 00:00:00,2026-03-20 00:00:00,False,False,False,False,False,False,False,False
CBK0001687,TXN00003168,USR79935,MCH8154,2132.64,Fraud Suspected,FRAUD,merchant service was not delivered after payment.,PENDING_BANK,MEDIUM,CHATBOT,2026-03-01 00:00:00,2026-02-26 00:00:00,2026-03-11 03:30:00,False,False,False,False,False,False,False,False
CBK0001186,TXN00018221,USR54313,MCH9511,119.0,Wrong Amount,AMOUNT_MISMATCH,User claims account was compromised before transaction. pls check asap,OPEN,LOW,BRANCH,2026-03-17 00:00:00,2026-01-30 00:00:00,2026-04-03 00:00:00,False,False,False,False,False,False,False,False
CBK0000923,TXN00094657,USR35229,MCH1505,2556.0,Wrong Amount,AMOUNT_MISMATCH,Merchant service was not delivered after payment.,CLOSED,HIGH,BRANCH,2026-04-23 00:00:00,2026-03-23 00:00:00,2026-04-26 00:00:00,False,False,False,False,False,False,False,False
CBK0000322,TXN00019719,USR68594,MCH8391,4373.83,delivery issue,SERVICE_NOT_DELIVERED,merchant service was not delivered after payment.,CLOSED,HIGH,BRANCH,2026-04-02 20:20:18,2026-03-23 00:00:00,2026-04-18 20:20:18,False,False,False,False,False,False,False,False
CBK0000056,TXN00002715,USR49193,MCH9467,,service failed,SERVICE_NOT_DELIVERED,Merchant service was not delivered after payment.,REJECTED,HIGH,CHATBOT,2026-02-03 08:44:00,2026-01-23 00:00:00,,True,False,False,False,False,True,False,False
CBK0000778,TXN00004797,USR73637,MCH1026,3784.33,UNAUTHORISED,UNAUTHORIZED,customer says transaction was not authorized.,RESOLVED,MEDIUM,CALL_CENTER,2026-02-27 00:00:00,2026-01-12 03:41:00,,False,False,False,False,False,True,False,False
CBK0001904,TXN00006057,USR27947,MCH5098,378.18,amount mismatch,AMOUNT_MISMATCH,Merchant service was not delivered after payment.,PENDING_BANK,HIGH,CALL_CENTER,2026-01-26 00:00:00,2026-01-23 08:43:00,2026-02-15 09:43:00,False,False,False,False,False,False,False,False
CBK0001858,TXN00019309,USR57601,MCH7194,6862.58,complaint,CUSTOMER_DISPUTE,User claims account was compromised before transaction.,IN_PROGRESS,HIGH,APP,2026-01-11 00:00:00,2026-01-10 00:00:00,,False,False,False,False,False,True,False,False
CBK0001327,TXN00010704,USR57352,MCH9854,2880.65,FRAUD,FRAUD,Complaint received after multiple failed attempts.,IN_PROGRESS,LOW,BRANCH,2026-01-21 00:00:00,2026-01-15 20:40:00,,False,False,False,False,False,True,False,False
CBK0000612,TXN00008353,USR59073,MCH2016,1208.71,fraud,FRAUD,customer says transaction was not authorized.,REJECTED,MEDIUM,BRANCH,2026-03-06 18:57:42,2026-03-04 00:00:00,2026-03-11 18:57:00,False,False,False,False,False,False,False,False
CBK0001251,TXN00007334,USR34180,MCH8904,903.47,service failed,SERVICE_NOT_DELIVERED,PAYMENT MADE TO UNKNOWN MERCHANT AS PER CUSTOMER STATEMENT.,CLOSED,LOW,CHATBOT,2026-03-08 00:00:00,2026-03-05 00:00:00,2026-03-19 00:00:00,False,False,False,False,False,False,False,False
CBK0000036,TXN00007642,USR23143,MCH2032,1258.0,complaint,CUSTOMER_DISPUTE,Customer says transaction was not authorized. NA,REJECTED,CRITICAL,EMAIL,2026-01-17 16:21:03,2026-01-14 00:00:00,2026-02-05 16:21:03,False,False,False,False,False,False,False,False
CBK0001074,TXN00016035,USR30137,MCH4252,2162.74,charged twice,DUPLICATE_DEBIT,Customer complaint text unclear due to poor call center notes.,OPEN,MEDIUM,BRANCH,2026-03-20 00:00:00,2026-03-18 00:00:00,,False,False,False,False,False,True,False,False
CBK0000045,TXN00018877,USR30701,MCH8391,2653.61,service failed,SERVICE_NOT_DELIVERED,Payment made to unknown merchant as per customer statement.,OPEN,CRITICAL,CHATBOT,2026-03-10 00:00:00,,,False,False,False,False,True,True,False,False
CBK0002044,TXN00012234,USR38814,MCH2495,1786.57,UNAUTHORISED,UNAUTHORIZED,Customer says amount was debited twice.,PENDING_BANK,CRITICAL,IVR,2026-04-11 00:00:00,2026-02-25 00:00:00,2026-04-17 00:00:00,False,False,False,False,False,False,False,False
CBK0002390,TXN00008564,USR53527,MCH1450,7520.47,delivery issue,SERVICE_NOT_DELIVERED,USER CLAIMS ACCOUNT WAS COMPROMISED BEFORE TRANSACTION.,RESOLVED,MEDIUM,CHATBOT,2026-03-20 12:52:19,2026-03-14 00:00:00,2026-04-18 00:00:00,False,False,False,False,False,False,False,False
CBK0000991,TXN00016978,USR85967,MCH9642,3895.0,suspicious transaction,FRAUD,Customer says amount was debited twice.,CLOSED,MEDIUM,IVR,2026-04-12 20:01:14,2026-03-28 06:01:00,2026-04-12 00:00:00,False,False,False,False,False,False,False,False
CBK0001740,TXN00009712,USR32707,MCH4181,803.59,Customer Dispute,CUSTOMER_DISPUTE,User reports money deducted but merchant denies receiving payment.,CLOSED,MEDIUM,APP,2026-01-29 00:00:00,2026-01-28 00:00:00,2026-02-28 00:00:00,False,False,False,False,False,False,False,False
CBK0000182,TXN00013078,USR91108,MCH4931,3943.46,merchant service issue,SERVICE_NOT_DELIVERED,Suspicious high-value payment disputed by customer.,OPEN,CRITICAL,APP,2026-02-06 00:00:00,2026-02-06 21:01:00,2026-03-01 00:00:00,False,False,False,False,False,False,True,False
CBK0002641,TXN00005655,USR10307,MCH4859,5976.8,incorrect amount,AMOUNT_MISMATCH,Merchant service was not delivered after payment.,OPEN,HIGH,CHATBOT,2026-03-03 00:00:00,2026-02-27 00:00:00,,False,False,False,False,False,True,False,False
CBK0001106,TXN00081951,USR84942,MCH2073,3816.43,login compromised,ACCOUNT_TAKEOVER,Customer says transaction was not authorized. call dropped,PENDING_BANK,MEDIUM,BRANCH,,2026-02-12 01:12:00,2026-03-12 00:00:00,False,False,False,True,False,False,False,False
CBK0002466,TXN00013029,USR16995,MCH7040,1491.88,merchant service issue,SERVICE_NOT_DELIVERED,Customer says transaction was not authorized.,REJECTED,MEDIUM,EMAIL,2026-01-15 19:39:00,2026-01-13 05:39:00,2026-01-25 19:39:06,False,False,False,False,False,False,False,False
CBK0001305,TXN00017826,USR89617,MCH5076,5617.04,Account Takeover,ACCOUNT_TAKEOVER,Payment made to unknown merchant as per customer statement.,IN_PROGRESS,LOW,IVR,2026-02-03 00:00:00,2026-01-18 23:38:00,2026-02-24 00:00:00,False,False,False,False,False,False,False,False
CBK0002675,TXN00007158,USR38065,MCH6195,-1520.53,delivery issue,SERVICE_NOT_DELIVERED,User reports money deducted but merchant denies receiving payment.,IN_PROGRESS,HIGH,IVR,2026-02-25 18:38:29,2026-02-10 00:00:00,2026-02-25 00:00:00,False,True,False,False,False,False,False,False
CBK0002337,TXN00008947,USR74187,MCH2877,4079.0,dispute raised,CUSTOMER_DISPUTE,Customer says amount was debited twice.,RESOLVED,LOW,IVR,2026-01-08 00:00:00,2026-01-05 00:00:00,2026-01-14 00:00:00,False,False,False,False,False,False,False,False
CBK0000211,TXN00019098,USR76655,MCH2383,536.94,login compromised,ACCOUNT_TAKEOVER,Complaint received after multiple failed attempts.,PENDING_BANK,MEDIUM,EMAIL,2026-02-27 00:00:00,2026-02-12 00:00:00,2026-03-14 00:00:00,False,False,False,False,False,False,False,False
CBK0000042,TXN00001246,USR48537,MCH2700,702.0,complaint,CUSTOMER_DISPUTE,customer says transaction was not authorized.,CLOSED,HIGH,IVR,,2026-02-08 00:00:00,2026-02-25 00:00:00,False,False,False,True,False,False,False,False
CBK0002778,TXN00034155,USR63286,MCH5795,736.99,delivery issue,SERVICE_NOT_DELIVERED,Suspicious high-value payment disputed by customer.,PENDING_BANK,MEDIUM,CHATBOT,2026-05-15 00:00:00,2026-03-31 00:00:00,,False,False,False,False,False,True,False,False
CBK0002652,TXN00008454,USR79705,MCH2757,268.0,login compromised,ACCOUNT_TAKEOVER,Suspicious high-value payment disputed by customer.,PENDING_BANK,MEDIUM,CHATBOT,2026-02-27 00:00:00,,2026-03-14 00:00:00,False,False,False,False,True,False,False,False
CBK0000226,TXN00015815,USR35149,MCH8971,458.03,customer issue,CUSTOMER_DISPUTE,Customer complaint text unclear due to poor call center notes.,IN_PROGRESS,LOW,EMAIL,2026-02-26 00:00:00,2026-02-11 01:43:00,,False,False,False,False,False,True,False,False
CBK0001226,TXN00014655,USR64776,MCH4837,290.31,double debit,DUPLICATE_DEBIT,customer complaint text unclear due to poor call center notes.,PENDING_BANK,HIGH,CHATBOT,2026-01-29 00:00:00,2026-01-19 00:00:00,2026-02-08 00:00:00,False,False,False,False,False,False,False,False
CBK0001961,TXN00004780,USR62254,MCH9817,-673.13,scam,FRAUD,Customer says transaction was not authorized.,PENDING_BANK,HIGH,IVR,2026-02-06 00:00:00,2026-02-05 00:00:00,,False,True,False,False,False,True,False,False
CBK0001650,TXN00007842,USR43371,MCH9291,5443.0,amount mismatch,AMOUNT_MISMATCH,Customer says amount was debited twice.,IN_PROGRESS,LOW,IVR,2026-03-27 00:00:00,2026-03-24 00:00:00,2026-04-21 00:00:00,False,False,False,False,False,False,False,False
CBK0002294,TXN00004771,USR12753,MCH9267,5005.08,Customer Dispute,CUSTOMER_DISPUTE,Complaint received after multiple failed attempts.,PENDING_BANK,CRITICAL,CHATBOT,2026-02-19 00:00:00,2026-02-03 00:00:00,,False,False,False,False,False,True,False,False
CBK0000256,TXN00001617,USR63778,MCH6614,14278.2,delivery issue,SERVICE_NOT_DELIVERED,User reports money deducted but merchant denies receiving payment.,IN_PROGRESS,LOW,IVR,2026-01-30 00:00:00,2026-01-29 00:00:00,2026-02-17 00:00:00,False,False,False,False,False,False,False,False
CBK0000634,TXN00003160,USR20310,MCH5168,11376.0,amount mismatch,AMOUNT_MISMATCH,USER SAYS UPI PIN WAS NOT ENTERED BY THEM.,REJECTED,LOW,EMAIL,2026-03-14 07:16:00,2026-03-14 00:00:00,,False,False,False,False,False,True,False,False
CBK0001898,TXN00012370,USR72048,MCH5535,-9690.23,DUP_DEBIT,DUPLICATE_DEBIT,User claims account was compromised before transaction.,OPEN,MEDIUM,CALL_CENTER,2026-04-02 00:00:00,2026-03-29 00:00:00,,False,True,False,False,False,True,False,False
CBK0001953,TXN00002867,USR48061,MCH8600,4361.29,dispute raised,CUSTOMER_DISPUTE,Suspicious high-value payment disputed by customer.,PENDING_BANK,LOW,EMAIL,2026-01-16 10:12:56,2026-01-15 00:00:00,2026-01-24 00:00:00,False,False,False,False,False,False,False,False
CBK0000414,TXN00071282,USR51465,MCH8403,4105.21,ATO,ACCOUNT_TAKEOVER,USER CLAIMS ACCOUNT WAS COMPROMISED BEFORE TRANSACTION.,IN_PROGRESS,CRITICAL,CALL_CENTER,2026-03-21 02:45:00,2026-03-05 00:00:00,2026-03-30 02:45:00,False,False,False,False,False,False,False,False
CBK0000229,TXN00011498,USR25152,MCH5516,1209.77,Fraud Suspected,FRAUD,User says UPI PIN was not entered by them.,IN_PROGRESS,LOW,CHATBOT,2026-03-13 00:00:00,2026-03-10 08:33:00,2026-03-18 16:33:39,False,False,False,False,False,False,False,False
CBK0002621,TXN00013196,USR25302,MCH2285,4814.0,Merchant Not Delivered,SERVICE_NOT_DELIVERED,Merchant service was not delivered after payment.,PENDING_BANK,MEDIUM,BRANCH,2026-01-08 00:00:00,2026-01-05 00:00:00,2026-02-06 00:00:00,False,False,False,False,False,False,False,False
CBK0002599,TXN00015427,USR46465,MCH3243,1089.6,fraud,FRAUD,Customer says transaction was not authorized. NA,OPEN,MEDIUM,CHATBOT,2026-04-04 00:00:00,2026-03-04 00:00:00,2026-04-18 00:00:00,False,False,False,False,False,False,False,False
CBK0001385,TXN00015532,USR43241,MCH2822,90.26,Account Takeover,ACCOUNT_TAKEOVER,Customer says transaction was not authorized.,PENDING_BANK,CRITICAL,APP,2026-02-03 00:00:00,2026-02-02 21:47:00,2026-02-15 00:00:00,False,False,False,False,False,False,False,False
CBK0001645,TXN00004849,USR87914,MCH2065,1212.0,no service,SERVICE_NOT_DELIVERED,Payment made to unknown merchant as per customer statement.,IN_PROGRESS,MEDIUM,BRANCH,2026-04-03 00:00:00,2026-03-31 15:04:00,2026-04-04 09:04:41,False,False,False,False,False,False,False,False
CBK0000995,TXN00005999,USR40639,MCH1381,-3530.1,not delivered,SERVICE_NOT_DELIVERED,COMPLAINT RECEIVED AFTER MULTIPLE FAILED ATTEMPTS.,IN_PROGRESS,LOW,CHATBOT,2026-01-13 00:00:00,2026-01-11 20:47:00,,False,True,False,False,False,True,False,False
CBK0000553,TXN00001388,USR38124,MCH8462,-5809.0,merchant service issue,SERVICE_NOT_DELIVERED,merchant service was not delivered after payment.,CLOSED,HIGH,EMAIL,2026-03-09 16:59:00,2026-03-07 00:00:00,2026-03-18 00:00:00,False,True,False,False,False,False,False,False
CBK0000812,TXN00003721,USR76959,MCH8190,-3807.76,scam,FRAUD,User says UPI PIN was not entered by them.,CLOSED,HIGH,BRANCH,2026-03-05 00:00:00,,,False,True,False,False,True,True,False,False
CBK0000841,TXN00007967,USR49028,MCH7643,,item not received,SERVICE_NOT_DELIVERED,Customer says transaction was not authorized. call dropped,REJECTED,HIGH,IVR,2026-04-11 00:00:00,2026-03-31 00:00:00,2026-04-12 01:44:00,True,False,False,False,False,False,False,False
CBK0000266,TXN00006755,USR13301,MCH5226,1874.0,amount mismatch,AMOUNT_MISMATCH,Customer complaint text unclear due to poor call center notes. call dropped,CLOSED,MEDIUM,CALL_CENTER,2026-01-07 00:00:00,2026-01-07 00:00:00,2026-02-02 18:44:26,False,False,False,False,False,False,False,False
CBK0002431,TXN00015350,USR95800,MCH4448,676.77,account hacked,ACCOUNT_TAKEOVER,Customer complaint text unclear due to poor call center notes.,IN_PROGRESS,LOW,CALL_CENTER,2026-03-28 03:08:15,2026-03-26 01:08:15,2026-04-10 03:08:00,False,False,False,False,False,False,False,False
CBK0000907,TXN00018961,USR73332,MCH5096,409.0,account hacked,ACCOUNT_TAKEOVER,Merchant service was not delivered after payment.,RESOLVED,LOW,IVR,,2026-03-24 00:00:00,,False,False,False,True,False,True,False,False
CBK0000568,TXN00005915,USR19528,MCH9192,215.32,Fraud Suspected,FRAUD,Customer says transaction was not authorized. urgent,PENDING_BANK,MEDIUM,CHATBOT,2026-02-24 00:00:00,,,False,False,False,False,True,True,False,False
CBK0002248,TXN00018611,USR80560,MCH1043,1143.89,DUP_DEBIT,DUPLICATE_DEBIT,Customer says amount was debited twice.,OPEN,MEDIUM,BRANCH,2026-02-13 00:00:00,2026-02-11 00:00:00,2026-02-28 00:00:00,False,False,False,False,False,False,False,False
CBK0001578,TXN00008775,USR61019,MCH8496,8304.41,ATO,ACCOUNT_TAKEOVER,Customer says amount was debited twice.,RESOLVED,LOW,EMAIL,2026-03-31 00:00:00,2026-03-30 13:32:00,2026-04-22 00:00:00,False,False,False,False,False,False,False,False
CBK0001548,TXN00000463,USR79013,MCH7615,,Service Not Provided,SERVICE_NOT_DELIVERED,User says UPI PIN was not entered by them.,RESOLVED,HIGH,BRANCH,2026-01-05 20:53:00,,2026-01-10 00:00:00,True,False,False,False,True,False,False,False
CBK0002013,TXN00007063,USR45520,MCH1320,370.32,login compromised,ACCOUNT_TAKEOVER,User says UPI PIN was not entered by them.,IN_PROGRESS,LOW,CHATBOT,2026-03-02 00:00:00,2026-03-01 06:39:21,2026-03-17 00:00:00,False,False,False,False,False,False,False,False
CBK0001094,TXN00017457,USR13306,MCH4473,,Duplicate Debit,DUPLICATE_DEBIT,Merchant service was not delivered after payment. NA,PENDING_BANK,LOW,CALL_CENTER,2026-03-10 00:00:00,2026-03-07 08:44:00,,True,False,False,False,False,True,False,False
CBK0001077,TXN00009149,USR88897,MCH5127,-2970.62,FRAUD,FRAUD,Payment made to unknown merchant as per cust statement.,REJECTED,CRITICAL,EMAIL,2026-02-04 00:00:00,2026-02-02 00:00:00,,False,True,False,False,False,True,False,False
CBK0001003,TXN00006075,USR31466,MCH8516,1413.0,no service,SERVICE_NOT_DELIVERED,User claims account was compromised before transaction.,IN_PROGRESS,CRITICAL,EMAIL,2026-02-12 09:40:00,2026-02-07 03:40:00,,False,False,False,False,False,True,False,False
CBK0002093,TXN00017223,USR95193,MCH2383,-711.68,ATO,ACCOUNT_TAKEOVER,CUSTOMER SAYS TRANSACTION WAS NOT AUTHORIZED.,CLOSED,LOW,CALL_CENTER,2026-03-20 21:23:30,2026-03-25 00:00:00,2026-04-14 00:00:00,False,True,False,False,False,False,True,False
CBK0001520,TXN00005376,USR68623,MCH8701,6375.04,not delivered,SERVICE_NOT_DELIVERED,User claims account was compromised before transaction.,PENDING_BANK,MEDIUM,APP,2026-04-03 00:00:00,2026-03-31 00:00:00,2026-04-18 00:00:00,False,False,False,False,False,False,False,False
CBK0002269,TXN00002609,USR70968,MCH6810,3155.0,extra amount deducted,AMOUNT_MISMATCH,MERCHANT SERVICE WAS NOT DELIVERED AFTER PAYMENT.,IN_PROGRESS,MEDIUM,EMAIL,2026-04-05 00:00:00,2026-03-06 00:00:00,2026-04-22 00:00:00,False,False,False,False,False,False,False,False
CBK0001060,TXN00004377,USR65291,MCH5076,6954.75,customer issue,CUSTOMER_DISPUTE,Payment made to unknown merchant as per customer statement.,IN_PROGRESS,LOW,CHATBOT,2026-01-12 13:45:00,2026-01-08 00:00:00,2026-02-06 00:00:00,False,False,False,False,False,False,False,False
CBK0000878,TXN00017227,USR23617,MCH9290,2799.72,charged twice,DUPLICATE_DEBIT,User claims account was compromised before transaction. urgent,IN_PROGRESS,HIGH,CHATBOT,2026-03-08 13:25:00,2026-02-28 16:25:00,2026-03-09 00:00:00,False,False,False,False,False,False,False,False
CBK0002419,TXN00008154,USR61213,MCH1320,1654.89,delivery issue,SERVICE_NOT_DELIVERED,suspicious high-value payment disputed by customer.,OPEN,MEDIUM,APP,2026-04-12 00:00:00,2026-02-25 14:30:00,,False,False,False,False,False,True,False,False
CBK0000142,TXN00017373,USR22644,MCH2266,4758.01,Fraud Suspected,FRAUD,Merchant service was not delivered after payment.,IN_PROGRESS,MEDIUM,EMAIL,2026-03-17 00:00:00,,2026-04-15 15:50:00,False,False,False,False,True,False,False,False
CBK0000028,TXN00005785,USR15008,MCH4604,222.95,charged twice,DUPLICATE_DEBIT,Payment made to unknown merchant as per cust statement.,CLOSED,MEDIUM,IVR,2026-03-06 00:28:00,2026-02-03 15:28:00,2026-03-28 00:00:00,False,False,False,False,False,False,False,False
CBK0000090,TXN00018546,USR70795,MCH3992,7492.62,item not received,SERVICE_NOT_DELIVERED,MERCHANT SERVICE WAS NOT DELIVERED AFTER PAYMENT.,CLOSED,HIGH,IVR,2026-02-23 00:00:00,2026-02-26 00:00:00,2026-03-03 00:00:00,False,False,False,False,False,False,True,False
CBK0000644,TXN00007288,USR97139,MCH2822,320.6,not done by me,UNAUTHORIZED,Suspicious high-value payment disputed by customer.,OPEN,LOW,BRANCH,2026-02-06 00:00:00,2026-02-03 00:00:00,2026-02-12 15:55:43,False,False,False,False,False,False,False,False
CBK0000171,TXN00003032,USR85839,MCH4965,988.93,not delivered,SERVICE_NOT_DELIVERED,User says UPI PIN was not entered by them.,REJECTED,HIGH,CHATBOT,2026-03-04 00:00:00,2026-02-02 06:26:00,,False,False,False,False,False,True,False,False
CBK0002288,TXN00001620,USR79613,MCH2822,650.47,Duplicate Debit,DUPLICATE_DEBIT,User reports money deducted but merchant denies receiving payment.,CLOSED,HIGH,CHATBOT,2026-03-07 00:00:00,2026-03-07 00:00:00,,False,False,False,False,False,True,False,False
CBK0000236,TXN00015982,USR78462,MCH5980,3445.69,dispute raised,CUSTOMER_DISPUTE,Suspicious high-value payment disputed by customer.,OPEN,LOW,IVR,2026-03-21 00:00:00,2026-02-19 02:15:55,2026-04-14 00:00:00,False,False,False,False,False,False,False,False
CBK0001256,TXN00012543,USR97472,MCH2266,-5621.9,Duplicate Debit,DUPLICATE_DEBIT,Payment made to unknown merchant as per customer statement. NA,CLOSED,LOW,CHATBOT,2026-03-29 00:00:00,2026-03-26 00:00:00,2026-04-12 01:21:00,False,True,False,False,False,False,False,False
CBK0002263,TXN00017565,USR25091,MCH2757,3265.92,not delivered,SERVICE_NOT_DELIVERED,User claims account was compromised before transaction.,OPEN,MEDIUM,APP,,2026-03-25 00:00:00,2026-04-08 00:00:00,False,False,False,True,False,False,False,False
CBK0000491,TXN00012981,USR53356,MCH3100,1168.0,no service,SERVICE_NOT_DELIVERED,MERCHANT SERVICE WAS NOT DELIVERED AFTER PAYMENT.,PENDING_BANK,HIGH,IVR,2026-03-01 00:00:00,2026-02-28 00:00:00,2026-03-09 00:00:00,False,False,False,False,False,False,False,False
CBK0000790,TXN00010376,USR31294,MCH2721,3789.0,Wrong Amount,AMOUNT_MISMATCH,suspicious high-value payment disputed by customer.,PENDING_BANK,MEDIUM,APP,2026-02-21 00:00:00,2026-02-21 00:00:00,,False,False,False,False,False,True,False,False
CBK0002734,TXN00086247,USR30500,MCH9900,1425.14,Unauthorized Transaction,UNAUTHORIZED,SUSPICIOUS HIGH-VALUE PAYMENT DISPUTED BY CUSTOMER.,OPEN,HIGH,CHATBOT,2026-01-04 00:00:00,2026-01-02 00:00:00,,False,False,False,False,False,True,False,False
CBK0000108,TXN00012720,USR63044,MCH3342,1297.0,UNAUTHORISED,UNAUTHORIZED,User reports money deducted but merchant denies receiving payment.,RESOLVED,LOW,CHATBOT,2026-01-05 00:00:00,2026-01-03 07:04:00,2026-01-05 00:00:00,False,False,False,False,False,False,False,False
CBK0000228,TXN00001207,USR43461,MCH2457,5779.34,ATO,ACCOUNT_TAKEOVER,Complaint received after multiple failed attempts.,REJECTED,MEDIUM,IVR,2026-02-06 21:57:00,2026-02-10 00:00:00,2026-02-17 21:57:00,False,False,False,False,False,False,True,False
CBK0002532,TXN00014807,USR72152,MCH4189,,Fraud Suspected,FRAUD,Customer says amount was debited twice.,IN_PROGRESS,CRITICAL,CHATBOT,2026-03-30 00:00:00,2026-03-26 00:00:00,2026-04-25 00:00:00,True,False,False,False,False,False,False,False
CBK0000489,TXN00009790,USR14874,MCH3965,1114.59,merchant service issue,SERVICE_NOT_DELIVERED,Customer says txn was not authorized.,RESOLVED,MEDIUM,CHATBOT,2026-02-25 23:38:39,2026-02-24 00:00:00,,False,False,False,False,False,True,False,False
CBK0001085,TXN00007125,USR27848,MCH8555,1467.82,no service,SERVICE_NOT_DELIVERED,user reports money deducted but merchant denies receiving payment.,IN_PROGRESS,CRITICAL,CHATBOT,2026-03-16 00:00:00,2026-03-14 00:00:00,,False,False,False,False,False,True,False,False
CBK0002462,TXN00017340,USR67399,MCH8154,1945.77,unauthorized_transaction,UNAUTHORIZED,PAYMENT MADE TO UNKNOWN MERCHANT AS PER CUSTOMER STATEMENT.,PENDING_BANK,LOW,IVR,2026-03-28 00:00:00,2026-02-10 00:00:00,2026-04-17 00:00:00,False,False,False,False,False,False,False,False
CBK0002197,TXN00006372,USR66647,MCH5779,5763.76,unauth txn,UNAUTHORIZED,user reports money deducted but merchant denies receiving payment.,IN_PROGRESS,MEDIUM,CHATBOT,2026-02-21 00:00:00,2026-02-17 13:16:55,,False,False,False,False,False,True,False,False
CBK0000814,TXN00017418,USR91623,MCH6810,1350.91,charged twice,DUPLICATE_DEBIT,Merchant service was not delivered after payment.,PENDING_BANK,LOW,EMAIL,2026-01-03 02:57:39,,2026-01-29 00:00:00,False,False,False,False,True,False,False,False
CBK0001792,TXN00002522,USR78192,MCH5237,877.59,not delivered,SERVICE_NOT_DELIVERED,User reports money deducted but merchant denies receiving payment. pls check asap,CLOSED,MEDIUM,IVR,2026-01-24 00:00:00,2026-01-23 04:37:11,,False,False,False,False,False,True,False,False
CBK0001103,TXN00006537,USR64942,MCH8349,418.0,customer issue,CUSTOMER_DISPUTE,User says UPI PIN was not entered by them.,PENDING_BANK,MEDIUM,IVR,2026-03-12 23:58:49,2026-02-25 00:00:00,2026-03-21 23:58:00,False,False,False,False,False,False,False,False
CBK0000208,TXN00011412,USR90908,MCH1460,1142.95,not delivered,SERVICE_NOT_DELIVERED,User says UPI PIN was not entered by them.,REJECTED,LOW,IVR,,2026-01-05 00:00:00,2026-02-04 00:00:00,False,False,False,True,False,False,False,False
CBK0002160,TXN00003789,USR91387,MCH3992,1061.09,complaint,CUSTOMER_DISPUTE,COMPLAINT RECEIVED AFTER MULTIPLE FAILED ATTEMPTS.,PENDING_BANK,MEDIUM,CALL_CENTER,2026-03-13 00:02:43,2026-03-09 00:00:00,2026-03-31 00:00:00,False,False,False,False,False,False,False,False
CBK0002355,TXN00010287,USR83793,MCH2036,852.14,item not received,SERVICE_NOT_DELIVERED,USER SAYS UPI PIN WAS NOT ENTERED BY THEM.,RESOLVED,CRITICAL,CHATBOT,2026-03-03 00:00:00,2026-02-28 07:09:59,,False,False,False,False,False,True,False,False
CBK0001555,TXN00010998,USR55626,MCH3270,1074.0,unauth txn,UNAUTHORIZED,Merchant service was not delivered after payment. NA,CLOSED,CRITICAL,CALL_CENTER,2026-03-23 23:29:00,2026-03-23 00:00:00,2026-04-03 00:00:00,False,False,False,False,False,False,False,False
CBK0000947,TXN00013726,USR83095,MCH5410,6019.31,double debit,DUPLICATE_DEBIT,suspicious high-value payment disputed by customer.,IN_PROGRESS,HIGH,BRANCH,2026-03-29 11:05:48,2026-03-28 00:00:00,,False,False,False,False,False,True,False,False
CBK0002261,TXN00000527,USR82246,MCH6318,3784.42,charged twice,DUPLICATE_DEBIT,Customer complaint text unclear due to poor call center notes.,IN_PROGRESS,LOW,BRANCH,2026-01-20 00:00:00,2026-01-18 00:00:00,2026-01-29 03:15:21,False,False,False,False,False,False,False,False
CBK0001921,TXN00018097,USR29054,MCH8796,2522.66,delivery issue,SERVICE_NOT_DELIVERED,Complaint received after multiple failed attempts.,CLOSED,HIGH,IVR,2026-02-27 00:00:00,,2026-03-03 02:06:00,False,False,False,False,True,False,False,False
CBK0000150,TXN00004153,USR21449,MCH8072,3630.27,FRAUD,FRAUD,Suspicious high-value payment disputed by customer.,IN_PROGRESS,HIGH,APP,2026-03-22 00:00:00,2026-03-21 00:00:00,2026-03-24 09:18:00,False,False,False,False,False,False,False,False
CBK0001255,,USR63146,MCH9614,1677.54,Merchant Not Delivered,SERVICE_NOT_DELIVERED,Customer says transaction was not authorized.,IN_PROGRESS,LOW,CHATBOT,2026-02-27 00:00:00,2026-02-21 00:00:00,2026-02-27 00:00:00,False,False,True,False,False,False,False,False
CBK0002165,TXN00011788,USR69706,MCH3368,4428.67,Duplicate Debit,DUPLICATE_DEBIT,Customer says amount was debited twice. details missing,REJECTED,LOW,IVR,2026-01-07 00:00:00,2026-01-04 00:00:00,2026-01-16 00:00:00,False,False,False,False,False,False,False,False
CBK0001143,TXN00010812,USR29995,MCH2068,-752.91,Duplicate Debit,DUPLICATE_DEBIT,User says UPI PIN was not entered by them.,PENDING_BANK,LOW,CHATBOT,2026-02-13 00:00:00,2026-02-11 00:00:00,2026-03-14 00:00:00,False,True,False,False,False,False,False,False
CBK0001369,TXN00016708,USR40818,MCH6534,2567.69,Fraud Suspected,FRAUD,Customer says amount was debited twice.,PENDING_BANK,MEDIUM,IVR,,,2026-02-27 00:00:00,False,False,False,True,True,False,False,False
CBK0001216,TXN00002147,USR51748,MCH7793,1064.06,Unauthorized Transaction,UNAUTHORIZED,Complaint received after multiple failed attempts.,REJECTED,HIGH,BRANCH,2026-01-28 00:00:00,2026-01-25 00:00:00,,False,False,False,False,False,True,False,False
CBK0000495,TXN00010199,USR31808,MCH4590,3450.0,no service,SERVICE_NOT_DELIVERED,Customer says transaction was not authorized.,IN_PROGRESS,HIGH,IVR,2026-01-27 00:00:00,2026-01-17 00:00:00,2026-02-07 00:00:00,False,False,False,False,False,False,False,False
CBK0002274,TXN00008466,USR84517,MCH6508,494.63,suspicious transaction,FRAUD,user claims account was compromised before transaction.,PENDING_BANK,MEDIUM,IVR,2026-01-23 00:00:00,2026-01-21 00:00:00,,False,False,False,False,False,True,False,False
CBK0000001,TXN00000797,USR85565,MCH8779,1020.66,service failed,SERVICE_NOT_DELIVERED,Suspicious high-value payment disputed by customer. details missing,RESOLVED,LOW,EMAIL,2026-02-03 00:00:00,2026-02-04 20:55:03,2026-02-13 00:00:00,False,False,False,False,False,False,True,False
CBK0000101,TXN00010812,USR81116,MCH4055,3506.0,double debit,DUPLICATE_DEBIT,payment made to unknown merchant as per customer statement.,IN_PROGRESS,LOW,CHATBOT,2026-04-04 00:00:00,,2026-04-05 00:00:00,False,False,False,False,True,False,False,False
CBK0001075,TXN00013358,USR12571,MCH7477,2097.39,item not received,SERVICE_NOT_DELIVERED,Customer says transaction was not authorized.,REJECTED,LOW,CHATBOT,2026-02-27 00:00:00,,2026-03-16 00:00:00,False,False,False,False,True,False,False,False
CBK0000412,TXN00007488,USR50260,MCH1591,384.26,Wrong Amount,AMOUNT_MISMATCH,USER REPORTS MONEY DEDUCTED BUT MERCHANT DENIES RECEIVING PAYMENT.,PENDING_BANK,HIGH,IVR,2026-02-13 00:00:00,2026-01-14 05:30:00,2026-02-19 00:00:00,False,False,False,False,False,False,False,False
CBK0001587,TXN00016352,USR29556,MCH9289,6616.61,no service,SERVICE_NOT_DELIVERED,Complaint received after multiple failed attempts.,OPEN,MEDIUM,CHATBOT,2026-01-18 00:00:00,2026-01-14 00:00:00,2026-01-18 00:00:00,False,False,False,False,False,False,False,False
CBK0001232,TXN00009374,USR51626,MCH6929,,double debit,DUPLICATE_DEBIT,User says UPI PIN was not entered by them.,REJECTED,LOW,IVR,2026-01-06 09:58:50,2026-01-03 00:00:00,2026-01-28 00:00:00,True,False,False,False,False,False,False,False
CBK0000381,TXN00014178,USR27107,MCH3113,431.5,charged twice,DUPLICATE_DEBIT,customer says transaction was not authorized.,REJECTED,LOW,IVR,2026-01-11 00:00:00,2026-01-05 17:14:00,2026-01-27 00:00:00,False,False,False,False,False,False,False,False
CBK0002726,TXN00003733,USR34851,MCH8714,,fraud,FRAUD,Customer says amount was debited twice.,REJECTED,LOW,CHATBOT,2026-01-12 06:21:00,2026-01-10 00:00:00,2026-02-09 00:00:00,True,False,False,False,False,False,False,False
CBK0000805,TXN00009314,USR13620,MCH3239,766.0,Customer Dispute,CUSTOMER_DISPUTE,User says UPI PIN was not entered by them.,IN_PROGRESS,LOW,EMAIL,2026-01-24 00:00:00,2026-01-21 00:00:00,,False,False,False,False,False,True,False,False
CBK0000901,TXN00012155,USR12240,MCH4226,348.42,complaint,CUSTOMER_DISPUTE,Customer says amount was debited twice.,IN_PROGRESS,MEDIUM,APP,2026-03-04 15:39:00,2026-02-27 00:00:00,2026-03-12 15:39:05,False,False,False,False,False,False,False,False
CBK0002226,TXN00005923,USR15487,MCH2547,1759.97,not done by me,UNAUTHORIZED,Customer says transaction was not authorized.,RESOLVED,MEDIUM,EMAIL,2026-02-06 03:51:00,2026-01-26 00:00:00,2026-02-20 00:00:00,False,False,False,False,False,False,False,False
CBK0000630,TXN00019233,USR41212,MCH3129,1007.91,FRAUD,FRAUD,User reports money deducted but merchant denies receiving payment.,REJECTED,LOW,EMAIL,2026-03-08 15:33:27,2026-03-01 00:00:00,2026-03-28 00:00:00,False,False,False,False,False,False,False,False
CBK0000965,TXN00009897,USR16439,MCH2212,1827.19,amount mismatch,AMOUNT_MISMATCH,User claims account was compromised before transaction.,REJECTED,HIGH,CALL_CENTER,2026-01-12 00:00:00,2026-01-11 00:00:00,2026-01-14 00:00:00,False,False,False,False,False,False,False,False
CBK0001952,TXN00013367,USR59329,MCH3526,18514.67,FRAUD,FRAUD,User claims account was compromised before transaction.,IN_PROGRESS,LOW,EMAIL,2026-01-11 00:00:00,2026-01-08 00:00:00,2026-01-20 01:50:10,False,False,False,False,False,False,False,False
CBK0001962,TXN00008141,USR88930,MCH5655,4306.86,FRAUD,FRAUD,Customer complaint text unclear due to poor call center notes.,PENDING_BANK,MEDIUM,APP,2026-01-27 00:00:00,2026-01-21 00:00:00,2026-02-06 06:00:00,False,False,False,False,False,False,False,False
CBK0000785,TXN00012403,USR98061,MCH9923,,complaint,CUSTOMER_DISPUTE,User claims account was compromised before transaction. details missing,PENDING_BANK,CRITICAL,BRANCH,2026-03-29 08:53:42,2026-03-24 00:00:00,2026-03-29 00:00:00,True,False,False,False,False,False,False,False
CBK0000492,TXN00008504,USR51736,MCH8181,303.99,double debit,DUPLICATE_DEBIT,Customer complaint text unclear due to poor call center notes.,IN_PROGRESS,LOW,IVR,2026-01-15 03:05:53,2026-01-12 00:00:00,,False,False,False,False,False,True,False,False
CBK0001072,TXN00006554,USR20930,MCH7833,4172.97,Service Not Provided,SERVICE_NOT_DELIVERED,merchant service was not delivered after payment.,IN_PROGRESS,MEDIUM,EMAIL,2026-02-11 00:00:00,2026-01-11 00:00:00,2026-03-04 00:59:16,False,False,False,False,False,False,False,False
CBK0002427,TXN00003973,USR79707,MCH2266,2121.87,amount mismatch,AMOUNT_MISMATCH,USER REPORTS MONEY DEDUCTED BUT MERCHANT DENIES RECEIVING PAYMENT.,PENDING_BANK,LOW,EMAIL,2026-03-23 01:55:27,,2026-04-14 01:55:27,False,False,False,False,True,False,False,False
CBK0000433,TXN00046623,USR96958,MCH2105,6432.0,suspicious transaction,FRAUD,User claims account was compromised before transaction.,OPEN,HIGH,CHATBOT,2026-03-05 12:55:00,2026-03-03 11:55:57,,False,False,False,False,False,True,False,False
CBK0001685,TXN00009635,USR26009,MCH8203,1538.91,double debit,DUPLICATE_DEBIT,USER REPORTS MONEY DEDUCTED BUT MERCHANT DENIES RECEIVING PAYMENT.,PENDING_BANK,LOW,CHATBOT,2026-02-13 00:00:00,2026-01-29 11:05:25,2026-02-13 00:00:00,False,False,False,False,False,False,False,False
CBK0001581,TXN00096928,USR33856,MCH8779,2456.94,dispute raised,CUSTOMER_DISPUTE,Payment made to unknown merchant as per customer statement.,IN_PROGRESS,LOW,CALL_CENTER,2026-01-08 02:03:43,2026-01-06 00:00:00,2026-01-20 00:00:00,False,False,False,False,False,False,False,False
CBK0002730,TXN00004070,USR84719,MCH4590,3047.23,Account Takeover,ACCOUNT_TAKEOVER,Complaint received after multiple failed attempts.,PENDING_BANK,MEDIUM,CHATBOT,2026-02-16 00:00:00,2026-02-15 00:00:00,2026-02-26 00:00:00,False,False,False,False,False,False,False,False
CBK0000523,TXN00014885,USR52281,MCH1833,573.0,dispute raised,CUSTOMER_DISPUTE,Complaint received after multiple failed attempts.,IN_PROGRESS,HIGH,CHATBOT,2026-01-26 00:00:00,2026-01-16 00:00:00,2026-02-10 00:00:00,False,False,False,False,False,False,False,False
CBK0000301,TXN00016908,USR68915,MCH4590,2938.45,Account Takeover,ACCOUNT_TAKEOVER,Payment made to unknown merchant as per customer statement.,IN_PROGRESS,LOW,APP,2026-03-26 00:00:00,,2026-03-29 02:20:18,False,False,False,False,True,False,False,False
CBK0000742,TXN00007076,USR36630,MCH5264,533.33,service failed,SERVICE_NOT_DELIVERED,Customer complaint text unclear due to poor call center notes.,PENDING_BANK,MEDIUM,APP,2026-02-28 00:00:00,2026-02-26 00:00:00,2026-03-23 11:58:36,False,False,False,False,False,False,False,False
CBK0002215,TXN00007143,USR62254,MCH6359,-2415.01,dispute raised,CUSTOMER_DISPUTE,Customer complaint text unclear due to poor call center notes.,PENDING_BANK,MEDIUM,APP,2026-01-29 00:00:00,,2026-02-28 00:00:00,False,True,False,False,True,False,False,False
CBK0000062,TXN00012210,USR39698,MCH5302,1467.32,extra amount deducted,AMOUNT_MISMATCH,Customer says amount was debited twice.,CLOSED,HIGH,IVR,2026-01-25 00:00:00,2026-01-22 10:10:40,,False,False,False,False,False,True,False,False
CBK0002222,TXN00017740,USR92520,MCH5264,2328.0,service failed,SERVICE_NOT_DELIVERED,User claims account was compromised before transaction.,IN_PROGRESS,MEDIUM,CHATBOT,2026-02-19 04:42:00,2026-02-18 17:42:00,2026-02-20 04:42:36,False,False,False,False,False,False,False,False
CBK0001068,TXN00011141,USR85237,MCH9377,1466.29,Merchant Not Delivered,SERVICE_NOT_DELIVERED,user says upi pin was not entered by them.,CLOSED,MEDIUM,IVR,2026-01-14 00:00:00,2026-01-13 20:39:53,2026-01-26 00:00:00,False,False,False,False,False,False,False,False
CBK0000903,TXN00009145,USR87189,MCH8391,1922.11,Unauthorized Transaction,UNAUTHORIZED,Customer says transaction was not authorized.,IN_PROGRESS,LOW,IVR,2026-01-14 00:00:00,2026-01-14 00:00:00,2026-01-19 18:38:44,False,False,False,False,False,False,False,False
CBK0001360,TXN00018073,USR38459,MCH1267,171.37,Service Not Provided,SERVICE_NOT_DELIVERED,User claims account was compromised before transaction.,PENDING_BANK,LOW,CALL_CENTER,2026-01-18 00:00:00,2026-01-17 05:43:30,2026-01-30 00:00:00,False,False,False,False,False,False,False,False
CBK0002773,TXN00003172,USR63475,MCH3441,-3809.65,Wrong Amount,AMOUNT_MISMATCH,User reports money deducted but merchant denies receiving payment.,OPEN,LOW,CHATBOT,2026-02-11 00:00:00,2026-02-09 00:00:00,2026-03-03 00:00:00,False,True,False,False,False,False,False,False
CBK0001595,TXN00019657,USR11057,MCH7114,18735.0,customer issue,CUSTOMER_DISPUTE,Merchant service was not delivered after payment.,CLOSED,MEDIUM,APP,2026-03-20 14:00:00,2026-03-10 01:00:24,2026-04-13 00:00:00,False,False,False,False,False,False,False,False
CBK0001556,TXN00003293,USR34180,MCH4663,2045.0,Duplicate Debit,DUPLICATE_DEBIT,User reports money deducted but merchant denies receiving payment.,RESOLVED,MEDIUM,EMAIL,,2026-03-09 21:48:00,2026-03-22 00:00:00,False,False,False,True,False,False,False,False
CBK0001298,TXN00007668,USR64776,MCH6492,872.83,account hacked,ACCOUNT_TAKEOVER,Complaint received after multiple failed attempts.,REJECTED,LOW,IVR,2026-02-16 00:00:00,2026-02-13 00:00:00,2026-03-02 00:00:00,False,False,False,False,False,False,False,False
CBK0002671,TXN00018559,USR95364,MCH3979,9404.0,ATO,ACCOUNT_TAKEOVER,User says UPI PIN was not entered by them.,REJECTED,LOW,CALL_CENTER,2026-02-17 02:27:10,2026-02-16 00:00:00,2026-03-14 02:27:10,False,False,False,False,False,False,False,False
CBK0000319,,USR75218,MCH7937,-659.11,Wrong Amount,AMOUNT_MISMATCH,USER REPORTS MONEY DEDUCTED BUT MERCHANT DENIES RECEIVING PAYMENT.,REJECTED,LOW,IVR,2026-03-25 00:00:00,2026-03-23 19:09:00,2026-04-01 00:00:00,False,True,True,False,False,False,False,False
CBK0000794,TXN00013962,USR28913,MCH9984,1826.0,not delivered,SERVICE_NOT_DELIVERED,User claims account was compromised before transaction.,CLOSED,MEDIUM,EMAIL,2026-01-28 00:00:00,2026-01-12 10:51:00,,False,False,False,False,False,True,False,False
CBK0000484,TXN00005084,USR96003,MCH8682,12351.07,merchant service issue,SERVICE_NOT_DELIVERED,Customer says amount was debited twice.,PENDING_BANK,LOW,IVR,2026-03-08 00:00:00,2026-03-06 05:20:24,2026-03-30 23:20:24,False,False,False,False,False,False,False,False
CBK0002284,TXN00019560,USR71503,MCH7874,4923.1,not delivered,SERVICE_NOT_DELIVERED,Complaint received after multiple failed attempts.,IN_PROGRESS,CRITICAL,APP,2026-01-19 00:00:00,2026-01-17 12:10:09,2026-02-05 00:00:00,False,False,False,False,False,False,False,False
CBK0001920,TXN00011275,USR18736,MCH4473,10469.69,ATO,ACCOUNT_TAKEOVER,User claims account was compromised before txn.,IN_PROGRESS,HIGH,APP,2026-02-17 00:00:00,2026-02-21 00:00:00,2026-02-23 12:13:00,False,False,False,False,False,False,True,False
CBK0000338,TXN00014545,USR52948,MCH4069,1623.27,customer issue,CUSTOMER_DISPUTE,CUSTOMER SAYS AMOUNT WAS DEBITED TWICE.,CLOSED,CRITICAL,CHATBOT,2026-03-06 00:00:00,2026-02-28 00:00:00,,False,False,False,False,False,True,False,False
CBK0002530,TXN00008558,USR71564,MCH4848,1053.3,unauthorized_transaction,UNAUTHORIZED,User says UPI PIN was not entered by them. call dropped,CLOSED,HIGH,IVR,2026-02-01 06:28:44,2026-01-29 00:00:00,2026-02-17 06:28:44,False,False,False,False,False,False,False,False
CBK0002211,TXN00013107,USR37685,MCH8309,2345.09,DUP_DEBIT,DUPLICATE_DEBIT,Customer complaint text unclear due to poor call center notes.,IN_PROGRESS,HIGH,IVR,2026-01-18 00:00:00,2026-01-17 04:52:50,2026-01-24 00:00:00,False,False,False,False,False,False,False,False
CBK0000646,TXN00018578,USR49324,MCH3174,4970.0,ATO,ACCOUNT_TAKEOVER,User says UPI PIN was not entered by them.,IN_PROGRESS,MEDIUM,CHATBOT,2026-03-02 00:00:00,2026-03-01 01:31:22,2026-03-11 00:00:00,False,False,False,False,False,False,False,False
CBK0002328,TXN00016836,USR20310,MCH6341,,Duplicate Debit,DUPLICATE_DEBIT,Customer says transaction was not authorized.,IN_PROGRESS,MEDIUM,APP,2026-02-14 00:00:00,2026-02-12 16:33:00,,True,False,False,False,False,True,False,False
CBK0001817,TXN00010816,USR54649,MCH5999,1622.49,dispute raised,CUSTOMER_DISPUTE,Customer complaint text unclear due to poor call center notes.,IN_PROGRESS,CRITICAL,CHATBOT,2026-01-21 00:00:00,2026-01-20 00:00:00,2026-01-27 00:00:00,False,False,False,False,False,False,False,False
CBK0000700,TXN00001244,USR88147,MCH2972,1404.94,service failed,SERVICE_NOT_DELIVERED,User claims account was compromised before transaction.,IN_PROGRESS,MEDIUM,CHATBOT,2026-03-31 00:00:00,2026-02-13 00:00:00,2026-04-04 00:00:00,False,False,False,False,False,False,False,False
CBK0000223,TXN00005582,USR74418,MCH4130,16352.81,scam,FRAUD,User claims account was compromised before transaction.,RESOLVED,HIGH,CALL_CENTER,,2026-02-19 15:03:20,2026-02-25 03:03:20,False,False,False,True,False,False,False,False
CBK0000775,TXN00004439,USR27107,MCH7732,1706.04,Merchant Not Delivered,SERVICE_NOT_DELIVERED,Merchant service was not delivered after payment.,REJECTED,HIGH,IVR,2026-01-24 00:00:00,2026-01-21 00:00:00,,False,False,False,False,False,True,False,False
CBK0000625,TXN00000101,USR93581,MCH5578,703.07,Merchant Not Delivered,SERVICE_NOT_DELIVERED,Customer says transaction was not authorized.,RESOLVED,CRITICAL,APP,2026-02-19 00:00:00,2026-02-16 00:00:00,,False,False,False,False,False,True,False,False
CBK0001883,TXN00014046,USR51538,MCH5600,4405.58,merchant service issue,SERVICE_NOT_DELIVERED,User says UPI PIN was not entered by them.,PENDING_BANK,LOW,APP,2026-03-20 13:07:18,2026-03-18 00:00:00,2026-03-25 00:00:00,False,False,False,False,False,False,False,False
CBK0000292,,USR21921,MCH4375,,incorrect amount,AMOUNT_MISMATCH,Complaint received after multiple failed attempts. details missing,IN_PROGRESS,LOW,BRANCH,2026-03-21 00:00:00,2026-03-15 21:06:18,2026-03-27 00:00:00,True,False,True,False,False,False,False,False
CBK0001167,TXN00007185,USR30821,MCH4473,,unauthorized_transaction,UNAUTHORIZED,Customer says amount was debited twice.,CLOSED,MEDIUM,IVR,2026-03-15 00:00:00,2026-03-14 00:00:00,2026-03-28 06:08:16,True,False,False,False,False,False,False,False
CBK0001821,TXN00015418,USR40538,MCH3027,-2520.29,extra amount deducted,AMOUNT_MISMATCH,Payment made to unknown merchant as per customer statement.,PENDING_BANK,MEDIUM,IVR,2026-02-07 19:59:09,2026-02-09 00:00:00,,False,True,False,False,False,True,True,False
CBK0001959,TXN00011213,USR97266,MCH6311,1071.93,Account Takeover,ACCOUNT_TAKEOVER,Customer complaint text unclear due to poor call center notes.,RESOLVED,LOW,EMAIL,,2026-03-23 11:07:04,,False,False,False,True,False,True,False,False
CBK0001011,TXN00016394,USR71985,MCH8514,,no service,SERVICE_NOT_DELIVERED,User reports money deducted but merchant denies receiving payment.,OPEN,HIGH,CHATBOT,2026-03-11 17:25:21,2026-02-24 05:25:21,,True,False,False,False,False,True,False,False
CBK0001468,TXN00016367,USR57411,MCH5305,6490.82,Customer Dispute,CUSTOMER_DISPUTE,Payment made to unknown merchant as per customer statement.,IN_PROGRESS,MEDIUM,EMAIL,2026-03-11 00:00:00,2026-03-12 10:03:31,,False,False,False,False,False,True,True,False
CBK0002451,TXN00008228,USR86411,MCH8154,-443.81,unauth txn,UNAUTHORIZED,customer complaint text unclear due to poor call center notes.,RESOLVED,LOW,EMAIL,2026-01-18 00:00:00,2026-01-13 05:23:00,2026-01-29 09:23:00,False,True,False,False,False,False,False,False
CBK0000026,TXN00001919,USR39089,MCH5042,1859.77,no service,SERVICE_NOT_DELIVERED,Complaint received after multiple failed attempts.,REJECTED,LOW,IVR,2026-03-05 00:00:00,2026-03-03 00:00:00,2026-03-27 22:56:15,False,False,False,False,False,False,False,False
CBK0002558,TXN00011898,USR64312,MCH7218,2771.91,DUP_DEBIT,DUPLICATE_DEBIT,Customer complaint text unclear due to poor call center notes.,REJECTED,LOW,BRANCH,2026-01-18 00:00:00,2026-01-14 19:22:13,2026-02-04 00:00:00,False,False,False,False,False,False,False,False
CBK0001307,TXN00008095,USR42956,MCH9637,,customer issue,CUSTOMER_DISPUTE,User claims account was compromised before transaction.,IN_PROGRESS,HIGH,BRANCH,2026-03-15 03:18:57,2026-03-11 05:18:57,2026-03-26 00:00:00,True,False,False,False,False,False,False,False
CBK0001225,TXN00015094,USR34566,MCH5674,12640.85,double debit,DUPLICATE_DEBIT,Customer complaint text unclear due to poor call center notes.,PENDING_BANK,LOW,APP,2026-03-05 00:00:00,2026-03-03 00:00:00,,False,False,False,False,False,True,False,False
CBK0000822,TXN00005564,USR76792,MCH6388,1858.07,not delivered,SERVICE_NOT_DELIVERED,Customer says amount was debited twice.,PENDING_BANK,MEDIUM,IVR,2026-03-16 02:35:00,2026-03-15 00:00:00,2026-04-08 02:35:00,False,False,False,False,False,False,False,False
CBK0000596,TXN00006654,USR37722,MCH4208,2733.0,UNAUTHORISED,UNAUTHORIZED,User reports money deducted but merchant denies receiving payment.,CLOSED,LOW,CHATBOT,2026-01-08 17:27:00,2026-01-02 00:00:00,,False,False,False,False,False,True,False,False
CBK0001259,TXN00012199,USR39404,MCH2849,879.0,dispute raised,CUSTOMER_DISPUTE,User claims account was compromised before transaction.,OPEN,LOW,CHATBOT,2026-04-06 00:00:00,2026-03-30 00:00:00,2026-04-13 00:00:00,False,False,False,False,False,False,False,False
CBK0001764,TXN00007180,USR97480,MCH8142,671.37,service failed,SERVICE_NOT_DELIVERED,User reports money deducted but merchant denies receiving payment.,PENDING_BANK,HIGH,EMAIL,2026-02-01 00:00:00,2026-01-31 00:00:00,2026-02-10 00:00:00,False,False,False,False,False,False,False,False
CBK0002513,TXN00003753,USR11110,MCH5076,691.4,Customer Dispute,CUSTOMER_DISPUTE,Suspicious high-value payment disputed by customer.,PENDING_BANK,MEDIUM,CALL_CENTER,2026-01-06 09:06:26,2026-01-03 00:00:00,2026-01-29 09:06:00,False,False,False,False,False,False,False,False
CBK0001370,TXN00017169,USR14813,MCH6201,696.63,amount mismatch,AMOUNT_MISMATCH,Complaint received after multiple failed attempts.,REJECTED,LOW,BRANCH,2026-03-12 00:00:00,2026-03-05 07:45:00,2026-03-14 07:45:00,False,False,False,False,False,False,False,False
CBK0002247,TXN00013006,USR65627,MCH4411,-1637.49,FRAUD,FRAUD,User says UPI PIN was not entered by them.,RESOLVED,MEDIUM,APP,2026-02-21 00:00:00,2026-02-19 23:35:31,2026-03-21 00:00:00,False,True,False,False,False,False,False,False
CBK0000563,TXN00011206,USR97772,MCH7503,,charged twice,DUPLICATE_DEBIT,complaint received after multiple failed attempts.,REJECTED,LOW,CHATBOT,2026-02-19 20:32:51,2026-02-17 00:00:00,2026-02-28 00:00:00,True,False,False,False,False,False,False,False
CBK0000347,TXN00015951,USR35882,MCH6839,607.62,suspicious transaction,FRAUD,CUSTOMER SAYS AMOUNT WAS DEBITED TWICE.,PENDING_BANK,MEDIUM,CALL_CENTER,2026-03-02 22:57:12,2026-03-01 00:00:00,2026-03-10 00:00:00,False,False,False,False,False,False,False,False
CBK0002509,TXN00002022,USR85958,MCH7739,7834.45,not done by me,UNAUTHORIZED,Merchant service was not delivered after payment.,RESOLVED,HIGH,CALL_CENTER,2026-02-22 16:14:00,,2026-03-15 00:00:00,False,False,False,False,True,False,False,False
CBK0002177,TXN00018087,USR50619,MCH1160,2152.04,Service Not Provided,SERVICE_NOT_DELIVERED,CUSTOMER SAYS TRANSACTION WAS NOT AUTHORIZED.,REJECTED,LOW,CALL_CENTER,2026-01-15 00:00:00,2026-01-07 00:00:00,2026-01-22 00:00:00,False,False,False,False,False,False,False,False
CBK0001158,TXN00016429,USR80809,MCH9349,276.59,Service Not Provided,SERVICE_NOT_DELIVERED,Payment made to unknown merchant as per customer statement.,RESOLVED,MEDIUM,BRANCH,2026-01-12 05:11:00,2026-01-10 00:00:00,2026-01-17 05:11:04,False,False,False,False,False,False,False,False
CBK0000277,TXN00013423,USR88037,MCH4048,498.7,Service Not Provided,SERVICE_NOT_DELIVERED,Customer says amount was debited twice.,PENDING_BANK,MEDIUM,APP,2026-01-14 07:32:19,2026-01-11 00:00:00,,False,False,False,False,False,True,False,False
CBK0001620,TXN00013592,USR47384,MCH9347,1528.43,no service,SERVICE_NOT_DELIVERED,User says UPI PIN was not entered by them.,CLOSED,LOW,APP,2026-02-08 00:00:00,,2026-02-27 09:15:00,False,False,False,False,True,False,False,False
CBK0000264,TXN00012389,USR77084,MCH4475,1247.52,DUP_DEBIT,DUPLICATE_DEBIT,Customer complaint text unclear due to poor call center notes. call dropped,IN_PROGRESS,LOW,EMAIL,2026-01-28 00:00:00,2026-01-23 11:24:20,,False,False,False,False,False,True,False,False
CBK0000105,TXN00004321,USR86889,MCH1166,2032.79,not delivered,SERVICE_NOT_DELIVERED,Customer complaint text unclear due to poor call center notes.,OPEN,LOW,APP,2026-03-27 00:00:00,,2026-04-01 06:28:32,False,False,False,False,True,False,False,False
CBK0001461,,USR21469,MCH3425,1041.71,Account Takeover,ACCOUNT_TAKEOVER,User reports money deducted but merchant denies receiving payment.,IN_PROGRESS,LOW,BRANCH,2026-02-28 21:04:00,2026-02-26 00:00:00,2026-03-24 00:00:00,False,False,True,False,False,False,False,False
CBK0000459,TXN00018065,USR75856,MCH6850,4568.57,FRAUD,FRAUD,merchant service was not delivered after payment.,OPEN,LOW,IVR,2026-02-14 14:04:54,2026-02-11 19:04:00,2026-03-01 14:04:00,False,False,False,False,False,False,False,False
CBK0001462,TXN00002045,USR58805,MCH2842,3144.27,UNAUTHORISED,UNAUTHORIZED,Suspicious high-value payment disputed by customer.,IN_PROGRESS,MEDIUM,EMAIL,2026-03-01 00:00:00,2026-03-02 00:00:00,2026-03-21 12:45:23,False,False,False,False,False,False,True,False
CBK0002257,TXN00041888,USR36095,MCH2102,3064.59,delivery issue,SERVICE_NOT_DELIVERED,Customer says transaction was not authorized.,REJECTED,HIGH,BRANCH,,2026-02-17 00:00:00,2026-03-15 00:00:00,False,False,False,True,False,False,False,False
CBK0002657,TXN00017047,USR97927,MCH9426,1731.53,FRAUD,FRAUD,Complaint received after multiple failed attempts.,IN_PROGRESS,LOW,CALL_CENTER,2026-02-05 00:00:00,2026-01-26 00:00:00,2026-03-04 00:00:00,False,False,False,False,False,False,False,False
CBK0000483,,USR36499,MCH5954,2047.0,item not received,SERVICE_NOT_DELIVERED,User reports money deducted but merchant denies receiving payment.,PENDING_BANK,LOW,APP,2026-03-31 00:00:00,2026-03-28 16:40:00,2026-04-19 15:40:00,False,False,True,False,False,False,False,False
CBK0001914,TXN00009715,USR93782,MCH5614,1483.0,Fraud Suspected,FRAUD,Suspicious high-value payment disputed by customer.,OPEN,CRITICAL,APP,2026-02-13 03:25:21,2026-02-12 00:00:00,2026-02-24 00:00:00,False,False,False,False,False,False,False,False
CBK0002052,TXN00019589,USR55253,MCH4612,2150.0,customer issue,CUSTOMER_DISPUTE,user says upi pin was not entered by them.,RESOLVED,HIGH,EMAIL,2026-03-17 00:00:00,2026-03-16 00:00:00,,False,False,False,False,False,True,False,False
CBK0002592,TXN00003766,USR79094,MCH8315,587.08,login compromised,ACCOUNT_TAKEOVER,Suspicious high-value payment disputed by customer.,PENDING_BANK,MEDIUM,EMAIL,2026-01-21 00:00:00,2026-01-17 13:54:40,2026-01-28 00:00:00,False,False,False,False,False,False,False,False
CBK0001281,TXN00018888,USR76747,MCH3704,,amount mismatch,AMOUNT_MISMATCH,User reports money deducted but merchant denies receiving payment.,REJECTED,MEDIUM,IVR,2026-04-17 00:00:00,,2026-05-04 06:27:57,True,False,False,False,True,False,False,False
CBK0001484,TXN00014252,USR18345,MCH7982,-5943.18,customer issue,CUSTOMER_DISPUTE,Payment made to unknown merchant as per customer statement.,OPEN,CRITICAL,APP,2026-03-10 00:00:00,2026-03-15 00:00:00,,False,True,False,False,False,True,True,False
CBK0001969,TXN00002091,USR88037,MCH7819,497.48,login compromised,ACCOUNT_TAKEOVER,Payment made to unknown merchant as per customer statement.,REJECTED,HIGH,IVR,2026-03-29 07:59:18,2026-03-21 00:00:00,,False,False,False,False,False,True,False,False
CBK0000333,TXN00009429,USR43447,MCH6659,1275.75,merchant service issue,SERVICE_NOT_DELIVERED,Complaint received after multiple failed attempts.,IN_PROGRESS,LOW,APP,2026-03-13 17:06:24,2026-03-06 05:06:00,2026-03-30 00:00:00,False,False,False,False,False,False,False,False
CBK0001285,TXN00011614,USR22620,MCH8730,459.43,double debit,DUPLICATE_DEBIT,Customer says amount was debited twice.,RESOLVED,MEDIUM,CHATBOT,2026-01-26 00:00:00,2026-01-25 15:04:08,2026-02-13 00:00:00,False,False,False,False,False,False,False,False
CBK0001834,TXN00009538,USR93486,MCH1097,1124.0,scam,FRAUD,Merchant service was not delivered after payment. call dropped,CLOSED,MEDIUM,EMAIL,2026-03-28 00:00:00,2026-03-25 23:42:00,2026-04-12 00:00:00,False,False,False,False,False,False,False,False
CBK0000834,TXN00006801,USR60701,MCH8625,-1623.25,DUP_DEBIT,DUPLICATE_DEBIT,CUSTOMER SAYS AMOUNT WAS DEBITED TWICE.,CLOSED,HIGH,IVR,2026-01-19 00:00:00,2026-01-04 16:40:24,,False,True,False,False,False,True,False,False
CBK0001644,TXN00015953,USR99110,MCH2723,,Merchant Not Delivered,SERVICE_NOT_DELIVERED,Merchant service was not delivered after payment.,REJECTED,LOW,CHATBOT,2026-03-20 00:00:00,,2026-03-31 12:00:12,True,False,False,False,True,False,False,False
CBK0002357,TXN00009106,USR64172,MCH7722,1104.0,ATO,ACCOUNT_TAKEOVER,Merchant service was not delivered after payment.,REJECTED,MEDIUM,CHATBOT,2026-03-09 07:38:31,2026-03-05 00:00:00,2026-04-05 07:38:31,False,False,False,False,False,False,False,False
CBK0001454,TXN00011270,USR25463,MCH7713,2315.0,account hacked,ACCOUNT_TAKEOVER,Complaint received after multiple failed attempts.,PENDING_BANK,MEDIUM,IVR,2026-02-12 00:00:00,2026-01-12 23:29:29,2026-03-14 00:00:00,False,False,False,False,False,False,False,False
CBK0002467,TXN00018324,USR12011,MCH6969,1624.65,amount mismatch,AMOUNT_MISMATCH,Customer says amount was debited twice.,IN_PROGRESS,LOW,CALL_CENTER,2026-03-11 00:00:00,2026-03-09 02:28:51,,False,False,False,False,False,True,False,False
CBK0001570,TXN00015345,USR50434,MCH4720,891.13,not done by me,UNAUTHORIZED,Payment made to unknown merchant as per customer statement.,RESOLVED,LOW,BRANCH,2026-03-21 13:36:00,2026-03-14 05:36:46,,False,False,False,False,False,True,False,False
CBK0000899,TXN00019564,USR29187,MCH8779,17075.88,charged twice,DUPLICATE_DEBIT,user reports money deducted but merchant denies receiving payment.,IN_PROGRESS,LOW,EMAIL,2026-03-20 00:00:00,2026-03-19 00:00:00,2026-04-04 08:18:37,False,False,False,False,False,False,False,False
CBK0001181,TXN00009419,USR39500,MCH9291,16164.46,item not received,SERVICE_NOT_DELIVERED,Complaint received after multiple failed attempts.,IN_PROGRESS,LOW,IVR,2026-04-21 00:00:00,2026-03-06 15:17:00,,False,False,False,False,False,True,False,False
CBK0002788,TXN00007182,USR38163,MCH5980,7942.83,complaint,CUSTOMER_DISPUTE,Customer says transaction was not authorized.,IN_PROGRESS,LOW,BRANCH,2026-03-13 01:58:00,2026-03-11 00:00:00,2026-03-24 00:00:00,False,False,False,False,False,False,False,False
CBK0000419,TXN00018842,USR61484,MCH8719,1397.32,Wrong Amount,AMOUNT_MISMATCH,Payment made to unknown merchant as per customer statement.,CLOSED,MEDIUM,EMAIL,2026-03-29 08:46:00,2026-03-13 16:46:00,,False,False,False,False,False,True,False,False
CBK0001389,TXN00013530,USR54156,MCH6601,11913.51,Duplicate Debit,DUPLICATE_DEBIT,Customer says transaction was not authorized.,IN_PROGRESS,LOW,IVR,2026-01-15 00:00:00,2026-01-09 13:45:32,,False,False,False,False,False,True,False,False
CBK0000747,TXN00015384,USR91399,MCH3815,452.46,dispute raised,CUSTOMER_DISPUTE,user claims account was compromised before transaction.,CLOSED,LOW,CHATBOT,2026-03-04 07:27:02,2026-02-21 00:00:00,,False,False,False,False,False,True,False,False
CBK0002757,TXN00002386,USR65855,MCH2446,4215.68,service failed,SERVICE_NOT_DELIVERED,Customer says amount was debited twice.,PENDING_BANK,LOW,CALL_CENTER,2026-01-03 14:37:01,2026-01-07 14:37:01,,False,False,False,False,False,True,True,False
CBK0000332,TXN00005378,USR88270,MCH4590,1274.1,Service Not Provided,SERVICE_NOT_DELIVERED,Complaint received after multiple failed attempts.,OPEN,MEDIUM,CALL_CENTER,2026-05-16 14:52:28,2026-03-31 00:00:00,2026-05-16 14:52:28,False,False,False,False,False,False,False,False
CBK0002051,TXN00008348,USR53527,MCH2721,7413.72,Duplicate Debit,DUPLICATE_DEBIT,User claims account was compromised before transaction.,REJECTED,CRITICAL,EMAIL,2026-01-25 00:00:00,,2026-02-23 23:19:00,False,False,False,False,True,False,False,False
CBK0002634,TXN00017469,USR67399,MCH4047,1016.01,amount mismatch,AMOUNT_MISMATCH,User reports money deducted but merchant denies receiving payment.,REJECTED,LOW,IVR,2026-02-05 00:00:00,2026-02-04 00:00:00,2026-02-20 00:00:00,False,False,False,False,False,False,False,False
CBK0000497,TXN00001489,USR78501,MCH8779,6345.72,not delivered,SERVICE_NOT_DELIVERED,Merchant service was not delivered after payment.,RESOLVED,HIGH,APP,2026-05-07 01:52:00,2026-03-22 14:52:27,2026-05-19 00:00:00,False,False,False,False,False,False,False,False
CBK0001504,TXN00058280,USR46847,MCH9988,834.87,charged twice,DUPLICATE_DEBIT,User says UPI PIN was not entered by them.,OPEN,MEDIUM,BRANCH,2026-01-31 00:00:00,,2026-02-09 22:09:00,False,False,False,False,True,False,False,False
CBK0000746,TXN00006761,USR27533,MCH9632,1870.83,DUP_DEBIT,DUPLICATE_DEBIT,CUSTOMER COMPLAINT TEXT UNCLEAR DUE TO POOR CALL CENTER NOTES.,OPEN,MEDIUM,CHATBOT,2026-01-16 00:00:00,2026-01-09 00:00:00,2026-01-25 23:15:33,False,False,False,False,False,False,False,False
CBK0000073,TXN00007186,USR55692,MCH9079,7193.48,incorrect amount,AMOUNT_MISMATCH,Customer says amount was debited twice.,REJECTED,MEDIUM,EMAIL,2026-02-21 00:00:00,2026-02-14 01:49:22,2026-02-21 00:00:00,False,False,False,False,False,False,False,False
CBK0001239,,USR43165,MCH9882,8059.65,extra amount deducted,AMOUNT_MISMATCH,Customer says amount was debited twice.,REJECTED,MEDIUM,APP,2026-02-28 00:00:00,,2026-02-28 00:00:00,False,False,True,False,True,False,False,False
CBK0000454,TXN00010362,USR13559,MCH3717,721.17,DUP_DEBIT,DUPLICATE_DEBIT,Payment made to unknown merchant as per customer statement.,OPEN,MEDIUM,CHATBOT,2026-02-04 00:00:00,2026-02-01 00:00:00,2026-02-10 00:00:00,False,False,False,False,False,False,False,False
CBK0000202,TXN00003879,USR22628,MCH4977,-2999.94,double debit,DUPLICATE_DEBIT,CUSTOMER SAYS TRANSACTION WAS NOT AUTHORIZED.,PENDING_BANK,LOW,IVR,2026-01-20 00:00:00,2026-01-14 00:00:00,2026-02-05 00:00:00,False,True,False,False,False,False,False,False
CBK0000384,TXN00007704,USR74500,MCH5267,1568.0,amount mismatch,AMOUNT_MISMATCH,Customer says amount was debited twice.,CLOSED,LOW,CHATBOT,2026-02-09 00:00:00,2026-02-07 00:00:00,,False,False,False,False,False,True,False,False
CBK0002015,TXN00003845,USR71348,MCH6074,2182.0,account hacked,ACCOUNT_TAKEOVER,Customer says amount was debited twice.,RESOLVED,HIGH,CHATBOT,2026-01-23 00:00:00,2026-01-20 00:00:00,2026-02-18 00:40:34,False,False,False,False,False,False,False,False
CBK0002359,TXN00004169,USR59679,MCH4473,13744.99,fraud,FRAUD,Customer complaint text unclear due to poor call center notes.,CLOSED,CRITICAL,EMAIL,2026-01-08 00:00:00,2026-01-03 08:56:00,2026-01-16 14:56:06,False,False,False,False,False,False,False,False
CBK0001364,TXN00018217,USR92659,MCH6674,1300.73,Customer Dispute,CUSTOMER_DISPUTE,User claims account was compromised before transaction.,PENDING_BANK,HIGH,CHATBOT,,,2026-01-06 00:00:00,False,False,False,True,True,False,False,False
CBK0002379,TXN00008645,USR61509,MCH1914,-3501.28,account hacked,ACCOUNT_TAKEOVER,Complaint received after multiple failed attempts.,REJECTED,MEDIUM,IVR,2026-03-29 00:00:00,2026-03-27 00:00:00,,False,True,False,False,False,True,False,False
CBK0000039,TXN00010340,USR89475,MCH2478,8382.0,not done by me,UNAUTHORIZED,Payment made to unknown merchant as per customer statement.,IN_PROGRESS,MEDIUM,CHATBOT,2026-01-12 00:00:00,2026-01-07 12:28:00,2026-01-31 00:00:00,False,False,False,False,False,False,False,False
CBK0002254,TXN00016982,USR48692,MCH4326,662.25,suspicious transaction,FRAUD,User says UPI PIN was not entered by them.,OPEN,MEDIUM,APP,2026-01-10 00:00:00,2026-01-08 00:00:00,2026-01-27 22:58:49,False,False,False,False,False,False,False,False
CBK0000443,TXN00003234,USR48070,MCH7286,8014.91,scam,FRAUD,Suspicious high-value payment disputed by customer.,REJECTED,HIGH,IVR,2026-02-26 00:00:00,2026-02-25 00:00:00,2026-03-21 00:00:00,False,False,False,False,False,False,False,False
CBK0001214,TXN00084117,USR58335,MCH8999,3956.74,delivery issue,SERVICE_NOT_DELIVERED,user reports money deducted but merchant denies receiving payment.,CLOSED,HIGH,BRANCH,2026-02-11 21:36:27,2026-02-06 00:00:00,2026-02-27 00:00:00,False,False,False,False,False,False,False,False
CBK0002038,TXN00005021,USR23918,MCH2822,7640.62,not delivered,SERVICE_NOT_DELIVERED,Customer says transaction was not authorized.,RESOLVED,LOW,EMAIL,2026-02-17 05:06:57,2026-02-15 01:06:00,2026-03-01 00:00:00,False,False,False,False,False,False,False,False
CBK0000298,TXN00003788,USR83977,MCH4437,5092.34,merchant service issue,SERVICE_NOT_DELIVERED,Merchant service was not delivered after payment.,PENDING_BANK,LOW,CHATBOT,2026-02-05 03:13:00,2026-02-03 23:13:39,2026-02-24 00:00:00,False,False,False,False,False,False,False,False
CBK0001464,TXN00032619,USR22277,MCH4473,2826.04,item not received,SERVICE_NOT_DELIVERED,User claims account was compromised before transaction.,RESOLVED,MEDIUM,EMAIL,2026-01-05 19:21:00,2026-01-02 00:00:00,2026-01-30 00:00:00,False,False,False,False,False,False,False,False
CBK0001736,TXN00006569,USR82594,MCH5200,3352.04,merchant service issue,SERVICE_NOT_DELIVERED,Merchant service was not delivered after payment. details missing,RESOLVED,HIGH,APP,2026-03-09 00:00:00,2026-03-07 00:00:00,,False,False,False,False,False,True,False,False
CBK0000761,TXN00001654,USR73010,MCH6154,11920.81,fraud,FRAUD,Suspicious high-value payment disputed by cust.,PENDING_BANK,LOW,IVR,2026-02-08 03:55:59,2026-02-05 00:00:00,2026-02-10 00:00:00,False,False,False,False,False,False,False,False
CBK0002190,TXN00074121,USR68897,MCH4316,1678.99,not done by me,UNAUTHORIZED,Customer says transaction was not authorized.,PENDING_BANK,MEDIUM,CHATBOT,2026-03-19 00:00:00,2026-03-13 12:21:29,2026-03-26 00:00:00,False,False,False,False,False,False,False,False
CBK0001234,TXN00011425,USR22130,MCH7915,-3369.42,FRAUD,FRAUD,customer says transaction was not authorized.,OPEN,MEDIUM,IVR,2026-02-07 00:00:00,2026-02-07 06:14:00,2026-03-01 00:00:00,False,True,False,False,False,False,True,False
CBK0000307,TXN00010177,USR34955,MCH8749,690.45,Wrong Amount,AMOUNT_MISMATCH,customer complaint text unclear due to poor call center notes.,OPEN,HIGH,IVR,2026-02-23 16:33:27,2026-02-22 00:00:00,2026-03-23 16:33:27,False,False,False,False,False,False,False,False
CBK0000368,TXN00005138,USR72854,MCH3135,1597.23,service failed,SERVICE_NOT_DELIVERED,Customer says amount was debited twice.,PENDING_BANK,MEDIUM,CHATBOT,2026-03-08 18:14:00,2026-03-03 00:00:00,2026-03-19 18:14:00,False,False,False,False,False,False,False,False
CBK0001276,TXN00003403,USR85655,MCH1234,,Customer Dispute,CUSTOMER_DISPUTE,Merchant service was not delivered after payment.,OPEN,MEDIUM,CALL_CENTER,2026-03-13 00:00:00,2026-03-14 00:00:00,,True,False,False,False,False,True,True,False
CBK0002659,TXN00003213,USR61306,MCH7286,1246.38,amount mismatch,AMOUNT_MISMATCH,Customer says transaction was not authorized.,OPEN,HIGH,IVR,2026-03-28 00:00:00,2026-03-25 00:00:00,2026-04-13 00:00:00,False,False,False,False,False,False,False,False
CBK0000061,TXN00010949,USR32546,MCH9169,2673.31,no service,SERVICE_NOT_DELIVERED,User says UPI PIN was not entered by them. call dropped,CLOSED,MEDIUM,APP,2026-01-07 06:45:00,2026-01-06 00:00:00,2026-01-12 00:00:00,False,False,False,False,False,False,False,False
CBK0000987,TXN00003201,USR35236,MCH3555,993.95,Unauthorized Transaction,UNAUTHORIZED,Suspicious high-value payment disputed by customer. pls check asap,REJECTED,LOW,CHATBOT,2026-03-05 23:38:00,2026-02-03 15:38:55,,False,False,False,False,False,True,False,False
CBK0001927,TXN00011359,USR71316,MCH5954,6170.83,ATO,ACCOUNT_TAKEOVER,Customer says amount was debited twice.,CLOSED,MEDIUM,CHATBOT,2026-03-22 14:50:33,2026-03-14 00:00:00,2026-04-09 14:50:33,False,False,False,False,False,False,False,False
CBK0001093,,USR43765,MCH9369,1407.25,Wrong Amount,AMOUNT_MISMATCH,Customer says transaction was not authorized.,OPEN,MEDIUM,IVR,2026-02-21 00:00:00,2026-02-20 06:25:08,2026-03-19 00:00:00,False,False,True,False,False,False,False,False
CBK0000217,TXN00010428,USR35582,MCH8391,2580.03,suspicious transaction,FRAUD,User claims account was compromised before transaction.,PENDING_BANK,HIGH,EMAIL,2026-03-17 00:00:00,,,False,False,False,False,True,True,False,False
CBK0000902,TXN00019180,USR18416,MCH3100,163.0,Service Not Provided,SERVICE_NOT_DELIVERED,Complaint received after multiple failed attempts.,PENDING_BANK,HIGH,BRANCH,2026-03-04 08:02:37,2026-02-28 00:00:00,,False,False,False,False,False,True,False,False
CBK0000652,TXN00015166,USR42412,MCH2811,732.38,service failed,SERVICE_NOT_DELIVERED,USER SAYS UPI PIN WAS NOT ENTERED BY THEM.,OPEN,HIGH,IVR,2026-01-09 00:00:00,2026-01-06 00:00:00,2026-01-26 00:00:00,False,False,False,False,False,False,False,False
CBK0001358,TXN00013107,USR31479,MCH2757,1035.74,login compromised,ACCOUNT_TAKEOVER,Payment made to unknown merchant as per customer statement.,CLOSED,LOW,IVR,,2026-01-20 00:15:51,2026-02-26 00:00:00,False,False,False,True,False,False,False,False
CBK0001023,TXN00007154,USR60699,MCH6910,3092.99,DUP_DEBIT,DUPLICATE_DEBIT,User claims account was compromised before transaction.,REJECTED,LOW,CHATBOT,2026-01-29 13:08:00,2026-01-24 02:08:45,,False,False,False,False,False,True,False,False
CBK0001630,TXN00011150,USR97781,MCH4684,3344.0,Duplicate Debit,DUPLICATE_DEBIT,Customer says transaction was not authorized.,RESOLVED,MEDIUM,CALL_CENTER,2026-03-07 00:00:00,2026-03-04 21:59:00,,False,False,False,False,False,True,False,False
CBK0002123,TXN00015926,USR65059,MCH5703,851.0,Merchant Not Delivered,SERVICE_NOT_DELIVERED,User claims account was compromised before transaction.,IN_PROGRESS,MEDIUM,CHATBOT,2026-03-12 14:21:21,,2026-04-07 00:00:00,False,False,False,False,True,False,False,False
CBK0000421,TXN00010803,USR72422,MCH2757,7913.77,suspicious transaction,FRAUD,Payment made to unknown merchant as per customer statement.,IN_PROGRESS,MEDIUM,BRANCH,2026-02-27 00:00:00,2026-02-24 00:00:00,,False,False,False,False,False,True,False,False
CBK0002771,TXN00003740,USR43341,MCH4181,6434.35,Customer Dispute,CUSTOMER_DISPUTE,user says upi pin was not entered by them.,IN_PROGRESS,LOW,BRANCH,2026-02-08 09:22:00,2026-02-07 00:00:00,2026-03-08 00:00:00,False,False,False,False,False,False,False,False
CBK0002424,TXN00002184,USR26661,MCH1213,3019.75,fraud,FRAUD,Payment made to unknown merchant as per customer statement.,CLOSED,MEDIUM,EMAIL,,2026-01-02 15:21:00,2026-01-24 00:00:00,False,False,False,True,False,False,False,False
CBK0000631,TXN00004185,USR21843,MCH5007,7433.73,extra amount deducted,AMOUNT_MISMATCH,USER REPORTS MONEY DEDUCTED BUT MERCHANT DENIES RECEIVING PAYMENT.,OPEN,LOW,CHATBOT,,2026-01-16 00:00:00,2026-01-26 00:00:00,False,False,False,True,False,False,False,False
CBK0001390,TXN00017748,USR66250,MCH1711,8160.0,Account Takeover,ACCOUNT_TAKEOVER,User says UPI PIN was not entered by them.,RESOLVED,LOW,APP,2026-03-19 19:20:03,2026-03-04 16:20:03,2026-03-20 00:00:00,False,False,False,False,False,False,False,False
CBK0002141,TXN00009768,USR20378,MCH9291,2335.0,unauth txn,UNAUTHORIZED,User says UPI PIN was not entered by them.,OPEN,MEDIUM,APP,2026-03-30 17:28:30,2026-03-20 00:00:00,2026-04-03 00:00:00,False,False,False,False,False,False,False,False
CBK0002126,TXN00010837,USR17697,MCH6219,3555.94,Wrong Amount,AMOUNT_MISMATCH,User reports money deducted but merchant denies receiving payment.,RESOLVED,LOW,CHATBOT,2026-03-16 11:18:08,2026-03-15 07:18:08,,False,False,False,False,False,True,False,False
CBK0000494,TXN00017891,USR29919,MCH9291,3343.99,Merchant Not Delivered,SERVICE_NOT_DELIVERED,Merchant service was not delivered after payment.,REJECTED,CRITICAL,APP,2026-01-12 00:00:00,2026-01-01 08:32:31,2026-01-31 00:00:00,False,False,False,False,False,False,False,False
CBK0000727,TXN00008469,USR71348,MCH9319,-604.81,DUP_DEBIT,DUPLICATE_DEBIT,User says UPI PIN was not entered by them.,REJECTED,MEDIUM,APP,2026-01-11 00:00:00,2026-01-03 19:11:00,2026-02-04 00:00:00,False,True,False,False,False,False,False,False
CBK0000531,TXN00014058,USR49275,MCH9836,1009.36,incorrect amount,AMOUNT_MISMATCH,User claims account was compromised before transaction.,PENDING_BANK,CRITICAL,IVR,2026-01-30 00:00:07,2026-01-24 00:00:00,2026-02-20 00:00:00,False,False,False,False,False,False,False,False
CBK0001139,TXN00009825,USR93426,MCH6856,-6446.22,Duplicate Debit,DUPLICATE_DEBIT,Customer says amount was debited twice. urgent,IN_PROGRESS,CRITICAL,APP,2026-03-06 14:42:00,2026-03-03 00:00:00,2026-03-23 14:42:18,False,True,False,False,False,False,False,False
CBK0001402,TXN00004276,USR93581,MCH2383,-3192.45,Fraud Suspected,FRAUD,User reports money deducted but merchant denies receiving payment.,OPEN,MEDIUM,IVR,2026-01-28 05:19:32,2026-01-22 09:19:32,2026-02-22 00:00:00,False,True,False,False,False,False,False,False
CBK0002461,TXN00017240,USR28613,MCH1420,7674.03,no service,SERVICE_NOT_DELIVERED,Merchant service was not delivered after payment.,PENDING_BANK,LOW,APP,2026-02-18 00:00:00,2026-02-12 06:09:18,2026-03-03 00:00:00,False,False,False,False,False,False,False,False
CBK0000246,TXN00019885,USR90720,MCH8625,2738.74,charged twice,DUPLICATE_DEBIT,Payment made to unknown merchant as per customer statement.,PENDING_BANK,MEDIUM,IVR,2026-02-23 00:00:00,2026-02-22 05:29:58,,False,False,False,False,False,True,False,False
CBK0001110,TXN00013301,USR82155,MCH9291,,UNAUTHORISED,UNAUTHORIZED,Complaint received after multiple failed attempts.,RESOLVED,HIGH,CHATBOT,2026-03-30 06:05:00,2026-03-27 08:05:22,,True,False,False,False,False,True,False,False
CBK0000372,TXN00010170,USR38969,MCH7294,,Customer Dispute,CUSTOMER_DISPUTE,Payment made to unknown merchant as per customer statement.,RESOLVED,MEDIUM,APP,2026-01-18 00:00:00,2026-01-03 19:40:32,,True,False,False,False,False,True,False,False
CBK0002016,TXN00007362,USR90209,MCH9344,3269.55,Service Not Provided,SERVICE_NOT_DELIVERED,Customer says transaction was not authorized.,IN_PROGRESS,LOW,CHATBOT,2026-04-03 14:15:00,2026-03-23 00:00:00,2026-04-17 00:00:00,False,False,False,False,False,False,False,False
CBK0002498,TXN00009704,USR26525,MCH4212,2595.11,Service Not Provided,SERVICE_NOT_DELIVERED,Customer says amount was debited twice.,RESOLVED,LOW,CALL_CENTER,2026-01-26 03:33:00,2026-01-24 00:00:00,2026-01-26 00:00:00,False,False,False,False,False,False,False,False
CBK0001481,TXN00001735,USR85139,MCH3100,-3084.74,service failed,SERVICE_NOT_DELIVERED,Merchant service was not delivered after payment.,CLOSED,MEDIUM,IVR,2026-03-28 00:00:00,2026-02-26 00:00:00,2026-03-28 00:00:00,False,True,False,False,False,False,False,False
CBK0002392,TXN00006668,USR61084,MCH2875,1736.0,Customer Dispute,CUSTOMER_DISPUTE,payment made to unknown merchant as per customer statement.,RESOLVED,HIGH,EMAIL,2026-01-30 00:00:00,2026-01-28 00:00:00,2026-02-17 12:08:01,False,False,False,False,False,False,False,False
CBK0000614,TXN00000040,USR94585,MCH8779,-1389.07,ATO,ACCOUNT_TAKEOVER,Complaint received after multiple failed attempts. call dropped,RESOLVED,LOW,APP,2026-01-25 00:00:00,2026-01-20 00:00:00,2026-02-10 00:00:00,False,True,False,False,False,False,False,False
CBK0002520,TXN00006276,USR55226,MCH7826,1890.0,DUP_DEBIT,DUPLICATE_DEBIT,Merchant service was not delivered after payment.,PENDING_BANK,CRITICAL,BRANCH,2026-01-22 00:00:00,2026-01-21 00:00:00,2026-01-24 16:37:21,False,False,False,False,False,False,False,False
CBK0000593,TXN00013111,USR25826,MCH9808,,ATO,ACCOUNT_TAKEOVER,Customer says transaction was not authorized.,OPEN,HIGH,IVR,2026-03-05 18:10:06,2026-02-26 00:00:00,2026-03-15 00:00:00,True,False,False,False,False,False,False,False
CBK0000551,TXN00012467,USR71976,MCH4344,1654.78,dispute raised,CUSTOMER_DISPUTE,Suspicious high-value payment disputed by customer.,PENDING_BANK,LOW,CHATBOT,2026-02-05 08:46:36,2026-02-01 10:46:36,2026-03-07 00:00:00,False,False,False,False,False,False,False,False
CBK0000138,TXN00003017,USR74855,MCH9944,707.43,login compromised,ACCOUNT_TAKEOVER,Customer complaint text unclear due to poor call center notes.,REJECTED,LOW,EMAIL,2026-01-18 08:06:13,2026-01-12 10:06:13,2026-02-13 00:00:00,False,False,False,False,False,False,False,False
CBK0000100,TXN00017882,USR54020,MCH3381,732.66,double debit,DUPLICATE_DEBIT,User reports money deducted but merchant denies receiving payment.,OPEN,HIGH,APP,2026-01-20 00:00:00,2026-01-17 00:00:00,2026-02-17 00:00:00,False,False,False,False,False,False,False,False
CBK0000620,TXN00014536,USR49473,MCH9291,-12058.7,double debit,DUPLICATE_DEBIT,Suspicious high-value payment disputed by customer.,IN_PROGRESS,MEDIUM,IVR,2026-01-10 00:00:00,2026-01-08 10:01:00,,False,True,False,False,False,True,False,False
CBK0000787,TXN00015064,USR33856,MCH8652,981.9,Duplicate Debit,DUPLICATE_DEBIT,User reports money deducted but merchant denies receiving payment.,IN_PROGRESS,MEDIUM,IVR,2026-03-20 00:00:00,2026-02-03 00:00:00,2026-03-25 00:00:00,False,False,False,False,False,False,False,False
CBK0002134,TXN00009374,USR27878,MCH5264,50.0,Customer Dispute,CUSTOMER_DISPUTE,Customer says amount was debited twice.,PENDING_BANK,MEDIUM,IVR,2026-04-02 15:34:53,2026-03-30 13:34:53,,False,False,False,False,False,True,False,False
CBK0001981,TXN00014392,USR72048,MCH4590,4520.19,Duplicate Debit,DUPLICATE_DEBIT,user claims account was compromised before transaction.,REJECTED,LOW,APP,2026-03-20 00:00:00,2026-03-17 00:00:00,2026-03-23 00:00:00,False,False,False,False,False,False,False,False
CBK0001249,TXN00003498,USR73675,MCH3822,3661.3,suspicious transaction,FRAUD,user reports money deducted but merchant denies receiving payment.,RESOLVED,MEDIUM,EMAIL,2026-04-08 14:29:36,2026-03-31 00:00:00,2026-04-20 00:00:00,False,False,False,False,False,False,False,False
CBK0002554,TXN00000914,USR21146,MCH2266,1207.28,item not received,SERVICE_NOT_DELIVERED,User claims account was compromised before txn.,OPEN,HIGH,BRANCH,2026-03-25 00:00:00,2026-02-08 11:30:00,2026-04-02 00:00:00,False,False,False,False,False,False,False,False
CBK0002602,TXN00012801,USR20795,MCH5787,2374.29,Service Not Provided,SERVICE_NOT_DELIVERED,Suspicious high-value payment disputed by customer.,RESOLVED,MEDIUM,CALL_CENTER,2026-02-18 00:00:00,2026-02-11 00:00:00,2026-03-09 12:23:30,False,False,False,False,False,False,False,False
CBK0002797,TXN00013910,USR34880,MCH1320,877.44,unauthorized_transaction,UNAUTHORIZED,USER REPORTS MONEY DEDUCTED BUT MERCHANT DENIES RECEIVING PAYMENT.,IN_PROGRESS,HIGH,CHATBOT,2026-01-27 08:46:00,2026-01-21 11:46:59,,False,False,False,False,False,True,False,False
CBK0000521,TXN00019385,USR20822,MCH6549,1082.82,unauthorized_transaction,UNAUTHORIZED,Suspicious high-value payment disputed by customer.,IN_PROGRESS,HIGH,BRANCH,2026-03-21 00:00:00,2026-03-19 19:31:42,2026-04-11 11:31:42,False,False,False,False,False,False,False,False
CBK0001422,TXN00013883,USR59251,MCH7833,3588.0,Unauthorized Transaction,UNAUTHORIZED,Payment made to unknown merchant as per customer statement.,OPEN,MEDIUM,CHATBOT,2026-01-15 11:58:51,2026-01-13 00:00:00,2026-01-21 00:00:00,False,False,False,False,False,False,False,False
CBK0000458,TXN00016719,USR26895,MCH4723,2956.42,complaint,CUSTOMER_DISPUTE,User claims account was compromised before txn.,RESOLVED,LOW,CHATBOT,2026-01-19 00:00:00,2026-01-16 00:00:00,2026-02-03 00:00:00,False,False,False,False,False,False,False,False
CBK0000085,TXN00004176,USR35280,MCH8030,1105.82,login compromised,ACCOUNT_TAKEOVER,Customer complaint text unclear due to poor call center notes.,CLOSED,HIGH,BRANCH,2026-01-09 21:57:00,2026-01-08 00:00:00,2026-01-27 21:57:00,False,False,False,False,False,False,False,False
CBK0000376,TXN00010928,USR62685,MCH9719,1538.0,DUP_DEBIT,DUPLICATE_DEBIT,Customer says transaction was not authorized. urgent,CLOSED,HIGH,CHATBOT,2026-03-01 05:50:00,2026-02-26 00:00:00,2026-03-17 05:50:00,False,False,False,False,False,False,False,False
CBK0002059,,USR69096,MCH6070,-599.01,Account Takeover,ACCOUNT_TAKEOVER,user says upi pin was not entered by them.,RESOLVED,LOW,BRANCH,2026-02-06 07:00:00,2026-02-03 00:00:00,,False,True,True,False,False,True,False,False
CBK0002759,TXN00003778,USR65783,MCH3028,7597.0,amount mismatch,AMOUNT_MISMATCH,User claims account was compromised before transaction.,PENDING_BANK,MEDIUM,CALL_CENTER,2026-02-07 12:51:27,2026-02-06 00:00:00,2026-02-25 00:00:00,False,False,False,False,False,False,False,False
CBK0000425,TXN00019652,USR51854,MCH4908,1289.49,FRAUD,FRAUD,Payment made to unknown merchant as per customer statement.,IN_PROGRESS,CRITICAL,APP,,2026-03-06 00:00:00,2026-03-25 08:31:28,False,False,False,True,False,False,False,False
CBK0000473,TXN00006355,USR15888,MCH5561,1211.72,Merchant Not Delivered,SERVICE_NOT_DELIVERED,Customer says transaction was not authorized.,RESOLVED,MEDIUM,BRANCH,2026-01-14 00:00:00,2026-01-12 00:00:00,2026-01-18 13:37:06,False,False,False,False,False,False,False,False
CBK0002609,TXN00005872,USR71348,MCH9291,2023.21,not done by me,UNAUTHORIZED,Customer complaint text unclear due to poor call center notes.,RESOLVED,LOW,CHATBOT,2026-04-16 00:00:00,2026-03-31 04:58:00,2026-05-11 00:00:00,False,False,False,False,False,False,False,False
CBK0002781,TXN00007463,USR88712,MCH4226,540.0,merchant service issue,SERVICE_NOT_DELIVERED,Merchant service was not delivered after payment.,IN_PROGRESS,MEDIUM,IVR,2026-02-09 00:00:00,2026-02-08 10:50:00,,False,False,False,False,False,True,False,False
CBK0000437,TXN00008304,USR31182,MCH7390,6321.44,UNAUTHORISED,UNAUTHORIZED,Merchant service was not delivered after payment. NA,PENDING_BANK,MEDIUM,CHATBOT,2026-03-19 00:00:00,2026-03-17 00:00:00,,False,False,False,False,False,True,False,False
CBK0001434,TXN00014276,USR37196,MCH2407,637.61,charged twice,DUPLICATE_DEBIT,payment made to unknown merchant as per customer statement.,PENDING_BANK,MEDIUM,IVR,2026-03-30 00:00:00,2026-03-27 00:00:00,2026-04-08 00:00:00,False,False,False,False,False,False,False,False
CBK0002012,TXN00012346,USR40998,MCH3992,1010.1,account hacked,ACCOUNT_TAKEOVER,Customer says amount was debited twice.,IN_PROGRESS,HIGH,CALL_CENTER,2026-01-10 15:42:32,2026-01-07 00:00:00,,False,False,False,False,False,True,False,False
CBK0000297,TXN00019269,USR53731,MCH9458,2732.12,UNAUTHORISED,UNAUTHORIZED,CUSTOMER SAYS TRANSACTION WAS NOT AUTHORIZED.,CLOSED,MEDIUM,IVR,2026-02-11 00:00:00,2026-02-08 09:15:08,2026-02-15 00:00:00,False,False,False,False,False,False,False,False
CBK0002058,TXN00010832,USR29952,MCH6418,1882.0,ATO,ACCOUNT_TAKEOVER,User says UPI PIN was not entered by them. urgent,IN_PROGRESS,LOW,CHATBOT,2026-02-28 00:00:00,2026-02-22 21:09:00,2026-03-16 00:00:00,False,False,False,False,False,False,False,False
CBK0000267,,USR13313,MCH9823,1878.56,login compromised,ACCOUNT_TAKEOVER,Complaint received after multiple failed attempts.,CLOSED,MEDIUM,CHATBOT,2026-02-12 00:00:00,2026-02-09 00:00:00,2026-03-03 00:00:00,False,False,True,False,False,False,False,False
CBK0000035,TXN00004120,USR53171,MCH6920,5701.53,double debit,DUPLICATE_DEBIT,user reports money deducted but merchant denies receiving payment.,IN_PROGRESS,LOW,IVR,2026-03-05 00:00:00,2026-03-07 00:00:00,2026-04-02 00:00:00,False,False,False,False,False,False,True,False
CBK0002020,TXN00019784,USR89588,MCH8760,2591.32,not done by me,UNAUTHORIZED,Customer says amount was debited twice.,RESOLVED,LOW,IVR,2026-03-10 00:00:00,2026-03-08 00:00:00,,False,False,False,False,False,True,False,False
CBK0001016,TXN00018653,USR39211,MCH1376,2423.45,ATO,ACCOUNT_TAKEOVER,User reports money deducted but merchant denies receiving payment.,REJECTED,LOW,CHATBOT,2026-02-22 00:00:00,2026-02-19 00:00:00,2026-03-05 00:00:00,False,False,False,False,False,False,False,False
CBK0000905,TXN00003495,USR37693,MCH8091,2983.97,Merchant Not Delivered,SERVICE_NOT_DELIVERED,Complaint received after multiple failed attempts.,PENDING_BANK,LOW,EMAIL,2026-02-08 00:07:18,2026-01-08 00:00:00,,False,False,False,False,False,True,False,False
CBK0000394,TXN00000779,USR64440,MCH8614,4511.29,DUP_DEBIT,DUPLICATE_DEBIT,User claims account was compromised before txn.,IN_PROGRESS,MEDIUM,CHATBOT,2026-03-06 00:00:00,2026-02-03 13:21:00,2026-03-28 00:00:00,False,False,False,False,False,False,False,False
CBK0000059,TXN00011102,USR87051,MCH4693,1825.45,ATO,ACCOUNT_TAKEOVER,COMPLAINT RECEIVED AFTER MULTIPLE FAILED ATTEMPTS.,OPEN,LOW,CALL_CENTER,2026-03-07 00:00:00,2026-03-06 00:00:00,2026-03-09 00:00:00,False,False,False,False,False,False,False,False
CBK0001956,TXN00004350,USR48482,MCH1641,2131.37,UNAUTHORISED,UNAUTHORIZED,user claims account was compromised before transaction.,IN_PROGRESS,LOW,CHATBOT,2026-03-22 00:00:00,2026-03-16 00:00:00,2026-03-30 00:00:00,False,False,False,False,False,False,False,False
CBK0002439,TXN00009347,USR87914,MCH6751,1704.94,Wrong Amount,AMOUNT_MISMATCH,Suspicious high-value payment disputed by customer.,IN_PROGRESS,LOW,IVR,2026-03-12 20:47:00,,2026-03-24 00:00:00,False,False,False,False,True,False,False,False
CBK0002733,TXN00015766,USR87074,MCH6810,198.26,ATO,ACCOUNT_TAKEOVER,User reports money deducted but merchant denies receiving payment.,OPEN,LOW,CHATBOT,2026-04-05 00:00:00,2026-03-26 15:10:36,,False,False,False,False,False,True,False,False
CBK0000344,TXN00018344,USR11559,MCH4841,9060.0,Fraud Suspected,FRAUD,Merchant service was not delivered after payment.,CLOSED,HIGH,IVR,2026-03-07 00:00:00,2026-02-05 00:00:00,2026-03-08 22:10:00,False,False,False,False,False,False,False,False
CBK0000704,TXN00015091,USR45203,MCH9864,20286.73,Service Not Provided,SERVICE_NOT_DELIVERED,Suspicious high-value payment disputed by customer. NA,OPEN,HIGH,CHATBOT,2026-04-03 18:18:00,2026-03-28 00:00:00,2026-05-01 00:00:00,False,False,False,False,False,False,False,False
CBK0001841,TXN00005953,USR96307,MCH1423,1742.0,Merchant Not Delivered,SERVICE_NOT_DELIVERED,Payment made to unknown merchant as per customer statement.,REJECTED,LOW,IVR,2026-03-29 00:00:00,2026-03-28 00:00:00,2026-04-18 00:00:00,False,False,False,False,False,False,False,False
CBK0000305,TXN00002303,USR21074,MCH1320,1712.22,no service,SERVICE_NOT_DELIVERED,Customer says amount was debited twice.,IN_PROGRESS,LOW,APP,2026-02-09 00:00:00,2026-02-04 00:00:00,2026-02-22 00:00:00,False,False,False,False,False,False,False,False
CBK0002157,TXN00010666,USR74780,MCH6850,1349.33,extra amount deducted,AMOUNT_MISMATCH,Payment made to unknown merchant as per customer statement.,CLOSED,LOW,BRANCH,2026-03-09 00:00:00,2026-02-07 00:00:00,2026-03-27 00:00:00,False,False,False,False,False,False,False,False
CBK0000219,TXN00076688,USR63208,MCH6288,355.19,Merchant Not Delivered,SERVICE_NOT_DELIVERED,User claims account was compromised before transaction.,RESOLVED,LOW,BRANCH,2026-04-06 00:00:00,2026-03-31 00:00:00,2026-05-05 00:00:00,False,False,False,False,False,False,False,False
CBK0000503,TXN00009139,USR87033,MCH8779,1518.49,not done by me,UNAUTHORIZED,Payment made to unknown merchant as per customer statement.,CLOSED,CRITICAL,EMAIL,2026-03-08 00:00:00,2026-03-05 00:00:00,2026-03-29 10:48:07,False,False,False,False,False,False,False,False
CBK0002098,TXN00012193,USR22644,MCH5980,1913.11,fraud,FRAUD,Merchant service was not delivered after payment.,CLOSED,HIGH,CALL_CENTER,2026-03-20 00:00:00,2026-03-19 04:04:00,2026-03-24 00:00:00,False,False,False,False,False,False,False,False
CBK0002395,TXN00010795,USR24347,MCH3677,-933.13,Duplicate Debit,DUPLICATE_DEBIT,User reports money deducted but merchant denies receiving payment.,IN_PROGRESS,LOW,CHATBOT,2026-04-14 00:00:00,2026-03-30 00:00:00,2026-05-10 12:23:00,False,True,False,False,False,False,False,False
CBK0001580,TXN00004779,USR38912,MCH6908,1565.13,scam,FRAUD,customer says amount was debited twice.,OPEN,MEDIUM,EMAIL,2026-01-13 09:59:00,2026-01-12 10:59:00,2026-01-16 00:00:00,False,False,False,False,False,False,False,False
CBK0000388,TXN00000433,USR50784,MCH6968,979.0,amount mismatch,AMOUNT_MISMATCH,User says UPI PIN was not entered by them.,OPEN,LOW,BRANCH,2026-02-23 19:00:44,2026-02-18 00:00:00,2026-03-19 00:00:00,False,False,False,False,False,False,False,False
CBK0000891,TXN00017408,USR10307,MCH7766,836.19,delivery issue,SERVICE_NOT_DELIVERED,user reports money deducted but merchant denies receiving payment.,IN_PROGRESS,LOW,EMAIL,2026-03-23 00:00:00,2026-03-23 00:00:00,,False,False,False,False,False,True,False,False
CBK0000501,TXN00019009,USR96611,MCH3763,1552.99,amount mismatch,AMOUNT_MISMATCH,Customer complaint text unclear due to poor call center notes.,PENDING_BANK,HIGH,APP,2026-01-15 00:00:00,2026-01-10 00:00:00,2026-01-27 15:33:00,False,False,False,False,False,False,False,False
CBK0002227,TXN00097124,USR21632,MCH9291,1596.33,Duplicate Debit,DUPLICATE_DEBIT,User reports money deducted but merchant denies receiving payment.,RESOLVED,HIGH,APP,2026-04-12 00:00:00,2026-02-25 20:48:05,2026-04-26 00:00:00,False,False,False,False,False,False,False,False
CBK0000060,TXN00004672,USR95647,MCH3815,985.98,merchant service issue,SERVICE_NOT_DELIVERED,Suspicious high-value payment disputed by customer.,RESOLVED,HIGH,IVR,2026-01-09 00:00:00,,2026-02-04 00:00:00,False,False,False,False,True,False,False,False
CBK0002174,,USR75213,MCH2779,484.07,ATO,ACCOUNT_TAKEOVER,User reports money deducted but merchant denies receiving payment.,CLOSED,MEDIUM,BRANCH,2026-04-14 23:11:36,2026-02-28 00:00:00,2026-05-10 00:00:00,False,False,True,False,False,False,False,False
CBK0000869,TXN00011061,USR71557,MCH8342,-211.84,complaint,CUSTOMER_DISPUTE,Merchant service was not delivered after payment.,CLOSED,LOW,CALL_CENTER,2026-03-14 00:00:00,2026-03-03 00:00:00,2026-04-11 00:00:00,False,True,False,False,False,False,False,False
CBK0001381,TXN00011623,USR99837,MCH8765,3487.78,no service,SERVICE_NOT_DELIVERED,Customer says amount was debited twice. NA,CLOSED,HIGH,IVR,2026-01-30 21:27:00,2026-01-28 09:27:00,,False,False,False,False,False,True,False,False
CBK0002396,TXN00000711,USR70575,MCH1910,,customer issue,CUSTOMER_DISPUTE,User says UPI PIN was not entered by them. NA,RESOLVED,HIGH,IVR,,2026-02-25 00:00:00,,True,False,False,True,False,True,False,False
CBK0000723,TXN00001222,USR96458,MCH9291,,merchant service issue,SERVICE_NOT_DELIVERED,PAYMENT MADE TO UNKNOWN MERCHANT AS PER CUSTOMER STATEMENT.,RESOLVED,LOW,EMAIL,2026-01-16 04:31:14,2026-01-14 00:00:00,,True,False,False,False,False,True,False,False
CBK0000504,TXN00008435,USR93535,MCH7466,755.82,not delivered,SERVICE_NOT_DELIVERED,Customer says amount was debited twice.,REJECTED,MEDIUM,EMAIL,2026-02-06 00:00:00,,2026-03-03 09:34:59,False,False,False,False,True,False,False,False
CBK0002746,TXN00015136,USR57117,MCH5167,661.74,Merchant Not Delivered,SERVICE_NOT_DELIVERED,Customer complaint text unclear due to poor call center notes.,OPEN,LOW,CALL_CENTER,2026-02-26 00:00:00,2026-02-24 00:00:00,2026-03-27 08:47:00,False,False,False,False,False,False,False,False
CBK0002737,TXN00005881,USR91565,MCH2757,2284.0,Wrong Amount,AMOUNT_MISMATCH,Merchant service was not delivered after payment.,REJECTED,MEDIUM,EMAIL,2026-02-07 00:00:00,2026-02-03 19:55:07,2026-02-13 08:55:00,False,False,False,False,False,False,False,False
CBK0002270,TXN00000045,USR73010,MCH6294,1101.8,ATO,ACCOUNT_TAKEOVER,Customer says transaction was not authorized.,CLOSED,MEDIUM,CALL_CENTER,2026-01-05 22:00:00,2026-01-03 00:00:03,2026-01-11 22:00:03,False,False,False,False,False,False,False,False
CBK0001994,TXN00000296,USR71624,MCH4650,512.0,login compromised,ACCOUNT_TAKEOVER,Complaint received after multiple failed attempts.,RESOLVED,HIGH,APP,2026-03-29 17:25:00,2026-03-29 00:00:00,2026-03-30 00:00:00,False,False,False,False,False,False,False,False
CBK0002612,TXN00010607,USR32830,MCH9346,397.65,Account Takeover,ACCOUNT_TAKEOVER,CUSTOMER SAYS AMOUNT WAS DEBITED TWICE.,RESOLVED,HIGH,BRANCH,2026-03-17 00:00:00,2026-03-01 00:00:00,2026-04-07 00:00:00,False,False,False,False,False,False,False,False
CBK0001950,TXN00002053,USR33960,MCH5223,2130.67,charged twice,DUPLICATE_DEBIT,Customer complaint text unclear due to poor call center notes.,PENDING_BANK,MEDIUM,EMAIL,2026-03-27 11:08:07,2026-03-26 00:00:00,2026-04-08 11:08:00,False,False,False,False,False,False,False,False
CBK0000757,TXN00010601,USR53404,MCH4311,1363.12,item not received,SERVICE_NOT_DELIVERED,User says UPI PIN was not entered by them.,CLOSED,MEDIUM,IVR,2026-03-26 10:22:00,2026-03-20 14:22:47,2026-04-22 00:00:00,False,False,False,False,False,False,False,False
CBK0000159,TXN00001671,USR51888,MCH8727,2605.0,Wrong Amount,AMOUNT_MISMATCH,User says UPI PIN was not entered by them.,PENDING_BANK,HIGH,IVR,2026-02-24 00:00:00,2026-02-19 00:00:00,2026-02-24 00:00:00,False,False,False,False,False,False,False,False
CBK0001270,TXN00015781,USR60184,MCH5412,6433.23,amount mismatch,AMOUNT_MISMATCH,Customer says transaction was not authorized.,OPEN,HIGH,CHATBOT,2026-02-25 18:53:25,2026-02-22 00:00:00,2026-02-25 18:53:25,False,False,False,False,False,False,False,False
CBK0001833,TXN00009923,USR24660,MCH3434,2940.0,complaint,CUSTOMER_DISPUTE,Merchant service was not delivered after payment.,OPEN,MEDIUM,CALL_CENTER,2025-12-30 12:15:20,2026-01-04 12:15:00,2025-12-31 00:00:00,False,False,False,False,False,False,True,False
CBK0000148,,USR37395,MCH3992,,customer issue,CUSTOMER_DISPUTE,Suspicious high-value payment disputed by customer.,CLOSED,CRITICAL,IVR,2026-02-28 00:00:00,2026-02-25 00:00:00,2026-03-09 00:00:00,True,False,True,False,False,False,False,False
CBK0002188,TXN00011115,USR83988,MCH3113,3037.16,Customer Dispute,CUSTOMER_DISPUTE,User reports money deducted but merchant denies receiving payment.,PENDING_BANK,LOW,CHATBOT,2026-01-03 00:00:00,,2026-01-14 02:37:33,False,False,False,False,True,False,False,False
CBK0000906,TXN00009979,USR59679,MCH6645,876.91,account hacked,ACCOUNT_TAKEOVER,User claims account was compromised before transaction.,REJECTED,MEDIUM,APP,2026-02-04 00:00:00,2026-02-02 22:05:54,2026-02-13 00:00:00,False,False,False,False,False,False,False,False
CBK0001190,TXN00017091,USR51699,MCH7327,2254.1,account hacked,ACCOUNT_TAKEOVER,User says UPI PIN was not entered by them.,OPEN,HIGH,APP,2026-02-28 00:00:00,2026-02-17 00:00:00,2026-03-11 02:20:08,False,False,False,False,False,False,False,False
CBK0000325,TXN00011027,USR51987,MCH6810,3285.5,unauth txn,UNAUTHORIZED,Customer says txn was not authorized.,IN_PROGRESS,MEDIUM,APP,2026-01-06 00:00:00,2026-01-04 03:24:27,2026-01-16 00:00:00,False,False,False,False,False,False,False,False
CBK0002358,TXN00012958,USR45319,MCH4022,1142.21,Duplicate Debit,DUPLICATE_DEBIT,Customer complaint text unclear due to poor call center notes. call dropped,PENDING_BANK,LOW,IVR,2026-03-03 00:00:00,2026-02-23 16:54:56,2026-03-20 03:54:56,False,False,False,False,False,False,False,False
CBK0001443,TXN00003853,USR70317,MCH6921,2342.78,item not received,SERVICE_NOT_DELIVERED,PAYMENT MADE TO UNKNOWN MERCHANT AS PER CUSTOMER STATEMENT.,CLOSED,MEDIUM,IVR,2026-02-22 00:00:00,2026-02-19 00:00:00,2026-02-26 00:00:00,False,False,False,False,False,False,False,False
CBK0001944,TXN00005059,USR14388,MCH5076,4128.34,amount mismatch,AMOUNT_MISMATCH,CUSTOMER SAYS AMOUNT WAS DEBITED TWICE.,OPEN,CRITICAL,IVR,2026-04-25 00:00:00,2026-03-10 22:25:51,2026-04-26 05:25:51,False,False,False,False,False,False,False,False
CBK0000097,TXN00014288,USR75999,MCH4226,4255.52,dispute raised,CUSTOMER_DISPUTE,Payment made to unknown merchant as per customer statement.,PENDING_BANK,MEDIUM,IVR,2026-03-13 00:00:00,2026-03-14 12:10:00,,False,False,False,False,False,True,True,False
CBK0000609,TXN00001796,USR77277,MCH2970,,delivery issue,SERVICE_NOT_DELIVERED,User reports money deducted but merchant denies receiving payment.,CLOSED,LOW,BRANCH,2026-01-11 00:00:00,2026-01-06 00:00:00,,True,False,False,False,False,True,False,False
CBK0000920,TXN00000546,USR20076,MCH2383,427.33,amount mismatch,AMOUNT_MISMATCH,Complaint received after multiple failed attempts.,PENDING_BANK,LOW,APP,2026-04-17 13:17:00,2026-03-02 00:00:00,2026-04-27 00:00:00,False,False,False,False,False,False,False,False
CBK0001945,TXN00015576,USR59679,MCH5013,2182.01,charged twice,DUPLICATE_DEBIT,MERCHANT SERVICE WAS NOT DELIVERED AFTER PAYMENT.,OPEN,HIGH,IVR,2026-03-03 00:00:00,2026-02-28 04:17:48,2026-03-07 00:00:00,False,False,False,False,False,False,False,False
CBK0002769,TXN00003447,USR76233,MCH8735,1984.96,Wrong Amount,AMOUNT_MISMATCH,Payment made to unknown merchant as per cust statement.,REJECTED,MEDIUM,CHATBOT,2026-02-21 00:00:00,2026-02-19 00:00:00,2026-03-03 00:00:00,False,False,False,False,False,False,False,False
CBK0002138,TXN00000295,USR86497,MCH2786,731.69,FRAUD,FRAUD,Customer says amount was debited twice.,IN_PROGRESS,LOW,CHATBOT,2026-01-16 00:00:00,2026-01-10 00:00:00,2026-01-30 00:00:00,False,False,False,False,False,False,False,False
CBK0001973,TXN00013275,USR71371,MCH9810,666.32,delivery issue,SERVICE_NOT_DELIVERED,Complaint received after multiple failed attempts.,PENDING_BANK,MEDIUM,CHATBOT,2026-03-27 00:00:00,2026-03-19 00:00:00,2026-04-19 00:00:00,False,False,False,False,False,False,False,False
CBK0000440,TXN00019212,USR83469,MCH7067,2786.25,login compromised,ACCOUNT_TAKEOVER,customer says transaction was not authorized.,OPEN,LOW,CALL_CENTER,2026-01-20 03:57:35,,2026-01-28 03:57:35,False,False,False,False,True,False,False,False
CBK0001313,TXN00002015,USR70926,MCH8374,2615.98,ATO,ACCOUNT_TAKEOVER,Merchant service was not delivered after payment.,OPEN,CRITICAL,CHATBOT,2026-03-26 22:40:05,2026-03-24 00:00:00,2026-04-11 22:40:00,False,False,False,False,False,False,False,False
CBK0001519,TXN00000459,USR36461,MCH6850,8278.26,customer issue,CUSTOMER_DISPUTE,Customer says amount was debited twice.,PENDING_BANK,HIGH,CALL_CENTER,2026-02-20 00:52:09,2026-01-05 01:52:09,2026-03-19 00:00:00,False,False,False,False,False,False,False,False
CBK0001153,TXN00007272,USR23407,MCH9088,928.0,Account Takeover,ACCOUNT_TAKEOVER,Merchant service was not delivered after payment.,PENDING_BANK,HIGH,CHATBOT,2026-03-14 00:00:00,2026-03-13 04:40:00,2026-03-19 23:40:22,False,False,False,False,False,False,False,False
CBK0000490,TXN00019708,USR89588,MCH9291,1943.24,Customer Dispute,CUSTOMER_DISPUTE,customer says amount was debited twice.,OPEN,LOW,CALL_CENTER,,2026-02-23 01:22:04,2026-04-18 23:22:00,False,False,False,True,False,False,False,False
CBK0000306,TXN00000680,USR62254,MCH5980,589.63,scam,FRAUD,User says UPI PIN was not entered by them.,IN_PROGRESS,HIGH,CHATBOT,2026-02-02 00:00:00,2026-01-26 00:00:00,2026-02-21 12:35:42,False,False,False,False,False,False,False,False
CBK0001088,TXN00012038,USR14244,MCH5655,,double debit,DUPLICATE_DEBIT,Customer complaint text unclear due to poor call center notes.,CLOSED,LOW,EMAIL,2026-01-23 00:00:00,2026-01-19 00:00:00,,True,False,False,False,False,True,False,False
CBK0002181,TXN00014627,USR41247,MCH7342,4363.55,Customer Dispute,CUSTOMER_DISPUTE,Customer says amount was debited twice.,PENDING_BANK,MEDIUM,CHATBOT,2026-03-04 00:00:00,2026-03-02 00:00:00,,False,False,False,False,False,True,False,False
CBK0000863,TXN00016767,USR90880,MCH2841,1273.0,Merchant Not Delivered,SERVICE_NOT_DELIVERED,customer says transaction was not authorized.,CLOSED,HIGH,EMAIL,2026-03-07 21:23:05,2026-03-06 00:00:00,2026-04-03 00:00:00,False,False,False,False,False,False,False,False
CBK0000178,TXN00004134,USR75133,MCH1949,794.23,suspicious transaction,FRAUD,Customer complaint text unclear due to poor call center notes.,OPEN,HIGH,IVR,,2026-02-24 00:00:00,2026-03-06 06:12:04,False,False,False,True,False,False,False,False
CBK0000340,TXN00006753,USR93690,MCH7199,-6262.28,merchant service issue,SERVICE_NOT_DELIVERED,Suspicious high-value payment disputed by customer.,IN_PROGRESS,LOW,APP,2026-01-15 19:42:11,2026-01-18 00:00:00,2026-01-16 00:00:00,False,True,False,False,False,False,True,False
CBK0001772,TXN00010231,USR49951,MCH4775,,unauthorized_transaction,UNAUTHORIZED,payment made to unknown merchant as per customer statement.,REJECTED,MEDIUM,APP,2026-01-30 00:00:00,2026-01-29 11:52:47,2026-02-08 00:00:00,True,False,False,False,False,False,False,False
CBK0002100,TXN00012645,USR65267,MCH1601,-1273.59,suspicious transaction,FRAUD,Customer says transaction was not authorized.,CLOSED,LOW,IVR,2026-04-03 00:00:00,2026-03-30 00:00:00,,False,True,False,False,False,True,False,False
CBK0001757,TXN00018643,USR46650,MCH2383,,not delivered,SERVICE_NOT_DELIVERED,User reports money deducted but merchant denies receiving payment.,OPEN,LOW,CHATBOT,2026-02-19 16:58:00,2026-02-16 00:00:00,2026-03-16 00:00:00,True,False,False,False,False,False,False,False
CBK0000314,TXN00017581,USR74438,MCH2757,1299.7,suspicious transaction,FRAUD,Customer says transaction was not authorized.,CLOSED,CRITICAL,CHATBOT,2026-01-08 21:56:24,2026-01-04 00:00:00,2026-01-11 00:00:00,False,False,False,False,False,False,False,False
CBK0002107,TXN00013202,USR27107,MCH9715,1331.0,ATO,ACCOUNT_TAKEOVER,Customer says amount was debited twice.,IN_PROGRESS,CRITICAL,IVR,2026-04-01 00:00:00,2026-03-29 00:00:00,2026-04-21 00:00:00,False,False,False,False,False,False,False,False
CBK0001444,TXN00003678,USR50434,MCH5076,8722.75,item not received,SERVICE_NOT_DELIVERED,User claims account was compromised before transaction.,CLOSED,HIGH,CHATBOT,2026-01-04 00:00:00,2026-01-01 07:55:22,,False,False,False,False,False,True,False,False
CBK0001899,TXN00000835,USR11194,MCH1631,,dispute raised,CUSTOMER_DISPUTE,Suspicious high-value payment disputed by customer.,REJECTED,LOW,IVR,2026-03-29 00:00:00,2026-03-27 15:04:48,,True,False,False,False,False,True,False,False
CBK0001951,TXN00007053,USR17824,MCH8057,3545.44,amount mismatch,AMOUNT_MISMATCH,User claims account was compromised before transaction.,CLOSED,HIGH,BRANCH,2026-05-10 00:00:00,2026-03-26 16:44:00,2026-06-09 00:00:00,False,False,False,False,False,False,False,False
CBK0000193,TXN00011628,USR15884,MCH9002,6328.27,dispute raised,CUSTOMER_DISPUTE,Customer complaint text unclear due to poor call center notes.,IN_PROGRESS,CRITICAL,IVR,2026-01-13 11:20:14,2026-01-10 00:00:00,2026-01-30 11:20:14,False,False,False,False,False,False,False,False
CBK0001867,TXN00017191,USR13167,MCH3106,-13889.45,merchant service issue,SERVICE_NOT_DELIVERED,CUSTOMER COMPLAINT TEXT UNCLEAR DUE TO POOR CALL CENTER NOTES.,RESOLVED,MEDIUM,EMAIL,2026-04-01 06:09:00,2026-03-28 20:09:00,2026-04-22 00:00:00,False,True,False,False,False,False,False,False
CBK0001712,TXN00007450,USR20950,MCH4523,-1985.25,delivery issue,SERVICE_NOT_DELIVERED,Merchant service was not delivered after payment.,PENDING_BANK,HIGH,CHATBOT,2026-04-23 00:00:00,2026-03-24 11:00:00,2026-04-24 00:00:00,False,True,False,False,False,False,False,False
CBK0000165,TXN00013500,USR82240,MCH3046,-3214.54,charged twice,DUPLICATE_DEBIT,User reports money deducted but merchant denies receiving payment.,OPEN,LOW,IVR,2026-03-09 00:00:00,2026-01-23 09:33:00,2026-03-16 19:33:00,False,True,False,False,False,False,False,False
CBK0002719,TXN00016715,USR73639,MCH6051,1128.27,suspicious transaction,FRAUD,payment made to unknown merchant as per customer statement.,REJECTED,MEDIUM,IVR,2026-01-14 00:00:00,2026-01-09 00:00:00,,False,False,False,False,False,True,False,False
CBK0001706,TXN00012764,USR22644,MCH1401,9737.34,service failed,SERVICE_NOT_DELIVERED,Complaint received after multiple failed attempts.,CLOSED,MEDIUM,CHATBOT,2026-03-18 08:08:27,2026-03-10 00:00:00,,False,False,False,False,False,True,False,False
CBK0000945,TXN00003565,USR46365,MCH4473,1723.81,ATO,ACCOUNT_TAKEOVER,merchant service was not delivered after payment.,REJECTED,HIGH,BRANCH,2026-03-14 00:00:00,2026-03-14 00:00:00,2026-04-08 03:51:15,False,False,False,False,False,False,False,False
CBK0001335,TXN00016756,USR44060,MCH7471,455.72,incorrect amount,AMOUNT_MISMATCH,Customer complaint text unclear due to poor call center notes.,REJECTED,MEDIUM,CALL_CENTER,2026-03-14 00:00:00,2026-03-14 00:00:00,2026-03-18 00:00:00,False,False,False,False,False,False,False,False
CBK0000852,TXN00010668,USR81745,MCH4420,1305.45,not done by me,UNAUTHORIZED,Customer says amount was debited twice. NA,PENDING_BANK,MEDIUM,APP,2026-04-06 15:52:29,2026-03-06 00:00:00,2026-04-25 00:00:00,False,False,False,False,False,False,False,False
CBK0002796,TXN00001679,USR97772,MCH2029,-705.52,ATO,ACCOUNT_TAKEOVER,Complaint received after multiple failed attempts.,IN_PROGRESS,MEDIUM,IVR,2026-03-04 14:22:56,2026-02-27 08:22:56,2026-03-17 00:00:00,False,True,False,False,False,False,False,False
CBK0000318,TXN00001878,USR10693,MCH5303,3834.0,not delivered,SERVICE_NOT_DELIVERED,Suspicious high-value payment disputed by customer.,IN_PROGRESS,HIGH,IVR,2026-03-15 00:00:00,2026-03-08 00:00:00,,False,False,False,False,False,True,False,False
CBK0001790,TXN00000533,USR46536,MCH5535,6055.78,fraud,FRAUD,CUSTOMER SAYS TRANSACTION WAS NOT AUTHORIZED.,OPEN,MEDIUM,EMAIL,2026-02-03 00:00:00,2026-01-18 17:59:52,2026-02-13 00:00:00,False,False,False,False,False,False,False,False
CBK0000283,TXN00017871,USR39576,MCH3354,,fraud,FRAUD,Payment made to unknown merchant as per cust statement.,REJECTED,HIGH,IVR,2026-02-01 00:00:00,2026-01-17 10:50:06,,True,False,False,False,False,True,False,False
CBK0001613,TXN00012902,USR20076,MCH8345,586.88,Merchant Not Delivered,SERVICE_NOT_DELIVERED,Customer says transaction was not authorized.,PENDING_BANK,LOW,EMAIL,2026-02-20 00:00:00,2026-02-18 00:00:00,2026-03-21 05:15:27,False,False,False,False,False,False,False,False
CBK0002598,TXN00012208,USR54794,MCH2336,5802.45,Fraud Suspected,FRAUD,Payment made to unknown merchant as per cust statement.,CLOSED,MEDIUM,BRANCH,2026-01-09 00:00:00,2026-01-06 00:00:00,2026-01-10 00:00:00,False,False,False,False,False,False,False,False
CBK0001754,TXN00006873,USR95486,MCH1520,,item not received,SERVICE_NOT_DELIVERED,Customer says amount was debited twice. call dropped,REJECTED,CRITICAL,BRANCH,2026-02-14 11:52:00,2026-02-12 00:00:00,2026-03-12 00:00:00,True,False,False,False,False,False,False,False
CBK0000642,TXN00009627,USR88037,MCH4516,10535.8,customer issue,CUSTOMER_DISPUTE,Merchant service was not delivered after payment.,IN_PROGRESS,LOW,CALL_CENTER,2026-02-07 00:00:00,2026-02-04 00:00:00,2026-02-09 00:00:00,False,False,False,False,False,False,False,False
CBK0000637,TXN00005214,USR91453,MCH6014,,delivery issue,SERVICE_NOT_DELIVERED,Suspicious high-value payment disputed by customer.,IN_PROGRESS,MEDIUM,CHATBOT,2026-02-07 00:00:00,2026-02-06 00:00:00,2026-03-06 00:00:00,True,False,False,False,False,False,False,False
CBK0001718,TXN00033788,USR58639,MCH2757,-664.74,Wrong Amount,AMOUNT_MISMATCH,User reports money deducted but merchant denies receiving payment.,OPEN,LOW,BRANCH,2026-01-07 00:00:00,2026-01-06 14:14:30,2026-01-26 16:14:30,False,True,False,False,False,False,False,False
CBK0002437,TXN00007105,USR45914,MCH3247,,Wrong Amount,AMOUNT_MISMATCH,Payment made to unknown merchant as per customer statement. details missing,PENDING_BANK,MEDIUM,CALL_CENTER,2026-03-27 21:16:00,2026-03-27 00:00:00,2026-04-10 00:00:00,True,False,False,False,False,False,False,False
CBK0000245,TXN00010561,USR45218,MCH8515,865.55,incorrect amount,AMOUNT_MISMATCH,Customer says amount was debited twice.,RESOLVED,LOW,CHATBOT,2026-02-06 00:00:00,2026-02-05 03:39:40,,False,False,False,False,False,True,False,False
CBK0001410,TXN00012186,USR14130,MCH6048,4466.44,scam,FRAUD,User says UPI PIN was not entered by them.,IN_PROGRESS,LOW,IVR,2026-01-06 00:00:00,2026-01-04 00:00:00,,False,False,False,False,False,True,False,False
CBK0001558,TXN00018011,USR70587,MCH9995,550.29,amount mismatch,AMOUNT_MISMATCH,User claims account was compromised before transaction. NA,PENDING_BANK,LOW,EMAIL,2026-02-12 00:00:00,2026-02-12 15:33:24,2026-03-07 00:00:00,False,False,False,False,False,False,True,False
CBK0000610,TXN00014090,USR65211,MCH6850,848.3,Account Takeover,ACCOUNT_TAKEOVER,User says UPI PIN was not entered by them.,OPEN,MEDIUM,IVR,2026-04-01 06:38:00,2026-03-24 17:38:00,,False,False,False,False,False,True,False,False
CBK0002304,TXN00005004,USR24536,MCH6507,1095.0,Unauthorized Transaction,UNAUTHORIZED,Customer says transaction was not authorized.,RESOLVED,MEDIUM,BRANCH,,2026-02-25 16:37:09,2026-03-23 00:00:00,False,False,False,True,False,False,False,False
CBK0000205,TXN00009947,USR49302,MCH7335,,UNAUTHORISED,UNAUTHORIZED,Complaint received after multiple failed attempts.,IN_PROGRESS,CRITICAL,APP,2026-02-04 04:39:04,2026-01-24 11:39:04,2026-03-05 00:00:00,True,False,False,False,False,False,False,False
CBK0002199,TXN00083913,USR69345,MCH1289,732.0,charged twice,DUPLICATE_DEBIT,Payment made to unknown merchant as per customer statement.,PENDING_BANK,HIGH,BRANCH,2026-03-20 07:54:58,2026-03-17 20:54:58,2026-03-21 00:00:00,False,False,False,False,False,False,False,False
CBK0000096,TXN00015289,USR24926,MCH9472,2649.1,service failed,SERVICE_NOT_DELIVERED,Payment made to unknown merchant as per customer statement.,CLOSED,LOW,IVR,2026-04-05 00:00:00,2026-03-29 09:32:00,2026-04-26 00:00:00,False,False,False,False,False,False,False,False
CBK0001480,TXN00010969,USR40561,MCH9717,1918.05,merchant service issue,SERVICE_NOT_DELIVERED,Customer says amount was debited twice. call dropped,OPEN,LOW,CALL_CENTER,2026-02-20 00:00:00,2026-02-17 00:00:00,2026-03-04 00:00:00,False,False,False,False,False,False,False,False
CBK0001125,TXN00011934,USR25357,MCH8928,,service failed,SERVICE_NOT_DELIVERED,User claims account was compromised before transaction.,CLOSED,MEDIUM,CALL_CENTER,,2026-02-18 00:00:00,2026-03-06 11:31:18,True,False,False,True,False,False,False,False
CBK0000842,TXN00002437,USR58147,MCH1299,1368.83,Fraud Suspected,FRAUD,Suspicious high-value payment disputed by customer.,PENDING_BANK,HIGH,CALL_CENTER,2026-02-02 00:00:00,2026-01-27 09:34:13,2026-03-01 00:00:00,False,False,False,False,False,False,False,False
CBK0002364,TXN00001342,USR61151,MCH5245,2534.0,incorrect amount,AMOUNT_MISMATCH,Customer complaint text unclear due to poor call center notes.,IN_PROGRESS,HIGH,IVR,2026-03-03 00:00:00,2026-02-23 23:42:23,2026-03-24 09:42:23,False,False,False,False,False,False,False,False
CBK0000474,TXN00009795,USR24690,MCH8976,1506.67,double debit,DUPLICATE_DEBIT,Suspicious high-value payment disputed by customer.,RESOLVED,LOW,IVR,2026-03-27 09:12:31,2026-03-27 00:00:00,2026-04-22 00:00:00,False,False,False,False,False,False,False,False
CBK0001677,TXN00005417,USR53957,MCH2848,2380.3,delivery issue,SERVICE_NOT_DELIVERED,Payment made to unknown merchant as per customer statement.,CLOSED,MEDIUM,APP,,2026-01-02 00:00:00,2026-02-02 00:00:00,False,False,False,True,False,False,False,False
CBK0002352,TXN00009981,USR92382,MCH2075,1850.41,FRAUD,FRAUD,Customer says transaction was not authorized.,CLOSED,HIGH,CALL_CENTER,2026-03-12 00:00:00,2026-03-11 00:00:00,2026-03-28 10:00:00,False,False,False,False,False,False,False,False
CBK0000055,TXN00017357,USR15485,MCH3992,3043.82,complaint,CUSTOMER_DISPUTE,User claims account was compromised before txn.,IN_PROGRESS,CRITICAL,CHATBOT,2026-03-29 00:00:00,2026-03-27 00:00:00,,False,False,False,False,False,True,False,False
CBK0002441,TXN00007492,USR71182,MCH9948,1969.45,Duplicate Debit,DUPLICATE_DEBIT,Customer says transaction was not authorized.,OPEN,LOW,CHATBOT,2026-03-12 00:00:00,,,False,False,False,False,True,True,False,False
CBK0001193,TXN00014849,USR27328,MCH4912,2302.0,double debit,DUPLICATE_DEBIT,merchant service was not delivered after payment.,REJECTED,HIGH,BRANCH,2026-01-30 00:00:00,2026-01-19 00:00:00,2026-02-09 00:04:06,False,False,False,False,False,False,False,False
CBK0002705,TXN00005717,USR91772,MCH2757,2449.38,Wrong Amount,AMOUNT_MISMATCH,Customer complaint text unclear due to poor call center notes.,PENDING_BANK,LOW,IVR,2026-01-22 00:00:00,2026-01-19 17:45:15,2026-01-24 00:00:00,False,False,False,False,False,False,False,False
CBK0001851,TXN00006293,USR95875,MCH2065,2387.22,delivery issue,SERVICE_NOT_DELIVERED,Merchant service was not delivered after payment.,PENDING_BANK,MEDIUM,IVR,2026-03-07 00:00:00,2026-02-27 00:00:00,2026-03-30 00:00:00,False,False,False,False,False,False,False,False
CBK0002384,TXN00005874,USR26867,MCH5264,,DUP_DEBIT,DUPLICATE_DEBIT,User says UPI PIN was not entered by them.,RESOLVED,MEDIUM,EMAIL,2026-03-06 03:25:03,,2026-03-22 00:00:00,True,False,False,False,True,False,False,False
CBK0001729,TXN00002228,USR56148,MCH6141,378.3,Wrong Amount,AMOUNT_MISMATCH,User claims account was compromised before transaction.,PENDING_BANK,HIGH,CHATBOT,2026-02-13 00:00:00,2026-02-09 09:11:00,2026-03-01 00:00:00,False,False,False,False,False,False,False,False
CBK0001485,TXN00000921,USR25087,MCH2266,1585.45,service failed,SERVICE_NOT_DELIVERED,user claims account was compromised before transaction.,CLOSED,LOW,EMAIL,2026-03-08 00:00:00,2026-03-03 18:48:32,,False,False,False,False,False,True,False,False
CBK0002550,TXN00001381,USR44152,MCH1993,1001.43,incorrect amount,AMOUNT_MISMATCH,User claims account was compromised before transaction.,IN_PROGRESS,LOW,IVR,2026-03-09 00:00:00,,,False,False,False,False,True,True,False,False
CBK0001475,TXN00017932,USR30591,MCH4204,4452.54,no service,SERVICE_NOT_DELIVERED,Suspicious high-value payment disputed by customer. details missing,OPEN,CRITICAL,BRANCH,,2026-01-28 00:00:00,2026-02-23 12:38:55,False,False,False,True,False,False,False,False
CBK0000033,TXN00009708,USR97772,MCH5076,3007.22,amount mismatch,AMOUNT_MISMATCH,merchant service was not delivered after payment.,REJECTED,HIGH,IVR,2026-01-24 11:33:49,2026-01-18 00:00:00,2026-02-18 00:00:00,False,False,False,False,False,False,False,False
CBK0001804,TXN00008462,USR37261,MCH2030,-884.33,Unauthorized Transaction,UNAUTHORIZED,Customer says amount was debited twice.,REJECTED,LOW,EMAIL,2026-03-06 00:00:00,2026-03-04 19:34:51,2026-03-11 01:34:51,False,True,False,False,False,False,False,False
CBK0000724,TXN00001310,USR27947,MCH2065,2026.3,unauth txn,UNAUTHORIZED,Merchant service was not delivered after payment.,OPEN,LOW,BRANCH,2026-02-16 00:00:00,2026-02-13 06:58:57,2026-02-17 00:00:00,False,False,False,False,False,False,False,False
CBK0002240,TXN00000019,USR40246,MCH4062,377.11,suspicious transaction,FRAUD,Customer says amount was debited twice.,IN_PROGRESS,HIGH,CHATBOT,2026-03-01 01:49:00,2026-02-26 00:00:00,2026-03-08 01:49:15,False,False,False,False,False,False,False,False
CBK0001379,TXN00010182,USR52335,MCH5954,1252.47,ATO,ACCOUNT_TAKEOVER,User says UPI PIN was not entered by them.,CLOSED,LOW,BRANCH,2026-04-02 00:00:00,2026-03-31 00:00:00,2026-04-26 00:00:00,False,False,False,False,False,False,False,False
CBK0000668,TXN00011231,USR61576,MCH7063,4533.6,not done by me,UNAUTHORIZED,User reports money deducted but merchant denies receiving payment. details missing,PENDING_BANK,MEDIUM,IVR,2026-03-15 00:00:00,2026-03-19 00:00:00,2026-04-03 00:00:00,False,False,False,False,False,False,True,False
CBK0000799,TXN00012446,USR75853,MCH2771,1105.07,unauthorized_transaction,UNAUTHORIZED,Customer says transaction was not authorized.,REJECTED,MEDIUM,IVR,2026-02-03 21:34:00,2026-02-02 22:34:00,,False,False,False,False,False,True,False,False
CBK0000762,TXN00003810,USR65062,MCH5911,861.41,Merchant Not Delivered,SERVICE_NOT_DELIVERED,User reports money deducted but merchant denies receiving payment.,IN_PROGRESS,MEDIUM,IVR,2026-01-25 00:00:00,2026-01-23 00:00:00,2026-02-12 00:00:00,False,False,False,False,False,False,False,False
CBK0002241,TXN00009947,USR75572,MCH3262,,Account Takeover,ACCOUNT_TAKEOVER,Merchant service was not delivered after payment. pls check asap,OPEN,HIGH,BRANCH,2026-01-03 00:00:00,2026-01-01 00:00:00,2026-01-07 00:00:00,True,False,False,False,False,False,False,False
CBK0000120,TXN00005470,USR35882,MCH5805,881.56,complaint,CUSTOMER_DISPUTE,COMPLAINT RECEIVED AFTER MULTIPLE FAILED ATTEMPTS.,OPEN,MEDIUM,CHATBOT,2026-03-25 00:00:00,2026-03-24 00:00:00,,False,False,False,False,False,True,False,False
CBK0001486,TXN00012555,USR32962,MCH5076,2740.59,customer issue,CUSTOMER_DISPUTE,USER SAYS UPI PIN WAS NOT ENTERED BY THEM.,PENDING_BANK,LOW,IVR,,2026-01-08 00:00:00,2026-01-09 00:00:00,False,False,False,True,False,False,False,False
CBK0000278,TXN00018188,USR33934,MCH1639,609.57,customer issue,CUSTOMER_DISPUTE,Payment made to unknown merchant as per customer statement.,IN_PROGRESS,CRITICAL,BRANCH,2026-01-05 00:00:00,2026-01-03 00:00:00,2026-02-03 00:00:00,False,False,False,False,False,False,False,False
CBK0001433,TXN00011103,USR93242,MCH9047,5968.43,double debit,DUPLICATE_DEBIT,Suspicious high-value payment disputed by cust.,RESOLVED,LOW,BRANCH,2026-02-02 00:00:00,2026-01-02 23:19:14,2026-02-25 04:19:00,False,False,False,False,False,False,False,False
CBK0000423,TXN00012405,USR33721,MCH8247,1837.0,charged twice,DUPLICATE_DEBIT,User claims account was compromised before transaction.,REJECTED,MEDIUM,BRANCH,2026-02-11 00:00:00,2026-01-26 21:04:00,2026-03-12 00:00:00,False,False,False,False,False,False,False,False
CBK0001435,TXN00004594,USR40538,MCH1070,262.38,fraud,FRAUD,MERCHANT SERVICE WAS NOT DELIVERED AFTER PAYMENT.,IN_PROGRESS,LOW,IVR,2026-01-16 21:36:00,2026-01-16 00:00:00,2026-02-02 00:00:00,False,False,False,False,False,False,False,False
CBK0001616,TXN00009207,USR49823,MCH8953,4915.0,Wrong Amount,AMOUNT_MISMATCH,Suspicious high-value payment disputed by customer.,OPEN,HIGH,CHATBOT,2026-02-06 00:00:00,2026-02-04 00:00:00,,False,False,False,False,False,True,False,False
CBK0001552,TXN00014793,USR10598,MCH1855,641.02,item not received,SERVICE_NOT_DELIVERED,USER CLAIMS ACCOUNT WAS COMPROMISED BEFORE TRANSACTION.,IN_PROGRESS,HIGH,CHATBOT,2026-01-23 00:00:00,2026-01-21 18:47:00,2026-02-02 00:00:00,False,False,False,False,False,False,False,False
CBK0002116,TXN00018024,USR18423,MCH9655,,Merchant Not Delivered,SERVICE_NOT_DELIVERED,user says upi pin was not entered by them.,CLOSED,MEDIUM,CHATBOT,2026-02-28 00:00:00,2026-02-26 02:31:01,2026-03-21 21:31:01,True,False,False,False,False,False,False,False
CBK0001293,TXN00010530,USR99535,MCH4181,7652.76,DUP_DEBIT,DUPLICATE_DEBIT,User claims account was compromised before transaction.,PENDING_BANK,HIGH,APP,2026-03-24 20:14:15,2026-03-21 18:14:15,2026-04-21 00:00:00,False,False,False,False,False,False,False,False
CBK0000110,TXN00005150,USR19275,MCH7578,2477.97,account hacked,ACCOUNT_TAKEOVER,Customer complaint text unclear due to poor call center notes.,REJECTED,MEDIUM,CALL_CENTER,2026-01-01 00:00:00,2026-01-03 00:00:00,2026-01-20 18:56:14,False,False,False,False,False,False,True,False
CBK0000851,TXN00015265,USR52830,MCH1188,9117.57,scam,FRAUD,User says UPI PIN was not entered by them.,CLOSED,MEDIUM,IVR,2026-02-05 00:00:00,2026-02-01 00:00:00,2026-02-18 00:00:00,False,False,False,False,False,False,False,False
CBK0000664,TXN00014659,USR74769,MCH9010,1093.6,Unauthorized Transaction,UNAUTHORIZED,suspicious high-value payment disputed by customer.,OPEN,CRITICAL,APP,2026-03-15 22:53:00,2026-03-12 13:53:38,2026-03-21 00:00:00,False,False,False,False,False,False,False,False
CBK0000737,TXN00008826,USR85122,MCH9786,1347.43,login compromised,ACCOUNT_TAKEOVER,Complaint received after multiple failed attempts.,OPEN,LOW,EMAIL,2026-01-24 00:00:00,2026-01-14 00:00:00,,False,False,False,False,False,True,False,False
CBK0001284,TXN00000281,USR46321,MCH9422,-1426.33,item not received,SERVICE_NOT_DELIVERED,User claims account was compromised before transaction.,REJECTED,HIGH,CALL_CENTER,,2026-01-10 00:00:00,2026-02-11 00:00:00,False,True,False,True,False,False,False,False
CBK0002010,TXN00008590,USR58106,MCH9878,2830.0,incorrect amount,AMOUNT_MISMATCH,User claims account was compromised before transaction.,OPEN,MEDIUM,EMAIL,2026-02-06 00:00:00,2026-02-01 00:00:00,2026-03-04 16:37:00,False,False,False,False,False,False,False,False
CBK0002245,,USR77262,MCH9007,279.0,double debit,DUPLICATE_DEBIT,Payment made to unknown merchant as per cust statement.,IN_PROGRESS,MEDIUM,CHATBOT,2026-03-13 07:52:00,,,False,False,True,False,True,True,False,False
CBK0002235,TXN00009348,USR81487,MCH6056,2309.36,double debit,DUPLICATE_DEBIT,CUSTOMER SAYS AMOUNT WAS DEBITED TWICE.,IN_PROGRESS,LOW,CHATBOT,2026-05-01 00:00:00,2026-03-17 00:00:00,,False,False,False,False,False,True,False,False
CBK0001762,TXN00011289,USR14871,MCH4080,1035.0,item not received,SERVICE_NOT_DELIVERED,User reports money deducted but merchant denies receiving payment.,IN_PROGRESS,HIGH,BRANCH,2026-02-27 00:00:00,2026-02-19 00:00:00,2026-03-22 04:25:49,False,False,False,False,False,False,False,False
CBK0001604,TXN00019626,USR38245,MCH7973,781.0,fraud,FRAUD,Suspicious high-value payment disputed by customer.,REJECTED,MEDIUM,EMAIL,2026-02-13 00:00:00,2026-02-09 00:00:00,,False,False,False,False,False,True,False,False
CBK0002182,TXN00015499,USR22939,MCH5631,1792.1,delivery issue,SERVICE_NOT_DELIVERED,Customer says transaction was not authorized.,IN_PROGRESS,LOW,IVR,2026-03-14 00:00:00,2026-03-11 06:34:26,,False,False,False,False,False,True,False,False
CBK0000904,,USR46902,MCH9120,,Wrong Amount,AMOUNT_MISMATCH,Suspicious high-value payment disputed by customer.,IN_PROGRESS,LOW,CHATBOT,2026-03-26 19:54:00,2026-03-24 00:00:00,2026-04-10 19:54:00,True,False,True,False,False,False,False,False
CBK0002381,TXN00011829,USR54103,MCH7837,,suspicious transaction,FRAUD,Customer says transaction was not authorized.,OPEN,HIGH,CALL_CENTER,2026-01-19 00:00:00,,2026-01-28 00:00:00,True,False,False,False,True,False,False,False
CBK0000835,TXN00016557,USR82094,MCH3363,3670.72,account hacked,ACCOUNT_TAKEOVER,User claims account was compromised before transaction. pls check asap,PENDING_BANK,MEDIUM,CALL_CENTER,2026-03-31 11:25:32,2026-03-20 00:00:00,,False,False,False,False,False,True,False,False
CBK0000403,TXN00014814,USR43455,MCH2055,7081.78,charged twice,DUPLICATE_DEBIT,Payment made to unknown merchant as per customer statement.,IN_PROGRESS,LOW,CALL_CENTER,,2026-02-14 16:05:00,2026-03-07 11:05:00,False,False,False,True,False,False,False,False
CBK0000426,TXN00001222,USR40061,MCH7377,10359.87,service failed,SERVICE_NOT_DELIVERED,User reports money deducted but merchant denies receiving payment.,OPEN,MEDIUM,EMAIL,2026-02-13 02:39:13,2026-01-13 00:00:00,,False,False,False,False,False,True,False,False
CBK0002539,TXN00001614,USR85040,MCH7599,13495.0,merchant service issue,SERVICE_NOT_DELIVERED,customer says amount was debited twice.,PENDING_BANK,LOW,IVR,2026-02-04 00:00:00,2026-02-02 01:33:00,,False,False,False,False,False,True,False,False
CBK0000672,TXN00094670,USR23466,MCH2383,33780.71,charged twice,DUPLICATE_DEBIT,MERCHANT SERVICE WAS NOT DELIVERED AFTER PAYMENT.,IN_PROGRESS,LOW,EMAIL,2026-03-19 00:00:00,,,False,False,False,False,True,True,False,False
CBK0000170,TXN00016286,USR62841,MCH6175,800.41,unauthorized_transaction,UNAUTHORIZED,customer says transaction was not authorized.,IN_PROGRESS,MEDIUM,IVR,,2026-01-26 00:00:00,,False,False,False,True,False,True,False,False
CBK0000632,TXN00016316,USR44482,MCH7297,5742.0,dispute raised,CUSTOMER_DISPUTE,User says UPI PIN was not entered by them.,RESOLVED,LOW,CALL_CENTER,2026-01-13 00:00:00,2026-01-10 00:00:00,2026-01-27 00:00:00,False,False,False,False,False,False,False,False
CBK0002133,TXN00010760,USR68349,MCH2383,1471.98,complaint,CUSTOMER_DISPUTE,Customer complaint text unclear due to poor call center notes.,IN_PROGRESS,MEDIUM,BRANCH,2026-01-17 03:43:00,,2026-02-04 00:00:00,False,False,False,False,True,False,False,False
CBK0001183,TXN00017897,USR88749,MCH7263,1234.0,dispute raised,CUSTOMER_DISPUTE,Customer complaint text unclear due to poor call center notes.,RESOLVED,MEDIUM,BRANCH,2026-01-27 22:56:59,2026-01-25 00:00:00,2026-02-17 22:56:00,False,False,False,False,False,False,False,False
CBK0000342,TXN00004782,USR30157,MCH5825,779.81,customer issue,CUSTOMER_DISPUTE,Customer complaint text unclear due to poor call center notes.,REJECTED,MEDIUM,CALL_CENTER,2026-01-26 00:00:00,2026-01-23 00:00:00,2026-02-07 00:00:00,False,False,False,False,False,False,False,False
CBK0001451,TXN00003075,USR13134,MCH6033,2267.96,extra amount deducted,AMOUNT_MISMATCH,User claims account was compromised before transaction.,OPEN,LOW,EMAIL,2026-02-03 00:00:00,2026-01-19 00:00:00,2026-02-12 00:00:00,False,False,False,False,False,False,False,False
CBK0002072,TXN00004967,USR42423,MCH8097,-952.74,charged twice,DUPLICATE_DEBIT,Suspicious high-value payment disputed by customer.,RESOLVED,LOW,CALL_CENTER,2026-02-24 07:46:00,2026-02-21 04:46:00,,False,True,False,False,False,True,False,False
CBK0002486,TXN00007604,USR66432,MCH6076,440.35,delivery issue,SERVICE_NOT_DELIVERED,Merchant service was not delivered after payment.,OPEN,MEDIUM,CHATBOT,2026-02-20 00:00:00,2026-02-14 20:40:00,2026-03-22 18:40:38,False,False,False,False,False,False,False,False
CBK0001104,TXN00007230,USR60004,MCH8097,4334.18,scam,FRAUD,Suspicious high-value payment disputed by customer.,RESOLVED,CRITICAL,APP,2026-03-22 00:00:00,2026-03-21 00:00:00,,False,False,False,False,False,True,False,False
CBK0000824,TXN00078658,USR57147,MCH4226,2283.69,extra amount deducted,AMOUNT_MISMATCH,User says UPI PIN was not entered by them.,CLOSED,CRITICAL,IVR,2026-03-01 00:00:00,2026-02-18 00:00:00,2026-03-25 00:00:00,False,False,False,False,False,False,False,False
CBK0000049,TXN00009231,USR41135,MCH3165,669.96,scam,FRAUD,Customer complaint text unclear due to poor call center notes.,IN_PROGRESS,LOW,BRANCH,,2026-03-11 00:00:00,2026-04-18 00:00:00,False,False,False,True,False,False,False,False
CBK0000576,TXN00019045,USR84127,MCH4763,4841.06,unauthorized_transaction,UNAUTHORIZED,customer complaint text unclear due to poor call center notes.,PENDING_BANK,MEDIUM,BRANCH,2026-02-16 00:00:00,2026-02-13 00:00:00,2026-02-21 00:00:00,False,False,False,False,False,False,False,False
CBK0001936,TXN00016714,USR63167,MCH9457,,complaint,CUSTOMER_DISPUTE,suspicious high-value payment disputed by customer.,PENDING_BANK,MEDIUM,IVR,2026-01-12 00:00:00,2026-01-09 00:00:00,2026-02-07 00:00:00,True,False,False,False,False,False,False,False
CBK0000103,TXN00008797,USR69455,MCH2902,980.58,account hacked,ACCOUNT_TAKEOVER,User says UPI PIN was not entered by them.,PENDING_BANK,MEDIUM,IVR,2026-03-31 00:00:00,2026-03-29 03:22:50,2026-04-02 00:00:00,False,False,False,False,False,False,False,False
CBK0001724,TXN00001257,USR18577,MCH5237,2576.33,Fraud Suspected,FRAUD,customer says transaction was not authorized.,CLOSED,LOW,IVR,2026-02-07 03:04:41,2026-02-06 00:00:00,2026-03-01 00:00:00,False,False,False,False,False,False,False,False
CBK0000243,TXN00006922,USR46902,MCH2461,-1272.25,suspicious transaction,FRAUD,User claims account was compromised before transaction.,CLOSED,LOW,APP,2026-02-15 00:00:00,2026-02-13 00:00:00,2026-02-17 00:00:00,False,True,False,False,False,False,False,False
CBK0000515,TXN00005131,USR30157,MCH8694,9968.68,customer issue,CUSTOMER_DISPUTE,Payment made to unknown merchant as per customer statement.,OPEN,MEDIUM,CHATBOT,2026-02-09 07:20:00,,,False,False,False,False,True,True,False,False
CBK0002691,TXN00002791,USR22598,MCH2822,15201.89,service failed,SERVICE_NOT_DELIVERED,Customer says transaction was not authorized.,OPEN,CRITICAL,IVR,2026-02-11 00:00:00,2026-01-27 20:56:14,2026-02-23 20:56:14,False,False,False,False,False,False,False,False
CBK0001254,TXN00015085,USR72505,MCH4244,3569.92,charged twice,DUPLICATE_DEBIT,COMPLAINT RECEIVED AFTER MULTIPLE FAILED ATTEMPTS.,OPEN,LOW,BRANCH,2026-03-26 22:03:00,2026-03-23 07:03:00,,False,False,False,False,False,True,False,False
CBK0002569,TXN00012026,USR10288,MCH8779,4655.0,Account Takeover,ACCOUNT_TAKEOVER,Payment made to unknown merchant as per customer statement.,REJECTED,LOW,APP,,2026-01-12 00:00:00,2026-01-25 00:00:00,False,False,False,True,False,False,False,False
CBK0000912,TXN00017717,USR72474,MCH8508,24414.54,suspicious transaction,FRAUD,Complaint received after multiple failed attempts.,OPEN,LOW,EMAIL,2026-02-21 00:00:00,2026-02-19 00:00:00,2026-03-11 00:00:00,False,False,False,False,False,False,False,False
CBK0000379,TXN00005013,USR11871,MCH1785,1946.17,Wrong Amount,AMOUNT_MISMATCH,User claims account was compromised before transaction.,OPEN,LOW,APP,2026-02-12 17:37:06,2026-02-09 22:37:06,2026-03-10 00:00:00,False,False,False,False,False,False,False,False
CBK0000529,TXN00016687,USR79572,MCH6500,15660.34,Merchant Not Delivered,SERVICE_NOT_DELIVERED,User reports money deducted but merchant denies receiving payment.,CLOSED,MEDIUM,IVR,2026-01-11 00:00:00,2026-01-10 12:15:27,,False,False,False,False,False,True,False,False
CBK0001805,TXN00007244,USR76141,MCH3777,3040.89,Account Takeover,ACCOUNT_TAKEOVER,User claims account was compromised before transaction.,IN_PROGRESS,HIGH,CHATBOT,2026-03-27 22:50:39,2026-03-25 00:00:00,2026-04-19 00:00:00,False,False,False,False,False,False,False,False
CBK0000881,TXN00009647,USR95891,MCH5076,,merchant service issue,SERVICE_NOT_DELIVERED,User reports money deducted but merchant denies receiving payment.,IN_PROGRESS,MEDIUM,IVR,2026-04-01 00:00:00,2026-03-28 00:00:00,2026-04-03 01:09:00,True,False,False,False,False,False,False,False
CBK0001009,TXN00016326,USR34963,MCH9568,905.23,incorrect amount,AMOUNT_MISMATCH,user claims account was compromised before transaction.,IN_PROGRESS,LOW,CHATBOT,2026-03-15 00:00:00,2026-03-13 00:00:00,2026-04-12 00:00:00,False,False,False,False,False,False,False,False
CBK0002707,TXN00010218,USR11076,MCH7833,694.0,delivery issue,SERVICE_NOT_DELIVERED,user reports money deducted but merchant denies receiving payment.,CLOSED,MEDIUM,BRANCH,2026-01-30 06:18:41,,2026-03-01 06:18:00,False,False,False,False,True,False,False,False
CBK0001445,TXN00003088,USR27045,MCH4407,1019.25,Fraud Suspected,FRAUD,User says UPI PIN was not entered by them.,OPEN,MEDIUM,APP,2026-01-16 00:00:00,2026-01-13 00:00:00,2026-02-10 00:00:00,False,False,False,False,False,False,False,False
CBK0001702,TXN00003610,USR66677,MCH8953,6753.79,DUP_DEBIT,DUPLICATE_DEBIT,MERCHANT SERVICE WAS NOT DELIVERED AFTER PAYMENT.,CLOSED,LOW,IVR,2026-02-03 00:00:00,2026-01-30 00:00:00,2026-02-04 00:00:00,False,False,False,False,False,False,False,False
CBK0002518,TXN00001703,USR36969,MCH3491,1926.45,not delivered,SERVICE_NOT_DELIVERED,User reports money deducted but merchant denies receiving payment.,IN_PROGRESS,MEDIUM,EMAIL,2026-03-19 00:00:00,2026-03-13 00:00:00,,False,False,False,False,False,True,False,False
CBK0001694,TXN00051122,USR46938,MCH9841,348.47,Wrong Amount,AMOUNT_MISMATCH,Customer says amount was debited twice.,REJECTED,LOW,EMAIL,2026-03-18 00:00:00,2026-03-02 00:00:00,2026-03-25 00:00:00,False,False,False,False,False,False,False,False
CBK0000043,TXN00015200,USR15181,MCH4051,,incorrect amount,AMOUNT_MISMATCH,complaint received after multiple failed attempts.,RESOLVED,LOW,IVR,2026-02-15 00:00:00,2026-02-12 05:01:35,2026-03-08 00:00:00,True,False,False,False,False,False,False,False
CBK0002493,TXN00014670,USR79511,MCH9179,1969.23,unauth txn,UNAUTHORIZED,Merchant service was not delivered after payment.,IN_PROGRESS,MEDIUM,IVR,2026-03-19 00:00:00,2026-03-13 00:00:00,2026-04-17 00:00:00,False,False,False,False,False,False,False,False
CBK0002402,TXN00015883,USR71704,MCH9745,2183.47,no service,SERVICE_NOT_DELIVERED,Suspicious high-value payment disputed by customer.,CLOSED,MEDIUM,CALL_CENTER,2026-01-19 00:00:00,2026-01-08 00:00:00,,False,False,False,False,False,True,False,False
CBK0000530,TXN00013623,USR83977,MCH7491,5881.5,Duplicate Debit,DUPLICATE_DEBIT,Customer complaint text unclear due to poor call center notes.,REJECTED,HIGH,CHATBOT,2026-03-25 00:00:00,2026-03-23 13:39:00,2026-04-01 00:00:00,False,False,False,False,False,False,False,False
CBK0001362,TXN00003264,USR32927,MCH3566,1771.56,not delivered,SERVICE_NOT_DELIVERED,User says UPI PIN was not entered by them.,IN_PROGRESS,HIGH,EMAIL,2026-02-28 00:00:00,2026-02-25 05:34:00,2026-03-11 00:34:58,False,False,False,False,False,False,False,False
CBK0000844,TXN00012434,USR60718,MCH5451,2898.89,merchant service issue,SERVICE_NOT_DELIVERED,Customer says transaction was not authorized.,REJECTED,MEDIUM,CHATBOT,2026-02-26 16:33:00,,2026-03-09 00:00:00,False,False,False,False,True,False,False,False
CBK0000560,,USR33142,MCH4991,3235.8,account hacked,ACCOUNT_TAKEOVER,Payment made to unknown merchant as per customer statement.,RESOLVED,HIGH,CHATBOT,2026-03-08 00:00:00,2026-03-07 20:06:00,2026-03-11 00:00:00,False,False,True,False,False,False,False,False
CBK0001906,TXN00005849,USR68355,MCH6716,-2213.96,Duplicate Debit,DUPLICATE_DEBIT,customer says amount was debited twice.,RESOLVED,MEDIUM,CALL_CENTER,2026-04-02 04:29:55,2026-03-31 00:00:00,2026-04-12 00:00:00,False,True,False,False,False,False,False,False
CBK0001073,TXN00004089,USR33934,MCH1529,493.48,dispute raised,CUSTOMER_DISPUTE,Merchant service was not delivered after payment.,RESOLVED,LOW,CALL_CENTER,2026-01-30 16:41:27,2026-01-25 00:00:00,2026-02-12 00:00:00,False,False,False,False,False,False,False,False
CBK0000917,TXN00010215,USR71348,MCH2938,6899.7,delivery issue,SERVICE_NOT_DELIVERED,User says UPI PIN was not entered by them.,PENDING_BANK,MEDIUM,CHATBOT,2026-02-01 23:51:18,2026-01-22 00:00:00,2026-02-28 00:00:00,False,False,False,False,False,False,False,False
CBK0001579,TXN00013935,USR67399,MCH5294,1513.85,incorrect amount,AMOUNT_MISMATCH,User reports money deducted but merchant denies receiving payment.,PENDING_BANK,LOW,APP,,2026-01-30 00:00:00,2026-02-23 00:00:00,False,False,False,True,False,False,False,False
CBK0001324,TXN00002901,USR43702,MCH2167,668.0,FRAUD,FRAUD,Suspicious high-value payment disputed by customer.,OPEN,MEDIUM,CHATBOT,2026-03-29 00:00:00,2026-03-19 00:00:00,,False,False,False,False,False,True,False,False
CBK0001788,TXN00016160,USR74134,MCH4181,604.17,DUP_DEBIT,DUPLICATE_DEBIT,User says UPI PIN was not entered by them.,CLOSED,MEDIUM,IVR,2026-02-05 04:45:43,2026-01-25 00:00:00,2026-02-11 04:45:00,False,False,False,False,False,False,False,False
CBK0000717,TXN00011204,USR82688,MCH4181,,item not received,SERVICE_NOT_DELIVERED,Customer says transaction was not authorized.,REJECTED,HIGH,APP,,2026-03-04 00:00:00,2026-03-19 06:54:31,True,False,False,True,False,False,False,False
CBK0002271,TXN00012860,USR27755,MCH6850,4626.0,account hacked,ACCOUNT_TAKEOVER,User reports money deducted but merchant denies receiving payment.,PENDING_BANK,LOW,APP,2026-01-30 23:27:37,2026-01-27 00:00:00,2026-02-10 23:27:37,False,False,False,False,False,False,False,False
CBK0002524,TXN00010461,USR72734,MCH2390,300.44,extra amount deducted,AMOUNT_MISMATCH,Suspicious high-value payment disputed by customer.,OPEN,LOW,IVR,,2026-03-14 02:52:00,,False,False,False,True,False,True,False,False
CBK0000268,TXN00000069,USR16371,MCH5588,985.19,extra amount deducted,AMOUNT_MISMATCH,Merchant service was not delivered after payment.,PENDING_BANK,CRITICAL,EMAIL,2026-03-20 00:00:00,2026-03-21 00:00:00,2026-03-20 10:09:00,False,False,False,False,False,False,True,False
CBK0000025,TXN00018011,USR73468,MCH3488,376.33,Customer Dispute,CUSTOMER_DISPUTE,COMPLAINT RECEIVED AFTER MULTIPLE FAILED ATTEMPTS.,REJECTED,HIGH,IVR,2026-01-20 00:00:00,2026-01-18 21:37:05,2026-02-12 00:00:00,False,False,False,False,False,False,False,False
CBK0002252,TXN00018705,USR30837,MCH4857,325.69,dispute raised,CUSTOMER_DISPUTE,Customer says amount was debited twice.,PENDING_BANK,LOW,EMAIL,2026-02-18 00:00:00,2026-02-13 09:40:00,2026-02-19 00:00:00,False,False,False,False,False,False,False,False
CBK0001230,TXN00015088,USR49696,MCH6914,590.13,item not received,SERVICE_NOT_DELIVERED,user reports money deducted but merchant denies receiving payment.,RESOLVED,LOW,CALL_CENTER,2026-01-18 00:00:00,2026-01-10 11:58:51,2026-02-05 00:00:00,False,False,False,False,False,False,False,False
CBK0000725,TXN00001816,USR77595,MCH4624,506.82,fraud,FRAUD,Customer says transaction was not authorized.,RESOLVED,HIGH,CHATBOT,2026-02-05 00:11:27,2026-02-03 00:00:00,2026-02-15 00:00:00,False,False,False,False,False,False,False,False
CBK0000871,TXN00014130,USR50013,MCH3815,6351.69,suspicious transaction,FRAUD,Customer says transaction was not authorized.,PENDING_BANK,MEDIUM,CHATBOT,2026-03-02 00:00:00,2026-02-24 14:55:00,2026-03-04 00:00:00,False,False,False,False,False,False,False,False
CBK0001638,TXN00016806,USR90476,MCH2266,754.9,no service,SERVICE_NOT_DELIVERED,Suspicious high-value payment disputed by customer.,CLOSED,MEDIUM,CALL_CENTER,2026-01-23 08:43:25,2026-01-23 00:00:00,2026-02-11 00:00:00,False,False,False,False,False,False,False,False
CBK0001862,TXN00015119,USR29393,MCH2677,2069.0,not delivered,SERVICE_NOT_DELIVERED,Customer says transaction was not authorized.,REJECTED,LOW,CHATBOT,,2026-01-29 00:00:00,2026-02-25 00:00:00,False,False,False,True,False,False,False,False
CBK0000953,TXN00011579,USR13025,MCH7570,4186.0,merchant service issue,SERVICE_NOT_DELIVERED,User claims account was compromised before transaction.,CLOSED,CRITICAL,CHATBOT,2026-03-18 00:00:00,2026-03-02 00:00:00,2026-04-13 00:00:00,False,False,False,False,False,False,False,False
CBK0001597,TXN00014374,USR80134,MCH4854,1445.01,unauth txn,UNAUTHORIZED,Complaint received after multiple failed attempts.,RESOLVED,LOW,BRANCH,2026-02-06 00:00:00,2026-02-06 00:00:00,,False,False,False,False,False,True,False,False
CBK0000870,TXN00013994,USR44954,MCH7833,522.4,DUP_DEBIT,DUPLICATE_DEBIT,User says UPI PIN was not entered by them.,REJECTED,MEDIUM,IVR,2026-02-11 00:00:00,,2026-02-25 02:46:35,False,False,False,False,True,False,False,False
CBK0000954,TXN00009961,USR59679,MCH7079,983.39,Customer Dispute,CUSTOMER_DISPUTE,Merchant service was not delivered after payment.,PENDING_BANK,LOW,IVR,2026-03-16 00:00:00,2026-03-14 09:02:40,2026-04-12 00:00:00,False,False,False,False,False,False,False,False
CBK0001048,TXN00006989,USR32480,MCH4181,1796.19,FRAUD,FRAUD,Suspicious high-value payment disputed by customer.,PENDING_BANK,MEDIUM,IVR,2026-04-02 00:00:00,2026-03-31 00:00:00,2026-04-27 00:00:00,False,False,False,False,False,False,False,False
CBK0001910,TXN00015728,USR83310,MCH3536,791.9,Fraud Suspected,FRAUD,Customer complaint text unclear due to poor call center notes.,REJECTED,LOW,EMAIL,2026-01-28 00:00:00,2026-01-24 00:00:00,2026-02-06 18:00:46,False,False,False,False,False,False,False,False
CBK0000098,TXN00003777,USR36855,MCH7866,177.16,item not received,SERVICE_NOT_DELIVERED,Customer complaint text unclear due to poor call center notes.,PENDING_BANK,MEDIUM,APP,2026-01-14 00:00:00,2026-01-12 00:00:00,2026-01-17 20:23:00,False,False,False,False,False,False,False,False
CBK0002471,TXN00004346,USR67181,MCH1914,2582.05,fraud,FRAUD,Suspicious high-value payment disputed by customer.,REJECTED,LOW,CALL_CENTER,2026-02-02 03:10:00,2026-01-27 00:00:00,,False,False,False,False,False,True,False,False
CBK0002636,TXN00019539,USR51854,MCH1037,671.14,dispute raised,CUSTOMER_DISPUTE,Complaint received after multiple failed attempts.,PENDING_BANK,LOW,BRANCH,2026-03-12 00:00:00,2026-03-10 00:00:00,,False,False,False,False,False,True,False,False
CBK0001913,TXN00010478,USR46902,MCH9912,2872.74,account hacked,ACCOUNT_TAKEOVER,suspicious high-value payment disputed by customer.,IN_PROGRESS,MEDIUM,EMAIL,2026-03-13 00:00:00,2026-03-16 00:00:00,2026-03-31 00:00:00,False,False,False,False,False,False,True,False
CBK0001514,TXN00017992,USR36766,MCH3815,1134.77,incorrect amount,AMOUNT_MISMATCH,Customer says amount was debited twice.,REJECTED,LOW,CHATBOT,,2026-02-12 00:00:00,2026-02-25 00:00:00,False,False,False,True,False,False,False,False
CBK0000255,TXN00008054,USR91954,MCH2417,472.22,Duplicate Debit,DUPLICATE_DEBIT,suspicious high-value payment disputed by customer.,REJECTED,HIGH,BRANCH,2026-03-24 11:29:00,2026-03-22 00:00:00,2026-04-07 00:00:00,False,False,False,False,False,False,False,False
CBK0000802,TXN00019956,USR41434,MCH1767,503.49,no service,SERVICE_NOT_DELIVERED,User claims account was compromised before transaction.,PENDING_BANK,LOW,IVR,2026-03-09 00:00:00,2026-03-06 00:28:00,,False,False,False,False,False,True,False,False
CBK0001917,TXN00019782,USR15741,MCH5222,2150.18,delivery issue,SERVICE_NOT_DELIVERED,Customer says amount was debited twice.,REJECTED,HIGH,IVR,2026-01-28 00:00:00,2026-01-26 00:00:00,2026-02-19 00:43:29,False,False,False,False,False,False,False,False
CBK0002006,TXN00008821,USR51720,MCH8701,2136.49,Fraud Suspected,FRAUD,complaint received after multiple failed attempts.,IN_PROGRESS,LOW,BRANCH,2026-03-24 00:00:00,2026-02-21 00:00:00,2026-04-04 00:00:00,False,False,False,False,False,False,False,False
CBK0002151,TXN00009818,USR97580,MCH2800,2614.31,not done by me,UNAUTHORIZED,User claims account was compromised before transaction. NA,IN_PROGRESS,MEDIUM,CHATBOT,2026-01-17 00:00:00,2026-01-16 07:14:35,,False,False,False,False,False,True,False,False
CBK0002043,TXN00009451,USR14683,MCH5344,3711.97,Customer Dispute,CUSTOMER_DISPUTE,CUSTOMER SAYS TRANSACTION WAS NOT AUTHORIZED.,PENDING_BANK,MEDIUM,CHATBOT,2026-03-06 01:22:00,2026-02-26 19:22:00,,False,False,False,False,False,True,False,False
CBK0001861,TXN00008377,USR29849,MCH5427,1274.95,Unauthorized Transaction,UNAUTHORIZED,Payment made to unknown merchant as per customer statement.,IN_PROGRESS,MEDIUM,IVR,,,2026-03-31 00:00:00,False,False,False,True,True,False,False,False
CBK0002295,TXN00011080,USR86500,MCH1485,3444.75,no service,SERVICE_NOT_DELIVERED,Merchant service was not delivered after payment.,RESOLVED,MEDIUM,CHATBOT,2026-03-28 00:00:00,2026-03-27 00:15:00,2026-04-25 13:15:25,False,False,False,False,False,False,False,False
CBK0001901,TXN00014122,USR98061,MCH7055,440.57,customer issue,CUSTOMER_DISPUTE,CUSTOMER SAYS TRANSACTION WAS NOT AUTHORIZED.,RESOLVED,MEDIUM,CALL_CENTER,2026-03-15 16:03:17,2026-02-28 00:00:00,2026-04-11 16:03:17,False,False,False,False,False,False,False,False
CBK0000699,TXN00035789,USR17657,MCH1670,1813.99,double debit,DUPLICATE_DEBIT,Suspicious high-value payment disputed by customer.,RESOLVED,LOW,CHATBOT,2026-03-08 00:00:00,2026-03-06 00:00:00,,False,False,False,False,False,True,False,False
CBK0000405,TXN00010731,USR66391,MCH4181,1916.0,scam,FRAUD,User reports money deducted but merchant denies receiving payment.,RESOLVED,LOW,CHATBOT,2026-02-28 00:00:00,2026-02-26 18:04:00,,False,False,False,False,False,True,False,False
CBK0001374,TXN00085698,USR29467,MCH4473,551.1,dispute raised,CUSTOMER_DISPUTE,complaint received after multiple failed attempts.,PENDING_BANK,HIGH,IVR,2026-01-23 03:07:30,2026-01-20 20:07:30,2026-02-15 00:00:00,False,False,False,False,False,False,False,False
CBK0000143,TXN00059408,USR34207,MCH9423,8028.0,not done by me,UNAUTHORIZED,Suspicious high-value payment disputed by cust.,PENDING_BANK,HIGH,APP,2026-03-25 00:00:00,2026-03-20 00:00:00,2026-04-20 00:00:00,False,False,False,False,False,False,False,False
CBK0002488,TXN00002926,USR83342,MCH8398,407.36,Account Takeover,ACCOUNT_TAKEOVER,Payment made to unknown merchant as per customer statement.,CLOSED,CRITICAL,BRANCH,2026-02-20 00:00:00,2026-02-17 14:21:10,2026-03-15 11:21:00,False,False,False,False,False,False,False,False
CBK0002319,TXN00011383,USR79596,MCH3966,1933.11,extra amount deducted,AMOUNT_MISMATCH,USER REPORTS MONEY DEDUCTED BUT MERCHANT DENIES RECEIVING PAYMENT.,CLOSED,MEDIUM,BRANCH,2026-03-23 09:22:00,2026-03-22 00:00:00,2026-04-13 09:22:44,False,False,False,False,False,False,False,False
CBK0002720,TXN00010672,USR87829,MCH9344,2072.0,item not received,SERVICE_NOT_DELIVERED,Customer complaint text unclear due to poor call center notes.,CLOSED,MEDIUM,CHATBOT,2026-02-14 00:00:00,2026-02-12 21:52:01,2026-02-18 17:52:00,False,False,False,False,False,False,False,False
CBK0000144,TXN00006125,USR91671,MCH4943,2573.59,no service,SERVICE_NOT_DELIVERED,Merchant service was not delivered after payment. pls check asap,CLOSED,HIGH,CHATBOT,2026-03-12 00:00:00,2026-03-06 23:07:46,2026-04-08 00:00:00,False,False,False,False,False,False,False,False
CBK0002039,TXN00005346,USR68277,MCH2065,-5067.95,not done by me,UNAUTHORIZED,Complaint received after multiple failed attempts.,IN_PROGRESS,MEDIUM,CHATBOT,2026-01-27 02:10:02,2026-01-25 00:00:00,,False,True,False,False,False,True,False,False
CBK0002476,TXN00056546,USR63172,MCH4667,,extra amount deducted,AMOUNT_MISMATCH,User says UPI PIN was not entered by them.,IN_PROGRESS,MEDIUM,IVR,2026-03-14 00:00:00,2026-03-11 00:00:00,2026-03-22 00:00:00,True,False,False,False,False,False,False,False
CBK0000649,TXN00019659,USR74992,MCH8779,2545.52,no service,SERVICE_NOT_DELIVERED,Payment made to unknown merchant as per cust statement.,CLOSED,MEDIUM,IVR,2026-03-10 00:00:00,2026-03-04 00:00:00,2026-03-19 13:25:24,False,False,False,False,False,False,False,False
CBK0001419,TXN00003304,USR91108,MCH2574,6448.11,login compromised,ACCOUNT_TAKEOVER,Payment made to unknown merchant as per cust statement.,CLOSED,MEDIUM,BRANCH,2026-01-11 00:00:00,2026-01-07 00:00:00,2026-02-06 00:00:00,False,False,False,False,False,False,False,False
CBK0000680,TXN00006440,USR32302,MCH2383,6058.0,amount mismatch,AMOUNT_MISMATCH,Payment made to unknown merchant as per customer statement.,OPEN,LOW,APP,2026-03-16 23:47:02,2026-03-11 00:00:00,2026-03-17 00:00:00,False,False,False,False,False,False,False,False
CBK0001400,TXN00013909,USR85655,MCH5170,836.05,ATO,ACCOUNT_TAKEOVER,Merchant service was not delivered after payment.,REJECTED,CRITICAL,CALL_CENTER,2026-03-14 13:46:00,2026-03-14 09:46:00,,False,False,False,False,False,True,False,False
CBK0002631,TXN00010422,USR63280,MCH9480,2144.03,FRAUD,FRAUD,Payment made to unknown merchant as per customer statement.,REJECTED,MEDIUM,IVR,2026-03-16 00:00:00,2026-03-21 00:00:00,2026-04-15 00:00:00,False,False,False,False,False,False,True,False
CBK0000134,TXN00007757,USR87362,MCH3332,-2328.13,Merchant Not Delivered,SERVICE_NOT_DELIVERED,Suspicious high-value payment disputed by customer.,OPEN,HIGH,BRANCH,2026-03-24 00:00:00,2026-03-19 00:00:00,2026-04-15 22:34:56,False,True,False,False,False,False,False,False
CBK0002742,TXN00015781,USR70003,MCH5954,3126.09,Account Takeover,ACCOUNT_TAKEOVER,User says UPI PIN was not entered by them.,IN_PROGRESS,MEDIUM,APP,2026-02-20 00:00:00,2026-02-10 00:00:00,2026-03-15 04:14:07,False,False,False,False,False,False,False,False
CBK0001184,TXN00010902,USR62254,MCH4226,3801.16,dispute raised,CUSTOMER_DISPUTE,Complaint received after multiple failed attempts.,REJECTED,MEDIUM,APP,2026-03-06 03:53:28,2026-03-03 00:00:00,2026-04-01 00:00:00,False,False,False,False,False,False,False,False
CBK0002704,TXN00013438,USR19231,MCH9625,532.41,ATO,ACCOUNT_TAKEOVER,Customer complaint text unclear due to poor call center notes.,CLOSED,MEDIUM,CHATBOT,2026-01-05 00:00:00,2026-01-05 00:00:00,2026-01-15 00:00:00,False,False,False,False,False,False,False,False
CBK0001780,TXN00012392,USR78095,MCH8798,687.06,scam,FRAUD,Customer says amount was debited twice.,IN_PROGRESS,MEDIUM,EMAIL,2026-03-22 00:00:00,2026-03-19 09:14:00,,False,False,False,False,False,True,False,False
CBK0001081,TXN00019947,USR35882,MCH7833,3167.22,UNAUTHORISED,UNAUTHORIZED,Customer says transaction was not authorized.,IN_PROGRESS,MEDIUM,EMAIL,2026-01-07 00:00:00,2026-01-05 00:00:00,,False,False,False,False,False,True,False,False
CBK0001043,TXN00017300,USR36485,MCH4326,2554.87,Duplicate Debit,DUPLICATE_DEBIT,User says UPI PIN was not entered by them.,PENDING_BANK,HIGH,BRANCH,2026-02-16 00:00:00,2026-02-14 17:44:04,,False,False,False,False,False,True,False,False
CBK0001417,TXN00014359,USR93454,MCH6178,3642.0,Account Takeover,ACCOUNT_TAKEOVER,Payment made to unknown merchant as per customer statement.,CLOSED,LOW,CHATBOT,2026-03-02 00:00:00,2026-02-23 20:16:08,2026-03-06 00:00:00,False,False,False,False,False,False,False,False
CBK0001565,TXN00019006,USR76917,MCH2053,,merchant service issue,SERVICE_NOT_DELIVERED,customer says transaction was not authorized.,REJECTED,MEDIUM,IVR,2026-03-17 00:00:00,2026-03-20 00:00:00,,True,False,False,False,False,True,True,False
CBK0000830,TXN00007939,USR55355,MCH2375,976.66,not delivered,SERVICE_NOT_DELIVERED,Customer says amount was debited twice.,OPEN,MEDIUM,BRANCH,,2026-01-13 00:00:00,2026-01-24 00:00:00,False,False,False,True,False,False,False,False
CBK0002595,TXN00006136,USR28582,MCH5118,3785.87,not delivered,SERVICE_NOT_DELIVERED,Merchant service was not delivered after payment.,IN_PROGRESS,LOW,IVR,2026-02-14 00:00:00,,2026-03-14 00:00:00,False,False,False,False,True,False,False,False
CBK0000253,TXN00009329,USR58076,MCH4388,648.33,DUP_DEBIT,DUPLICATE_DEBIT,payment made to unknown merchant as per customer statement.,CLOSED,CRITICAL,APP,2026-02-02 00:00:00,2026-02-01 00:00:00,2026-02-25 00:00:00,False,False,False,False,False,False,False,False
CBK0001279,TXN00042287,USR83181,MCH2757,1318.76,not done by me,UNAUTHORIZED,User reports money deducted but merchant denies receiving payment.,REJECTED,MEDIUM,APP,2026-02-27 00:00:00,2026-02-24 00:00:00,2026-03-12 00:00:00,False,False,False,False,False,False,False,False
CBK0001955,TXN00018686,USR46407,MCH5510,530.01,unauthorized_transaction,UNAUTHORIZED,Customer says transaction was not authorized.,PENDING_BANK,MEDIUM,CHATBOT,2026-01-17 00:00:00,2026-01-11 17:40:36,2026-01-30 00:00:00,False,False,False,False,False,False,False,False
CBK0000119,TXN00079001,USR68410,MCH1820,5620.82,Service Not Provided,SERVICE_NOT_DELIVERED,User reports money deducted but merchant denies receiving payment.,RESOLVED,LOW,CHATBOT,2026-03-15 00:00:00,2026-03-13 00:00:00,,False,False,False,False,False,True,False,False
CBK0002049,TXN00047225,USR73797,MCH2065,,incorrect amount,AMOUNT_MISMATCH,User says UPI PIN was not entered by them.,IN_PROGRESS,LOW,CHATBOT,2026-02-05 20:41:10,2026-02-04 00:00:00,,True,False,False,False,False,True,False,False
CBK0001489,TXN00014835,USR25333,MCH5151,2565.94,unauthorized_transaction,UNAUTHORIZED,Customer says amount was debited twice.,PENDING_BANK,MEDIUM,IVR,2026-02-28 08:34:00,2026-02-25 00:00:00,,False,False,False,False,False,True,False,False
CBK0002698,TXN00019768,USR65106,MCH2472,537.48,UNAUTHORISED,UNAUTHORIZED,User claims account was compromised before transaction.,RESOLVED,HIGH,BRANCH,2026-03-31 00:00:00,2026-03-29 00:00:00,2026-04-23 16:54:00,False,False,False,False,False,False,False,False
CBK0002529,TXN00012156,USR45756,MCH6446,-1477.28,customer issue,CUSTOMER_DISPUTE,Complaint received after multiple failed attempts.,REJECTED,MEDIUM,CHATBOT,2026-02-09 14:09:00,2026-02-04 00:00:00,,False,True,False,False,False,True,False,False
CBK0001652,TXN00018423,USR89267,MCH7879,1074.0,merchant service issue,SERVICE_NOT_DELIVERED,User reports money deducted but merchant denies receiving payment.,IN_PROGRESS,HIGH,IVR,2026-02-08 16:45:00,2026-02-03 00:00:00,2026-02-20 00:00:00,False,False,False,False,False,False,False,False
CBK0001924,TXN00005199,USR42019,MCH3162,2351.11,unauthorized_transaction,UNAUTHORIZED,payment made to unknown merchant as per customer statement.,RESOLVED,LOW,IVR,2026-01-11 00:00:00,2026-01-09 08:32:40,2026-01-12 21:32:00,False,False,False,False,False,False,False,False
CBK0001178,TXN00014094,USR27804,MCH3932,-2999.91,incorrect amount,AMOUNT_MISMATCH,merchant service was not delivered after payment.,OPEN,MEDIUM,CHATBOT,,2026-02-27 01:30:01,2026-03-20 12:30:01,False,True,False,True,False,False,False,False
CBK0002203,TXN00005966,USR98685,MCH9257,8500.66,ATO,ACCOUNT_TAKEOVER,Customer says transaction was not authorized. details missing,RESOLVED,MEDIUM,EMAIL,2026-02-27 10:29:49,2026-02-22 00:00:00,2026-03-29 00:00:00,False,False,False,False,False,False,False,False
CBK0001473,TXN00001160,USR20984,MCH6953,2273.54,charged twice,DUPLICATE_DEBIT,customer complaint text unclear due to poor call center notes.,PENDING_BANK,LOW,EMAIL,2026-01-02 00:00:00,2026-01-02 00:00:00,2026-01-11 00:00:00,False,False,False,False,False,False,False,False
CBK0001769,TXN00001679,USR43379,MCH9176,3976.0,customer issue,CUSTOMER_DISPUTE,Suspicious high-value payment disputed by customer.,RESOLVED,MEDIUM,CHATBOT,2026-02-24 11:40:00,2026-02-21 00:00:00,2026-03-06 00:00:00,False,False,False,False,False,False,False,False
CBK0001563,TXN00004035,USR38725,MCH4473,4064.18,charged twice,DUPLICATE_DEBIT,User claims account was compromised before transaction.,CLOSED,MEDIUM,IVR,2026-01-13 00:00:00,2026-01-08 04:46:00,2026-02-08 00:00:00,False,False,False,False,False,False,False,False
CBK0000763,TXN00005691,USR98061,MCH6850,,extra amount deducted,AMOUNT_MISMATCH,Suspicious high-value payment disputed by customer.,PENDING_BANK,HIGH,EMAIL,2026-02-14 22:00:46,2026-02-11 00:00:00,2026-03-10 00:00:00,True,False,False,False,False,False,False,False
CBK0001306,TXN00000143,USR63816,MCH4399,449.0,extra amount deducted,AMOUNT_MISMATCH,User says UPI PIN was not entered by them.,PENDING_BANK,MEDIUM,CALL_CENTER,2026-03-26 08:39:16,2026-03-15 00:00:00,2026-04-07 00:00:00,False,False,False,False,False,False,False,False
CBK0002421,TXN00008235,USR71538,MCH4564,1302.0,Customer Dispute,CUSTOMER_DISPUTE,Customer complaint text unclear due to poor call center notes. call dropped,REJECTED,MEDIUM,BRANCH,2026-03-26 00:00:00,2026-03-24 15:27:52,2026-04-07 16:27:00,False,False,False,False,False,False,False,False
CBK0001918,TXN00006549,USR90740,MCH2943,905.53,complaint,CUSTOMER_DISPUTE,User says UPI PIN was not entered by them.,REJECTED,LOW,IVR,2026-02-10 00:00:00,2026-02-05 01:21:00,2026-03-02 00:00:00,False,False,False,False,False,False,False,False
CBK0001928,TXN00018064,USR85507,MCH2857,590.0,complaint,CUSTOMER_DISPUTE,Customer says transaction was not authorized.,RESOLVED,MEDIUM,EMAIL,2026-01-09 05:25:00,2026-01-02 01:25:56,2026-01-30 00:00:00,False,False,False,False,False,False,False,False
CBK0001721,TXN00013741,USR65211,MCH5954,1756.23,Merchant Not Delivered,SERVICE_NOT_DELIVERED,Complaint received after multiple failed attempts.,CLOSED,HIGH,BRANCH,2026-02-14 00:34:00,2026-02-08 00:00:00,2026-03-11 00:34:00,False,False,False,False,False,False,False,False
CBK0001619,TXN00007989,USR21845,MCH1998,1245.09,amount mismatch,AMOUNT_MISMATCH,Customer complaint text unclear due to poor call center notes.,CLOSED,MEDIUM,CHATBOT,2026-02-17 00:00:00,2026-02-17 00:00:00,2026-02-23 22:05:00,False,False,False,False,False,False,False,False
CBK0000139,TXN00034566,USR29306,MCH4355,2696.0,DUP_DEBIT,DUPLICATE_DEBIT,User says UPI PIN was not entered by them.,REJECTED,LOW,IVR,2026-01-15 00:00:00,2026-01-13 06:24:38,,False,False,False,False,False,True,False,False
CBK0001893,TXN00018872,USR67363,MCH2594,4001.57,unauth txn,UNAUTHORIZED,User reports money deducted but merchant denies receiving payment.,REJECTED,MEDIUM,IVR,2026-02-02 00:00:00,2026-01-31 00:00:00,,False,False,False,False,False,True,False,False
CBK0001686,TXN00003833,USR21384,MCH4729,1688.18,Customer Dispute,CUSTOMER_DISPUTE,Customer says transaction was not authorized.,OPEN,MEDIUM,IVR,2026-03-22 00:00:00,2026-03-18 10:00:38,2026-04-17 00:00:00,False,False,False,False,False,False,False,False
CBK0000868,TXN00017012,USR26098,MCH2383,990.42,service failed,SERVICE_NOT_DELIVERED,customer says amount was debited twice.,RESOLVED,MEDIUM,IVR,2026-02-09 00:00:00,2026-02-07 23:22:53,,False,False,False,False,False,True,False,False
CBK0002309,TXN00012387,USR18453,MCH5452,-2462.0,DUP_DEBIT,DUPLICATE_DEBIT,Customer complaint text unclear due to poor call center notes. NA,REJECTED,MEDIUM,CHATBOT,2026-03-07 00:00:00,2026-03-02 00:00:00,,False,True,False,False,False,True,False,False
CBK0000116,TXN00008116,USR77356,MCH8789,841.93,UNAUTHORISED,UNAUTHORIZED,Suspicious high-value payment disputed by customer.,CLOSED,LOW,IVR,2026-02-19 00:00:00,2026-02-13 00:00:00,2026-03-16 00:00:00,False,False,False,False,False,False,False,False
CBK0000093,TXN00009196,USR28608,MCH7127,,Service Not Provided,SERVICE_NOT_DELIVERED,Suspicious high-value payment disputed by customer.,PENDING_BANK,MEDIUM,EMAIL,2026-01-22 00:00:00,2026-01-20 18:00:00,2026-02-07 12:00:43,True,False,False,False,False,False,False,False
CBK0000064,TXN00019898,USR48525,MCH5257,861.86,amount mismatch,AMOUNT_MISMATCH,Suspicious high-value payment disputed by customer.,CLOSED,MEDIUM,EMAIL,2026-03-15 20:30:00,2026-03-13 04:30:00,2026-04-03 20:30:01,False,False,False,False,False,False,False,False
CBK0002119,TXN00005222,USR53942,MCH6399,1345.55,Account Takeover,ACCOUNT_TAKEOVER,COMPLAINT RECEIVED AFTER MULTIPLE FAILED ATTEMPTS.,REJECTED,LOW,IVR,2026-01-29 00:00:00,2026-01-21 09:16:49,,False,False,False,False,False,True,False,False
CBK0002412,TXN00003020,USR96958,MCH8779,2521.22,DUP_DEBIT,DUPLICATE_DEBIT,User claims account was compromised before transaction.,CLOSED,LOW,EMAIL,2026-03-17 00:00:00,2026-03-14 00:00:00,2026-03-18 20:13:34,False,False,False,False,False,False,False,False
CBK0000149,TXN00015300,USR25559,MCH8125,753.9,account hacked,ACCOUNT_TAKEOVER,Merchant service was not delivered after payment.,IN_PROGRESS,MEDIUM,APP,,2026-03-24 00:00:00,,False,False,False,True,False,True,False,False
CBK0002702,TXN00010278,USR59665,MCH8977,-1779.15,Unauthorized Transaction,UNAUTHORIZED,COMPLAINT RECEIVED AFTER MULTIPLE FAILED ATTEMPTS.,CLOSED,HIGH,IVR,2026-03-16 05:57:07,2026-03-10 00:00:00,2026-04-01 05:57:00,False,True,False,False,False,False,False,False
CBK0002747,TXN00010095,USR18347,MCH9442,1820.01,Duplicate Debit,DUPLICATE_DEBIT,Merchant service was not delivered after payment.,RESOLVED,LOW,EMAIL,,2026-03-24 00:00:00,2026-03-30 00:00:00,False,False,False,True,False,False,False,False
CBK0002394,TXN00001169,USR60198,MCH6518,10453.78,extra amount deducted,AMOUNT_MISMATCH,Customer says transaction was not authorized.,IN_PROGRESS,MEDIUM,CHATBOT,2026-03-03 00:00:00,2026-02-27 00:00:00,2026-03-16 00:00:00,False,False,False,False,False,False,False,False
CBK0001574,TXN00019043,USR90528,MCH6885,215.0,FRAUD,FRAUD,user reports money deducted but merchant denies receiving payment.,PENDING_BANK,HIGH,BRANCH,2026-01-22 23:10:00,2026-01-17 00:00:00,2026-02-10 00:00:00,False,False,False,False,False,False,False,False
CBK0002307,TXN00036574,USR15565,MCH4590,676.79,Fraud Suspected,FRAUD,USER REPORTS MONEY DEDUCTED BUT MERCHANT DENIES RECEIVING PAYMENT.,RESOLVED,MEDIUM,CALL_CENTER,2026-02-09 00:00:00,2026-02-08 00:00:00,2026-02-15 12:46:00,False,False,False,False,False,False,False,False
CBK0000816,TXN00014266,USR92332,MCH2146,,Customer Dispute,CUSTOMER_DISPUTE,Customer complaint text unclear due to poor call center notes. details missing,PENDING_BANK,MEDIUM,BRANCH,2026-03-21 00:00:00,2026-03-21 11:09:00,2026-03-25 00:00:00,True,False,False,False,False,False,True,False
CBK0001321,TXN00019939,USR87558,MCH3588,1954.14,Merchant Not Delivered,SERVICE_NOT_DELIVERED,User claims account was compromised before transaction. call dropped,RESOLVED,MEDIUM,EMAIL,2026-02-20 00:00:00,2026-02-19 00:00:00,2026-03-09 00:00:00,False,False,False,False,False,False,False,False
CBK0000821,TXN00001860,USR54089,MCH8467,,ATO,ACCOUNT_TAKEOVER,User reports money deducted but merchant denies receiving payment.,OPEN,LOW,IVR,2026-03-22 00:00:00,2026-03-21 00:00:00,,True,False,False,False,False,True,False,False
CBK0002326,TXN00005168,USR42079,MCH6628,5074.67,FRAUD,FRAUD,Customer complaint text unclear due to poor call center notes.,RESOLVED,HIGH,CALL_CENTER,2026-01-02 00:00:00,2026-01-01 00:00:00,2026-01-05 00:00:00,False,False,False,False,False,False,False,False
CBK0002415,TXN00007375,USR25624,MCH3252,4608.0,complaint,CUSTOMER_DISPUTE,Payment made to unknown merchant as per customer statement.,RESOLVED,HIGH,CALL_CENTER,2026-03-23 00:00:00,,2026-04-17 22:41:55,False,False,False,False,True,False,False,False
CBK0001513,TXN00000653,USR70889,MCH8076,4308.0,not delivered,SERVICE_NOT_DELIVERED,Customer says transaction was not authorized.,PENDING_BANK,LOW,APP,2026-03-19 00:00:00,2026-03-15 00:00:00,2026-04-01 00:00:00,False,False,False,False,False,False,False,False
CBK0002048,TXN00015397,USR65030,MCH4270,460.42,Account Takeover,ACCOUNT_TAKEOVER,User reports money deducted but merchant denies receiving payment. call dropped,REJECTED,CRITICAL,BRANCH,,2026-02-08 00:00:00,2026-03-04 09:53:00,False,False,False,True,False,False,False,False
CBK0002293,TXN00004932,USR18205,MCH1981,595.39,Fraud Suspected,FRAUD,User reports money deducted but merchant denies receiving payment.,REJECTED,LOW,BRANCH,2026-02-24 00:00:00,2026-02-28 11:31:00,,False,False,False,False,False,True,True,False
CBK0000520,TXN00002770,USR60151,MCH8249,-908.2,incorrect amount,AMOUNT_MISMATCH,Customer says amount was debited twice.,IN_PROGRESS,LOW,CHATBOT,2026-02-24 00:00:00,2026-02-22 00:00:00,2026-03-23 00:00:00,False,True,False,False,False,False,False,False
CBK0001708,TXN00009350,USR60818,MCH2906,478.75,amount mismatch,AMOUNT_MISMATCH,Customer says transaction was not authorized.,RESOLVED,MEDIUM,CALL_CENTER,,2026-01-18 00:00:00,2026-01-27 00:00:00,False,False,False,True,False,False,False,False
CBK0001097,,USR34204,MCH5980,2968.29,amount mismatch,AMOUNT_MISMATCH,Merchant service was not delivered after payment.,REJECTED,MEDIUM,IVR,2026-03-13 00:00:00,2026-03-11 00:00:00,2026-03-23 00:00:00,False,False,True,False,False,False,False,False
CBK0000477,TXN00001582,USR30157,MCH7030,6740.29,account hacked,ACCOUNT_TAKEOVER,User says UPI PIN was not entered by them.,CLOSED,MEDIUM,IVR,2026-01-10 00:00:00,2026-01-09 00:00:00,2026-01-20 00:00:00,False,False,False,False,False,False,False,False
CBK0000740,TXN00019738,USR22040,MCH1234,584.74,Account Takeover,ACCOUNT_TAKEOVER,Merchant service was not delivered after payment.,RESOLVED,LOW,EMAIL,2026-03-26 03:59:33,2026-03-20 00:00:00,2026-04-07 03:59:33,False,False,False,False,False,False,False,False
CBK0001907,TXN00014905,USR24536,MCH2714,797.17,complaint,CUSTOMER_DISPUTE,Merchant service was not delivered after payment.,OPEN,MEDIUM,APP,,2026-02-23 00:00:00,2026-03-23 00:00:00,False,False,False,True,False,False,False,False
CBK0001098,TXN00006667,USR54912,MCH4734,4240.52,delivery issue,SERVICE_NOT_DELIVERED,User reports money deducted but merchant denies receiving payment. call dropped,IN_PROGRESS,LOW,CHATBOT,2026-03-19 00:00:00,2026-03-16 00:00:00,2026-04-07 00:00:00,False,False,False,False,False,False,False,False
CBK0002034,TXN00014295,USR46599,MCH7669,3265.64,DUP_DEBIT,DUPLICATE_DEBIT,customer complaint text unclear due to poor call center notes.,RESOLVED,LOW,CALL_CENTER,2026-04-09 00:23:56,2026-02-22 00:00:00,2026-05-05 00:23:56,False,False,False,False,False,False,False,False
CBK0000328,TXN00011489,USR62345,MCH8996,1419.0,account hacked,ACCOUNT_TAKEOVER,Customer says transaction was not authorized.,CLOSED,LOW,CHATBOT,2026-01-26 04:02:00,,2026-01-27 04:02:03,False,False,False,False,True,False,False,False
CBK0002510,TXN00049297,USR99880,MCH1439,1707.55,dispute raised,CUSTOMER_DISPUTE,User says UPI PIN was not entered by them. NA,PENDING_BANK,MEDIUM,EMAIL,,2026-02-05 04:07:59,,False,False,False,True,False,True,False,False
CBK0000819,TXN00008276,USR66046,MCH3941,2947.75,not done by me,UNAUTHORIZED,Suspicious high-value payment disputed by customer.,OPEN,HIGH,CHATBOT,2026-03-12 00:00:00,2026-02-25 00:00:00,2026-03-28 00:00:00,False,False,False,False,False,False,False,False
CBK0001301,TXN00005559,USR98939,MCH5403,597.81,Customer Dispute,CUSTOMER_DISPUTE,merchant service was not delivered after payment.,REJECTED,MEDIUM,CHATBOT,2026-01-07 00:00:00,2026-01-10 00:00:00,,False,False,False,False,False,True,True,False
CBK0000547,TXN00003173,USR42144,MCH9330,3014.0,charged twice,DUPLICATE_DEBIT,Customer complaint text unclear due to poor call center notes.,REJECTED,LOW,EMAIL,2026-03-24 00:00:00,2026-03-22 02:40:00,2026-04-14 00:00:00,False,False,False,False,False,False,False,False
CBK0001625,TXN00006214,USR39132,MCH3495,4111.68,customer issue,CUSTOMER_DISPUTE,User reports money deducted but merchant denies receiving payment.,CLOSED,MEDIUM,EMAIL,2026-03-30 23:46:00,2026-02-13 00:00:00,2026-04-12 23:46:08,False,False,False,False,False,False,False,False
CBK0001515,TXN00000062,USR11366,MCH2992,330.73,merchant service issue,SERVICE_NOT_DELIVERED,User says UPI PIN was not entered by them.,CLOSED,LOW,BRANCH,2026-03-07 14:01:00,,2026-04-05 00:00:00,False,False,False,False,True,False,False,False
CBK0000788,TXN00003574,USR22284,MCH4473,3933.58,Unauthorized Transaction,UNAUTHORIZED,User says UPI PIN was not entered by them.,RESOLVED,LOW,BRANCH,2026-03-30 14:07:24,2026-03-28 00:00:00,2026-04-28 00:00:00,False,False,False,False,False,False,False,False
CBK0000089,TXN00017797,USR85655,MCH8344,1590.47,not delivered,SERVICE_NOT_DELIVERED,Complaint received after multiple failed attempts.,OPEN,HIGH,IVR,2026-01-23 23:22:08,2026-01-22 00:00:00,2026-02-07 00:00:00,False,False,False,False,False,False,False,False
CBK0002218,TXN00018418,USR35410,MCH7622,671.84,Customer Dispute,CUSTOMER_DISPUTE,Customer says transaction was not authorized.,IN_PROGRESS,HIGH,BRANCH,2026-03-16 00:00:00,2026-03-13 08:55:08,2026-04-08 00:00:00,False,False,False,False,False,False,False,False
CBK0001356,TXN00018996,USR61151,MCH3100,1863.8,incorrect amount,AMOUNT_MISMATCH,Customer says amount was debited twice.,CLOSED,LOW,IVR,2026-01-27 00:00:00,2026-01-25 00:00:00,2026-02-12 00:00:00,False,False,False,False,False,False,False,False
CBK0001028,TXN00007136,USR67087,MCH5446,6758.4,DUP_DEBIT,DUPLICATE_DEBIT,Customer complaint text unclear due to poor call center notes.,IN_PROGRESS,LOW,CALL_CENTER,2026-03-05 00:00:00,2026-03-02 03:15:09,2026-03-20 00:15:00,False,False,False,False,False,False,False,False
CBK0000407,TXN00008429,USR90727,MCH2989,1512.54,Customer Dispute,CUSTOMER_DISPUTE,User claims account was compromised before transaction.,IN_PROGRESS,MEDIUM,APP,2026-01-15 00:00:00,2026-01-13 11:06:46,2026-01-18 00:00:00,False,False,False,False,False,False,False,False
CBK0000386,TXN00017080,USR66286,MCH2441,687.73,DUP_DEBIT,DUPLICATE_DEBIT,Merchant service was not delivered after payment.,REJECTED,LOW,CHATBOT,2026-03-03 00:00:00,2026-03-02 00:00:00,,False,False,False,False,False,True,False,False
CBK0002369,TXN00000843,USR72135,MCH4517,947.54,login compromised,ACCOUNT_TAKEOVER,SUSPICIOUS HIGH-VALUE PAYMENT DISPUTED BY CUSTOMER.,REJECTED,LOW,CALL_CENTER,2026-03-02 02:12:47,2026-03-01 00:00:00,2026-03-17 02:12:00,False,False,False,False,False,False,False,False
CBK0001194,TXN00010450,USR85606,MCH3304,1024.0,account hacked,ACCOUNT_TAKEOVER,Suspicious high-value payment disputed by cust.,PENDING_BANK,MEDIUM,IVR,2026-01-20 19:36:47,2026-01-20 13:36:47,2026-01-30 00:00:00,False,False,False,False,False,False,False,False
CBK0000299,TXN00010454,USR21651,MCH1397,2554.86,account hacked,ACCOUNT_TAKEOVER,Merchant service was not delivered after payment.,IN_PROGRESS,LOW,BRANCH,2026-03-18 13:17:09,2026-03-15 00:00:00,,False,False,False,False,False,True,False,False
CBK0000125,TXN00006063,USR72570,MCH3943,2157.0,ATO,ACCOUNT_TAKEOVER,User claims account was compromised before transaction.,IN_PROGRESS,HIGH,IVR,2026-02-15 11:35:00,2026-02-14 00:00:00,2026-02-18 00:00:00,False,False,False,False,False,False,False,False
CBK0000754,TXN00001826,USR35882,MCH3115,895.55,customer issue,CUSTOMER_DISPUTE,User claims account was compromised before transaction. urgent,PENDING_BANK,MEDIUM,CHATBOT,2026-03-10 00:00:00,2026-02-28 00:00:00,,False,False,False,False,False,True,False,False
CBK0001655,TXN00016496,USR31906,MCH4225,5996.21,customer issue,CUSTOMER_DISPUTE,Customer complaint text unclear due to poor call center notes.,RESOLVED,CRITICAL,IVR,2026-02-06 00:00:00,2026-01-29 00:00:00,2026-02-13 00:00:00,False,False,False,False,False,False,False,False
CBK0002024,TXN00016207,USR91246,MCH7726,628.32,not delivered,SERVICE_NOT_DELIVERED,Suspicious high-value payment disputed by customer.,CLOSED,MEDIUM,EMAIL,2026-01-04 00:00:00,2026-01-02 00:00:00,2026-01-24 07:10:00,False,False,False,False,False,False,False,False
CBK0001470,TXN00030234,USR24750,MCH6880,1915.5,fraud,FRAUD,Customer complaint text unclear due to poor call center notes.,CLOSED,MEDIUM,BRANCH,,2026-03-24 00:00:00,2026-04-17 00:00:00,False,False,False,True,False,False,False,False
CBK0001499,TXN00016211,USR84128,MCH7738,-6191.97,Duplicate Debit,DUPLICATE_DEBIT,Payment made to unknown merchant as per customer statement.,REJECTED,HIGH,CHATBOT,2026-03-03 00:00:00,2026-03-02 00:00:00,2026-03-07 00:00:00,False,True,False,False,False,False,False,False
CBK0002580,TXN00004925,USR73573,MCH6810,9977.75,no service,SERVICE_NOT_DELIVERED,User reports money deducted but merchant denies receiving payment.,REJECTED,MEDIUM,APP,,,2026-03-25 00:00:00,False,False,False,True,True,False,False,False
CBK0001399,TXN00015053,USR20076,MCH5050,-3746.75,double debit,DUPLICATE_DEBIT,merchant service was not delivered after payment.,RESOLVED,MEDIUM,EMAIL,,2026-02-05 05:08:00,2026-03-13 05:08:00,False,True,False,True,False,False,False,False
CBK0002120,TXN00008067,USR62703,MCH7593,14279.05,item not received,SERVICE_NOT_DELIVERED,customer complaint text unclear due to poor call center notes.,IN_PROGRESS,CRITICAL,CHATBOT,2026-01-27 01:08:22,2026-01-17 00:08:00,,False,False,False,False,False,True,False,False
CBK0000349,TXN00015766,USR88643,MCH2541,2585.25,not done by me,UNAUTHORIZED,Suspicious high-value payment disputed by customer.,REJECTED,HIGH,IVR,2026-02-18 02:44:00,2026-02-12 00:00:00,2026-02-25 02:44:00,False,False,False,False,False,False,False,False
CBK0000160,TXN00015230,USR38364,MCH5454,2419.56,customer issue,CUSTOMER_DISPUTE,Merchant service was not delivered after payment.,PENDING_BANK,HIGH,CALL_CENTER,2026-02-14 02:09:47,2026-02-08 23:09:47,,False,False,False,False,False,True,False,False
CBK0001199,TXN00005512,USR76915,MCH3815,2981.85,DUP_DEBIT,DUPLICATE_DEBIT,suspicious high-value payment disputed by customer.,IN_PROGRESS,LOW,CHATBOT,2026-03-12 00:00:00,2026-03-07 00:00:00,2026-04-01 00:00:00,False,False,False,False,False,False,False,False
CBK0001976,TXN00004835,USR37357,MCH5772,11573.0,account hacked,ACCOUNT_TAKEOVER,user reports money deducted but merchant denies receiving payment.,IN_PROGRESS,MEDIUM,IVR,2026-02-20 00:00:00,2026-02-23 04:26:51,2026-03-13 04:26:00,False,False,False,False,False,False,True,False
CBK0001819,TXN00014412,USR27393,MCH9291,,extra amount deducted,AMOUNT_MISMATCH,suspicious high-value payment disputed by customer.,REJECTED,MEDIUM,IVR,2026-01-24 00:00:00,2026-01-16 22:17:46,,True,False,False,False,False,True,False,False
CBK0001463,TXN00018916,USR92463,MCH4008,1889.0,extra amount deducted,AMOUNT_MISMATCH,User reports money deducted but merchant denies receiving payment. NA,PENDING_BANK,MEDIUM,IVR,,2026-03-25 00:00:00,2026-04-13 00:00:00,False,False,False,True,False,False,False,False
CBK0002435,TXN00015767,USR33671,MCH2699,1904.98,item not received,SERVICE_NOT_DELIVERED,Merchant service was not delivered after payment.,REJECTED,MEDIUM,CHATBOT,2026-02-24 01:38:00,2026-03-01 00:00:00,2026-03-19 01:38:00,False,False,False,False,False,False,True,False
CBK0001554,TXN00012362,USR87967,MCH3177,1105.15,login compromised,ACCOUNT_TAKEOVER,Merchant service was not delivered after payment.,RESOLVED,LOW,EMAIL,2026-02-08 02:49:19,2026-02-01 00:00:00,2026-02-23 00:00:00,False,False,False,False,False,False,False,False
CBK0002443,TXN00017471,USR44213,MCH3992,918.63,Unauthorized Transaction,UNAUTHORIZED,User claims account was compromised before transaction.,REJECTED,HIGH,EMAIL,2026-02-04 00:00:00,2026-02-01 00:00:00,2026-02-20 00:00:00,False,False,False,False,False,False,False,False
CBK0000204,TXN00014673,USR21209,MCH8154,749.06,customer issue,CUSTOMER_DISPUTE,Customer says amount was debited twice.,CLOSED,MEDIUM,CALL_CENTER,2026-01-26 01:45:00,2026-01-24 00:00:00,2026-02-10 01:45:00,False,False,False,False,False,False,False,False
CBK0002056,TXN00003732,USR18442,MCH1606,5678.98,not done by me,UNAUTHORIZED,Customer says transaction was not authorized.,RESOLVED,CRITICAL,IVR,2026-04-03 00:00:00,2026-03-03 00:00:00,,False,False,False,False,False,True,False,False
CBK0002192,TXN00002316,USR77746,MCH1674,20754.36,scam,FRAUD,Customer says amount was debited twice.,IN_PROGRESS,HIGH,IVR,2026-01-14 00:00:00,2026-01-12 04:00:55,,False,False,False,False,False,True,False,False
CBK0002590,TXN00001121,USR43833,MCH4575,993.0,delivery issue,SERVICE_NOT_DELIVERED,user says upi pin was not entered by them.,CLOSED,MEDIUM,EMAIL,,2026-03-23 00:00:00,2026-04-20 10:56:00,False,False,False,True,False,False,False,False
CBK0001086,TXN00019525,USR21162,MCH3992,5874.15,dispute raised,CUSTOMER_DISPUTE,customer complaint text unclear due to poor call center notes.,IN_PROGRESS,LOW,CALL_CENTER,2026-01-14 08:32:01,2026-01-12 00:00:00,2026-01-22 00:00:00,False,False,False,False,False,False,False,False
CBK0002137,TXN00008657,USR34250,MCH6955,4252.24,fraud,FRAUD,Suspicious high-value payment disputed by customer. urgent,OPEN,LOW,IVR,2026-03-03 03:32:50,2026-02-23 00:00:00,2026-03-28 00:00:00,False,False,False,False,False,False,False,False
CBK0002492,TXN00001518,USR20737,MCH5541,9039.58,dispute raised,CUSTOMER_DISPUTE,Complaint received after multiple failed attempts. urgent,IN_PROGRESS,HIGH,EMAIL,2026-03-18 00:00:00,2026-03-16 00:00:00,2026-03-21 00:00:00,False,False,False,False,False,False,False,False
CBK0001965,TXN00008205,USR62398,MCH6714,1147.39,ATO,ACCOUNT_TAKEOVER,Customer says amount was debited twice. pls check asap,RESOLVED,HIGH,CHATBOT,2026-02-12 00:00:00,2026-02-12 00:00:00,2026-03-01 22:26:43,False,False,False,False,False,False,False,False
CBK0001409,TXN00014019,USR20076,MCH4751,2386.95,service failed,SERVICE_NOT_DELIVERED,User reports money deducted but merchant denies receiving payment.,IN_PROGRESS,MEDIUM,CHATBOT,2026-01-16 00:00:00,2026-01-14 00:00:00,2026-01-29 00:00:00,False,False,False,False,False,False,False,False
CBK0000738,TXN00018812,USR98980,MCH2757,15054.0,FRAUD,FRAUD,User says UPI PIN was not entered by them.,PENDING_BANK,HIGH,CALL_CENTER,2026-01-16 00:00:00,2026-01-05 00:00:00,2026-02-14 00:00:00,False,False,False,False,False,False,False,False
CBK0000293,TXN00016470,USR50092,MCH1879,1947.05,Customer Dispute,CUSTOMER_DISPUTE,Suspicious high-value payment disputed by customer.,PENDING_BANK,HIGH,IVR,2026-01-25 15:05:00,2026-01-19 00:00:00,2026-02-13 00:00:00,False,False,False,False,False,False,False,False
CBK0001585,TXN00082330,USR14591,MCH3928,2452.3,Merchant Not Delivered,SERVICE_NOT_DELIVERED,Customer complaint text unclear due to poor call center notes.,PENDING_BANK,CRITICAL,IVR,2026-04-01 21:31:00,2026-03-31 00:00:00,2026-04-21 00:00:00,False,False,False,False,False,False,False,False
CBK0000019,TXN00008321,USR27583,MCH4590,699.14,DUP_DEBIT,DUPLICATE_DEBIT,User says UPI PIN was not entered by them.,IN_PROGRESS,HIGH,CHATBOT,2026-02-25 00:00:00,2026-02-22 00:00:00,2026-02-27 00:00:00,False,False,False,False,False,False,False,False
CBK0001180,TXN00012133,USR84844,MCH6202,7361.16,dispute raised,CUSTOMER_DISPUTE,customer says transaction was not authorized.,PENDING_BANK,MEDIUM,CHATBOT,2026-02-06 00:00:00,2026-02-01 07:09:49,2026-02-27 00:00:00,False,False,False,False,False,False,False,False
CBK0000324,TXN00014492,USR34540,MCH4590,,Fraud Suspected,FRAUD,user says upi pin was not entered by them.,RESOLVED,HIGH,CHATBOT,2026-02-02 13:49:55,2026-02-01 00:00:00,2026-02-25 00:00:00,True,False,False,False,False,False,False,False
CBK0001005,TXN00006695,USR65902,MCH5655,1671.67,Account Takeover,ACCOUNT_TAKEOVER,Merchant service was not delivered after payment.,PENDING_BANK,MEDIUM,APP,2026-02-22 00:00:00,2026-02-19 11:11:00,,False,False,False,False,False,True,False,False
CBK0001149,TXN00013355,USR52988,MCH1182,6746.58,customer issue,CUSTOMER_DISPUTE,User says UPI PIN was not entered by them.,RESOLVED,LOW,CHATBOT,2026-03-23 10:20:15,2026-03-27 10:20:15,2026-04-20 00:00:00,False,False,False,False,False,False,True,False
CBK0002743,TXN00053543,USR85742,MCH4473,299.18,not delivered,SERVICE_NOT_DELIVERED,User says UPI PIN was not entered by them.,REJECTED,LOW,EMAIL,2026-01-25 00:00:00,2026-01-25 01:22:37,2026-02-23 00:00:00,False,False,False,False,False,False,True,False
CBK0002526,TXN00014583,USR53424,MCH7006,6768.55,Wrong Amount,AMOUNT_MISMATCH,Customer says amount was debited twice.,IN_PROGRESS,LOW,CHATBOT,2026-03-24 00:00:00,2026-03-20 19:24:00,2026-04-08 00:00:00,False,False,False,False,False,False,False,False
CBK0000792,TXN00017591,USR59752,MCH2176,6180.12,dispute raised,CUSTOMER_DISPUTE,CUSTOMER SAYS AMOUNT WAS DEBITED TWICE.,CLOSED,MEDIUM,EMAIL,2026-02-09 00:00:00,2026-02-07 00:00:00,2026-02-26 17:50:00,False,False,False,False,False,False,False,False
CBK0000971,TXN00019356,USR80212,MCH2335,6782.66,unauth txn,UNAUTHORIZED,merchant service was not delivered after payment.,CLOSED,HIGH,IVR,2026-01-10 06:07:00,2026-01-07 00:00:00,2026-02-04 00:00:00,False,False,False,False,False,False,False,False
CBK0002752,TXN00009074,USR58639,MCH4181,611.73,account hacked,ACCOUNT_TAKEOVER,Complaint received after multiple failed attempts.,OPEN,MEDIUM,BRANCH,2026-01-05 00:00:00,2026-01-05 07:07:09,,False,False,False,False,False,True,True,False
CBK0002406,TXN00019470,USR71704,MCH3759,3505.15,delivery issue,SERVICE_NOT_DELIVERED,Merchant service was not delivered after payment. urgent,CLOSED,LOW,BRANCH,2026-03-04 00:00:00,2026-03-02 00:00:00,,False,False,False,False,False,True,False,False
CBK0000896,TXN00014731,USR29803,MCH7761,4988.8,delivery issue,SERVICE_NOT_DELIVERED,Suspicious high-value payment disputed by cust.,REJECTED,MEDIUM,APP,2026-03-29 04:53:24,2026-03-25 00:00:00,2026-04-13 00:00:00,False,False,False,False,False,False,False,False
CBK0000874,TXN00008435,USR43450,MCH8870,2126.63,complaint,CUSTOMER_DISPUTE,User reports money deducted but merchant denies receiving payment.,RESOLVED,MEDIUM,EMAIL,2026-02-06 00:00:00,2026-02-03 00:00:00,2026-03-03 00:00:00,False,False,False,False,False,False,False,False
CBK0002644,TXN00006588,USR72024,MCH7102,-1971.85,complaint,CUSTOMER_DISPUTE,Complaint received after multiple failed attempts.,REJECTED,CRITICAL,CHATBOT,,2026-03-27 00:00:00,2026-04-20 00:00:00,False,True,False,True,False,False,False,False
CBK0000057,TXN00005197,USR33934,MCH6452,5740.0,account hacked,ACCOUNT_TAKEOVER,Customer says transaction was not authorized.,PENDING_BANK,MEDIUM,EMAIL,,,2026-02-08 00:00:00,False,False,False,True,True,False,False,False
CBK0002367,TXN00000803,USR40928,MCH2574,1719.0,customer issue,CUSTOMER_DISPUTE,Suspicious high-value payment disputed by customer.,PENDING_BANK,MEDIUM,CALL_CENTER,2026-02-11 17:54:00,2026-02-10 00:00:00,2026-02-17 17:54:00,False,False,False,False,False,False,False,False
CBK0001703,TXN00014396,USR62221,MCH7833,1107.61,unauth txn,UNAUTHORIZED,MERCHANT SERVICE WAS NOT DELIVERED AFTER PAYMENT.,CLOSED,HIGH,APP,2026-04-14 00:00:00,2026-03-30 00:00:00,,False,False,False,False,False,True,False,False
CBK0001314,TXN00015397,USR25021,MCH8657,7499.76,not delivered,SERVICE_NOT_DELIVERED,Customer says transaction was not authorized.,REJECTED,LOW,IVR,2026-02-17 00:00:00,2026-02-10 00:00:00,,False,False,False,False,False,True,False,False
CBK0001319,,USR87558,MCH8935,1537.87,Customer Dispute,CUSTOMER_DISPUTE,User says UPI PIN was not entered by them.,CLOSED,MEDIUM,CALL_CENTER,2026-04-13 00:00:00,2026-03-28 00:00:00,2026-05-12 00:00:00,False,False,True,False,False,False,False,False
CBK0002004,TXN00016498,USR71282,MCH5954,3489.66,scam,FRAUD,Customer complaint text unclear due to poor call center notes.,REJECTED,HIGH,CHATBOT,2026-01-03 00:00:00,2026-01-02 14:58:00,,False,False,False,False,False,True,False,False
CBK0000030,TXN00002461,USR44431,MCH2413,,not done by me,UNAUTHORIZED,Customer says transaction was not authorized.,RESOLVED,LOW,BRANCH,2026-01-20 00:00:00,2026-01-18 06:52:30,2026-02-05 16:52:30,True,False,False,False,False,False,False,False
CBK0001890,,USR70787,MCH9165,594.52,login compromised,ACCOUNT_TAKEOVER,Complaint received after multiple failed attempts.,CLOSED,MEDIUM,IVR,2026-01-25 00:00:00,2026-01-19 00:00:00,2026-02-24 00:00:00,False,False,True,False,False,False,False,False
CBK0001601,TXN00014556,USR51157,MCH7360,13308.54,FRAUD,FRAUD,CUSTOMER SAYS AMOUNT WAS DEBITED TWICE.,PENDING_BANK,MEDIUM,CHATBOT,2026-02-17 17:36:49,2026-02-14 20:36:49,,False,False,False,False,False,True,False,False
CBK0002519,TXN00002544,USR91069,MCH4788,-3839.34,service failed,SERVICE_NOT_DELIVERED,User reports money deducted but merchant denies receiving payment.,RESOLVED,LOW,IVR,2026-02-23 00:00:00,2026-02-23 04:34:00,,False,True,False,False,False,True,True,False
CBK0002316,TXN00018781,USR80429,MCH4070,428.55,suspicious transaction,FRAUD,User reports money deducted but merchant denies receiving payment.,RESOLVED,LOW,CHATBOT,2026-03-15 00:00:00,2026-03-14 00:00:00,2026-03-21 00:00:00,False,False,False,False,False,False,False,False
CBK0000050,TXN00004935,USR75712,MCH2076,18552.59,complaint,CUSTOMER_DISPUTE,Suspicious high-value payment disputed by customer.,RESOLVED,LOW,CALL_CENTER,2026-02-01 17:11:00,2026-01-31 00:00:00,2026-03-03 00:00:00,False,False,False,False,False,False,False,False
CBK0002086,TXN00004716,USR14045,MCH9271,169.35,DUP_DEBIT,DUPLICATE_DEBIT,Customer says amount was debited twice. NA,REJECTED,MEDIUM,CALL_CENTER,2026-01-30 21:59:00,2026-01-25 14:59:00,2026-02-06 21:59:00,False,False,False,False,False,False,False,False
CBK0002244,,USR64363,MCH2948,4378.8,Duplicate Debit,DUPLICATE_DEBIT,USER REPORTS MONEY DEDUCTED BUT MERCHANT DENIES RECEIVING PAYMENT.,REJECTED,MEDIUM,CALL_CENTER,2026-01-04 00:00:00,2026-01-03 00:00:00,,False,False,True,False,False,True,False,False
CBK0000467,TXN00009035,USR66080,MCH9242,1224.57,Fraud Suspected,FRAUD,Customer says amount was debited twice.,RESOLVED,LOW,BRANCH,2026-02-21 09:44:28,2026-02-20 19:44:28,,False,False,False,False,False,True,False,False
CBK0002168,TXN00002821,USR83150,MCH5655,4707.47,unauth txn,UNAUTHORIZED,Customer says amount was debited twice.,RESOLVED,LOW,IVR,2026-02-11 00:00:00,2026-02-10 00:00:00,,False,False,False,False,False,True,False,False
CBK0000988,TXN00007940,USR74004,MCH2383,1608.0,login compromised,ACCOUNT_TAKEOVER,User claims account was compromised before transaction. NA,CLOSED,HIGH,CHATBOT,2026-03-22 11:13:00,2026-03-14 00:00:00,,False,False,False,False,False,True,False,False
CBK0001035,TXN00012639,USR38128,MCH9737,3681.26,amount mismatch,AMOUNT_MISMATCH,payment made to unknown merchant as per customer statement.,IN_PROGRESS,HIGH,CALL_CENTER,2026-01-20 00:00:00,2026-01-19 00:00:00,2026-02-13 00:00:00,False,False,False,False,False,False,False,False
CBK0002784,TXN00003041,USR21253,MCH2118,4136.0,Service Not Provided,SERVICE_NOT_DELIVERED,User reports money deducted but merchant denies receiving payment.,RESOLVED,MEDIUM,EMAIL,2026-02-02 17:10:46,2026-01-18 17:10:46,,False,False,False,False,False,True,False,False
CBK0001119,TXN00013564,USR13165,MCH8547,-4295.67,delivery issue,SERVICE_NOT_DELIVERED,Complaint received after multiple failed attempts. NA,IN_PROGRESS,MEDIUM,CALL_CENTER,2026-01-04 19:22:27,2026-01-04 00:00:00,2026-01-24 00:00:00,False,True,False,False,False,False,False,False
CBK0002692,TXN00011494,USR52887,MCH1757,-1084.65,Account Takeover,ACCOUNT_TAKEOVER,PAYMENT MADE TO UNKNOWN MERCHANT AS PER CUSTOMER STATEMENT.,REJECTED,LOW,IVR,2026-02-05 07:06:20,2026-01-25 00:00:00,2026-03-01 00:00:00,False,True,False,False,False,False,False,False
CBK0001902,TXN00008905,USR53056,MCH5119,1362.36,extra amount deducted,AMOUNT_MISMATCH,User claims account was compromised before transaction.,PENDING_BANK,CRITICAL,IVR,,,,False,False,False,True,True,True,False,False
CBK0002606,TXN00018342,USR69706,MCH8779,2231.66,fraud,FRAUD,payment made to unknown merchant as per customer statement.,IN_PROGRESS,CRITICAL,IVR,2026-03-25 00:00:00,2026-03-23 00:00:00,2026-04-04 00:00:00,False,False,False,False,False,False,False,False
CBK0001896,TXN00005799,USR97580,MCH8791,674.67,amount mismatch,AMOUNT_MISMATCH,Customer complaint text unclear due to poor call center notes.,CLOSED,CRITICAL,CHATBOT,2026-01-12 00:00:00,2026-01-06 10:14:34,2026-01-14 01:14:34,False,False,False,False,False,False,False,False
CBK0002555,TXN00003972,USR76553,MCH1320,4309.44,no service,SERVICE_NOT_DELIVERED,User reports money deducted but merchant denies receiving payment.,OPEN,LOW,EMAIL,2026-01-18 07:02:56,,,False,False,False,False,True,True,False,False
CBK0002064,,USR68861,MCH3516,-1531.2,complaint,CUSTOMER_DISPUTE,customer says transaction was not authorized.,PENDING_BANK,LOW,CHATBOT,2026-04-14 00:00:00,2026-03-29 00:00:00,2026-05-07 00:00:00,False,True,True,False,False,False,False,False
CBK0002521,TXN00013602,USR98636,MCH1574,2090.68,fraud,FRAUD,Merchant service was not delivered after payment.,IN_PROGRESS,CRITICAL,CHATBOT,2026-03-15 00:00:00,,,False,False,False,False,True,True,False,False
CBK0000615,TXN00002775,USR83032,MCH3402,1908.8,fraud,FRAUD,customer says amount was debited twice.,OPEN,HIGH,EMAIL,2026-01-18 06:04:00,2026-01-07 00:00:00,2026-02-16 06:04:00,False,False,False,False,False,False,False,False
CBK0002405,TXN00017196,USR45251,MCH2538,9937.63,fraud,FRAUD,COMPLAINT RECEIVED AFTER MULTIPLE FAILED ATTEMPTS.,IN_PROGRESS,MEDIUM,CHATBOT,2026-03-07 02:28:07,2026-03-06 00:00:00,2026-03-09 02:28:07,False,False,False,False,False,False,False,False
CBK0002453,TXN00013396,USR24527,MCH2822,203.0,Service Not Provided,SERVICE_NOT_DELIVERED,User claims account was compromised before transaction.,OPEN,LOW,IVR,,2026-02-23 00:00:00,2026-03-24 00:00:00,False,False,False,True,False,False,False,False
CBK0001288,TXN00038794,USR82920,MCH5755,1144.0,incorrect amount,AMOUNT_MISMATCH,User says UPI PIN was not entered by them.,OPEN,HIGH,CHATBOT,2026-04-10 02:16:42,2026-03-10 00:00:00,2026-04-24 02:16:00,False,False,False,False,False,False,False,False
CBK0000696,TXN00007676,USR33564,MCH3259,841.13,dispute raised,CUSTOMER_DISPUTE,CUSTOMER SAYS TRANSACTION WAS NOT AUTHORIZED.,IN_PROGRESS,CRITICAL,IVR,2026-02-28 00:00:00,2026-02-28 00:00:00,2026-03-01 09:11:30,False,False,False,False,False,False,False,False
CBK0002448,TXN00004698,USR56276,MCH3396,1942.99,dispute raised,CUSTOMER_DISPUTE,Suspicious high-value payment disputed by customer.,CLOSED,LOW,IVR,,2026-03-15 05:45:53,,False,False,False,True,False,True,False,False
CBK0000897,,USR78326,MCH2266,1390.61,charged twice,DUPLICATE_DEBIT,User claims account was compromised before transaction.,CLOSED,LOW,BRANCH,2026-01-27 00:00:00,2026-01-24 00:00:00,,False,False,True,False,False,True,False,False
CBK0000464,TXN00001948,USR72135,MCH8274,3935.87,Service Not Provided,SERVICE_NOT_DELIVERED,Complaint received after multiple failed attempts.,RESOLVED,LOW,CHATBOT,2026-04-10 00:00:00,2026-03-11 00:50:00,2026-04-24 23:50:00,False,False,False,False,False,False,False,False
CBK0002482,TXN00018844,USR39808,MCH5330,6620.7,Merchant Not Delivered,SERVICE_NOT_DELIVERED,Payment made to unknown merchant as per customer statement.,PENDING_BANK,MEDIUM,CHATBOT,2026-02-02 03:31:15,2026-01-26 00:00:00,,False,False,False,False,False,True,False,False
CBK0000411,TXN00003133,USR48609,MCH3992,3287.47,unauthorized_transaction,UNAUTHORIZED,complaint received after multiple failed attempts.,PENDING_BANK,MEDIUM,EMAIL,2026-03-20 00:00:00,,2026-04-16 00:00:00,False,False,False,False,True,False,False,False
CBK0000722,TXN00014532,USR42970,MCH9937,4825.86,Wrong Amount,AMOUNT_MISMATCH,Customer says transaction was not authorized.,REJECTED,HIGH,IVR,2026-03-04 00:00:00,2026-02-28 00:00:00,2026-03-11 00:00:00,False,False,False,False,False,False,False,False
CBK0001545,TXN00005459,USR26201,MCH9867,2038.0,Account Takeover,ACCOUNT_TAKEOVER,user claims account was compromised before transaction.,REJECTED,LOW,APP,2026-02-15 00:00:00,,2026-02-21 00:00:00,False,False,False,False,True,False,False,False
CBK0000145,TXN00009456,USR21384,MCH8779,3537.13,dispute raised,CUSTOMER_DISPUTE,Complaint received after multiple failed attempts.,IN_PROGRESS,MEDIUM,CHATBOT,,2026-02-23 00:00:00,2026-03-21 00:00:00,False,False,False,True,False,False,False,False
CBK0001154,TXN00007949,USR61761,MCH5076,2276.53,account hacked,ACCOUNT_TAKEOVER,complaint received after multiple failed attempts.,RESOLVED,LOW,IVR,2026-01-25 17:35:49,,2026-02-10 00:00:00,False,False,False,False,True,False,False,False
CBK0002135,TXN00017607,USR62613,MCH1320,291.0,Unauthorized Transaction,UNAUTHORIZED,Suspicious high-value payment disputed by customer. details missing,OPEN,LOW,EMAIL,2026-03-11 00:00:00,2026-02-09 00:00:00,2026-03-21 09:52:20,False,False,False,False,False,False,False,False
CBK0000048,TXN00003553,USR11419,MCH5833,3278.36,account hacked,ACCOUNT_TAKEOVER,Customer says transaction was not authorized.,PENDING_BANK,MEDIUM,EMAIL,2026-02-26 00:00:00,2026-02-22 00:00:00,2026-03-07 03:45:00,False,False,False,False,False,False,False,False
CBK0000719,TXN00008362,USR51141,MCH4473,716.05,item not received,SERVICE_NOT_DELIVERED,payment made to unknown merchant as per customer statement.,IN_PROGRESS,LOW,APP,2026-05-07 11:49:41,2026-03-23 00:00:00,2026-05-31 11:49:00,False,False,False,False,False,False,False,False
CBK0001188,,USR99905,MCH7881,6211.43,Unauthorized Transaction,UNAUTHORIZED,User reports money deducted but merchant denies receiving payment.,CLOSED,HIGH,IVR,2026-02-20 00:00:00,2026-02-10 09:30:00,2026-03-05 21:30:45,False,False,True,False,False,False,False,False
CBK0001540,TXN00018190,USR83597,MCH5264,3985.84,UNAUTHORISED,UNAUTHORIZED,Customer complaint text unclear due to poor call center notes.,REJECTED,MEDIUM,IVR,2026-02-24 00:00:00,,,False,False,False,False,True,True,False,False
CBK0002666,TXN00005307,USR63160,MCH3992,,Customer Dispute,CUSTOMER_DISPUTE,Complaint received after multiple failed attempts.,CLOSED,LOW,APP,2026-02-24 00:00:00,2026-02-23 00:09:00,2026-03-26 17:09:06,True,False,False,False,False,False,False,False
CBK0000111,TXN00019912,USR43416,MCH5748,2124.72,Service Not Provided,SERVICE_NOT_DELIVERED,User says UPI PIN was not entered by them.,OPEN,LOW,EMAIL,2026-03-08 00:41:12,2026-02-28 00:00:00,2026-03-13 00:00:00,False,False,False,False,False,False,False,False
CBK0000561,TXN00011891,USR27107,MCH8154,146.7,UNAUTHORISED,UNAUTHORIZED,Customer complaint text unclear due to poor call center notes.,OPEN,HIGH,CHATBOT,,2026-02-23 00:00:00,2026-03-19 00:00:00,False,False,False,True,False,False,False,False
CBK0001938,TXN00010250,USR52258,MCH7697,,Unauthorized Transaction,UNAUTHORIZED,Complaint received after multiple failed attempts.,OPEN,LOW,APP,2026-01-30 00:00:00,2026-01-29 00:00:00,2026-02-09 00:00:00,True,False,False,False,False,False,False,False
CBK0001070,TXN00006138,USR72463,MCH7131,486.96,unauthorized_transaction,UNAUTHORIZED,Merchant service was not delivered after payment.,CLOSED,LOW,IVR,2026-02-28 00:00:00,2026-02-21 00:00:00,,False,False,False,False,False,True,False,False
CBK0001240,TXN00005144,USR87558,MCH2223,1262.32,unauth txn,UNAUTHORIZED,merchant service was not delivered after payment.,RESOLVED,LOW,IVR,2026-02-25 00:00:00,2026-02-17 14:32:16,2026-03-07 00:00:00,False,False,False,False,False,False,False,False
CBK0001172,TXN00000950,USR35692,MCH2757,1749.52,double debit,DUPLICATE_DEBIT,Customer says amount was debited twice.,REJECTED,LOW,EMAIL,2026-03-05 00:00:00,2026-03-03 14:07:36,2026-03-22 00:00:00,False,False,False,False,False,False,False,False
CBK0002786,TXN00001975,USR44809,MCH9291,1823.8,unauth txn,UNAUTHORIZED,Customer says transaction was not authorized.,RESOLVED,HIGH,IVR,2026-03-14 00:00:00,2026-03-11 00:00:00,2026-03-16 06:59:19,False,False,False,False,False,False,False,False
CBK0001609,TXN00011210,USR50352,MCH2706,1853.91,not done by me,UNAUTHORIZED,User claims account was compromised before transaction.,OPEN,MEDIUM,IVR,2026-02-23 00:00:00,2026-02-20 08:31:54,2026-03-02 00:00:00,False,False,False,False,False,False,False,False
CBK0000209,TXN00059223,USR24507,MCH4782,902.0,double debit,DUPLICATE_DEBIT,Payment made to unknown merchant as per cust statement.,OPEN,HIGH,APP,2026-02-17 00:00:00,,,False,False,False,False,True,True,False,False
CBK0002101,TXN00010055,USR53903,MCH2065,3918.28,extra amount deducted,AMOUNT_MISMATCH,User reports money deducted but merchant denies receiving payment.,REJECTED,MEDIUM,IVR,2026-01-28 00:51:01,2026-01-22 00:00:00,2026-02-13 00:00:00,False,False,False,False,False,False,False,False
CBK0002166,TXN00005750,USR64580,MCH5980,1459.51,Service Not Provided,SERVICE_NOT_DELIVERED,Customer says transaction was not authorized.,IN_PROGRESS,MEDIUM,IVR,2026-03-22 00:00:00,2026-03-21 07:22:46,2026-04-02 00:00:00,False,False,False,False,False,False,False,False
CBK0001971,TXN00001893,USR40538,MCH4473,1059.97,DUP_DEBIT,DUPLICATE_DEBIT,Customer complaint text unclear due to poor call center notes.,RESOLVED,LOW,CALL_CENTER,2026-03-26 00:00:00,2026-03-25 04:27:22,2026-04-20 00:00:00,False,False,False,False,False,False,False,False
CBK0000872,TXN00015686,USR41987,MCH4226,4354.56,charged twice,DUPLICATE_DEBIT,Complaint received after multiple failed attempts.,RESOLVED,MEDIUM,APP,2026-03-04 09:09:00,2026-02-27 00:00:00,2026-03-04 00:00:00,False,False,False,False,False,False,False,False
CBK0002618,TXN00011168,USR44759,MCH5594,5239.53,Account Takeover,ACCOUNT_TAKEOVER,Customer complaint text unclear due to poor call center notes. call dropped,REJECTED,MEDIUM,CHATBOT,2026-01-10 00:35:07,2026-01-06 00:00:00,2026-01-27 00:00:00,False,False,False,False,False,False,False,False
CBK0000176,TXN00001405,USR91859,MCH2900,2105.51,item not received,SERVICE_NOT_DELIVERED,Merchant service was not delivered after payment. call dropped,CLOSED,MEDIUM,CHATBOT,2026-03-18 14:11:00,2026-03-13 00:00:00,2026-04-05 00:00:00,False,False,False,False,False,False,False,False
CBK0001836,TXN00002935,USR58979,MCH4535,318.65,Merchant Not Delivered,SERVICE_NOT_DELIVERED,Customer says transaction was not authorized.,RESOLVED,LOW,IVR,2026-01-19 14:28:40,2026-01-17 00:00:00,,False,False,False,False,False,True,False,False
CBK0000130,TXN00002672,USR96637,MCH4181,4547.87,incorrect amount,AMOUNT_MISMATCH,User reports money deducted but merchant denies receiving payment.,PENDING_BANK,LOW,EMAIL,2026-01-13 13:42:00,2026-01-06 00:00:00,,False,False,False,False,False,True,False,False
CBK0001271,TXN00015189,USR33650,MCH4181,638.59,unauthorized_transaction,UNAUTHORIZED,User claims account was compromised before transaction.,REJECTED,HIGH,IVR,2026-01-13 20:57:59,2026-01-10 13:57:59,2026-01-18 00:00:00,False,False,False,False,False,False,False,False
CBK0001593,TXN00015434,USR18724,MCH7728,8317.58,suspicious transaction,FRAUD,customer says transaction was not authorized.,PENDING_BANK,MEDIUM,EMAIL,2026-03-21 07:42:38,2026-03-05 10:42:00,2026-04-07 00:00:00,False,False,False,False,False,False,False,False
CBK0001879,TXN00007654,USR60131,MCH8887,552.24,extra amount deducted,AMOUNT_MISMATCH,Complaint received after multiple failed attempts.,RESOLVED,LOW,IVR,2026-02-06 23:30:00,2026-02-05 01:30:00,,False,False,False,False,False,True,False,False
CBK0001717,TXN00005246,USR87318,MCH2104,-99.96,charged twice,DUPLICATE_DEBIT,User says UPI PIN was not entered by them.,REJECTED,LOW,IVR,2026-03-08 00:35:05,2026-03-04 12:35:00,,False,True,False,False,False,True,False,False
CBK0000702,TXN00017072,USR56312,MCH5133,15432.0,Wrong Amount,AMOUNT_MISMATCH,Customer says amount was debited twice.,IN_PROGRESS,HIGH,IVR,2026-01-23 00:00:00,2026-01-18 03:52:25,2026-02-07 00:00:00,False,False,False,False,False,False,False,False
CBK0002647,TXN00099966,USR24761,MCH4392,-841.29,amount mismatch,AMOUNT_MISMATCH,User reports money deducted but merchant denies receiving payment.,OPEN,MEDIUM,BRANCH,2026-01-27 09:02:00,2026-01-24 00:00:00,2026-02-20 09:02:00,False,True,False,False,False,False,False,False
CBK0001723,TXN00000941,USR58335,MCH7616,6049.12,not done by me,UNAUTHORIZED,Complaint received after multiple failed attempts.,CLOSED,LOW,BRANCH,2026-01-07 07:32:40,,2026-01-20 00:00:00,False,False,False,False,True,False,False,False
CBK0002770,TXN00013498,USR24608,MCH3992,469.12,Unauthorized Transaction,UNAUTHORIZED,Customer says transaction was not authorized.,PENDING_BANK,LOW,IVR,2026-02-05 00:00:00,2026-01-05 17:13:36,,False,False,False,False,False,True,False,False
CBK0002346,TXN00001292,USR25528,MCH6328,33975.77,service failed,SERVICE_NOT_DELIVERED,Customer says transaction was not authorized.,OPEN,LOW,EMAIL,,2026-03-24 00:00:00,2026-05-05 00:00:00,False,False,False,True,False,False,False,False
CBK0002487,TXN00009313,USR32981,MCH1201,1561.28,complaint,CUSTOMER_DISPUTE,Payment made to unknown merchant as per customer statement.,REJECTED,LOW,IVR,2026-02-10 00:00:00,2026-02-03 00:00:00,2026-03-03 00:00:00,False,False,False,False,False,False,False,False
CBK0001909,TXN00015341,USR51939,MCH4348,5481.51,charged twice,DUPLICATE_DEBIT,Merchant service was not delivered after payment.,IN_PROGRESS,MEDIUM,CHATBOT,2026-04-14 00:00:00,2026-02-27 00:00:00,2026-05-01 00:00:00,False,False,False,False,False,False,False,False
CBK0002234,TXN00016207,USR61715,MCH6850,1383.0,Account Takeover,ACCOUNT_TAKEOVER,merchant service was not delivered after payment.,PENDING_BANK,HIGH,BRANCH,2026-01-23 00:00:00,2026-01-13 00:00:00,2026-01-29 15:38:41,False,False,False,False,False,False,False,False
CBK0000854,TXN00000164,USR17326,MCH7017,3086.0,account hacked,ACCOUNT_TAKEOVER,Complaint received after multiple failed attempts.,OPEN,CRITICAL,EMAIL,2026-01-08 00:00:00,2026-01-01 05:32:00,2026-02-02 00:00:00,False,False,False,False,False,False,False,False
CBK0002376,TXN00004589,USR76792,MCH5515,1100.37,not done by me,UNAUTHORIZED,suspicious high-value payment disputed by customer.,IN_PROGRESS,MEDIUM,IVR,2026-01-30 20:45:00,2026-01-20 11:45:52,2026-02-08 00:00:00,False,False,False,False,False,False,False,False
CBK0002540,TXN00010104,USR46321,MCH2065,1912.26,double debit,DUPLICATE_DEBIT,Merchant service was not delivered after payment.,OPEN,HIGH,IVR,2026-03-06 00:00:00,2026-03-04 00:00:00,,False,False,False,False,False,True,False,False
CBK0001666,TXN00018160,USR11659,MCH6810,482.0,item not received,SERVICE_NOT_DELIVERED,Complaint received after multiple failed attempts.,PENDING_BANK,MEDIUM,CHATBOT,2026-03-01 00:00:00,2026-02-28 00:00:00,2026-03-17 08:39:00,False,False,False,False,False,False,False,False
CBK0001340,TXN00001898,USR41763,MCH4190,638.96,not done by me,UNAUTHORIZED,Complaint received after multiple failed attempts.,RESOLVED,MEDIUM,IVR,2026-03-03 00:00:00,2026-02-25 08:15:11,2026-03-06 06:15:11,False,False,False,False,False,False,False,False
CBK0002616,TXN00000806,USR30612,MCH2757,3611.11,Merchant Not Delivered,SERVICE_NOT_DELIVERED,Customer says transaction was not authorized.,RESOLVED,LOW,CHATBOT,2026-02-11 03:28:31,2026-02-10 00:00:00,2026-03-05 03:28:00,False,False,False,False,False,False,False,False
CBK0000813,TXN00008478,USR72576,MCH2072,2598.96,charged twice,DUPLICATE_DEBIT,user claims account was compromised before transaction.,CLOSED,CRITICAL,APP,2026-03-08 22:39:44,2026-03-03 00:00:00,2026-04-05 00:00:00,False,False,False,False,False,False,False,False
CBK0000244,TXN00005487,USR31599,MCH6810,,DUP_DEBIT,DUPLICATE_DEBIT,User claims account was compromised before transaction.,CLOSED,HIGH,BRANCH,2026-03-01 00:00:00,2026-02-26 00:00:00,2026-03-08 00:00:00,True,False,False,False,False,False,False,False
CBK0002653,TXN00000675,USR49080,MCH5147,3743.54,delivery issue,SERVICE_NOT_DELIVERED,Payment made to unknown merchant as per cust statement.,IN_PROGRESS,LOW,IVR,2026-02-25 18:22:00,2026-02-24 00:00:00,2026-03-20 00:00:00,False,False,False,False,False,False,False,False
CBK0001966,TXN00005813,USR30602,MCH6570,1708.0,Customer Dispute,CUSTOMER_DISPUTE,Payment made to unknown merchant as per customer statement.,CLOSED,HIGH,CALL_CENTER,2026-03-15 02:54:53,2026-03-12 21:54:53,2026-03-30 00:00:00,False,False,False,False,False,False,False,False
CBK0000687,TXN00005195,USR53215,MCH8519,4251.73,complaint,CUSTOMER_DISPUTE,Customer complaint text unclear due to poor call center notes.,IN_PROGRESS,LOW,CALL_CENTER,2026-03-07 00:00:00,2026-03-06 00:00:00,,False,False,False,False,False,True,False,False
CBK0000836,TXN00003340,USR69581,MCH5218,1823.47,Fraud Suspected,FRAUD,customer complaint text unclear due to poor call center notes.,RESOLVED,MEDIUM,EMAIL,2026-01-25 00:00:00,2026-01-09 19:59:04,2026-01-26 00:00:00,False,False,False,False,False,False,False,False
CBK0001498,TXN00017926,USR98061,MCH5655,5338.83,customer issue,CUSTOMER_DISPUTE,Customer complaint text unclear due to poor call center notes.,IN_PROGRESS,LOW,IVR,2026-02-10 02:54:00,2026-02-08 06:54:39,2026-02-20 00:00:00,False,False,False,False,False,False,False,False
CBK0000710,TXN00012306,USR86472,MCH2032,-1076.54,item not received,SERVICE_NOT_DELIVERED,Customer says amount was debited twice.,PENDING_BANK,LOW,IVR,2026-02-09 14:17:35,2026-02-08 00:00:00,,False,True,False,False,False,True,False,False
CBK0000444,TXN00014743,USR56564,MCH2369,-1382.96,account hacked,ACCOUNT_TAKEOVER,Customer says transaction was not authorized.,PENDING_BANK,MEDIUM,CHATBOT,2026-02-26 00:00:00,2026-02-22 00:00:00,,False,True,False,False,False,True,False,False
CBK0002153,TXN00034179,USR47114,MCH8849,3258.82,extra amount deducted,AMOUNT_MISMATCH,SUSPICIOUS HIGH-VALUE PAYMENT DISPUTED BY CUSTOMER.,PENDING_BANK,CRITICAL,CALL_CENTER,2026-04-07 00:00:00,,2026-04-15 05:48:00,False,False,False,False,True,False,False,False
CBK0000839,TXN00014620,USR55888,MCH8779,501.3,ATO,ACCOUNT_TAKEOVER,Customer says amount was debited twice.,RESOLVED,MEDIUM,CHATBOT,2026-03-30 00:00:00,2026-03-20 00:00:00,2026-04-14 00:00:00,False,False,False,False,False,False,False,False
CBK0002121,TXN00013687,USR26337,MCH2065,506.18,Merchant Not Delivered,SERVICE_NOT_DELIVERED,USER SAYS UPI PIN WAS NOT ENTERED BY THEM.,OPEN,HIGH,IVR,2026-02-05 00:00:00,2026-02-04 00:00:00,2026-02-22 00:00:00,False,False,False,False,False,False,False,False
CBK0002600,TXN00095920,USR42158,MCH8602,45384.61,Unauthorized Transaction,UNAUTHORIZED,Merchant service was not delivered after payment.,CLOSED,HIGH,CHATBOT,2026-02-13 18:50:00,2026-02-06 12:50:00,2026-02-21 18:50:00,False,False,False,False,False,False,False,False
CBK0001527,TXN00044508,USR35882,MCH5076,,login compromised,ACCOUNT_TAKEOVER,Customer says transaction was not authorized. details missing,RESOLVED,HIGH,APP,2026-04-01 00:00:00,2026-03-24 00:00:00,,True,False,False,False,False,True,False,False
CBK0000399,TXN00003924,USR85504,MCH7005,2479.92,not done by me,UNAUTHORIZED,Complaint received after multiple failed attempts.,RESOLVED,MEDIUM,EMAIL,,2026-01-08 00:00:00,2026-01-16 00:00:00,False,False,False,True,False,False,False,False
CBK0000708,TXN00014452,USR24775,MCH2757,-798.72,delivery issue,SERVICE_NOT_DELIVERED,Suspicious high-value payment disputed by customer.,REJECTED,LOW,IVR,2026-02-20 21:31:31,2026-02-17 00:00:00,2026-03-15 00:00:00,False,True,False,False,False,False,False,False
CBK0000485,TXN00016648,USR27340,MCH3100,1142.0,Customer Dispute,CUSTOMER_DISPUTE,Complaint received after multiple failed attempts.,PENDING_BANK,MEDIUM,CALL_CENTER,2026-01-19 00:00:00,2026-01-16 15:36:13,2026-01-31 00:00:00,False,False,False,False,False,False,False,False
CBK0001355,TXN00002926,USR49477,MCH5714,6014.84,item not received,SERVICE_NOT_DELIVERED,User reports money deducted but merchant denies receiving payment.,REJECTED,HIGH,IVR,2026-03-19 00:00:00,2026-03-08 18:59:00,,False,False,False,False,False,True,False,False
CBK0002468,TXN00004673,USR45477,MCH4469,3382.78,suspicious transaction,FRAUD,Payment made to unknown merchant as per customer statement.,CLOSED,LOW,EMAIL,2026-03-22 16:12:19,2026-03-14 23:12:19,2026-04-13 00:00:00,False,False,False,False,False,False,False,False
CBK0002672,TXN00014672,USR51854,MCH2993,1817.11,FRAUD,FRAUD,Customer says transaction was not authorized.,OPEN,HIGH,EMAIL,2026-02-22 00:00:00,2026-02-20 00:00:00,2026-03-08 09:32:00,False,False,False,False,False,False,False,False
CBK0001013,TXN00096416,USR33841,MCH9291,5544.6,customer issue,CUSTOMER_DISPUTE,User reports money deducted but merchant denies receiving payment.,PENDING_BANK,MEDIUM,CALL_CENTER,2026-01-20 22:44:00,2026-01-17 07:44:00,2026-02-14 00:00:00,False,False,False,False,False,False,False,False
CBK0002150,TXN00013524,USR74666,MCH8154,2142.84,Fraud Suspected,FRAUD,Customer says transaction was not authorized.,OPEN,LOW,IVR,2026-02-07 00:00:00,2026-01-31 00:00:00,2026-03-04 00:00:00,False,False,False,False,False,False,False,False
CBK0001411,TXN00011455,USR24660,MCH3964,3012.1,FRAUD,FRAUD,PAYMENT MADE TO UNKNOWN MERCHANT AS PER CUSTOMER STATEMENT.,OPEN,LOW,CALL_CENTER,2026-03-05 00:00:00,2026-02-02 22:05:00,,False,False,False,False,False,True,False,False
CBK0002646,TXN00007962,USR17493,MCH3415,875.42,Duplicate Debit,DUPLICATE_DEBIT,user says upi pin was not entered by them.,CLOSED,CRITICAL,IVR,2026-02-05 00:00:00,2026-01-06 03:01:00,2026-02-26 16:01:00,False,False,False,False,False,False,False,False
CBK0001852,TXN00017893,USR27328,MCH3100,4556.84,double debit,DUPLICATE_DEBIT,User claims account was compromised before transaction.,IN_PROGRESS,LOW,IVR,2026-01-04 08:34:57,2026-01-03 00:00:00,2026-01-27 00:00:00,False,False,False,False,False,False,False,False
CBK0001453,TXN00012893,USR52532,MCH2931,-1558.33,amount mismatch,AMOUNT_MISMATCH,Complaint received after multiple failed attempts. details missing,REJECTED,LOW,IVR,,2026-03-06 07:48:50,2026-03-30 00:00:00,False,True,False,True,False,False,False,False
CBK0002693,,USR66470,MCH7690,1231.18,login compromised,ACCOUNT_TAKEOVER,customer complaint text unclear due to poor call center notes.,OPEN,MEDIUM,CHATBOT,2026-02-17 00:00:00,2026-02-02 05:38:00,2026-02-28 15:38:40,False,False,True,False,False,False,False,False
CBK0001695,TXN00007159,USR91996,MCH6645,1034.0,Fraud Suspected,FRAUD,Customer says transaction was not authorized. call dropped,PENDING_BANK,LOW,APP,2026-03-03 14:25:14,,,False,False,False,False,True,True,False,False
CBK0001743,TXN00005081,USR55177,MCH3198,782.28,login compromised,ACCOUNT_TAKEOVER,User says UPI PIN was not entered by them. NA,RESOLVED,LOW,CHATBOT,2026-01-21 00:00:00,2026-01-10 00:00:00,,False,False,False,False,False,True,False,False
CBK0002656,TXN00003111,USR97954,MCH1274,1858.78,account hacked,ACCOUNT_TAKEOVER,Customer says transaction was not authorized.,CLOSED,LOW,APP,2026-01-04 00:00:00,2026-01-02 00:00:00,2026-01-11 00:00:00,False,False,False,False,False,False,False,False
CBK0001196,TXN00016378,USR64980,MCH2065,403.8,FRAUD,FRAUD,Complaint received after multiple failed attempts.,OPEN,HIGH,CHATBOT,2026-03-02 21:57:09,2026-02-28 14:57:09,,False,False,False,False,False,True,False,False
CBK0000269,TXN00016915,USR75856,MCH1213,886.36,account hacked,ACCOUNT_TAKEOVER,Payment made to unknown merchant as per customer statement.,CLOSED,MEDIUM,IVR,2026-03-28 00:00:00,2026-03-25 00:00:00,2026-04-25 21:01:00,False,False,False,False,False,False,False,False
CBK0000701,TXN00002775,USR31842,MCH7869,6779.18,not delivered,SERVICE_NOT_DELIVERED,Merchant service was not delivered after payment.,PENDING_BANK,LOW,CHATBOT,2026-01-30 15:50:18,2026-01-25 00:00:00,2026-02-21 00:00:00,False,False,False,False,False,False,False,False
CBK0001127,TXN00017229,USR16037,MCH3572,796.1,delivery issue,SERVICE_NOT_DELIVERED,Customer says amount was debited twice.,IN_PROGRESS,MEDIUM,EMAIL,2026-02-28 00:00:00,,2026-03-06 00:00:00,False,False,False,False,True,False,False,False
CBK0000665,TXN00012726,USR82229,MCH6230,360.49,delivery issue,SERVICE_NOT_DELIVERED,Complaint received after multiple failed attempts.,OPEN,LOW,BRANCH,2026-02-10 01:03:00,2026-02-07 00:00:00,,False,False,False,False,False,True,False,False
CBK0000569,TXN00016196,USR24538,MCH2336,-2141.56,customer issue,CUSTOMER_DISPUTE,Suspicious high-value payment disputed by customer.,IN_PROGRESS,MEDIUM,EMAIL,2026-01-10 00:00:00,2026-01-09 00:00:00,2026-01-17 00:00:00,False,True,False,False,False,False,False,False
CBK0000913,TXN00004115,USR85406,MCH2832,1495.6,not done by me,UNAUTHORIZED,Merchant service was not delivered after payment.,REJECTED,MEDIUM,IVR,2026-03-12 00:00:00,,,False,False,False,False,True,True,False,False
CBK0000380,TXN00000414,USR57745,MCH6126,806.29,login compromised,ACCOUNT_TAKEOVER,user reports money deducted but merchant denies receiving payment.,REJECTED,LOW,CALL_CENTER,2026-02-13 00:00:00,2026-02-10 00:00:00,2026-03-13 00:00:00,False,False,False,False,False,False,False,False
CBK0002497,TXN00019914,USR48451,MCH6538,3065.07,no service,SERVICE_NOT_DELIVERED,User claims account was compromised before transaction.,PENDING_BANK,MEDIUM,IVR,2026-01-22 00:00:00,2026-01-21 19:23:00,2026-01-26 00:00:00,False,False,False,False,False,False,False,False
CBK0002799,TXN00003221,USR38263,MCH3031,574.0,item not received,SERVICE_NOT_DELIVERED,Merchant service was not delivered after payment.,RESOLVED,MEDIUM,EMAIL,2026-01-30 00:00:00,,2026-02-17 00:00:00,False,False,False,False,True,False,False,False
CBK0000317,TXN00005496,USR91453,MCH1988,,delivery issue,SERVICE_NOT_DELIVERED,Complaint received after multiple failed attempts.,RESOLVED,MEDIUM,IVR,2026-03-25 00:00:00,2026-02-22 00:00:00,2026-04-15 00:00:00,True,False,False,False,False,False,False,False
CBK0000582,TXN00006728,USR32162,MCH1074,1002.59,Merchant Not Delivered,SERVICE_NOT_DELIVERED,Customer says transaction was not authorized.,PENDING_BANK,CRITICAL,EMAIL,2026-02-17 00:00:00,2026-02-14 00:00:00,2026-02-22 00:00:00,False,False,False,False,False,False,False,False
CBK0002571,TXN00011546,USR24926,MCH2822,3305.27,DUP_DEBIT,DUPLICATE_DEBIT,Complaint received after multiple failed attempts.,REJECTED,LOW,IVR,2026-02-03 00:00:00,2026-01-26 00:00:00,2026-02-17 00:00:00,False,False,False,False,False,False,False,False
CBK0001943,TXN00000649,USR47711,MCH1196,1174.17,item not received,SERVICE_NOT_DELIVERED,user says upi pin was not entered by them.,IN_PROGRESS,MEDIUM,IVR,2026-04-13 00:00:00,2026-03-13 00:00:00,2026-05-11 02:50:07,False,False,False,False,False,False,False,False
CBK0001177,TXN00004028,USR95524,MCH7017,2255.0,amount mismatch,AMOUNT_MISMATCH,Customer says amount was debited twice.,IN_PROGRESS,HIGH,IVR,2026-02-09 00:00:00,2026-02-06 00:00:00,2026-03-01 00:00:00,False,False,False,False,False,False,False,False
CBK0002055,TXN00004686,USR87013,MCH3011,1634.47,customer issue,CUSTOMER_DISPUTE,USER CLAIMS ACCOUNT WAS COMPROMISED BEFORE TRANSACTION.,CLOSED,MEDIUM,CALL_CENTER,2026-01-07 00:00:00,2026-01-06 00:33:00,2026-01-27 00:00:00,False,False,False,False,False,False,False,False
CBK0000104,TXN00010908,USR70176,MCH5980,608.69,double debit,DUPLICATE_DEBIT,CUSTOMER SAYS TRANSACTION WAS NOT AUTHORIZED.,REJECTED,LOW,BRANCH,2026-02-22 17:53:00,2026-02-19 00:00:00,2026-03-09 00:00:00,False,False,False,False,False,False,False,False
CBK0002489,,USR88037,MCH4590,1315.92,DUP_DEBIT,DUPLICATE_DEBIT,Suspicious high-value payment disputed by customer.,RESOLVED,MEDIUM,CHATBOT,2026-03-09 00:00:00,2026-03-13 00:00:00,2026-03-17 00:00:00,False,False,True,False,False,False,True,False
CBK0000154,TXN00011689,USR92364,MCH2569,473.27,not delivered,SERVICE_NOT_DELIVERED,User reports money deducted but merchant denies receiving payment.,REJECTED,LOW,IVR,2026-03-14 22:06:34,2026-03-07 00:00:00,2026-03-23 00:00:00,False,False,False,False,False,False,False,False
CBK0001635,TXN00008467,USR70836,MCH6914,-1016.94,scam,FRAUD,Customer says amount was debited twice.,CLOSED,MEDIUM,CALL_CENTER,2026-03-14 10:21:00,2026-03-11 00:00:00,2026-03-21 00:00:00,False,True,False,False,False,False,False,False
CBK0002756,TXN00003850,USR52907,MCH1919,5978.59,charged twice,DUPLICATE_DEBIT,Suspicious high-value payment disputed by customer.,REJECTED,LOW,IVR,2026-04-20 18:06:08,2026-03-06 00:00:00,2026-05-12 18:06:08,False,False,False,False,False,False,False,False
CBK0000892,TXN00019345,USR99727,MCH8400,-393.4,Account Takeover,ACCOUNT_TAKEOVER,Merchant service was not delivered after payment.,PENDING_BANK,MEDIUM,BRANCH,2026-03-06 00:00:00,2026-03-06 01:42:03,,False,True,False,False,False,True,True,False
CBK0000445,TXN00013230,USR28772,MCH3727,1323.41,item not received,SERVICE_NOT_DELIVERED,customer complaint text unclear due to poor call center notes.,IN_PROGRESS,LOW,CHATBOT,2026-01-22 00:00:00,2026-01-18 00:00:00,,False,False,False,False,False,True,False,False
CBK0000845,TXN00009880,USR90298,MCH5574,731.59,suspicious transaction,FRAUD,User says UPI PIN was not entered by them.,CLOSED,CRITICAL,IVR,2026-01-28 00:00:00,2026-01-25 22:25:35,2026-02-11 19:25:35,False,False,False,False,False,False,False,False
CBK0001262,TXN00010454,USR21439,MCH7751,470.39,unauthorized_transaction,UNAUTHORIZED,Customer complaint text unclear due to poor call center notes.,RESOLVED,LOW,CALL_CENTER,2026-03-30 22:30:00,2026-03-15 00:00:00,2026-04-11 22:30:00,False,False,False,False,False,False,False,False
CBK0000862,TXN00002240,USR25056,MCH6810,401.02,Wrong Amount,AMOUNT_MISMATCH,User claims account was compromised before transaction.,CLOSED,MEDIUM,CALL_CENTER,2026-03-26 00:00:00,2026-03-23 00:00:00,2026-04-21 10:54:00,False,False,False,False,False,False,False,False
CBK0000981,TXN00009791,USR68023,MCH2433,807.97,DUP_DEBIT,DUPLICATE_DEBIT,Payment made to unknown merchant as per customer statement.,CLOSED,LOW,IVR,2026-01-14 00:00:00,2026-01-11 00:00:00,2026-01-22 00:00:00,False,False,False,False,False,False,False,False
CBK0001975,TXN00019834,USR32424,MCH5954,41457.94,FRAUD,FRAUD,Customer says amount was debited twice.,RESOLVED,LOW,BRANCH,2026-01-14 00:00:00,2026-01-11 00:00:00,2026-02-06 00:00:00,False,False,False,False,False,False,False,False
CBK0001523,TXN00010463,USR76129,MCH3006,,not done by me,UNAUTHORIZED,Customer says amount was debited twice.,IN_PROGRESS,MEDIUM,CALL_CENTER,2026-01-23 03:12:56,2026-01-15 00:00:00,,True,False,False,False,False,True,False,False
CBK0000671,TXN00004668,USR54740,MCH4646,,complaint,CUSTOMER_DISPUTE,Customer says amount was debited twice.,CLOSED,MEDIUM,IVR,2026-03-18 13:09:02,,2026-03-22 00:00:00,True,False,False,False,True,False,False,False
CBK0001669,TXN00017590,USR41522,MCH4473,740.63,Duplicate Debit,DUPLICATE_DEBIT,Complaint received after multiple failed attempts.,IN_PROGRESS,MEDIUM,CALL_CENTER,2026-01-29 00:00:00,2026-01-27 08:27:52,2026-02-27 00:00:00,False,False,False,False,False,False,False,False
CBK0001823,,USR32406,MCH8595,3940.26,extra amount deducted,AMOUNT_MISMATCH,Customer complaint text unclear due to poor call center notes.,PENDING_BANK,LOW,EMAIL,2026-02-16 21:08:53,2026-02-13 04:08:53,2026-03-10 00:00:00,False,False,True,False,False,False,False,False
CBK0001608,TXN00019683,USR20968,MCH4899,-363.03,complaint,CUSTOMER_DISPUTE,USER REPORTS MONEY DEDUCTED BUT MERCHANT DENIES RECEIVING PAYMENT.,IN_PROGRESS,MEDIUM,EMAIL,2026-03-02 15:14:00,2026-02-14 00:00:00,2026-03-11 00:00:00,False,True,False,False,False,False,False,False
CBK0000198,TXN00019042,USR16744,MCH8391,1241.09,Fraud Suspected,FRAUD,User says UPI PIN was not entered by them.,CLOSED,MEDIUM,IVR,2026-03-25 15:25:13,2026-02-22 00:00:00,2026-04-24 15:25:13,False,False,False,False,False,False,False,False
CBK0000573,TXN00005006,USR65253,MCH5655,216.3,FRAUD,FRAUD,Suspicious high-value payment disputed by customer.,PENDING_BANK,LOW,CHATBOT,2026-01-07 00:00:00,2026-01-04 00:00:00,2026-01-22 00:00:00,False,False,False,False,False,False,False,False
CBK0000621,TXN00059284,USR96201,MCH6056,1857.0,suspicious transaction,FRAUD,Customer says transaction was not authorized.,REJECTED,MEDIUM,BRANCH,2026-01-15 00:00:00,2026-01-12 09:54:00,,False,False,False,False,False,True,False,False
CBK0002266,TXN00009068,USR70505,MCH8037,1500.0,unauthorized_transaction,UNAUTHORIZED,complaint received after multiple failed attempts.,RESOLVED,HIGH,IVR,2026-03-20 00:00:00,2026-03-25 00:00:00,2026-03-31 00:00:00,False,False,False,False,False,False,True,False
CBK0000786,TXN00000679,USR22762,MCH2342,4474.08,unauth txn,UNAUTHORIZED,payment made to unknown merchant as per customer statement.,OPEN,HIGH,IVR,2026-03-15 07:28:00,2026-03-14 00:00:00,2026-04-02 00:00:00,False,False,False,False,False,False,False,False
CBK0002074,TXN00000823,USR21224,MCH2266,4418.82,customer issue,CUSTOMER_DISPUTE,CUSTOMER SAYS AMOUNT WAS DEBITED TWICE.,OPEN,MEDIUM,APP,2026-03-17 04:37:11,2026-03-15 05:37:00,,False,False,False,False,False,True,False,False
CBK0000463,TXN00017663,USR67399,MCH7286,8257.96,delivery issue,SERVICE_NOT_DELIVERED,Customer says amount was debited twice.,IN_PROGRESS,HIGH,IVR,2026-01-17 00:24:23,2026-01-11 00:00:00,2026-02-03 00:00:00,False,False,False,False,False,False,False,False
CBK0001768,,USR27328,MCH9291,7478.21,amount mismatch,AMOUNT_MISMATCH,Suspicious high-value payment disputed by customer.,RESOLVED,MEDIUM,IVR,2026-01-09 00:00:00,2026-01-03 00:00:00,,False,False,True,False,False,True,False,False
CBK0002458,TXN00016001,USR25348,MCH7859,992.78,ATO,ACCOUNT_TAKEOVER,Payment made to unknown merchant as per customer statement.,RESOLVED,MEDIUM,CHATBOT,2026-02-20 00:00:00,2026-02-15 15:36:38,2026-03-06 15:36:38,False,False,False,False,False,False,False,False
CBK0002584,TXN00014405,USR78603,MCH8391,6441.32,complaint,CUSTOMER_DISPUTE,Customer says amount was debited twice.,CLOSED,LOW,IVR,,2026-01-17 00:00:00,2026-02-03 03:04:42,False,False,False,True,False,False,False,False
CBK0000885,TXN00005367,USR25239,MCH2903,734.0,complaint,CUSTOMER_DISPUTE,Complaint received after multiple failed attempts.,RESOLVED,LOW,IVR,2026-01-29 00:00:00,,,False,False,False,False,True,True,False,False
CBK0000395,TXN00019343,USR25559,MCH6850,4178.65,Duplicate Debit,DUPLICATE_DEBIT,Customer says amount was debited twice.,PENDING_BANK,CRITICAL,CALL_CENTER,2026-02-17 08:20:00,2026-02-14 00:00:00,,False,False,False,False,False,True,False,False
CBK0002791,TXN00015597,USR82439,MCH6037,5141.83,account hacked,ACCOUNT_TAKEOVER,complaint received after multiple failed attempts.,CLOSED,LOW,CALL_CENTER,2026-01-24 00:00:00,2026-01-19 00:00:00,2026-02-20 00:00:00,False,False,False,False,False,False,False,False
CBK0002669,TXN00019872,USR24991,MCH4473,2597.87,incorrect amount,AMOUNT_MISMATCH,User says UPI PIN was not entered by them.,IN_PROGRESS,MEDIUM,CHATBOT,2026-03-10 00:00:00,2026-02-28 00:00:00,2026-03-27 12:32:00,False,False,False,False,False,False,False,False
CBK0001044,TXN00017041,USR46644,MCH2822,-768.89,ATO,ACCOUNT_TAKEOVER,PAYMENT MADE TO UNKNOWN MERCHANT AS PER CUSTOMER STATEMENT.,IN_PROGRESS,HIGH,CHATBOT,2026-03-17 00:00:00,2026-03-16 00:00:00,,False,True,False,False,False,True,False,False
CBK0000014,TXN00006433,USR59260,MCH7254,468.43,suspicious transaction,FRAUD,User says UPI PIN was not entered by them.,RESOLVED,HIGH,BRANCH,2026-03-24 00:00:00,2026-03-17 00:00:00,2026-03-30 00:00:00,False,False,False,False,False,False,False,False
CBK0000546,TXN00015015,USR64208,MCH3613,1247.41,Fraud Suspected,FRAUD,User reports money deducted but merchant denies receiving payment.,CLOSED,MEDIUM,CHATBOT,2026-03-21 07:37:17,2026-03-19 10:37:17,2026-04-12 07:37:17,False,False,False,False,False,False,False,False
CBK0000365,TXN00050079,USR19852,MCH7962,2659.07,FRAUD,FRAUD,Customer complaint text unclear due to poor call center notes.,IN_PROGRESS,LOW,IVR,2026-01-10 21:54:00,2026-01-09 00:00:00,2026-01-26 00:00:00,False,False,False,False,False,False,False,False
CBK0000052,TXN00002289,USR12120,MCH6097,397.0,charged twice,DUPLICATE_DEBIT,Customer complaint text unclear due to poor call center notes.,CLOSED,LOW,BRANCH,2026-02-06 16:27:24,2026-02-03 19:27:00,,False,False,False,False,False,True,False,False
CBK0002106,TXN00000751,USR78076,MCH4328,3107.33,UNAUTHORISED,UNAUTHORIZED,Complaint received after multiple failed attempts.,PENDING_BANK,MEDIUM,APP,2026-02-06 00:00:00,2026-02-04 00:00:00,,False,False,False,False,False,True,False,False
CBK0001518,TXN00015930,USR24159,MCH7364,8611.05,no service,SERVICE_NOT_DELIVERED,User says UPI PIN was not entered by them.,RESOLVED,LOW,APP,2026-02-11 00:00:00,2026-02-10 00:00:00,,False,False,False,False,False,True,False,False
CBK0001873,TXN00015156,USR14556,MCH4153,743.67,Merchant Not Delivered,SERVICE_NOT_DELIVERED,Customer complaint text unclear due to poor call center notes.,OPEN,LOW,CHATBOT,2026-04-10 00:00:00,2026-03-30 00:00:00,,False,False,False,False,False,True,False,False
CBK0002145,TXN00013507,USR12300,MCH1320,384.66,extra amount deducted,AMOUNT_MISMATCH,user reports money deducted but merchant denies receiving payment.,PENDING_BANK,MEDIUM,IVR,2026-01-08 00:00:00,2026-01-03 15:18:11,2026-01-31 00:00:00,False,False,False,False,False,False,False,False
CBK0000346,TXN00019000,USR70482,MCH9834,595.88,service failed,SERVICE_NOT_DELIVERED,Complaint received after multiple failed attempts.,REJECTED,LOW,IVR,,2026-01-07 00:00:00,2026-03-01 10:53:00,False,False,False,True,False,False,False,False
CBK0000518,TXN00019651,USR43011,MCH8391,7485.82,fraud,FRAUD,USER SAYS UPI PIN WAS NOT ENTERED BY THEM.,REJECTED,HIGH,IVR,2026-02-13 00:00:00,2026-02-17 08:25:20,2026-03-07 00:00:00,False,False,False,False,False,False,True,False
CBK0001990,TXN00013175,USR40088,MCH2076,917.0,account hacked,ACCOUNT_TAKEOVER,User says UPI PIN was not entered by them.,IN_PROGRESS,HIGH,EMAIL,2026-04-13 15:19:00,2026-03-29 13:19:19,,False,False,False,False,False,True,False,False
CBK0000392,TXN00012439,USR38698,MCH3682,1778.59,Merchant Not Delivered,SERVICE_NOT_DELIVERED,Suspicious high-value payment disputed by customer.,REJECTED,MEDIUM,IVR,2026-02-11 00:00:00,2026-02-09 00:00:00,,False,False,False,False,False,True,False,False
CBK0001163,TXN00015098,USR22550,MCH3992,862.23,Wrong Amount,AMOUNT_MISMATCH,User reports money deducted but merchant denies receiving payment.,PENDING_BANK,LOW,EMAIL,2026-01-06 00:00:00,2026-01-03 07:07:35,2026-01-28 08:07:35,False,False,False,False,False,False,False,False
CBK0000271,TXN00002677,USR94094,MCH6810,-12852.7,dispute raised,CUSTOMER_DISPUTE,Payment made to unknown merchant as per customer statement.,PENDING_BANK,MEDIUM,EMAIL,,2026-01-07 08:03:00,2026-01-30 00:00:00,False,True,False,True,False,False,False,False
CBK0001550,TXN00019667,USR69706,MCH1489,,complaint,CUSTOMER_DISPUTE,Complaint received after multiple failed attempts.,IN_PROGRESS,MEDIUM,CHATBOT,2026-03-17 23:14:00,2026-03-16 00:00:00,2026-03-30 00:00:00,True,False,False,False,False,False,False,False
CBK0001538,TXN00007658,USR99769,MCH5655,-2100.66,complaint,CUSTOMER_DISPUTE,Payment made to unknown merchant as per customer statement.,PENDING_BANK,MEDIUM,APP,2026-03-12 00:00:00,,2026-03-14 00:00:00,False,True,False,False,True,False,False,False
CBK0002298,TXN00017266,USR66122,MCH2822,260.19,FRAUD,FRAUD,User says UPI PIN was not entered by them.,PENDING_BANK,HIGH,APP,2026-01-30 00:00:00,2026-01-20 01:05:38,,False,False,False,False,False,True,False,False
CBK0001034,TXN00017915,USR65211,MCH7357,1532.42,service failed,SERVICE_NOT_DELIVERED,Customer complaint text unclear due to poor call center notes. urgent,REJECTED,MEDIUM,IVR,2026-02-08 00:00:00,2026-02-02 00:00:00,2026-03-07 06:28:19,False,False,False,False,False,False,False,False
CBK0001526,TXN00000871,USR45479,MCH8259,589.34,Customer Dispute,CUSTOMER_DISPUTE,customer says transaction was not authorized.,RESOLVED,CRITICAL,EMAIL,2026-01-11 00:00:00,2026-01-04 07:14:00,,False,False,False,False,False,True,False,False
CBK0002297,TXN00013147,USR10842,MCH2327,4819.26,ATO,ACCOUNT_TAKEOVER,Complaint received after multiple failed attempts.,IN_PROGRESS,LOW,CALL_CENTER,2026-04-02 00:00:00,2026-03-29 08:55:00,,False,False,False,False,False,True,False,False
CBK0001810,TXN00004960,USR99526,MCH3990,1327.87,merchant service issue,SERVICE_NOT_DELIVERED,User says UPI PIN was not entered by them.,CLOSED,LOW,APP,2026-04-27 22:27:53,2026-03-28 00:00:00,2026-05-02 00:00:00,False,False,False,False,False,False,False,False
CBK0000684,TXN00017791,USR21714,MCH2319,2658.78,unauthorized_transaction,UNAUTHORIZED,user claims account was compromised before transaction.,PENDING_BANK,MEDIUM,EMAIL,2026-02-20 00:00:00,2026-02-12 00:00:00,2026-03-07 00:00:00,False,False,False,False,False,False,False,False
CBK0002500,TXN00001461,USR25808,MCH6058,740.03,extra amount deducted,AMOUNT_MISMATCH,Merchant service was not delivered after payment. details missing,PENDING_BANK,MEDIUM,CHATBOT,,2026-03-13 00:00:00,2026-03-16 00:00:00,False,False,False,True,False,False,False,False
CBK0000962,,USR21384,MCH8160,6282.15,not done by me,UNAUTHORIZED,Customer says amount was debited twice. pls check asap,CLOSED,MEDIUM,CHATBOT,2026-03-12 00:00:00,2026-03-09 00:00:00,2026-03-25 00:00:00,False,False,True,False,False,False,False,False
CBK0001781,TXN00007749,USR87914,MCH9316,1287.86,double debit,DUPLICATE_DEBIT,User reports money deducted but merchant denies receiving payment.,IN_PROGRESS,HIGH,EMAIL,2026-04-07 00:00:00,2026-03-31 00:00:00,,False,False,False,False,False,True,False,False
CBK0001231,TXN00001392,USR68023,MCH4246,508.21,delivery issue,SERVICE_NOT_DELIVERED,Merchant service was not delivered after payment.,IN_PROGRESS,MEDIUM,APP,2026-01-16 18:07:55,2026-01-14 05:07:55,2026-02-04 00:00:00,False,False,False,False,False,False,False,False
CBK0001832,TXN00095203,USR76886,MCH4590,3668.05,double debit,DUPLICATE_DEBIT,Complaint received after multiple failed attempts.,OPEN,HIGH,IVR,2026-02-13 00:00:00,2026-02-10 00:00:00,2026-03-02 06:18:49,False,False,False,False,False,False,False,False
CBK0001393,TXN00004549,USR66391,MCH2802,1639.85,amount mismatch,AMOUNT_MISMATCH,Customer complaint text unclear due to poor call center notes.,OPEN,HIGH,CHATBOT,2026-03-16 00:00:00,2026-03-10 00:00:00,2026-04-02 00:00:00,False,False,False,False,False,False,False,False
CBK0001633,,USR69513,MCH6502,2553.0,not done by me,UNAUTHORIZED,Payment made to unknown merchant as per customer statement.,PENDING_BANK,HIGH,APP,2026-02-18 00:00:00,,2026-02-27 00:00:00,False,False,True,False,True,False,False,False
CBK0000555,TXN00010709,USR61652,MCH3388,372.66,Service Not Provided,SERVICE_NOT_DELIVERED,customer complaint text unclear due to poor call center notes.,CLOSED,MEDIUM,CALL_CENTER,2026-03-04 00:00:00,2026-03-01 00:00:00,2026-03-21 00:00:00,False,False,False,False,False,False,False,False
CBK0002452,TXN00016739,USR87040,MCH8521,10606.78,suspicious transaction,FRAUD,User reports money deducted but merchant denies receiving payment.,PENDING_BANK,LOW,CALL_CENTER,2026-02-06 14:44:00,2026-01-31 00:00:00,2026-02-15 14:44:00,False,False,False,False,False,False,False,False
CBK0002410,TXN00010646,USR89422,MCH7235,12234.17,no service,SERVICE_NOT_DELIVERED,Customer complaint text unclear due to poor call center notes.,IN_PROGRESS,LOW,CHATBOT,2026-02-11 00:00:00,2026-02-06 00:00:00,2026-02-11 00:00:00,False,False,False,False,False,False,False,False
CBK0001429,TXN00002466,USR67833,MCH9464,3099.92,Unauthorized Transaction,UNAUTHORIZED,User says UPI PIN was not entered by them.,RESOLVED,CRITICAL,BRANCH,2026-04-03 00:00:00,2026-03-31 00:00:00,2026-04-22 00:00:00,False,False,False,False,False,False,False,False
CBK0001612,TXN00014722,USR65193,MCH2065,336.91,FRAUD,FRAUD,Complaint received after multiple failed attempts.,IN_PROGRESS,MEDIUM,CHATBOT,2026-01-22 11:17:44,2026-01-19 00:00:00,2026-02-04 11:17:44,False,False,False,False,False,False,False,False
CBK0001102,TXN00011957,USR73976,MCH5980,3402.48,ATO,ACCOUNT_TAKEOVER,Customer says amount was debited twice.,OPEN,LOW,IVR,2026-03-25 15:49:00,2026-03-24 00:49:47,,False,False,False,False,False,True,False,False
CBK0001642,TXN00010479,USR22574,MCH9738,3691.3,UNAUTHORISED,UNAUTHORIZED,Customer says transaction was not authorized.,CLOSED,MEDIUM,EMAIL,2026-01-18 02:57:54,2026-01-16 00:00:00,2026-02-17 02:57:54,False,False,False,False,False,False,False,False
CBK0002208,TXN00006710,USR27567,MCH1708,12811.39,DUP_DEBIT,DUPLICATE_DEBIT,Customer says transaction was not authorized.,REJECTED,HIGH,IVR,,2026-03-03 00:00:00,2026-03-23 12:32:00,False,False,False,True,False,False,False,False
CBK0002081,TXN00007014,USR43464,MCH9155,1748.13,dispute raised,CUSTOMER_DISPUTE,User reports money deducted but merchant denies receiving payment.,IN_PROGRESS,LOW,IVR,2026-01-14 11:53:14,2026-01-12 00:00:00,2026-01-17 00:00:00,False,False,False,False,False,False,False,False
CBK0002643,TXN00011560,USR74311,MCH9291,2932.55,Merchant Not Delivered,SERVICE_NOT_DELIVERED,Complaint received after multiple failed attempts.,REJECTED,HIGH,CHATBOT,2026-01-22 11:33:45,2026-01-06 16:33:45,2026-02-05 00:00:00,False,False,False,False,False,False,False,False
CBK0001100,TXN00058495,USR57427,MCH5101,543.72,charged twice,DUPLICATE_DEBIT,Merchant service was not delivered after payment.,REJECTED,HIGH,CHATBOT,2026-04-04 00:00:00,2026-03-19 00:00:00,,False,False,False,False,False,True,False,False
CBK0000016,TXN00013636,USR71660,MCH4806,8898.0,Customer Dispute,CUSTOMER_DISPUTE,payment made to unknown merchant as per customer statement.,RESOLVED,MEDIUM,BRANCH,2026-03-22 07:06:10,2026-03-19 18:06:00,2026-03-24 00:00:00,False,False,False,False,False,False,False,False
CBK0002228,TXN00018314,USR71704,MCH3815,1635.13,Merchant Not Delivered,SERVICE_NOT_DELIVERED,Merchant service was not delivered after payment.,PENDING_BANK,MEDIUM,BRANCH,2026-03-21 12:55:00,2026-03-20 17:55:00,2026-04-07 00:00:00,False,False,False,False,False,False,False,False
CBK0001211,,USR53527,MCH4848,988.08,scam,FRAUD,Complaint received after multiple failed attempts.,OPEN,HIGH,APP,2026-03-29 12:22:56,2026-03-27 00:00:00,2026-04-11 00:00:00,False,False,True,False,False,False,False,False
CBK0001447,TXN00015239,USR59920,MCH4650,10770.37,charged twice,DUPLICATE_DEBIT,User says UPI PIN was not entered by them.,IN_PROGRESS,LOW,BRANCH,2026-02-19 00:00:00,2026-02-17 00:00:00,2026-02-19 00:00:00,False,False,False,False,False,False,False,False
CBK0001476,TXN00009355,USR74753,MCH9250,2786.42,Wrong Amount,AMOUNT_MISMATCH,User reports money deducted but merchant denies receiving payment.,RESOLVED,MEDIUM,IVR,2026-01-17 07:44:00,,2026-01-18 00:00:00,False,False,False,False,True,False,False,False
CBK0002292,TXN00014118,USR56014,MCH1692,3230.0,extra amount deducted,AMOUNT_MISMATCH,Merchant service was not delivered after payment.,REJECTED,MEDIUM,CHATBOT,2026-01-07 00:00:00,2026-01-06 00:00:00,2026-01-29 00:00:00,False,False,False,False,False,False,False,False
CBK0001345,TXN00016061,USR71319,MCH7074,-3106.54,service failed,SERVICE_NOT_DELIVERED,USER SAYS UPI PIN WAS NOT ENTERED BY THEM.,REJECTED,MEDIUM,IVR,2026-01-05 00:00:00,2026-01-02 00:00:00,2026-01-24 00:00:00,False,True,False,False,False,False,False,False
CBK0001200,TXN00008369,USR34652,MCH1854,690.97,fraud,FRAUD,Payment made to unknown merchant as per cust statement.,OPEN,MEDIUM,CALL_CENTER,2026-03-10 00:00:00,2026-03-09 13:02:31,2026-03-13 00:00:00,False,False,False,False,False,False,False,False
CBK0000280,TXN00006257,USR14813,MCH5918,350.52,no service,SERVICE_NOT_DELIVERED,User says UPI PIN was not entered by them.,CLOSED,MEDIUM,EMAIL,2026-01-05 00:00:00,,2026-01-30 01:29:00,False,False,False,False,True,False,False,False
CBK0001354,TXN00014155,USR29864,MCH9709,2193.93,DUP_DEBIT,DUPLICATE_DEBIT,Customer says amount was debited twice.,RESOLVED,MEDIUM,EMAIL,2026-02-06 00:00:00,2026-02-01 00:00:00,2026-02-19 00:00:00,False,False,False,False,False,False,False,False
CBK0001015,TXN00016813,USR32994,MCH3718,9012.82,charged twice,DUPLICATE_DEBIT,User reports money deducted but merchant denies receiving payment.,OPEN,HIGH,BRANCH,,2026-03-06 17:47:01,,False,False,False,True,False,True,False,False
CBK0002601,TXN00008048,USR47942,MCH3036,7477.0,Fraud Suspected,FRAUD,Payment made to unknown merchant as per customer statement.,IN_PROGRESS,HIGH,IVR,2026-02-10 00:00:00,2026-02-07 03:19:43,2026-03-04 00:00:00,False,False,False,False,False,False,False,False
CBK0001159,TXN00004247,USR78862,MCH9098,1908.75,no service,SERVICE_NOT_DELIVERED,Merchant service was not delivered after payment. NA,IN_PROGRESS,MEDIUM,CHATBOT,,2026-01-30 00:00:00,,False,False,False,True,False,True,False,False
CBK0000535,TXN00013922,USR57069,MCH3346,,login compromised,ACCOUNT_TAKEOVER,Customer complaint text unclear due to poor call center notes.,IN_PROGRESS,MEDIUM,APP,2026-03-04 00:00:00,2026-02-27 00:00:00,2026-03-12 22:10:12,True,False,False,False,False,False,False,False
CBK0000581,TXN00007551,USR73632,MCH8435,1887.02,Duplicate Debit,DUPLICATE_DEBIT,merchant service was not delivered after payment.,RESOLVED,MEDIUM,CHATBOT,2026-01-14 00:00:00,2026-01-11 00:00:00,2026-01-28 00:00:00,False,False,False,False,False,False,False,False
CBK0002148,TXN00006250,USR11419,MCH4680,836.39,customer issue,CUSTOMER_DISPUTE,Payment made to unknown merchant as per customer statement.,IN_PROGRESS,LOW,CHATBOT,2026-01-29 00:00:00,2026-01-28 00:26:31,2026-02-26 00:00:00,False,False,False,False,False,False,False,False
CBK0001882,TXN00001309,USR58639,MCH2755,,account hacked,ACCOUNT_TAKEOVER,suspicious high-value payment disputed by customer.,PENDING_BANK,HIGH,EMAIL,2026-01-29 03:01:00,2026-01-27 00:00:00,,True,False,False,False,False,True,False,False
CBK0000659,TXN00017737,USR53527,MCH3861,1419.1,customer issue,CUSTOMER_DISPUTE,Payment made to unknown merchant as per customer statement.,CLOSED,CRITICAL,CHATBOT,2026-02-16 00:00:00,2026-02-11 00:00:00,2026-02-28 23:40:00,False,False,False,False,False,False,False,False
CBK0001128,TXN00007988,USR69706,MCH2973,1309.6,Unauthorized Transaction,UNAUTHORIZED,Merchant service was not delivered after payment.,RESOLVED,LOW,IVR,2026-01-17 00:00:00,2026-01-11 00:00:00,,False,False,False,False,False,True,False,False
CBK0001019,TXN00010667,USR25121,MCH5175,276.61,customer issue,CUSTOMER_DISPUTE,Complaint received after multiple failed attempts.,OPEN,LOW,EMAIL,2026-03-02 09:12:00,2026-03-01 00:00:00,2026-03-16 09:12:00,False,False,False,False,False,False,False,False
CBK0002025,TXN00011048,USR73065,MCH3751,946.11,dispute raised,CUSTOMER_DISPUTE,Suspicious high-value payment disputed by customer.,CLOSED,LOW,APP,2026-02-11 00:00:00,2026-02-09 00:00:00,2026-03-11 00:00:00,False,False,False,False,False,False,False,False
CBK0000548,TXN00010219,USR53771,MCH4421,9344.29,unauthorized_transaction,UNAUTHORIZED,customer says transaction was not authorized.,IN_PROGRESS,HIGH,CHATBOT,2026-03-06 00:00:00,2026-03-03 00:00:00,2026-03-23 00:00:00,False,False,False,False,False,False,False,False
CBK0001720,TXN00009955,USR71375,MCH7982,2132.38,Merchant Not Delivered,SERVICE_NOT_DELIVERED,user claims account was compromised before transaction.,PENDING_BANK,MEDIUM,CHATBOT,2026-03-11 00:00:00,2026-03-04 05:18:00,,False,False,False,False,False,True,False,False
CBK0002283,TXN00010523,USR84010,MCH6886,907.87,amount mismatch,AMOUNT_MISMATCH,Customer complaint text unclear due to poor call center notes.,IN_PROGRESS,HIGH,APP,2026-02-25 00:00:00,2026-02-22 02:27:40,,False,False,False,False,False,True,False,False
CBK0000008,TXN00010497,USR15241,MCH2822,1549.8,ATO,ACCOUNT_TAKEOVER,Merchant service was not delivered after payment.,PENDING_BANK,MEDIUM,CHATBOT,2026-02-15 00:00:00,2026-02-10 00:00:00,2026-02-16 00:00:00,False,False,False,False,False,False,False,False
CBK0000850,TXN00013581,USR49649,MCH8251,162.44,FRAUD,FRAUD,Payment made to unknown merchant as per customer statement.,CLOSED,LOW,CHATBOT,2026-01-09 22:29:08,2026-01-09 00:00:00,2026-01-24 22:29:00,False,False,False,False,False,False,False,False
CBK0002122,TXN00015416,USR51198,MCH5655,4100.6,incorrect amount,AMOUNT_MISMATCH,Merchant service was not delivered after payment.,REJECTED,LOW,EMAIL,2026-02-09 00:00:00,2026-02-07 00:00:00,,False,False,False,False,False,True,False,False
CBK0002649,TXN00007227,USR18102,MCH8436,3120.43,no service,SERVICE_NOT_DELIVERED,Payment made to unknown merchant as per customer statement.,REJECTED,MEDIUM,EMAIL,2026-03-06 08:40:00,2026-03-03 00:00:00,2026-03-15 00:00:00,False,False,False,False,False,False,False,False
CBK0002301,TXN00016200,USR35882,MCH8547,1071.38,Merchant Not Delivered,SERVICE_NOT_DELIVERED,Suspicious high-value payment disputed by customer.,CLOSED,HIGH,EMAIL,2026-01-22 03:12:00,2026-01-20 15:12:31,2026-02-07 00:00:00,False,False,False,False,False,False,False,False
CBK0001793,TXN00004370,USR75457,MCH8779,733.59,UNAUTHORISED,UNAUTHORIZED,user claims account was compromised before transaction.,PENDING_BANK,MEDIUM,IVR,2026-01-30 00:00:00,2026-01-24 00:00:00,2026-02-16 00:00:00,False,False,False,False,False,False,False,False
CBK0002022,TXN00011522,USR85266,MCH4641,1768.79,item not received,SERVICE_NOT_DELIVERED,User claims account was compromised before transaction.,PENDING_BANK,HIGH,APP,,,2026-05-01 00:00:00,False,False,False,True,True,False,False,False
CBK0001053,TXN00012989,USR53359,MCH4181,2439.31,dispute raised,CUSTOMER_DISPUTE,Customer says transaction was not authorized.,IN_PROGRESS,LOW,BRANCH,2026-02-28 09:07:48,2026-02-22 00:00:00,2026-03-21 00:00:00,False,False,False,False,False,False,False,False
CBK0000766,TXN00012205,USR25990,MCH4590,2093.79,item not received,SERVICE_NOT_DELIVERED,Customer complaint text unclear due to poor call center notes.,PENDING_BANK,MEDIUM,BRANCH,,2026-01-08 15:49:00,2026-02-09 00:00:00,False,False,False,True,False,False,False,False
CBK0002308,TXN00006966,USR87795,MCH4912,645.29,no service,SERVICE_NOT_DELIVERED,Customer says transaction was not authorized.,IN_PROGRESS,MEDIUM,EMAIL,2026-02-12 20:09:09,2026-02-11 00:00:00,2026-02-17 00:00:00,False,False,False,False,False,False,False,False
CBK0001472,TXN00015404,USR62254,MCH1722,1356.41,dispute raised,CUSTOMER_DISPUTE,user says upi pin was not entered by them.,OPEN,LOW,APP,2026-03-30 00:00:00,2026-03-29 00:00:00,2026-03-31 17:46:38,False,False,False,False,False,False,False,False
CBK0001737,TXN00035157,USR51742,MCH3992,4673.28,Account Takeover,ACCOUNT_TAKEOVER,Customer says transaction was not authorized.,CLOSED,CRITICAL,APP,,2026-01-22 00:00:00,,False,False,False,True,False,True,False,False
CBK0000416,TXN00011455,USR31649,MCH3367,-5856.29,fraud,FRAUD,User claims account was compromised before transaction.,RESOLVED,MEDIUM,BRANCH,2026-03-17 00:00:00,2026-03-15 00:00:00,2026-03-19 00:00:00,False,True,False,False,False,False,False,False
CBK0001659,TXN00013503,USR75281,MCH8953,2276.34,no service,SERVICE_NOT_DELIVERED,Customer says transaction was not authorized.,REJECTED,MEDIUM,CALL_CENTER,2026-04-01 23:21:32,2026-03-29 00:00:00,,False,False,False,False,False,True,False,False
CBK0001784,TXN00013078,USR21865,MCH5686,26923.0,Customer Dispute,CUSTOMER_DISPUTE,Complaint received after multiple failed attempts.,IN_PROGRESS,HIGH,CALL_CENTER,2026-03-11 16:33:33,,2026-03-25 00:00:00,False,False,False,False,True,False,False,False
CBK0001450,TXN00009783,USR83126,MCH9291,2123.46,Duplicate Debit,DUPLICATE_DEBIT,User says UPI PIN was not entered by them.,CLOSED,MEDIUM,CHATBOT,2026-01-30 00:00:00,2026-01-24 22:52:00,2026-02-15 00:00:00,False,False,False,False,False,False,False,False
CBK0002715,TXN00004748,USR44569,MCH3100,3976.68,item not received,SERVICE_NOT_DELIVERED,Payment made to unknown merchant as per cust statement.,CLOSED,LOW,EMAIL,2026-02-09 00:00:00,2026-02-09 00:00:00,2026-02-25 00:00:00,False,False,False,False,False,False,False,False
CBK0001083,TXN00012710,USR93300,MCH8278,1691.84,delivery issue,SERVICE_NOT_DELIVERED,Customer says transaction was not authorized. NA,IN_PROGRESS,LOW,CALL_CENTER,2026-04-04 00:00:00,2026-03-31 09:56:13,,False,False,False,False,False,True,False,False
CBK0001401,TXN00005811,USR43185,MCH1236,636.43,incorrect amount,AMOUNT_MISMATCH,user says upi pin was not entered by them.,CLOSED,MEDIUM,CHATBOT,2026-02-18 20:01:40,2026-02-17 19:01:40,,False,False,False,False,False,True,False,False
CBK0002028,TXN00013363,USR79366,MCH1123,740.0,dispute raised,CUSTOMER_DISPUTE,User claims account was compromised before transaction.,REJECTED,LOW,CHATBOT,,2026-02-15 00:00:00,2026-02-27 00:00:00,False,False,False,True,False,False,False,False
CBK0001705,TXN00019762,USR21831,MCH4473,978.26,fraud,FRAUD,User claims account was compromised before transaction.,RESOLVED,HIGH,EMAIL,2026-02-01 11:13:12,2026-01-29 00:00:00,2026-02-13 00:00:00,False,False,False,False,False,False,False,False
CBK0002651,TXN00011973,USR27533,MCH7670,50.0,item not received,SERVICE_NOT_DELIVERED,Payment made to unknown merchant as per customer statement.,OPEN,HIGH,BRANCH,2026-02-19 15:01:15,2026-02-16 20:01:15,2026-02-26 15:01:15,False,False,False,False,False,False,False,False
CBK0000233,TXN00018991,USR98336,MCH7031,5661.32,unauth txn,UNAUTHORIZED,Customer complaint text unclear due to poor call center notes.,OPEN,MEDIUM,IVR,2026-02-23 00:00:00,2026-02-17 00:00:00,2026-03-23 17:03:00,False,False,False,False,False,False,False,False
CBK0002624,TXN00001580,USR72987,MCH6380,19958.58,Unauthorized Transaction,UNAUTHORIZED,Customer complaint text unclear due to poor call center notes.,PENDING_BANK,CRITICAL,APP,2026-01-22 00:00:00,2026-01-18 00:00:00,2026-01-25 01:58:32,False,False,False,False,False,False,False,False
CBK0000713,TXN00015731,USR42970,MCH8779,,customer issue,CUSTOMER_DISPUTE,user says upi pin was not entered by them.,OPEN,HIGH,EMAIL,2026-02-11 00:00:00,2026-02-08 00:00:00,2026-03-03 18:11:53,True,False,False,False,False,False,False,False
CBK0002349,TXN00003229,USR86279,MCH1006,12194.3,double debit,DUPLICATE_DEBIT,User reports money deducted but merchant denies receiving payment.,IN_PROGRESS,MEDIUM,CHATBOT,2026-02-26 12:36:19,2026-02-21 00:00:00,2026-03-25 00:00:00,False,False,False,False,False,False,False,False
CBK0001368,TXN00017555,USR49364,MCH8953,2069.43,Unauthorized Transaction,UNAUTHORIZED,user reports money deducted but merchant denies receiving payment.,OPEN,LOW,CHATBOT,,2026-01-24 07:12:30,2026-02-14 00:00:00,False,False,False,True,False,False,False,False
CBK0002527,TXN00014880,USR22078,MCH5647,3936.04,unauth txn,UNAUTHORIZED,Payment made to unknown merchant as per customer statement.,RESOLVED,MEDIUM,EMAIL,,2026-01-13 00:00:00,2026-02-02 00:00:00,False,False,False,True,False,False,False,False
CBK0000355,TXN00010372,USR64774,MCH3196,307.0,UNAUTHORISED,UNAUTHORIZED,CUSTOMER SAYS TRANSACTION WAS NOT AUTHORIZED.,IN_PROGRESS,CRITICAL,IVR,2026-03-23 00:00:00,2026-03-08 13:27:13,2026-04-11 00:00:00,False,False,False,False,False,False,False,False
CBK0000500,TXN00002450,USR53546,MCH7357,896.7,amount mismatch,AMOUNT_MISMATCH,User claims account was compromised before transaction.,PENDING_BANK,MEDIUM,CHATBOT,2026-01-23 00:00:00,2026-01-21 00:00:00,,False,False,False,False,False,True,False,False
CBK0000213,TXN00019537,USR55133,MCH1458,613.06,customer issue,CUSTOMER_DISPUTE,User reports money deducted but merchant denies receiving payment. NA,REJECTED,MEDIUM,CALL_CENTER,2026-02-15 13:11:18,2026-02-15 00:00:00,2026-02-15 00:00:00,False,False,False,False,False,False,False,False
CBK0000214,TXN00000769,USR93581,MCH6844,509.24,extra amount deducted,AMOUNT_MISMATCH,User claims account was compromised before transaction.,OPEN,MEDIUM,IVR,,2026-03-18 00:00:00,2026-04-06 00:00:00,False,False,False,True,False,False,False,False
CBK0000577,,USR81643,MCH3563,,Service Not Provided,SERVICE_NOT_DELIVERED,Customer says transaction was not authorized.,OPEN,LOW,BRANCH,2026-01-11 00:00:00,2026-01-11 04:14:50,2026-01-29 00:00:00,True,False,True,False,False,False,True,False
CBK0001437,TXN00009735,USR48653,MCH3671,1222.97,item not received,SERVICE_NOT_DELIVERED,Customer complaint text unclear due to poor call center notes.,PENDING_BANK,HIGH,CHATBOT,2026-02-07 00:00:00,2026-02-04 00:00:00,2026-02-15 00:00:00,False,False,False,False,False,False,False,False
CBK0000992,TXN00000272,USR31026,MCH2646,9250.0,account hacked,ACCOUNT_TAKEOVER,User claims account was compromised before transaction.,PENDING_BANK,MEDIUM,BRANCH,,2026-01-03 12:44:24,2026-01-25 00:00:00,False,False,False,True,False,False,False,False
CBK0000628,TXN00004074,USR56605,MCH8953,3617.74,merchant service issue,SERVICE_NOT_DELIVERED,Payment made to unknown merchant as per customer statement.,REJECTED,LOW,EMAIL,2026-03-02 00:00:00,2026-02-24 20:57:00,2026-03-23 00:00:00,False,False,False,False,False,False,False,False
CBK0001050,TXN00010429,USR33397,MCH2522,4066.0,DUP_DEBIT,DUPLICATE_DEBIT,Customer complaint text unclear due to poor call center notes.,IN_PROGRESS,LOW,IVR,2026-05-03 00:00:00,2026-03-18 20:21:00,2026-05-16 04:21:08,False,False,False,False,False,False,False,False
CBK0000364,TXN00017377,USR55664,MCH9309,9493.15,charged twice,DUPLICATE_DEBIT,Customer complaint text unclear due to poor call center notes. call dropped,OPEN,MEDIUM,BRANCH,2026-02-08 04:18:41,2026-02-02 00:00:00,2026-02-19 00:00:00,False,False,False,False,False,False,False,False
CBK0002272,TXN00008542,USR97580,MCH5904,,service failed,SERVICE_NOT_DELIVERED,Customer says amount was debited twice.,PENDING_BANK,MEDIUM,CHATBOT,2026-01-14 00:00:00,2026-01-12 05:13:00,2026-01-21 00:00:00,True,False,False,False,False,False,False,False
CBK0000106,TXN00016875,USR34270,MCH7335,-570.66,Unauthorized Transaction,UNAUTHORIZED,Payment made to unknown merchant as per customer statement.,PENDING_BANK,LOW,CHATBOT,,,2026-04-19 00:00:00,False,True,False,True,True,False,False,False
CBK0000848,TXN00000823,USR23460,MCH5954,1982.27,scam,FRAUD,Customer says transaction was not authorized.,RESOLVED,LOW,IVR,2026-04-29 00:00:00,2026-03-30 00:00:00,2026-05-06 00:00:00,False,False,False,False,False,False,False,False
CBK0000506,TXN00018031,USR67892,MCH2770,-700.6,extra amount deducted,AMOUNT_MISMATCH,User reports money deducted but merchant denies receiving payment.,REJECTED,MEDIUM,CALL_CENTER,2026-01-22 05:45:24,2026-01-19 00:00:00,2026-02-18 00:00:00,False,True,False,False,False,False,False,False
CBK0000714,TXN00000238,USR50454,MCH5655,2745.21,unauthorized_transaction,UNAUTHORIZED,Suspicious high-value payment disputed by customer.,PENDING_BANK,MEDIUM,EMAIL,2026-02-07 00:00:00,2026-02-06 00:00:00,,False,False,False,False,False,True,False,False
CBK0002318,TXN00011955,USR35555,MCH3810,-918.61,dispute raised,CUSTOMER_DISPUTE,Suspicious high-value payment disputed by customer. call dropped,PENDING_BANK,LOW,APP,2026-03-26 00:00:00,2026-03-22 10:52:40,,False,True,False,False,False,True,False,False
CBK0000557,TXN00012212,USR36059,MCH7684,2586.86,DUP_DEBIT,DUPLICATE_DEBIT,User reports money deducted but merchant denies receiving payment.,PENDING_BANK,LOW,BRANCH,2026-02-03 19:12:00,2026-02-03 00:00:00,2026-02-09 00:00:00,False,False,False,False,False,False,False,False
CBK0001877,TXN00098339,USR15575,MCH5651,194.24,FRAUD,FRAUD,User says UPI PIN was not entered by them.,IN_PROGRESS,LOW,CHATBOT,2026-01-28 00:00:00,2026-01-29 20:48:22,2026-02-04 00:00:00,False,False,False,False,False,False,True,False
CBK0000601,TXN00017368,USR21789,MCH8779,,merchant service issue,SERVICE_NOT_DELIVERED,Customer complaint text unclear due to poor call center notes.,IN_PROGRESS,MEDIUM,BRANCH,2026-02-12 00:00:00,2026-02-07 00:00:00,2026-02-26 00:00:00,True,False,False,False,False,False,False,False
CBK0001786,TXN00091289,USR77896,MCH8389,954.04,no service,SERVICE_NOT_DELIVERED,Complaint received after multiple failed attempts.,RESOLVED,CRITICAL,BRANCH,2026-03-19 00:00:00,2026-03-08 00:00:00,,False,False,False,False,False,True,False,False
CBK0000102,TXN00013948,USR79115,MCH3570,7171.27,complaint,CUSTOMER_DISPUTE,Payment made to unknown merchant as per customer statement.,IN_PROGRESS,LOW,APP,2026-01-29 19:15:57,2026-01-22 00:00:00,2026-02-16 19:15:57,False,False,False,False,False,False,False,False
CBK0000745,TXN00010462,USR47272,MCH8805,4246.38,account hacked,ACCOUNT_TAKEOVER,User reports money deducted but merchant denies receiving payment.,CLOSED,LOW,CHATBOT,2026-01-17 00:35:00,2026-01-13 00:00:00,2026-02-03 00:35:16,False,False,False,False,False,False,False,False
CBK0000748,TXN00009850,USR16745,MCH7753,1130.39,FRAUD,FRAUD,Customer complaint text unclear due to poor call center notes.,OPEN,LOW,EMAIL,2026-02-04 07:19:27,2026-02-06 07:19:27,2026-02-21 00:00:00,False,False,False,False,False,False,True,False
CBK0002478,TXN00016308,USR74358,MCH6401,3857.22,fraud,FRAUD,Suspicious high-value payment disputed by customer.,OPEN,LOW,CHATBOT,2026-01-17 21:14:00,2026-01-14 00:00:00,2026-01-23 21:14:01,False,False,False,False,False,False,False,False
CBK0002800,TXN00003664,USR55718,MCH3777,1000.95,Merchant Not Delivered,SERVICE_NOT_DELIVERED,Customer says amount was debited twice.,CLOSED,MEDIUM,IVR,2026-01-10 21:03:00,2026-01-08 06:03:43,2026-01-31 21:03:00,False,False,False,False,False,False,False,False
CBK0002115,TXN00015780,USR98420,MCH7025,1404.29,Customer Dispute,CUSTOMER_DISPUTE,User says UPI PIN was not entered by them.,OPEN,MEDIUM,IVR,2026-02-06 03:02:02,2026-01-21 00:00:00,2026-02-27 00:00:00,False,False,False,False,False,False,False,False
CBK0000948,TXN00019010,USR39487,MCH7891,983.91,ATO,ACCOUNT_TAKEOVER,Payment made to unknown merchant as per customer statement.,PENDING_BANK,LOW,EMAIL,2026-02-13 00:00:00,2026-02-18 00:00:00,2026-02-27 00:00:00,False,False,False,False,False,False,True,False
CBK0002763,TXN00010243,USR96392,MCH8516,1043.0,incorrect amount,AMOUNT_MISMATCH,merchant service was not delivered after payment.,RESOLVED,LOW,CALL_CENTER,2026-03-29 22:29:48,2026-03-29 07:29:00,2026-04-14 00:00:00,False,False,False,False,False,False,False,False
CBK0001826,TXN00012615,USR61997,MCH4353,2049.68,unauthorized_transaction,UNAUTHORIZED,Suspicious high-value payment disputed by customer.,PENDING_BANK,MEDIUM,APP,2026-02-13 14:10:00,2026-02-02 00:00:00,2026-03-03 14:10:36,False,False,False,False,False,False,False,False
CBK0000378,TXN00018467,USR80805,MCH5264,688.0,Duplicate Debit,DUPLICATE_DEBIT,customer says transaction was not authorized.,IN_PROGRESS,MEDIUM,BRANCH,,2026-02-14 00:00:00,2026-03-15 00:00:00,False,False,False,True,False,False,False,False
CBK0001134,TXN00017548,USR13243,MCH9359,6612.88,Duplicate Debit,DUPLICATE_DEBIT,User reports money deducted but merchant denies receiving payment.,RESOLVED,MEDIUM,IVR,2026-03-13 00:00:00,2026-03-11 00:00:00,2026-03-29 00:00:00,False,False,False,False,False,False,False,False
CBK0001731,TXN00004984,USR87558,MCH9299,1369.23,ATO,ACCOUNT_TAKEOVER,User reports money deducted but merchant denies receiving payment.,RESOLVED,HIGH,CHATBOT,2026-04-05 00:00:00,2026-03-31 00:00:00,,False,False,False,False,False,True,False,False
CBK0002574,TXN00017235,USR62800,MCH8945,18567.74,no service,SERVICE_NOT_DELIVERED,User says UPI PIN was not entered by them.,PENDING_BANK,MEDIUM,IVR,2026-02-12 02:11:43,2026-02-08 05:11:43,2026-02-25 02:11:00,False,False,False,False,False,False,False,False
CBK0001494,TXN00012935,USR97835,MCH9262,7997.0,dispute raised,CUSTOMER_DISPUTE,User reports money deducted but merchant denies receiving payment.,OPEN,LOW,CHATBOT,2026-01-27 01:43:00,2026-01-26 00:00:00,2026-02-13 00:00:00,False,False,False,False,False,False,False,False
CBK0001678,TXN00013912,USR44975,MCH7114,-1478.88,Merchant Not Delivered,SERVICE_NOT_DELIVERED,Customer says amount was debited twice.,OPEN,HIGH,IVR,2026-01-19 00:00:00,2026-01-18 00:00:00,2026-02-10 00:00:00,False,True,False,False,False,False,False,False
CBK0001643,TXN00000106,USR58071,MCH5954,7755.19,unauthorized_transaction,UNAUTHORIZED,Complaint received after multiple failed attempts.,PENDING_BANK,CRITICAL,CHATBOT,2026-02-19 08:16:00,2026-02-11 00:00:00,,False,False,False,False,False,True,False,False
CBK0000190,TXN00009749,USR32223,MCH5076,193.15,amount mismatch,AMOUNT_MISMATCH,Customer says transaction was not authorized.,RESOLVED,LOW,IVR,2026-01-23 00:00:00,2026-01-15 00:00:00,2026-02-02 00:00:00,False,False,False,False,False,False,False,False
CBK0000556,TXN00013406,USR49847,MCH4590,6052.19,suspicious transaction,FRAUD,Customer complaint text unclear due to poor call center notes.,OPEN,HIGH,IVR,2026-03-24 02:07:00,2026-03-08 00:00:00,2026-04-16 00:00:00,False,False,False,False,False,False,False,False
CBK0000222,TXN00003640,USR39837,MCH5980,2301.83,Account Takeover,ACCOUNT_TAKEOVER,Suspicious high-value payment disputed by customer.,PENDING_BANK,MEDIUM,CALL_CENTER,2026-01-09 00:00:00,2026-01-07 11:53:00,2026-01-24 12:53:46,False,False,False,False,False,False,False,False
CBK0002310,TXN00008525,USR62313,MCH8146,1760.95,Wrong Amount,AMOUNT_MISMATCH,Suspicious high-value payment disputed by customer.,CLOSED,HIGH,BRANCH,2026-03-05 00:00:00,2026-03-03 00:00:00,,False,False,False,False,False,True,False,False
CBK0001236,TXN00016325,USR50779,MCH1320,1085.5,not done by me,UNAUTHORIZED,Suspicious high-value payment disputed by customer.,REJECTED,MEDIUM,EMAIL,2026-03-07 00:00:00,2026-03-01 00:00:00,2026-04-06 06:00:50,False,False,False,False,False,False,False,False
CBK0001039,TXN00010686,USR79207,MCH7408,1379.0,extra amount deducted,AMOUNT_MISMATCH,User says UPI PIN was not entered by them.,REJECTED,CRITICAL,APP,2026-03-01 20:41:36,2026-02-27 07:41:36,2026-03-03 00:00:00,False,False,False,False,False,False,False,False
CBK0002425,TXN00014868,USR39427,MCH2383,367.0,Merchant Not Delivered,SERVICE_NOT_DELIVERED,Suspicious high-value payment disputed by customer.,PENDING_BANK,MEDIUM,IVR,2026-01-27 13:41:00,2026-01-23 23:41:30,,False,False,False,False,False,True,False,False
CBK0001745,TXN00007273,USR17798,MCH6810,673.49,Duplicate Debit,DUPLICATE_DEBIT,Payment made to unknown merchant as per customer statement.,OPEN,MEDIUM,CALL_CENTER,2026-03-04 00:00:00,2026-03-02 00:00:00,2026-03-25 00:00:00,False,False,False,False,False,False,False,False
CBK0000764,TXN00017113,USR98093,MCH8779,580.57,Customer Dispute,CUSTOMER_DISPUTE,Merchant service was not delivered after payment.,PENDING_BANK,MEDIUM,BRANCH,2026-03-21 00:00:00,2026-03-18 14:56:31,2026-04-09 00:00:00,False,False,False,False,False,False,False,False
CBK0001814,TXN00002883,USR42970,MCH2296,-19036.69,charged twice,DUPLICATE_DEBIT,USER SAYS UPI PIN WAS NOT ENTERED BY THEM.,OPEN,CRITICAL,CALL_CENTER,,2026-03-03 18:11:00,2026-03-26 00:00:00,False,True,False,True,False,False,False,False
CBK0002536,TXN00009622,USR33596,MCH3032,,ATO,ACCOUNT_TAKEOVER,User reports money deducted but merchant denies receiving payment.,OPEN,CRITICAL,APP,,2026-03-03 00:00:00,2026-03-17 00:16:23,True,False,False,True,False,False,False,False
CBK0000231,TXN00017060,USR94815,MCH5980,575.09,Customer Dispute,CUSTOMER_DISPUTE,User reports money deducted but merchant denies receiving payment.,CLOSED,LOW,IVR,2026-04-05 00:00:00,2026-03-25 11:16:26,2026-04-09 00:00:00,False,False,False,False,False,False,False,False
CBK0000462,TXN00018761,USR24660,MCH9291,1500.59,unauthorized_transaction,UNAUTHORIZED,Customer says amount was debited twice.,IN_PROGRESS,LOW,EMAIL,2026-01-24 00:00:00,2026-01-23 00:00:00,2026-02-17 00:00:00,False,False,False,False,False,False,False,False
CBK0000469,TXN00002630,USR94595,MCH7286,-7890.76,unauthorized_transaction,UNAUTHORIZED,Complaint received after multiple failed attempts. call dropped,PENDING_BANK,LOW,CHATBOT,2026-03-07 00:00:00,2026-03-05 13:56:13,,False,True,False,False,False,True,False,False
CBK0000889,TXN00015963,USR97266,MCH6752,3356.0,FRAUD,FRAUD,CUSTOMER SAYS AMOUNT WAS DEBITED TWICE.,IN_PROGRESS,MEDIUM,IVR,2026-01-22 00:00:00,2026-01-12 00:00:00,2026-01-28 00:00:00,False,False,False,False,False,False,False,False
CBK0000604,TXN00008566,USR17861,MCH3597,2673.74,unauth txn,UNAUTHORIZED,User claims account was compromised before transaction.,PENDING_BANK,LOW,CHATBOT,2026-03-15 06:08:29,2026-03-12 00:00:00,,False,False,False,False,False,True,False,False
CBK0000611,TXN00014367,USR58639,MCH4078,996.14,service failed,SERVICE_NOT_DELIVERED,User says UPI PIN was not entered by them.,OPEN,LOW,CHATBOT,2026-03-05 00:00:00,2026-02-17 00:00:00,,False,False,False,False,False,True,False,False
CBK0001017,TXN00085757,USR56228,MCH8964,585.8,charged twice,DUPLICATE_DEBIT,Payment made to unknown merchant as per customer statement.,REJECTED,CRITICAL,CHATBOT,2026-04-02 00:00:00,2026-03-29 00:00:00,2026-04-19 00:00:00,False,False,False,False,False,False,False,False
CBK0002108,TXN00013246,USR62233,MCH8714,5800.55,charged twice,DUPLICATE_DEBIT,Customer says amount was debited twice.,REJECTED,LOW,APP,2026-02-15 00:00:00,2026-02-12 00:00:00,2026-02-17 00:00:00,False,False,False,False,False,False,False,False
CBK0001742,TXN00000794,USR25428,MCH4105,6042.03,Merchant Not Delivered,SERVICE_NOT_DELIVERED,Complaint received after multiple failed attempts.,OPEN,HIGH,IVR,2026-02-22 00:00:00,2026-02-19 00:00:00,,False,False,False,False,False,True,False,False
CBK0000082,TXN00013051,USR86387,MCH8735,7272.0,item not received,SERVICE_NOT_DELIVERED,Suspicious high-value payment disputed by customer.,IN_PROGRESS,LOW,APP,2026-02-27 00:00:00,2026-02-26 00:00:00,,False,False,False,False,False,True,False,False
CBK0000597,TXN00012105,USR80223,MCH3594,1866.96,Duplicate Debit,DUPLICATE_DEBIT,User reports money deducted but merchant denies receiving payment.,IN_PROGRESS,LOW,CHATBOT,2026-03-10 00:00:00,2026-02-07 00:00:00,2026-03-25 00:00:00,False,False,False,False,False,False,False,False
CBK0001220,TXN00001198,USR21945,MCH7467,3605.24,not done by me,UNAUTHORIZED,User says UPI PIN was not entered by them.,RESOLVED,HIGH,APP,2026-02-03 00:00:00,2026-02-05 16:07:55,2026-02-25 00:00:00,False,False,False,False,False,False,True,False
CBK0001207,TXN00007505,USR33427,MCH5300,13713.48,Duplicate Debit,DUPLICATE_DEBIT,Customer complaint text unclear due to poor call center notes.,IN_PROGRESS,LOW,CHATBOT,2026-02-02 09:45:27,2026-01-31 06:45:27,2026-02-21 00:00:00,False,False,False,False,False,False,False,False
CBK0000177,TXN00001663,USR24926,MCH7681,2379.68,service failed,SERVICE_NOT_DELIVERED,Complaint received after multiple failed attempts.,RESOLVED,LOW,IVR,2026-02-11 00:00:00,2026-02-08 00:00:00,2026-02-17 00:00:00,False,False,False,False,False,False,False,False
CBK0001332,TXN00009814,USR65176,MCH2398,1195.47,not delivered,SERVICE_NOT_DELIVERED,Customer says transaction was not authorized.,IN_PROGRESS,MEDIUM,BRANCH,2026-02-01 00:00:00,2026-01-22 00:00:00,2026-02-26 11:15:00,False,False,False,False,False,False,False,False
CBK0000021,TXN00013452,USR44435,MCH8391,-2480.91,Fraud Suspected,FRAUD,User reports money deducted but merchant denies receiving payment.,IN_PROGRESS,MEDIUM,IVR,2026-03-06 00:25:19,2026-02-18 00:00:00,,False,True,False,False,False,True,False,False
CBK0001202,TXN00005621,USR59000,MCH3815,8601.0,customer issue,CUSTOMER_DISPUTE,Customer says transaction was not authorized.,RESOLVED,LOW,CHATBOT,2026-03-19 21:25:48,2026-03-15 00:00:00,,False,False,False,False,False,True,False,False
CBK0002171,TXN00015034,USR73039,MCH1572,8134.61,DUP_DEBIT,DUPLICATE_DEBIT,Payment made to unknown merchant as per cust statement.,RESOLVED,HIGH,CALL_CENTER,2026-03-22 20:42:00,2026-03-19 00:00:00,,False,False,False,False,False,True,False,False
CBK0001878,TXN00014566,USR75314,MCH2363,2311.12,charged twice,DUPLICATE_DEBIT,customer says transaction was not authorized.,PENDING_BANK,HIGH,APP,2026-03-24 07:04:16,2026-03-20 00:00:00,2026-04-09 07:04:16,False,False,False,False,False,False,False,False
CBK0002648,TXN00015715,USR23388,MCH7559,9730.68,amount mismatch,AMOUNT_MISMATCH,Customer complaint text unclear due to poor call center notes.,IN_PROGRESS,LOW,EMAIL,2026-02-12 17:59:00,2026-02-10 00:00:00,2026-02-15 17:59:00,False,False,False,False,False,False,False,False
CBK0000078,TXN00019392,USR55898,MCH8405,16244.17,customer issue,CUSTOMER_DISPUTE,User claims account was compromised before transaction.,CLOSED,HIGH,IVR,2026-01-22 00:00:00,2026-01-21 00:00:00,2026-01-27 00:00:00,False,False,False,False,False,False,False,False
CBK0001469,TXN00008274,USR45724,MCH3032,1114.45,not delivered,SERVICE_NOT_DELIVERED,Suspicious high-value payment disputed by customer.,RESOLVED,HIGH,CALL_CENTER,2026-02-28 00:00:00,2026-02-25 00:00:00,2026-03-18 11:31:43,False,False,False,False,False,False,False,False
CBK0001428,TXN00001443,USR74417,MCH7286,504.11,UNAUTHORISED,UNAUTHORIZED,User claims account was compromised before transaction.,OPEN,LOW,APP,2026-02-02 00:00:00,2026-01-30 00:00:00,2026-02-05 00:00:00,False,False,False,False,False,False,False,False
CBK0001501,TXN00010823,USR14938,MCH1880,-2588.02,DUP_DEBIT,DUPLICATE_DEBIT,Complaint received after multiple failed attempts.,OPEN,MEDIUM,APP,2026-01-11 07:26:55,2026-01-10 21:26:00,,False,True,False,False,False,True,False,False
CBK0001566,TXN00004832,USR79325,MCH4041,1582.6,Unauthorized Transaction,UNAUTHORIZED,Customer says amount was debited twice.,IN_PROGRESS,MEDIUM,EMAIL,2026-01-26 00:00:00,2026-01-15 00:00:00,,False,False,False,False,False,True,False,False
CBK0001806,TXN00003889,USR73653,MCH4226,2760.0,scam,FRAUD,User says UPI PIN was not entered by them.,REJECTED,HIGH,IVR,2026-01-17 00:00:00,2026-01-12 01:06:58,2026-02-07 00:00:00,False,False,False,False,False,False,False,False
CBK0001668,TXN00013060,USR11531,MCH8697,255.73,incorrect amount,AMOUNT_MISMATCH,Customer says txn was not authorized.,IN_PROGRESS,MEDIUM,EMAIL,2026-01-06 00:00:00,2026-01-04 00:00:00,2026-02-04 07:49:01,False,False,False,False,False,False,False,False
CBK0000755,TXN00002595,USR34052,MCH5808,-1658.43,not done by me,UNAUTHORIZED,Suspicious high-value payment disputed by customer.,PENDING_BANK,HIGH,CHATBOT,2026-03-29 00:00:00,2026-03-28 00:00:00,2026-04-27 22:33:32,False,True,False,False,False,False,False,False
CBK0001037,TXN00098409,USR20076,MCH8779,645.47,extra amount deducted,AMOUNT_MISMATCH,Suspicious high-value payment disputed by customer.,OPEN,HIGH,BRANCH,2026-01-09 22:50:47,,2026-01-11 00:00:00,False,False,False,False,True,False,False,False
CBK0001813,TXN00002689,USR68461,MCH8451,2158.72,delivery issue,SERVICE_NOT_DELIVERED,Merchant service was not delivered after payment.,OPEN,HIGH,CALL_CENTER,2026-01-29 00:00:00,2026-01-26 07:59:00,2026-02-23 00:00:00,False,False,False,False,False,False,False,False
CBK0000382,TXN00000312,USR42726,MCH6175,-545.34,no service,SERVICE_NOT_DELIVERED,User claims account was compromised before transaction.,PENDING_BANK,MEDIUM,CHATBOT,2026-01-13 00:00:00,,2026-02-09 00:00:00,False,True,False,False,True,False,False,False
CBK0000706,TXN00005543,USR82059,MCH4181,1362.67,extra amount deducted,AMOUNT_MISMATCH,complaint received after multiple failed attempts.,OPEN,MEDIUM,CALL_CENTER,2026-03-05 15:23:41,2026-03-03 00:00:00,2026-03-30 15:23:00,False,False,False,False,False,False,False,False
CBK0002633,TXN00018827,USR76516,MCH2530,2231.59,merchant service issue,SERVICE_NOT_DELIVERED,Payment made to unknown merchant as per customer statement.,REJECTED,MEDIUM,IVR,,2026-03-07 00:00:00,2026-04-09 08:35:00,False,False,False,True,False,False,False,False
CBK0000549,TXN00011700,USR72892,MCH1046,14999.55,dispute raised,CUSTOMER_DISPUTE,Suspicious high-value payment disputed by customer.,OPEN,LOW,BRANCH,2026-04-29 00:00:00,2026-03-30 11:04:32,2026-05-05 00:00:00,False,False,False,False,False,False,False,False
CBK0000192,TXN00001285,USR71300,MCH9402,420.0,complaint,CUSTOMER_DISPUTE,USER SAYS UPI PIN WAS NOT ENTERED BY THEM.,OPEN,LOW,APP,2026-01-14 00:00:00,2026-01-08 00:00:00,2026-01-15 00:00:00,False,False,False,False,False,False,False,False
CBK0001672,TXN00010193,USR30239,MCH9948,-1194.2,Customer Dispute,CUSTOMER_DISPUTE,Customer complaint text unclear due to poor call center notes.,CLOSED,MEDIUM,EMAIL,2026-03-16 00:00:00,,2026-03-25 00:00:00,False,True,False,False,True,False,False,False
CBK0002502,TXN00001155,USR59679,MCH6426,335.78,incorrect amount,AMOUNT_MISMATCH,Payment made to unknown merchant as per customer statement.,IN_PROGRESS,MEDIUM,BRANCH,2026-03-09 05:37:30,2026-03-09 02:37:30,,False,False,False,False,False,True,False,False
CBK0000308,TXN00017336,USR23149,MCH8953,3087.13,Merchant Not Delivered,SERVICE_NOT_DELIVERED,User says UPI PIN was not entered by them.,RESOLVED,CRITICAL,CALL_CENTER,2026-04-08 16:47:26,2026-03-23 00:00:00,,False,False,False,False,False,True,False,False
CBK0001002,TXN00015644,USR20239,MCH3815,4307.19,scam,FRAUD,User claims account was compromised before transaction.,PENDING_BANK,MEDIUM,CHATBOT,2026-03-22 07:53:46,2026-03-27 00:00:00,2026-04-05 00:00:00,False,False,False,False,False,False,True,False
CBK0001066,TXN00015023,USR41036,MCH5655,946.63,no service,SERVICE_NOT_DELIVERED,merchant service was not delivered after payment.,IN_PROGRESS,HIGH,IVR,2026-02-02 00:00:00,2026-01-31 01:40:40,2026-02-15 01:40:00,False,False,False,False,False,False,False,False
CBK0000617,TXN00014515,USR11419,MCH7833,181.44,item not received,SERVICE_NOT_DELIVERED,USER SAYS UPI PIN WAS NOT ENTERED BY THEM.,OPEN,LOW,CHATBOT,2026-02-16 21:12:01,2026-02-09 00:00:00,2026-03-04 00:00:00,False,False,False,False,False,False,False,False
CBK0002721,TXN00017658,USR43499,MCH9765,845.38,complaint,CUSTOMER_DISPUTE,Customer says transaction was not authorized.,PENDING_BANK,MEDIUM,EMAIL,2026-02-10 00:00:00,2026-02-09 16:24:25,2026-02-12 18:24:00,False,False,False,False,False,False,False,False
CBK0001758,TXN00014222,USR16922,MCH6546,2187.0,extra amount deducted,AMOUNT_MISMATCH,Customer says amount was debited twice.,REJECTED,LOW,CHATBOT,2026-03-16 00:00:00,,2026-03-17 00:00:00,False,False,False,False,True,False,False,False
CBK0002630,TXN00019209,USR61436,MCH9582,13306.35,login compromised,ACCOUNT_TAKEOVER,COMPLAINT RECEIVED AFTER MULTIPLE FAILED ATTEMPTS.,OPEN,LOW,CHATBOT,2026-03-28 00:00:00,2026-03-12 00:00:00,2026-04-26 00:00:00,False,False,False,False,False,False,False,False
CBK0000265,TXN00016348,USR10307,MCH4590,2797.85,no service,SERVICE_NOT_DELIVERED,User claims account was compromised before transaction.,REJECTED,LOW,IVR,2026-02-18 13:58:34,2026-02-21 13:58:00,2026-02-18 13:58:34,False,False,False,False,False,False,True,False
CBK0000795,TXN00010007,USR13134,MCH3292,2021.11,amount mismatch,AMOUNT_MISMATCH,Customer says transaction was not authorized. details missing,IN_PROGRESS,LOW,IVR,2026-03-15 00:00:00,2026-03-14 00:00:00,2026-04-11 00:00:00,False,False,False,False,False,False,False,False
CBK0000274,TXN00005429,USR12958,MCH5946,1860.96,not delivered,SERVICE_NOT_DELIVERED,Customer complaint text unclear due to poor call center notes.,OPEN,LOW,IVR,2026-01-18 00:00:00,2026-01-15 00:00:00,2026-02-07 14:33:08,False,False,False,False,False,False,False,False
CBK0000779,TXN00000534,USR89996,MCH4842,1352.13,unauth txn,UNAUTHORIZED,User reports money deducted but merchant denies receiving payment.,OPEN,LOW,CALL_CENTER,2026-02-04 00:00:00,2026-02-07 00:00:00,2026-03-03 00:00:00,False,False,False,False,False,False,True,False
CBK0001116,TXN00080108,USR56399,MCH3406,1189.65,Merchant Not Delivered,SERVICE_NOT_DELIVERED,User claims account was compromised before transaction.,IN_PROGRESS,HIGH,IVR,2026-03-22 14:28:00,2026-02-05 00:00:00,2026-03-31 00:00:00,False,False,False,False,False,False,False,False
CBK0000162,TXN00001838,USR56312,MCH5172,422.0,fraud,FRAUD,Customer says transaction was not authorized.,REJECTED,LOW,IVR,2026-02-19 04:02:59,2026-02-16 00:00:00,2026-03-05 00:00:00,False,False,False,False,False,False,False,False
CBK0000758,TXN00015649,USR79175,MCH9344,2175.05,ATO,ACCOUNT_TAKEOVER,Complaint received after multiple failed attempts.,REJECTED,HIGH,IVR,2026-03-21 00:00:00,2026-03-19 00:00:00,2026-04-16 00:00:00,False,False,False,False,False,False,False,False
CBK0000235,TXN00006623,USR14727,MCH4226,1154.99,no service,SERVICE_NOT_DELIVERED,USER CLAIMS ACCOUNT WAS COMPROMISED BEFORE TRANSACTION.,IN_PROGRESS,LOW,CHATBOT,2026-02-12 09:53:35,2026-01-27 00:00:00,2026-02-14 00:00:00,False,False,False,False,False,False,False,False
CBK0001865,TXN00006954,USR17902,MCH6053,186.51,not delivered,SERVICE_NOT_DELIVERED,Customer says transaction was not authorized.,CLOSED,MEDIUM,IVR,2026-03-25 00:00:00,2026-03-21 00:00:00,2026-04-20 07:07:09,False,False,False,False,False,False,False,False
CBK0001534,TXN00017134,USR12661,MCH2383,-2108.75,Unauthorized Transaction,UNAUTHORIZED,Customer says transaction was not authorized.,RESOLVED,LOW,BRANCH,2026-03-18 15:16:59,2026-03-17 01:16:59,2026-03-24 15:16:00,False,True,False,False,False,False,False,False
CBK0001809,TXN00010916,USR20534,MCH8241,2538.37,Customer Dispute,CUSTOMER_DISPUTE,Customer complaint text unclear due to poor call center notes.,REJECTED,LOW,CHATBOT,2026-01-18 00:00:00,2026-01-11 00:00:00,,False,False,False,False,False,True,False,False
CBK0001765,TXN00013993,USR29854,MCH6810,2111.63,login compromised,ACCOUNT_TAKEOVER,User claims account was compromised before txn.,IN_PROGRESS,LOW,IVR,2026-02-07 18:41:49,2026-02-06 18:41:00,2026-02-20 00:00:00,False,False,False,False,False,False,False,False
CBK0001287,TXN00011889,USR22939,MCH9579,1592.55,unauth txn,UNAUTHORIZED,User reports money deducted but merchant denies receiving payment.,REJECTED,LOW,IVR,2026-03-06 00:00:00,2026-03-05 00:00:00,2026-03-29 00:00:00,False,False,False,False,False,False,False,False
CBK0002594,TXN00005908,USR24024,MCH1329,1603.01,DUP_DEBIT,DUPLICATE_DEBIT,CUSTOMER SAYS AMOUNT WAS DEBITED TWICE.,CLOSED,LOW,IVR,2026-01-21 00:00:00,2026-01-20 00:00:00,2026-02-04 22:51:08,False,False,False,False,False,False,False,False
CBK0002782,TXN00004814,USR53828,MCH2822,,fraud,FRAUD,Payment made to unknown merchant as per cust statement.,REJECTED,LOW,BRANCH,2026-03-19 07:06:00,2026-03-09 04:06:54,,True,False,False,False,False,True,False,False
CBK0000678,TXN00006912,USR67333,MCH9291,140.31,account hacked,ACCOUNT_TAKEOVER,User reports money deducted but merchant denies receiving payment.,IN_PROGRESS,MEDIUM,BRANCH,,2026-02-08 00:00:00,,False,False,False,True,False,True,False,False
CBK0002017,TXN00009156,USR53547,MCH6913,1074.12,charged twice,DUPLICATE_DEBIT,Customer says transaction was not authorized.,IN_PROGRESS,LOW,BRANCH,2026-02-22 12:44:40,2026-02-18 00:00:00,2026-03-18 12:44:00,False,False,False,False,False,False,False,False
CBK0001396,TXN00008851,USR34889,MCH8779,1383.51,Duplicate Debit,DUPLICATE_DEBIT,User reports money deducted but merchant denies receiving payment.,REJECTED,MEDIUM,BRANCH,2026-04-27 12:50:00,2026-03-28 00:00:00,2026-05-16 12:50:00,False,False,False,False,False,False,False,False
CBK0000750,TXN00010355,USR45600,MCH5980,-1284.43,item not received,SERVICE_NOT_DELIVERED,Complaint received after multiple failed attempts.,CLOSED,HIGH,EMAIL,2026-03-03 00:00:00,2026-02-24 00:33:16,,False,True,False,False,False,True,False,False
CBK0002021,TXN00012401,USR36322,MCH8425,13235.72,delivery issue,SERVICE_NOT_DELIVERED,Customer says amount was debited twice.,CLOSED,LOW,CHATBOT,2026-03-17 00:00:00,2026-03-11 00:00:00,2026-04-09 00:00:00,False,False,False,False,False,False,False,False
CBK0000977,TXN00003072,USR68775,MCH5569,3800.57,item not received,SERVICE_NOT_DELIVERED,Customer complaint text unclear due to poor call center notes.,OPEN,LOW,BRANCH,2026-03-29 03:29:27,2026-03-26 04:29:27,2026-04-24 00:00:00,False,False,False,False,False,False,False,False
CBK0000640,TXN00012946,USR57297,MCH2401,3312.0,Service Not Provided,SERVICE_NOT_DELIVERED,Suspicious high-value payment disputed by customer.,CLOSED,LOW,EMAIL,2026-01-18 00:00:00,2026-01-12 00:00:00,2026-01-20 00:00:00,False,False,False,False,False,False,False,False
CBK0001144,TXN00018387,USR76178,MCH1024,741.15,FRAUD,FRAUD,USER REPORTS MONEY DEDUCTED BUT MERCHANT DENIES RECEIVING PAYMENT.,OPEN,MEDIUM,CHATBOT,2026-02-20 00:00:00,2026-02-15 04:54:00,,False,False,False,False,False,True,False,False
CBK0002611,TXN00001244,USR27732,MCH4473,722.73,suspicious transaction,FRAUD,Customer says txn was not authorized.,REJECTED,MEDIUM,IVR,2026-01-27 00:00:00,2026-01-24 00:00:00,2026-02-19 00:00:00,False,False,False,False,False,False,False,False
CBK0002124,TXN00002782,USR13215,MCH4702,832.0,merchant service issue,SERVICE_NOT_DELIVERED,Suspicious high-value payment disputed by cust.,REJECTED,HIGH,APP,2026-03-16 00:00:00,2026-02-28 00:00:00,,False,False,False,False,False,True,False,False
CBK0001212,TXN00010220,USR14892,MCH2296,4146.24,double debit,DUPLICATE_DEBIT,merchant service was not delivered after payment.,RESOLVED,LOW,IVR,2026-03-04 13:37:27,2026-03-03 00:00:00,2026-03-23 00:00:00,False,False,False,False,False,False,False,False
CBK0000027,TXN00014669,USR36534,MCH6898,1596.0,fraud,FRAUD,Customer says amount was debited twice.,RESOLVED,LOW,EMAIL,2026-02-21 00:00:00,2026-02-10 00:00:00,2026-03-10 06:38:00,False,False,False,False,False,False,False,False
CBK0002385,TXN00016200,USR19881,MCH2065,2148.76,item not received,SERVICE_NOT_DELIVERED,customer says amount was debited twice.,IN_PROGRESS,MEDIUM,EMAIL,2026-02-03 00:00:00,2026-01-04 02:48:11,2026-02-16 00:00:00,False,False,False,False,False,False,False,False
CBK0001267,TXN00003341,USR56149,MCH6968,635.0,Wrong Amount,AMOUNT_MISMATCH,CUSTOMER SAYS TRANSACTION WAS NOT AUTHORIZED.,REJECTED,LOW,EMAIL,2026-03-26 17:11:59,2026-02-24 00:00:00,2026-04-20 00:00:00,False,False,False,False,False,False,False,False
CBK0002560,TXN00010384,USR77352,MCH2786,2047.46,complaint,CUSTOMER_DISPUTE,Merchant service was not delivered after payment.,IN_PROGRESS,MEDIUM,BRANCH,2026-01-10 00:00:00,,2026-01-26 00:00:00,False,False,False,False,True,False,False,False
CBK0001386,TXN00012491,USR83236,MCH4552,-3187.1,Service Not Provided,SERVICE_NOT_DELIVERED,User reports money deducted but merchant denies receiving payment.,CLOSED,HIGH,BRANCH,2026-01-22 17:32:00,2026-01-21 00:00:00,2026-02-06 17:32:51,False,True,False,False,False,False,False,False
CBK0000397,TXN00011692,USR71635,MCH2757,3309.0,Duplicate Debit,DUPLICATE_DEBIT,Merchant service was not delivered after payment.,OPEN,MEDIUM,IVR,2026-03-04 07:26:00,2026-03-03 00:00:00,2026-03-05 00:00:00,False,False,False,False,False,False,False,False
CBK0002613,TXN00008727,USR47519,MCH3071,253.89,complaint,CUSTOMER_DISPUTE,Merchant service was not delivered after payment.,IN_PROGRESS,LOW,IVR,2026-03-17 22:35:31,2026-03-14 00:00:00,,False,False,False,False,False,True,False,False
CBK0001869,TXN00000074,USR49567,MCH3266,-1503.93,Wrong Amount,AMOUNT_MISMATCH,Customer says transaction was not authorized. urgent,RESOLVED,MEDIUM,IVR,2026-02-23 23:56:04,2026-02-18 00:00:00,2026-03-18 00:00:00,False,True,False,False,False,False,False,False
CBK0002654,TXN00013866,USR55262,MCH4226,-3952.26,Account Takeover,ACCOUNT_TAKEOVER,Payment made to unknown merchant as per customer statement.,REJECTED,LOW,CHATBOT,2026-04-09 21:53:19,2026-03-25 00:00:00,2026-04-13 21:53:19,False,True,False,False,False,False,False,False
CBK0002714,TXN00001631,USR87649,MCH3989,1405.08,not done by me,UNAUTHORIZED,Suspicious high-value payment disputed by customer.,RESOLVED,LOW,IVR,,2026-02-26 00:00:00,2026-03-25 19:43:59,False,False,False,True,False,False,False,False
CBK0001562,TXN00018017,USR24710,MCH6971,1017.08,customer issue,CUSTOMER_DISPUTE,User claims account was compromised before transaction.,OPEN,MEDIUM,CHATBOT,2026-02-17 08:36:00,2026-02-07 03:36:00,2026-03-01 00:00:00,False,False,False,False,False,False,False,False
CBK0001934,TXN00000863,USR78884,MCH9125,2164.0,merchant service issue,SERVICE_NOT_DELIVERED,User says UPI PIN was not entered by them.,OPEN,HIGH,CHATBOT,2026-03-19 13:53:26,2026-03-11 16:53:00,2026-03-26 00:00:00,False,False,False,False,False,False,False,False
CBK0000041,TXN00001568,USR27328,MCH3518,2814.0,Duplicate Debit,DUPLICATE_DEBIT,merchant service was not delivered after payment.,IN_PROGRESS,LOW,APP,2026-01-06 00:00:00,2026-01-02 00:00:00,2026-02-01 02:46:29,False,False,False,False,False,False,False,False
CBK0001885,,USR59329,MCH5331,1908.88,fraud,FRAUD,user says upi pin was not entered by them.,REJECTED,HIGH,IVR,2026-01-31 00:00:00,2026-01-26 00:00:00,2026-02-02 00:00:00,False,False,True,False,False,False,False,False
CBK0001719,TXN00009609,USR13864,MCH7474,2225.74,login compromised,ACCOUNT_TAKEOVER,Customer says amount was debited twice.,CLOSED,HIGH,IVR,2026-02-01 00:00:00,2026-01-27 05:30:35,,False,False,False,False,False,True,False,False
CBK0000006,TXN00007711,USR96033,MCH8372,842.88,incorrect amount,AMOUNT_MISMATCH,User reports money deducted but merchant denies receiving payment.,IN_PROGRESS,HIGH,CALL_CENTER,2026-02-11 23:37:04,2026-02-06 00:00:00,2026-02-17 00:00:00,False,False,False,False,False,False,False,False
CBK0001575,TXN00003257,USR24459,MCH6850,198.46,item not received,SERVICE_NOT_DELIVERED,Merchant service was not delivered after payment.,RESOLVED,LOW,IVR,2026-02-02 00:00:00,2026-01-30 00:00:00,2026-02-04 15:20:00,False,False,False,False,False,False,False,False
CBK0002321,TXN00014977,USR11586,MCH2103,683.69,fraud,FRAUD,User claims account was compromised before transaction.,REJECTED,HIGH,APP,2026-01-19 00:00:00,2026-01-19 10:23:00,,False,False,False,False,False,True,True,False
CBK0000487,TXN00004712,USR85655,MCH1072,2950.32,account hacked,ACCOUNT_TAKEOVER,User says UPI PIN was not entered by them.,REJECTED,CRITICAL,IVR,2026-03-11 00:00:00,2026-03-08 07:36:45,2026-04-03 00:00:00,False,False,False,False,False,False,False,False
CBK0002725,TXN00008319,USR50664,MCH9581,,Unauthorized Transaction,UNAUTHORIZED,User reports money deducted but merchant denies receiving payment.,CLOSED,LOW,CHATBOT,2026-03-11 00:00:00,2026-03-01 00:00:00,2026-03-30 00:00:00,True,False,False,False,False,False,False,False
CBK0002628,TXN00016840,USR73920,MCH4401,276.74,dispute raised,CUSTOMER_DISPUTE,customer says amount was debited twice.,OPEN,HIGH,BRANCH,2026-01-09 14:02:55,2026-01-07 00:00:00,,False,False,False,False,False,True,False,False
CBK0002130,TXN00010659,USR82224,MCH4086,,charged twice,DUPLICATE_DEBIT,payment made to unknown merchant as per customer statement.,CLOSED,LOW,IVR,2026-03-20 00:00:00,,2026-04-18 00:00:00,True,False,False,False,True,False,False,False
CBK0000935,TXN00017209,USR91820,MCH5221,1552.09,charged twice,DUPLICATE_DEBIT,Customer complaint text unclear due to poor call center notes.,CLOSED,MEDIUM,EMAIL,2026-03-14 22:13:16,2026-03-12 00:00:00,2026-03-29 00:00:00,False,False,False,False,False,False,False,False
CBK0002163,TXN00012741,USR47358,MCH2822,863.52,unauth txn,UNAUTHORIZED,Customer complaint text unclear due to poor call center notes.,IN_PROGRESS,MEDIUM,CHATBOT,2026-03-09 00:00:00,,2026-03-31 00:00:00,False,False,False,False,True,False,False,False
CBK0000210,TXN00001539,USR60489,MCH7607,2117.07,dispute raised,CUSTOMER_DISPUTE,customer says transaction was not authorized.,IN_PROGRESS,MEDIUM,CHATBOT,2026-02-08 00:00:00,2026-02-06 00:00:00,2026-02-09 00:00:00,False,False,False,False,False,False,False,False
CBK0000972,TXN00017157,USR27216,MCH1366,738.08,amount mismatch,AMOUNT_MISMATCH,Customer says transaction was not authorized. call dropped,PENDING_BANK,MEDIUM,BRANCH,2026-03-29 00:00:00,2026-03-26 09:32:21,2026-04-04 00:00:00,False,False,False,False,False,False,False,False
CBK0001378,TXN00013740,USR53440,MCH5264,-7287.56,amount mismatch,AMOUNT_MISMATCH,Suspicious high-value payment disputed by customer.,IN_PROGRESS,LOW,EMAIL,2026-02-06 00:00:00,2026-02-03 00:00:00,2026-02-12 00:00:00,False,True,False,False,False,False,False,False
CBK0000498,TXN00013816,USR55662,MCH9760,-734.96,UNAUTHORISED,UNAUTHORIZED,Customer complaint text unclear due to poor call center notes.,RESOLVED,LOW,IVR,2026-03-20 05:14:03,2026-03-16 00:00:00,2026-04-13 00:00:00,False,True,False,False,False,False,False,False
CBK0002011,TXN00005230,USR24993,MCH5993,5154.73,no service,SERVICE_NOT_DELIVERED,User says UPI PIN was not entered by them.,REJECTED,MEDIUM,APP,2026-01-18 00:00:00,2026-01-15 20:42:00,2026-02-16 00:00:00,False,False,False,False,False,False,False,False
CBK0002475,TXN00015216,USR46902,MCH4919,2997.0,not done by me,UNAUTHORIZED,Suspicious high-value payment disputed by customer.,IN_PROGRESS,CRITICAL,CALL_CENTER,2026-02-19 00:00:00,2026-02-16 12:45:00,2026-02-23 00:00:00,False,False,False,False,False,False,False,False
CBK0000024,TXN00007464,USR69440,MCH7458,2001.83,extra amount deducted,AMOUNT_MISMATCH,Complaint received after multiple failed attempts.,REJECTED,MEDIUM,CHATBOT,2026-02-02 03:05:42,2026-01-18 00:00:00,2026-02-14 00:00:00,False,False,False,False,False,False,False,False
CBK0002300,TXN00009857,USR61606,MCH6632,519.97,item not received,SERVICE_NOT_DELIVERED,Suspicious high-value payment disputed by customer.,REJECTED,MEDIUM,BRANCH,2026-03-05 00:00:00,2026-02-28 00:00:00,,False,False,False,False,False,True,False,False
CBK0002143,TXN00078938,USR24536,MCH9291,2889.21,incorrect amount,AMOUNT_MISMATCH,user claims account was compromised before transaction.,CLOSED,MEDIUM,CALL_CENTER,2026-01-18 00:00:00,2026-01-15 09:56:06,2026-02-01 00:00:00,False,False,False,False,False,False,False,False
CBK0000161,TXN00017149,USR60681,MCH8391,1317.13,suspicious transaction,FRAUD,suspicious high-value payment disputed by customer.,IN_PROGRESS,HIGH,IVR,2026-01-24 00:00:00,2026-01-22 00:00:00,2026-02-21 00:00:00,False,False,False,False,False,False,False,False
CBK0001670,TXN00018666,USR83277,MCH7513,1677.0,unauth txn,UNAUTHORIZED,Suspicious high-value payment disputed by customer.,OPEN,MEDIUM,BRANCH,2026-03-06 00:00:00,,2026-03-25 00:00:00,False,False,False,False,True,False,False,False
CBK0000931,TXN00005802,USR60098,MCH6474,964.98,Fraud Suspected,FRAUD,user claims account was compromised before transaction.,OPEN,MEDIUM,IVR,,2026-01-29 19:01:00,2026-02-04 05:01:06,False,False,False,True,False,False,False,False
CBK0001176,TXN00012064,USR50427,MCH3651,786.31,unauthorized_transaction,UNAUTHORIZED,Suspicious high-value payment disputed by customer.,IN_PROGRESS,MEDIUM,EMAIL,2026-03-29 00:00:00,2026-03-28 00:00:00,2026-04-04 00:00:00,False,False,False,False,False,False,False,False
CBK0001027,TXN00002451,USR57852,MCH2510,-224.97,not done by me,UNAUTHORIZED,Customer complaint text unclear due to poor call center notes.,RESOLVED,MEDIUM,CALL_CENTER,2026-03-07 00:00:00,2026-03-01 00:00:00,,False,True,False,False,False,True,False,False
CBK0001490,TXN00003514,USR77962,MCH9344,1510.93,service failed,SERVICE_NOT_DELIVERED,USER SAYS UPI PIN WAS NOT ENTERED BY THEM.,PENDING_BANK,MEDIUM,CHATBOT,2026-03-25 00:00:00,2026-03-15 00:00:00,2026-04-19 00:00:00,False,False,False,False,False,False,False,False
CBK0000732,TXN00004610,USR32036,MCH3057,5879.13,scam,FRAUD,Suspicious high-value payment disputed by customer.,RESOLVED,MEDIUM,EMAIL,2026-02-16 08:58:00,2026-01-01 22:58:19,2026-02-18 00:00:00,False,False,False,False,False,False,False,False
CBK0000216,TXN00011136,USR94832,MCH2451,,merchant service issue,SERVICE_NOT_DELIVERED,user reports money deducted but merchant denies receiving payment.,REJECTED,MEDIUM,IVR,2026-02-10 05:09:00,,,True,False,False,False,True,True,False,False
CBK0002070,TXN00002337,USR40538,MCH4812,,scam,FRAUD,Merchant service was not delivered after payment.,CLOSED,CRITICAL,BRANCH,2026-03-07 00:00:00,2026-02-24 00:00:00,2026-03-11 06:38:28,True,False,False,False,False,False,False,False
CBK0001887,TXN00011174,USR84917,MCH4909,2412.7,Customer Dispute,CUSTOMER_DISPUTE,User reports money deducted but merchant denies receiving payment.,PENDING_BANK,MEDIUM,IVR,2026-03-01 00:00:00,,,False,False,False,False,True,True,False,False
CBK0001789,TXN00007455,USR44134,MCH3520,1002.8,not delivered,SERVICE_NOT_DELIVERED,merchant service was not delivered after payment.,OPEN,HIGH,IVR,2026-01-05 00:00:00,2026-01-02 00:00:00,2026-01-18 00:00:00,False,False,False,False,False,False,False,False
CBK0000641,TXN00007177,USR11036,MCH3177,1628.35,unauth txn,UNAUTHORIZED,Customer says amount was debited twice.,CLOSED,MEDIUM,BRANCH,2026-01-22 00:00:00,2026-01-17 00:00:00,2026-01-23 23:48:00,False,False,False,False,False,False,False,False
CBK0001964,TXN00002766,USR97332,MCH6356,216.49,customer issue,CUSTOMER_DISPUTE,User claims account was compromised before transaction.,OPEN,MEDIUM,IVR,2026-02-11 20:51:02,2026-02-08 00:00:00,2026-03-05 20:51:00,False,False,False,False,False,False,False,False
CBK0001842,TXN00012727,USR63387,MCH2945,847.6,extra amount deducted,AMOUNT_MISMATCH,Customer says amount was debited twice.,CLOSED,CRITICAL,IVR,2026-04-05 10:18:01,2026-03-26 05:18:01,2026-04-25 00:00:00,False,False,False,False,False,False,False,False
CBK0000974,TXN00010092,USR70647,MCH6974,1533.39,fraud,FRAUD,Merchant service was not delivered after payment.,OPEN,LOW,IVR,2026-03-18 00:00:00,2026-03-16 00:00:00,2026-03-24 00:00:00,False,False,False,False,False,False,False,False
CBK0001292,TXN00018296,USR56334,MCH1320,849.13,DUP_DEBIT,DUPLICATE_DEBIT,USER CLAIMS ACCOUNT WAS COMPROMISED BEFORE TRANSACTION.,CLOSED,MEDIUM,IVR,2026-03-11 00:00:00,2026-03-11 00:00:00,2026-03-13 00:56:00,False,False,False,False,False,False,False,False
CBK0002754,TXN00014491,USR40425,MCH1768,3840.0,login compromised,ACCOUNT_TAKEOVER,Complaint received after multiple failed attempts.,IN_PROGRESS,LOW,IVR,2026-01-13 13:24:00,2026-01-10 00:00:00,,False,False,False,False,False,True,False,False
CBK0002287,TXN00004573,USR40925,MCH4181,495.68,extra amount deducted,AMOUNT_MISMATCH,Customer says amount was debited twice.,CLOSED,MEDIUM,IVR,2026-02-04 00:00:00,2026-02-09 08:18:39,2026-02-27 00:00:00,False,False,False,False,False,False,True,False
CBK0000037,TXN00005659,USR96672,MCH9397,-2505.44,customer issue,CUSTOMER_DISPUTE,User reports money deducted but merchant denies receiving payment.,IN_PROGRESS,MEDIUM,IVR,2026-03-13 00:00:00,2026-03-07 00:00:00,2026-03-18 14:18:00,False,True,False,False,False,False,False,False
CBK0000726,TXN00016050,USR43040,MCH4578,1426.42,amount mismatch,AMOUNT_MISMATCH,User says UPI PIN was not entered by them.,RESOLVED,MEDIUM,IVR,2026-01-26 00:00:00,2026-01-18 00:00:00,2026-01-27 00:00:00,False,False,False,False,False,False,False,False
CBK0002577,TXN00004121,USR90720,MCH8154,,charged twice,DUPLICATE_DEBIT,Complaint received after multiple failed attempts.,IN_PROGRESS,HIGH,CHATBOT,,2026-01-03 20:31:00,2026-02-01 00:00:00,True,False,False,True,False,False,False,False
CBK0001624,TXN00012795,USR83035,MCH3452,4081.84,item not received,SERVICE_NOT_DELIVERED,CUSTOMER SAYS AMOUNT WAS DEBITED TWICE.,CLOSED,MEDIUM,IVR,2026-01-28 16:03:00,2026-01-26 00:00:00,2026-02-10 16:03:46,False,False,False,False,False,False,False,False
CBK0002259,TXN00013350,USR98061,MCH8037,1837.87,not delivered,SERVICE_NOT_DELIVERED,Complaint received after multiple failed attempts.,PENDING_BANK,MEDIUM,CHATBOT,2026-02-09 01:39:01,2026-02-03 00:00:00,2026-02-19 01:39:01,False,False,False,False,False,False,False,False
CBK0002144,TXN00008909,USR70631,MCH6347,660.0,Unauthorized Transaction,UNAUTHORIZED,Customer complaint text unclear due to poor call center notes.,RESOLVED,LOW,CALL_CENTER,2026-01-14 00:00:00,,,False,False,False,False,True,True,False,False
CBK0001300,TXN00009464,USR85148,MCH7648,2154.73,account hacked,ACCOUNT_TAKEOVER,Merchant service was not delivered after payment.,PENDING_BANK,HIGH,IVR,,2026-02-09 00:00:00,2026-03-06 00:00:00,False,False,False,True,False,False,False,False
CBK0002037,TXN00000736,USR80842,MCH3769,,account hacked,ACCOUNT_TAKEOVER,User reports money deducted but merchant denies receiving payment.,IN_PROGRESS,LOW,CHATBOT,2026-03-11 00:00:00,2026-03-15 00:00:00,2026-03-22 00:00:00,True,False,False,False,False,False,True,False
CBK0001277,TXN00010511,USR79673,MCH3992,12071.05,complaint,CUSTOMER_DISPUTE,User says UPI PIN was not entered by them.,CLOSED,LOW,EMAIL,2026-02-22 10:35:24,2026-02-16 11:35:00,2026-02-27 00:00:00,False,False,False,False,False,False,False,False
CBK0001875,TXN00017156,USR39926,MCH4882,-1059.67,login compromised,ACCOUNT_TAKEOVER,user reports money deducted but merchant denies receiving payment.,REJECTED,MEDIUM,APP,2026-02-15 05:57:47,2026-02-11 00:00:00,2026-03-12 05:57:00,False,True,False,False,False,False,False,False
CBK0002724,TXN00007282,USR52296,MCH8854,9729.28,extra amount deducted,AMOUNT_MISMATCH,Payment made to unknown merchant as per customer statement.,PENDING_BANK,MEDIUM,BRANCH,2026-01-24 00:00:00,2026-01-22 20:50:32,2026-02-14 00:00:00,False,False,False,False,False,False,False,False
CBK0002354,TXN00009248,USR72500,MCH5264,-728.36,incorrect amount,AMOUNT_MISMATCH,user claims account was compromised before transaction.,RESOLVED,CRITICAL,EMAIL,2026-01-17 03:47:00,2026-01-14 00:00:00,2026-02-07 00:00:00,False,True,False,False,False,False,False,False
CBK0002027,TXN00002894,USR72952,MCH7286,,customer issue,CUSTOMER_DISPUTE,Customer says amount was debited twice. pls check asap,IN_PROGRESS,MEDIUM,CHATBOT,2026-01-10 21:26:42,2026-01-10 00:00:00,2026-02-08 00:00:00,True,False,False,False,False,False,False,False
CBK0001440,TXN00009124,USR51720,MCH1539,253.0,service failed,SERVICE_NOT_DELIVERED,Customer says transaction was not authorized.,IN_PROGRESS,MEDIUM,IVR,2026-03-08 00:00:00,2026-02-06 01:11:28,2026-03-18 00:00:00,False,False,False,False,False,False,False,False
CBK0001493,TXN00006595,USR31543,MCH5575,2625.77,extra amount deducted,AMOUNT_MISMATCH,USER SAYS UPI PIN WAS NOT ENTERED BY THEM.,PENDING_BANK,LOW,CALL_CENTER,2026-01-24 00:00:00,2026-01-18 00:00:00,2026-01-28 00:00:00,False,False,False,False,False,False,False,False
CBK0002689,TXN00011270,USR88203,MCH3731,662.0,not done by me,UNAUTHORIZED,Payment made to unknown merchant as per customer statement.,OPEN,LOW,CHATBOT,2026-03-08 08:07:00,2026-03-05 01:07:52,2026-03-23 08:07:52,False,False,False,False,False,False,False,False
CBK0001217,TXN00010449,USR44544,MCH3100,1852.3,service failed,SERVICE_NOT_DELIVERED,User claims account was compromised before transaction.,RESOLVED,LOW,CALL_CENTER,2026-01-27 02:13:16,2026-01-21 23:13:16,2026-02-22 00:00:00,False,False,False,False,False,False,False,False
CBK0001517,TXN00016968,USR40843,MCH2266,1768.72,ATO,ACCOUNT_TAKEOVER,Merchant service was not delivered after payment.,REJECTED,MEDIUM,APP,2026-03-11 23:37:25,2026-03-06 00:00:00,2026-04-04 00:00:00,False,False,False,False,False,False,False,False
CBK0001187,TXN00012133,USR31699,MCH5290,1491.37,login compromised,ACCOUNT_TAKEOVER,Complaint received after multiple failed attempts.,PENDING_BANK,LOW,APP,2026-03-12 04:19:58,2026-03-08 00:00:00,2026-03-19 00:00:00,False,False,False,False,False,False,False,False
CBK0001516,TXN00013162,USR27947,MCH4181,221.35,service failed,SERVICE_NOT_DELIVERED,Customer says transaction was not authorized.,CLOSED,HIGH,APP,2026-03-04 00:00:00,2026-02-26 00:00:00,,False,False,False,False,False,True,False,False
CBK0000320,TXN00014355,USR27329,MCH4446,-493.43,DUP_DEBIT,DUPLICATE_DEBIT,Merchant service was not delivered after payment.,PENDING_BANK,MEDIUM,CHATBOT,2026-03-07 07:51:22,2026-03-11 07:51:22,2026-04-02 07:51:22,False,True,False,False,False,False,True,False
CBK0001107,TXN00044609,USR77130,MCH2757,771.44,customer issue,CUSTOMER_DISPUTE,Customer complaint text unclear due to poor call center notes.,RESOLVED,MEDIUM,APP,,2026-03-31 00:00:00,2026-05-16 15:06:00,False,False,False,True,False,False,False,False
CBK0002375,TXN00011957,USR43004,MCH4590,569.94,ATO,ACCOUNT_TAKEOVER,User reports money deducted but merchant denies receiving payment.,IN_PROGRESS,MEDIUM,EMAIL,2026-03-09 00:00:00,2026-02-22 00:00:00,2026-03-10 00:00:00,False,False,False,False,False,False,False,False
CBK0000151,TXN00005861,USR31659,MCH5954,10091.73,amount mismatch,AMOUNT_MISMATCH,User reports money deducted but merchant denies receiving payment.,REJECTED,LOW,EMAIL,2026-03-23 00:00:00,2026-03-21 00:00:00,2026-03-29 00:00:00,False,False,False,False,False,False,False,False
CBK0001351,TXN00015779,USR29306,MCH1450,3948.0,ATO,ACCOUNT_TAKEOVER,customer complaint text unclear due to poor call center notes.,OPEN,LOW,CHATBOT,2026-01-08 20:17:00,2026-01-06 00:00:00,2026-01-17 00:00:00,False,False,False,False,False,False,False,False
CBK0001111,TXN00009206,USR23400,MCH6695,1313.0,delivery issue,SERVICE_NOT_DELIVERED,Merchant service was not delivered after payment.,OPEN,HIGH,CALL_CENTER,2026-01-11 07:25:00,2026-01-09 00:00:00,2026-02-04 00:00:00,False,False,False,False,False,False,False,False
CBK0000545,TXN00011868,USR25128,MCH3714,1080.46,account hacked,ACCOUNT_TAKEOVER,Payment made to unknown merchant as per customer statement.,PENDING_BANK,LOW,CHATBOT,2026-02-04 13:11:50,2026-02-02 00:00:00,,False,False,False,False,False,True,False,False
CBK0002717,TXN00010611,USR62341,MCH6810,1248.48,Customer Dispute,CUSTOMER_DISPUTE,User says UPI PIN was not entered by them.,REJECTED,HIGH,CHATBOT,2026-01-06 00:00:00,2026-01-04 00:00:00,2026-01-21 00:19:00,False,False,False,False,False,False,False,False
CBK0001384,TXN00016135,USR75723,MCH7246,830.69,Unauthorized Transaction,UNAUTHORIZED,Merchant service was not delivered after payment.,OPEN,MEDIUM,CHATBOT,2026-02-11 00:00:00,2026-02-09 19:42:43,2026-03-04 00:00:00,False,False,False,False,False,False,False,False
CBK0002625,TXN00004157,USR67803,MCH8154,269.0,dispute raised,CUSTOMER_DISPUTE,Customer says transaction was not authorized.,OPEN,LOW,CALL_CENTER,2026-02-04 00:00:00,2026-01-25 00:00:00,2026-02-22 00:00:00,False,False,False,False,False,False,False,False
CBK0002253,TXN00003501,USR85258,MCH4018,717.53,dispute raised,CUSTOMER_DISPUTE,Payment made to unknown merchant as per customer statement.,RESOLVED,MEDIUM,CALL_CENTER,,2026-01-30 19:42:00,2026-02-13 15:42:37,False,False,False,True,False,False,False,False
CBK0002128,TXN00007497,USR22535,MCH7048,-5331.95,scam,FRAUD,User claims account was compromised before transaction. urgent,IN_PROGRESS,HIGH,APP,2026-02-10 15:05:00,2026-02-09 16:05:34,2026-02-13 00:00:00,False,True,False,False,False,False,False,False
CBK0000184,TXN00001095,USR35485,MCH7351,1383.39,dispute raised,CUSTOMER_DISPUTE,User claims account was compromised before transaction.,REJECTED,MEDIUM,IVR,2026-03-09 00:00:00,2026-03-06 00:00:00,2026-03-25 00:00:00,False,False,False,False,False,False,False,False
CBK0001646,TXN00008404,USR50087,MCH8857,6003.55,unauth txn,UNAUTHORIZED,Customer complaint text unclear due to poor call center notes.,IN_PROGRESS,LOW,IVR,2026-02-06 00:00:00,2026-02-06 00:00:00,2026-03-07 00:00:00,False,False,False,False,False,False,False,False
CBK0002445,TXN00087166,USR20310,MCH3100,2084.49,login compromised,ACCOUNT_TAKEOVER,User says UPI PIN was not entered by them.,RESOLVED,MEDIUM,CALL_CENTER,2026-02-20 00:00:00,2026-02-12 00:00:00,2026-03-11 01:21:40,False,False,False,False,False,False,False,False
CBK0001479,TXN00008854,USR96222,MCH8391,2299.14,extra amount deducted,AMOUNT_MISMATCH,Suspicious high-value payment disputed by customer.,REJECTED,MEDIUM,CHATBOT,2026-03-18 00:00:00,2026-03-12 23:27:49,2026-04-15 13:27:49,False,False,False,False,False,False,False,False
CBK0002009,TXN00007679,USR85277,MCH4226,504.58,service failed,SERVICE_NOT_DELIVERED,USER REPORTS MONEY DEDUCTED BUT MERCHANT DENIES RECEIVING PAYMENT.,OPEN,HIGH,BRANCH,2026-02-28 11:29:00,2026-02-24 19:29:47,,False,False,False,False,False,True,False,False
CBK0002490,,USR43455,MCH9521,1266.0,merchant service issue,SERVICE_NOT_DELIVERED,USER CLAIMS ACCOUNT WAS COMPROMISED BEFORE TRANSACTION.,RESOLVED,HIGH,CHATBOT,2026-01-17 00:00:00,2026-01-09 00:00:00,2026-01-29 00:00:00,False,False,True,False,False,False,False,False
CBK0001380,TXN00009008,USR35697,MCH7809,743.0,customer issue,CUSTOMER_DISPUTE,USER SAYS UPI PIN WAS NOT ENTERED BY THEM.,REJECTED,LOW,IVR,2026-03-25 00:00:00,2026-03-23 00:00:00,2026-04-09 12:19:42,False,False,False,False,False,False,False,False
CBK0002216,TXN00007764,USR83977,MCH3026,6398.47,complaint,CUSTOMER_DISPUTE,User claims account was compromised before transaction.,OPEN,MEDIUM,CHATBOT,2026-03-25 00:00:00,2026-03-19 00:00:00,,False,False,False,False,False,True,False,False
CBK0001727,TXN00016545,USR45053,MCH5655,268.66,not done by me,UNAUTHORIZED,Customer complaint text unclear due to poor call center notes.,IN_PROGRESS,MEDIUM,APP,2026-03-07 00:00:00,2026-03-04 18:43:59,2026-03-14 00:00:00,False,False,False,False,False,False,False,False
CBK0000270,TXN00010202,USR15203,MCH5264,1328.22,suspicious transaction,FRAUD,Payment made to unknown merchant as per customer statement.,PENDING_BANK,LOW,BRANCH,2026-01-25 00:00:00,2026-01-23 00:00:00,2026-02-02 00:00:00,False,False,False,False,False,False,False,False
CBK0000511,TXN00018141,USR72986,MCH8779,4311.27,merchant service issue,SERVICE_NOT_DELIVERED,Customer complaint text unclear due to poor call center notes.,RESOLVED,MEDIUM,APP,2026-03-19 00:00:00,2026-03-16 00:00:00,2026-03-28 00:00:00,False,False,False,False,False,False,False,False
CBK0002731,TXN00000182,USR78938,MCH8953,17413.88,customer issue,CUSTOMER_DISPUTE,user claims account was compromised before transaction.,CLOSED,HIGH,APP,2026-02-17 00:00:00,2026-02-11 00:00:00,2026-02-26 00:00:00,False,False,False,False,False,False,False,False
CBK0001334,TXN00013020,USR94669,MCH6850,2027.64,amount mismatch,AMOUNT_MISMATCH,User reports money deducted but merchant denies receiving payment.,IN_PROGRESS,MEDIUM,IVR,2026-03-11 00:00:00,,2026-03-27 00:00:00,False,False,False,False,True,False,False,False
CBK0000009,TXN00007204,USR51727,MCH4175,-4713.91,Account Takeover,ACCOUNT_TAKEOVER,Suspicious high-value payment disputed by customer.,REJECTED,HIGH,BRANCH,2026-03-17 00:00:00,2026-03-15 00:00:00,,False,True,False,False,False,True,False,False
CBK0000733,TXN00012362,USR55838,MCH4181,4043.04,ATO,ACCOUNT_TAKEOVER,User says UPI PIN was not entered by them.,OPEN,CRITICAL,BRANCH,2026-02-06 00:00:00,2026-02-05 12:02:58,2026-02-08 15:02:00,False,False,False,False,False,False,False,False
CBK0001152,TXN00008504,USR31293,MCH1317,588.2,scam,FRAUD,User reports money deducted but merchant denies receiving payment.,PENDING_BANK,MEDIUM,BRANCH,2026-02-16 13:32:23,2026-02-15 23:32:00,2026-03-06 13:32:23,False,False,False,False,False,False,False,False
CBK0000886,TXN00012882,USR83501,MCH3412,1791.89,suspicious transaction,FRAUD,Payment made to unknown merchant as per customer statement.,RESOLVED,MEDIUM,CHATBOT,2026-01-15 10:24:32,2026-01-13 00:00:00,2026-01-28 00:00:00,False,False,False,False,False,False,False,False
CBK0002753,TXN00006756,USR69271,MCH1635,988.98,Service Not Provided,SERVICE_NOT_DELIVERED,Payment made to unknown merchant as per customer statement.,PENDING_BANK,MEDIUM,BRANCH,2026-04-28 00:00:00,2026-03-28 00:00:00,,False,False,False,False,False,True,False,False
CBK0001224,TXN00008299,USR61715,MCH1151,1586.53,FRAUD,FRAUD,SUSPICIOUS HIGH-VALUE PAYMENT DISPUTED BY CUSTOMER.,OPEN,MEDIUM,EMAIL,2026-01-07 00:00:00,2026-01-04 00:00:00,2026-02-03 03:47:20,False,False,False,False,False,False,False,False
CBK0000155,TXN00010068,USR53527,MCH9030,2128.78,Unauthorized Transaction,UNAUTHORIZED,Merchant service was not delivered after payment.,PENDING_BANK,LOW,CHATBOT,2026-03-14 00:00:00,2026-03-12 00:00:00,2026-03-17 00:00:00,False,False,False,False,False,False,False,False
CBK0001466,TXN00015318,USR91423,MCH3984,3397.0,not delivered,SERVICE_NOT_DELIVERED,Suspicious high-value payment disputed by customer.,CLOSED,MEDIUM,CHATBOT,2026-02-19 00:00:00,2026-02-16 14:22:00,2026-03-21 00:00:00,False,False,False,False,False,False,False,False
CBK0001664,TXN00018525,USR61151,MCH2048,263.29,fraud,FRAUD,User reports money deducted but merchant denies receiving payment.,PENDING_BANK,LOW,CHATBOT,2026-01-17 00:00:00,2026-01-18 00:00:00,2026-02-10 20:54:30,False,False,False,False,False,False,True,False
CBK0001452,TXN00008175,USR21384,MCH2062,7668.14,complaint,CUSTOMER_DISPUTE,Customer says amount was debited twice.,OPEN,LOW,APP,2026-03-01 07:14:00,2026-02-22 00:00:00,,False,False,False,False,False,True,False,False
CBK0002640,TXN00005546,USR34195,MCH2365,1518.0,charged twice,DUPLICATE_DEBIT,User claims account was compromised before transaction.,OPEN,LOW,CALL_CENTER,2026-02-25 16:34:00,2026-02-24 10:34:00,,False,False,False,False,False,True,False,False
CBK0000867,TXN00019528,USR25296,MCH5076,2653.08,item not received,SERVICE_NOT_DELIVERED,User claims account was compromised before transaction.,CLOSED,MEDIUM,CHATBOT,2026-01-29 00:00:00,2026-01-31 00:00:00,2026-02-14 14:43:00,False,False,False,False,False,False,True,False
CBK0002768,TXN00068399,USR40977,MCH2404,562.25,UNAUTHORISED,UNAUTHORIZED,User claims account was compromised before transaction.,OPEN,HIGH,CHATBOT,2026-01-31 00:00:00,,2026-02-03 07:38:22,False,False,False,False,True,False,False,False
CBK0001778,TXN00019856,USR11814,MCH9334,,Account Takeover,ACCOUNT_TAKEOVER,Complaint received after multiple failed attempts. call dropped,PENDING_BANK,HIGH,CHATBOT,2026-02-03 21:18:46,2026-02-02 10:18:46,2026-02-12 00:00:00,True,False,False,False,False,False,False,False
CBK0002238,TXN00002006,USR76792,MCH3459,637.05,no service,SERVICE_NOT_DELIVERED,Payment made to unknown merchant as per customer statement. details missing,OPEN,MEDIUM,EMAIL,2026-01-29 00:00:00,,2026-02-20 00:00:00,False,False,False,False,True,False,False,False
CBK0001923,TXN00016966,USR62899,MCH8181,1081.02,charged twice,DUPLICATE_DEBIT,customer complaint text unclear due to poor call center notes.,RESOLVED,LOW,EMAIL,2026-01-14 00:00:00,2026-01-10 00:00:00,2026-01-21 00:00:00,False,False,False,False,False,False,False,False
CBK0000471,TXN00007267,USR46455,MCH8953,890.07,Duplicate Debit,DUPLICATE_DEBIT,Merchant service was not delivered after payment.,REJECTED,LOW,CHATBOT,2026-01-20 19:57:21,2026-01-05 18:57:21,,False,False,False,False,False,True,False,False
CBK0001626,TXN00049458,USR11987,MCH8783,12414.63,Customer Dispute,CUSTOMER_DISPUTE,User claims account was compromised before transaction.,OPEN,CRITICAL,BRANCH,2026-02-22 18:45:00,2026-02-20 00:00:00,2026-03-03 00:00:00,False,False,False,False,False,False,False,False
CBK0002210,TXN00005430,USR83180,MCH5840,1006.88,unauth txn,UNAUTHORIZED,Complaint received after multiple failed attempts.,PENDING_BANK,MEDIUM,IVR,2026-03-31 13:08:00,2026-02-28 17:08:00,2026-04-25 13:08:00,False,False,False,False,False,False,False,False
CBK0000127,TXN00007654,USR54113,MCH3992,1028.53,charged twice,DUPLICATE_DEBIT,Customer complaint text unclear due to poor call center notes.,PENDING_BANK,MEDIUM,CHATBOT,2026-04-20 00:00:00,2026-03-06 00:00:00,2026-05-05 21:02:00,False,False,False,False,False,False,False,False
CBK0000705,TXN00001152,USR35882,MCH9206,1038.46,double debit,DUPLICATE_DEBIT,customer complaint text unclear due to poor call center notes.,REJECTED,MEDIUM,CHATBOT,2026-03-28 00:00:00,2026-03-27 00:00:00,2026-04-03 06:16:00,False,False,False,False,False,False,False,False
CBK0000507,TXN00012054,USR64199,MCH5589,666.76,Fraud Suspected,FRAUD,Complaint received after multiple failed attempts.,IN_PROGRESS,HIGH,CALL_CENTER,,2026-03-02 13:39:09,2026-03-30 13:39:09,False,False,False,True,False,False,False,False
CBK0002408,TXN00013519,USR21313,MCH4396,4980.8,merchant service issue,SERVICE_NOT_DELIVERED,Merchant service was not delivered after payment.,IN_PROGRESS,HIGH,CHATBOT,2026-01-10 14:45:00,2026-01-07 08:45:00,2026-02-08 00:00:00,False,False,False,False,False,False,False,False
CBK0002332,TXN00002710,USR70317,MCH5459,2072.0,not delivered,SERVICE_NOT_DELIVERED,User claims account was compromised before transaction.,RESOLVED,LOW,CHATBOT,2026-02-13 00:00:00,2026-02-12 00:00:00,,False,False,False,False,False,True,False,False
CBK0000698,TXN00005431,USR66398,MCH1320,1631.64,double debit,DUPLICATE_DEBIT,customer says transaction was not authorized.,REJECTED,HIGH,EMAIL,2026-04-02 00:00:00,2026-03-31 13:31:09,2026-04-22 11:31:00,False,False,False,False,False,False,False,False
CBK0000383,TXN00013042,USR84199,MCH9709,5855.28,ATO,ACCOUNT_TAKEOVER,complaint received after multiple failed attempts.,CLOSED,MEDIUM,BRANCH,2026-03-28 07:14:43,2026-03-27 00:00:00,2026-04-24 00:00:00,False,False,False,False,False,False,False,False
CBK0001198,TXN00016001,USR34436,MCH2936,812.93,suspicious transaction,FRAUD,Payment made to unknown merchant as per customer statement.,OPEN,HIGH,CHATBOT,2026-02-05 06:11:00,,2026-02-22 00:00:00,False,False,False,False,True,False,False,False
CBK0002194,,USR21052,MCH3797,,unauthorized_transaction,UNAUTHORIZED,User reports money deducted but merchant denies receiving payment.,OPEN,CRITICAL,APP,2026-03-12 00:00:00,2026-03-08 00:00:00,,True,False,True,False,False,True,False,False
CBK0001129,TXN00019231,USR32448,MCH5534,1213.34,complaint,CUSTOMER_DISPUTE,User reports money deducted but merchant denies receiving payment.,PENDING_BANK,LOW,CHATBOT,2026-03-07 00:00:00,2026-03-02 00:00:00,2026-03-26 00:00:00,False,False,False,False,False,False,False,False
CBK0002586,TXN00016107,USR77915,MCH8391,800.72,complaint,CUSTOMER_DISPUTE,Payment made to unknown merchant as per customer statement.,OPEN,LOW,BRANCH,2026-04-14 10:20:30,2026-03-15 00:00:00,2026-05-12 10:20:00,False,False,False,False,False,False,False,False
CBK0001794,TXN00009546,USR84804,MCH3045,562.28,customer issue,CUSTOMER_DISPUTE,Customer says transaction was not authorized.,OPEN,MEDIUM,APP,2026-03-14 00:00:00,2026-03-13 00:00:00,2026-03-16 10:34:00,False,False,False,False,False,False,False,False
CBK0000707,TXN00009174,USR25529,MCH1041,3544.0,no service,SERVICE_NOT_DELIVERED,Complaint received after multiple failed attempts.,IN_PROGRESS,LOW,APP,2026-04-28 00:00:00,2026-03-28 00:00:00,2026-05-04 00:00:00,False,False,False,False,False,False,False,False
CBK0000675,TXN00002371,USR78353,MCH5277,-7577.71,Service Not Provided,SERVICE_NOT_DELIVERED,customer says amount was debited twice.,REJECTED,MEDIUM,EMAIL,2026-03-09 00:00:00,2026-02-26 00:00:00,2026-03-10 00:00:00,False,True,False,False,False,False,False,False
CBK0000461,TXN00013811,USR98133,MCH3815,2059.37,Account Takeover,ACCOUNT_TAKEOVER,User says UPI PIN was not entered by them. details missing,PENDING_BANK,MEDIUM,APP,2026-03-21 00:00:00,2026-03-18 22:28:00,,False,False,False,False,False,True,False,False
CBK0000077,TXN00016365,USR65949,MCH5705,287.37,charged twice,DUPLICATE_DEBIT,User reports money deducted but merchant denies receiving payment.,RESOLVED,LOW,APP,2026-01-18 13:07:29,2026-01-17 10:07:00,2026-02-05 00:00:00,False,False,False,False,False,False,False,False
CBK0000606,TXN00009406,USR72675,MCH2266,2488.0,no service,SERVICE_NOT_DELIVERED,Merchant service was not delivered after payment.,REJECTED,MEDIUM,IVR,2026-01-13 16:20:00,,2026-01-24 16:20:00,False,False,False,False,True,False,False,False
CBK0000880,TXN00018703,USR63444,MCH2434,1513.0,no service,SERVICE_NOT_DELIVERED,suspicious high-value payment disputed by customer.,IN_PROGRESS,CRITICAL,BRANCH,2026-02-07 00:00:00,2026-01-31 00:00:00,2026-02-21 16:50:46,False,False,False,False,False,False,False,False
CBK0001536,TXN00003677,USR67399,MCH1566,1364.35,not delivered,SERVICE_NOT_DELIVERED,Customer says transaction was not authorized. pls check asap,RESOLVED,LOW,EMAIL,2026-02-28 15:32:00,2026-02-23 02:32:00,,False,False,False,False,False,True,False,False
CBK0002472,TXN00013665,USR72656,MCH2756,-616.17,Wrong Amount,AMOUNT_MISMATCH,Suspicious high-value payment disputed by customer. pls check asap,RESOLVED,HIGH,CHATBOT,2026-03-07 00:00:00,2026-03-04 14:52:38,2026-04-06 10:52:38,False,True,False,False,False,False,False,False
CBK0002484,TXN00005205,USR19551,MCH5064,6694.94,Customer Dispute,CUSTOMER_DISPUTE,Complaint received after multiple failed attempts.,RESOLVED,HIGH,IVR,2026-03-04 00:00:00,2026-02-26 00:00:00,,False,False,False,False,False,True,False,False
CBK0002036,TXN00014884,USR50473,MCH6069,,Duplicate Debit,DUPLICATE_DEBIT,Customer says amount was debited twice.,IN_PROGRESS,MEDIUM,IVR,2026-02-24 00:00:00,2026-02-20 00:00:00,2026-03-19 00:00:00,True,False,False,False,False,False,False,False
CBK0000666,,USR33350,MCH6639,8521.71,complaint,CUSTOMER_DISPUTE,User says UPI PIN was not entered by them. call dropped,RESOLVED,MEDIUM,CHATBOT,2026-01-11 03:18:30,,2026-01-28 00:00:00,False,False,True,False,True,False,False,False
CBK0002496,TXN00016961,USR12384,MCH4196,433.87,not delivered,SERVICE_NOT_DELIVERED,CUSTOMER SAYS TRANSACTION WAS NOT AUTHORIZED.,OPEN,MEDIUM,BRANCH,2026-03-14 12:00:58,2026-02-26 13:00:00,2026-04-10 00:00:00,False,False,False,False,False,False,False,False
CBK0002579,TXN00002668,USR57244,MCH3590,551.59,unauthorized_transaction,UNAUTHORIZED,User claims account was compromised before transaction.,REJECTED,HIGH,CHATBOT,2026-02-05 00:00:00,2026-02-02 00:00:00,2026-03-03 00:00:00,False,False,False,False,False,False,False,False
CBK0001621,TXN00006638,USR85507,MCH6644,2742.66,amount mismatch,AMOUNT_MISMATCH,User reports money deducted but merchant denies receiving payment.,OPEN,CRITICAL,CHATBOT,2026-01-19 00:00:00,2026-01-03 00:00:00,2026-02-08 00:00:00,False,False,False,False,False,False,False,False
CBK0002033,TXN00018868,USR88284,MCH2152,180.66,account hacked,ACCOUNT_TAKEOVER,Merchant service was not delivered after payment.,CLOSED,HIGH,CHATBOT,2026-03-13 00:00:00,2026-03-09 12:13:27,2026-04-09 00:00:00,False,False,False,False,False,False,False,False
CBK0000887,TXN00005845,USR53491,MCH4767,,Customer Dispute,CUSTOMER_DISPUTE,Customer says amount was debited twice.,PENDING_BANK,CRITICAL,CHATBOT,2026-01-21 00:00:00,2026-01-18 10:49:09,2026-01-27 00:00:00,True,False,False,False,False,False,False,False
CBK0002341,TXN00012704,USR27290,MCH3954,2025.76,Fraud Suspected,FRAUD,User reports money deducted but merchant denies receiving payment.,CLOSED,HIGH,BRANCH,2026-01-22 23:30:00,2026-01-19 00:00:00,2026-02-07 00:00:00,False,False,False,False,False,False,False,False
CBK0002499,TXN00012098,USR40113,MCH9719,708.0,service failed,SERVICE_NOT_DELIVERED,merchant service was not delivered after payment.,REJECTED,LOW,EMAIL,,2026-02-09 05:17:08,2026-02-19 08:17:00,False,False,False,True,False,False,False,False
CBK0002356,TXN00014945,USR84844,MCH5076,1720.02,dispute raised,CUSTOMER_DISPUTE,Suspicious high-value payment disputed by customer.,REJECTED,MEDIUM,APP,2026-03-21 00:00:00,2026-03-20 19:35:48,2026-03-25 00:00:00,False,False,False,False,False,False,False,False
CBK0000488,TXN00008670,USR17815,MCH6810,992.85,Customer Dispute,CUSTOMER_DISPUTE,User claims account was compromised before transaction.,IN_PROGRESS,LOW,CHATBOT,,2026-03-03 00:00:00,2026-03-27 00:00:00,False,False,False,True,False,False,False,False
CBK0001653,TXN00008030,USR83418,MCH6033,1200.17,no service,SERVICE_NOT_DELIVERED,Customer says amount was debited twice.,RESOLVED,MEDIUM,IVR,2026-03-20 00:00:00,2026-02-02 00:00:00,2026-03-28 11:43:48,False,False,False,False,False,False,False,False
CBK0002360,TXN00016689,USR22630,MCH6419,2052.97,unauthorized_transaction,UNAUTHORIZED,User claims account was compromised before transaction.,PENDING_BANK,LOW,CALL_CENTER,2026-03-11 00:00:00,2026-03-05 00:00:00,,False,False,False,False,False,True,False,False
CBK0002567,TXN00016286,USR90993,MCH5462,1887.01,delivery issue,SERVICE_NOT_DELIVERED,Payment made to unknown merchant as per customer statement.,CLOSED,MEDIUM,CHATBOT,2026-03-18 09:22:00,2026-03-13 02:22:00,2026-04-16 00:00:00,False,False,False,False,False,False,False,False
CBK0002701,TXN00015262,USR47926,MCH5959,2260.38,Customer Dispute,CUSTOMER_DISPUTE,Customer says amount was debited twice. NA,OPEN,LOW,IVR,2026-01-08 00:00:00,2026-01-07 15:19:00,2026-01-29 00:00:00,False,False,False,False,False,False,False,False
CBK0001076,TXN00014751,USR40036,MCH9461,-1337.67,double debit,DUPLICATE_DEBIT,Customer says amount was debited twice.,PENDING_BANK,MEDIUM,CHATBOT,2026-01-16 00:00:00,2026-01-15 00:00:00,,False,True,False,False,False,True,False,False
CBK0001229,TXN00014638,USR33934,MCH4422,1064.0,item not received,SERVICE_NOT_DELIVERED,suspicious high-value payment disputed by customer.,CLOSED,LOW,IVR,2026-02-05 03:24:10,,,False,False,False,False,True,True,False,False
CBK0001253,TXN00048192,USR32413,MCH7724,1863.22,customer issue,CUSTOMER_DISPUTE,User claims account was compromised before transaction.,PENDING_BANK,LOW,IVR,2026-03-09 00:00:00,2026-03-07 00:00:00,,False,False,False,False,False,True,False,False
CBK0001863,TXN00004455,USR92111,MCH2672,559.19,Fraud Suspected,FRAUD,payment made to unknown merchant as per customer statement.,RESOLVED,MEDIUM,EMAIL,2026-02-01 00:00:00,2026-01-24 00:00:00,,False,False,False,False,False,True,False,False
CBK0000864,TXN00058515,USR41631,MCH1320,216.17,merchant service issue,SERVICE_NOT_DELIVERED,Customer complaint text unclear due to poor call center notes.,PENDING_BANK,HIGH,CHATBOT,2026-01-31 15:38:00,2026-01-21 00:00:00,,False,False,False,False,False,True,False,False
CBK0001853,TXN00008375,USR11036,MCH7833,372.08,double debit,DUPLICATE_DEBIT,Complaint received after multiple failed attempts.,RESOLVED,LOW,BRANCH,,2026-01-09 13:20:42,2026-02-10 19:20:42,False,False,False,True,False,False,False,False
CBK0001308,TXN00016774,USR71704,MCH4590,9878.08,merchant service issue,SERVICE_NOT_DELIVERED,Customer says amount was debited twice.,PENDING_BANK,CRITICAL,BRANCH,2026-03-19 00:00:00,2026-03-14 00:00:00,2026-03-19 00:00:00,False,False,False,False,False,False,False,False
CBK0001006,TXN00005755,USR95625,MCH4181,740.85,fraud,FRAUD,Suspicious high-value payment disputed by customer.,IN_PROGRESS,MEDIUM,APP,2026-04-28 00:00:00,2026-03-29 16:15:15,,False,False,False,False,False,True,False,False
CBK0001269,TXN00007095,USR24536,MCH8953,1816.0,unauth txn,UNAUTHORIZED,User says UPI PIN was not entered by them.,IN_PROGRESS,MEDIUM,IVR,2026-02-07 00:00:00,2026-02-06 04:54:54,2026-02-17 08:54:00,False,False,False,False,False,False,False,False
CBK0000607,TXN00007941,USR62254,MCH1419,-15519.36,suspicious transaction,FRAUD,User reports money deducted but merchant denies receiving payment.,REJECTED,LOW,CHATBOT,2026-03-05 05:33:21,2026-03-01 00:00:00,,False,True,False,False,False,True,False,False
CBK0001541,TXN00011858,USR73594,MCH4651,7857.66,Duplicate Debit,DUPLICATE_DEBIT,Payment made to unknown merchant as per customer statement. call dropped,OPEN,MEDIUM,EMAIL,2026-04-07 00:00:00,2026-03-08 00:00:00,,False,False,False,False,False,True,False,False
CBK0000990,TXN00010883,USR94792,MCH2338,2301.28,suspicious transaction,FRAUD,Merchant service was not delivered after payment.,CLOSED,CRITICAL,IVR,2026-03-04 00:00:00,2026-03-01 00:00:00,2026-03-07 00:00:00,False,False,False,False,False,False,False,False
CBK0002713,TXN00016837,USR36321,MCH2065,,dispute raised,CUSTOMER_DISPUTE,Customer complaint text unclear due to poor call center notes.,REJECTED,HIGH,CHATBOT,2026-03-13 00:00:00,2026-03-09 00:00:00,2026-03-25 00:00:00,True,False,False,False,False,False,False,False
CBK0001590,TXN00014261,USR66321,MCH8391,-750.7,merchant service issue,SERVICE_NOT_DELIVERED,Complaint received after multiple failed attempts.,PENDING_BANK,MEDIUM,IVR,2026-01-07 00:00:00,2026-01-02 02:08:36,2026-01-15 00:00:00,False,True,False,False,False,False,False,False
CBK0002311,TXN00011525,USR73683,MCH3681,3875.84,Customer Dispute,CUSTOMER_DISPUTE,Customer complaint text unclear due to poor call center notes.,PENDING_BANK,MEDIUM,CHATBOT,2026-04-14 00:00:00,2026-03-29 00:00:00,2026-05-11 00:00:00,False,False,False,False,False,False,False,False
CBK0001892,TXN00019135,USR46902,MCH3656,-690.96,unauthorized_transaction,UNAUTHORIZED,Complaint received after multiple failed attempts.,OPEN,MEDIUM,CHATBOT,2026-02-28 00:00:00,2026-02-25 00:00:00,2026-03-03 00:00:00,False,True,False,False,False,False,False,False
CBK0002635,TXN00012235,USR39811,MCH4990,-10021.84,double debit,DUPLICATE_DEBIT,Customer complaint text unclear due to poor call center notes.,OPEN,MEDIUM,CALL_CENTER,2026-02-24 16:05:00,2026-02-22 12:05:00,,False,True,False,False,False,True,False,False
CBK0000537,TXN00006837,USR35532,MCH7922,374.0,Customer Dispute,CUSTOMER_DISPUTE,Suspicious high-value payment disputed by customer.,RESOLVED,MEDIUM,CHATBOT,2026-01-09 10:28:51,2026-01-07 00:00:00,,False,False,False,False,False,True,False,False
CBK0000081,TXN00016937,USR98012,MCH5770,-6269.03,amount mismatch,AMOUNT_MISMATCH,merchant service was not delivered after payment.,RESOLVED,MEDIUM,EMAIL,2026-01-27 00:00:00,2026-01-25 00:00:00,2026-02-05 00:00:00,False,True,False,False,False,False,False,False
CBK0000117,TXN00008534,USR46501,MCH8277,652.86,customer issue,CUSTOMER_DISPUTE,Customer says amount was debited twice.,PENDING_BANK,HIGH,EMAIL,2026-03-08 00:00:00,2026-02-25 00:00:00,,False,False,False,False,False,True,False,False
CBK0001244,TXN00059954,USR15501,MCH3432,1289.25,charged twice,DUPLICATE_DEBIT,Customer complaint text unclear due to poor call center notes.,REJECTED,MEDIUM,APP,2026-03-18 00:00:00,2026-03-12 11:29:14,2026-03-21 00:00:00,False,False,False,False,False,False,False,False
CBK0001057,TXN00013162,USR95375,MCH1477,3182.0,dispute raised,CUSTOMER_DISPUTE,Customer says transaction was not authorized.,IN_PROGRESS,MEDIUM,APP,2026-03-30 00:00:00,2026-03-28 00:00:00,2026-04-24 10:56:00,False,False,False,False,False,False,False,False
CBK0002085,TXN00099329,USR70175,MCH8953,2454.92,FRAUD,FRAUD,Suspicious high-value payment disputed by customer.,IN_PROGRESS,LOW,CHATBOT,2026-03-10 00:00:00,2026-03-07 00:00:00,2026-04-07 21:00:00,False,False,False,False,False,False,False,False
CBK0000847,TXN00010448,USR75789,MCH4429,-387.13,not done by me,UNAUTHORIZED,User reports money deducted but merchant denies receiving payment.,REJECTED,HIGH,CALL_CENTER,2026-03-28 00:00:00,2026-03-26 00:00:00,2026-03-28 00:00:00,False,True,False,False,False,False,False,False
CBK0001388,TXN00008970,USR73474,MCH8142,4522.0,Duplicate Debit,DUPLICATE_DEBIT,CUSTOMER SAYS TRANSACTION WAS NOT AUTHORIZED.,OPEN,LOW,IVR,2026-04-01 12:45:30,,,False,False,False,False,True,True,False,False
CBK0002155,TXN00016461,USR71348,MCH4824,-734.05,Merchant Not Delivered,SERVICE_NOT_DELIVERED,Complaint received after multiple failed attempts.,PENDING_BANK,HIGH,IVR,2026-02-25 00:00:00,2026-02-22 18:14:02,2026-03-05 00:00:00,False,True,False,False,False,False,False,False
CBK0002217,TXN00017718,USR99570,MCH5980,1451.78,complaint,CUSTOMER_DISPUTE,Customer says txn was not authorized.,REJECTED,LOW,BRANCH,2026-01-23 00:00:00,2026-01-20 00:00:00,2026-02-04 00:00:00,False,False,False,False,False,False,False,False
CBK0001218,TXN00074714,USR28268,MCH1154,2166.47,not delivered,SERVICE_NOT_DELIVERED,Merchant service was not delivered after payment.,PENDING_BANK,HIGH,EMAIL,2026-03-30 00:00:00,,2026-04-03 00:00:00,False,False,False,False,True,False,False,False
CBK0001265,TXN00004057,USR26009,MCH6381,1149.72,Duplicate Debit,DUPLICATE_DEBIT,User reports money deducted but merchant denies receiving payment.,IN_PROGRESS,MEDIUM,APP,2026-01-30 00:00:00,2026-01-29 03:59:00,2026-02-15 15:59:11,False,False,False,False,False,False,False,False
CBK0000087,TXN00008323,USR70375,MCH3815,36675.43,account hacked,ACCOUNT_TAKEOVER,merchant service was not delivered after payment.,PENDING_BANK,MEDIUM,IVR,2026-03-29 08:50:42,2026-03-26 04:50:42,2026-03-29 08:50:42,False,False,False,False,False,False,False,False
CBK0001572,TXN00014973,USR69706,MCH9344,737.0,dispute raised,CUSTOMER_DISPUTE,User says UPI PIN was not entered by them.,CLOSED,LOW,CHATBOT,2026-01-11 10:59:00,2026-01-11 08:59:33,2026-01-23 00:00:00,False,False,False,False,False,False,False,False
CBK0002221,TXN00016939,USR56378,MCH2383,27330.78,Customer Dispute,CUSTOMER_DISPUTE,Customer says transaction was not authorized.,REJECTED,CRITICAL,IVR,2026-03-07 00:00:00,2026-02-24 00:00:00,2026-03-12 00:00:00,False,False,False,False,False,False,False,False
CBK0001983,TXN00012545,USR12475,MCH1320,886.93,charged twice,DUPLICATE_DEBIT,User says UPI PIN was not entered by them.,REJECTED,HIGH,CALL_CENTER,2026-01-07 21:57:07,2026-01-05 00:00:00,2026-01-16 00:00:00,False,False,False,False,False,False,False,False
CBK0001310,TXN00006669,USR64847,MCH4786,-2766.56,double debit,DUPLICATE_DEBIT,Customer complaint text unclear due to poor call center notes.,CLOSED,LOW,CALL_CENTER,2026-02-18 15:36:00,,2026-03-13 00:00:00,False,True,False,False,True,False,False,False
CBK0002495,TXN00002679,USR24536,MCH8280,1214.71,Account Takeover,ACCOUNT_TAKEOVER,User reports money deducted but merchant denies receiving payment.,CLOSED,LOW,BRANCH,2026-01-15 11:01:00,2026-01-07 16:01:24,2026-02-10 00:00:00,False,False,False,False,False,False,False,False
CBK0002000,TXN00006334,USR56042,MCH4130,-1206.9,double debit,DUPLICATE_DEBIT,Customer says amount was debited twice. pls check asap,IN_PROGRESS,MEDIUM,APP,2026-02-09 00:00:00,2026-01-29 15:04:00,2026-02-09 00:00:00,False,True,False,False,False,False,False,False
CBK0000401,TXN00001653,USR33650,MCH5294,4022.0,Unauthorized Transaction,UNAUTHORIZED,Customer complaint text unclear due to poor call center notes.,IN_PROGRESS,MEDIUM,IVR,2026-02-05 12:47:14,2026-02-04 00:00:00,2026-02-07 12:47:14,False,False,False,False,False,False,False,False
CBK0001880,TXN00013813,USR85610,MCH6626,,scam,FRAUD,Customer says transaction was not authorized.,REJECTED,MEDIUM,CHATBOT,2026-03-07 00:00:00,2026-01-21 00:00:00,2026-03-19 00:00:00,True,False,False,False,False,False,False,False
CBK0000884,TXN00014060,USR97772,MCH9069,613.53,no service,SERVICE_NOT_DELIVERED,User reports money deducted but merchant denies receiving payment.,REJECTED,CRITICAL,CHATBOT,2026-02-26 23:06:00,2026-02-21 10:06:00,2026-03-07 00:00:00,False,False,False,False,False,False,False,False
CBK0001963,TXN00002490,USR56287,MCH9228,1170.0,ATO,ACCOUNT_TAKEOVER,Customer says amount was debited twice.,CLOSED,LOW,BRANCH,2026-01-21 12:23:07,2026-01-21 11:23:07,2026-01-27 00:00:00,False,False,False,False,False,False,False,False
CBK0000203,TXN00002521,USR11015,MCH5051,4940.0,no service,SERVICE_NOT_DELIVERED,User claims account was compromised before transaction.,CLOSED,HIGH,CALL_CENTER,2026-01-06 00:00:00,2026-01-04 00:00:00,,False,False,False,False,False,True,False,False
CBK0002334,TXN00013909,USR61147,MCH6628,449.15,Customer Dispute,CUSTOMER_DISPUTE,merchant service was not delivered after payment.,REJECTED,HIGH,IVR,2026-01-12 00:00:00,2026-01-10 00:00:00,2026-01-16 14:42:00,False,False,False,False,False,False,False,False
CBK0002556,TXN00014016,USR85655,MCH2065,2538.7,Unauthorized Transaction,UNAUTHORIZED,Customer complaint text unclear due to poor call center notes.,IN_PROGRESS,LOW,EMAIL,2026-03-04 00:00:00,2026-03-01 00:00:00,2026-03-07 09:29:57,False,False,False,False,False,False,False,False
CBK0000337,TXN00013045,USR42531,MCH1288,546.9,Service Not Provided,SERVICE_NOT_DELIVERED,Customer complaint text unclear due to poor call center notes.,REJECTED,LOW,CHATBOT,2026-01-20 08:51:00,2026-01-19 00:00:00,,False,False,False,False,False,True,False,False
CBK0002542,TXN00004045,USR54255,MCH7383,14158.32,account hacked,ACCOUNT_TAKEOVER,Merchant service was not delivered after payment.,PENDING_BANK,LOW,CALL_CENTER,2026-04-08 20:03:18,2026-03-24 03:03:18,2026-04-13 20:03:18,False,False,False,False,False,False,False,False
CBK0002678,TXN00074852,USR64694,MCH3676,1652.05,double debit,DUPLICATE_DEBIT,Payment made to unknown merchant as per customer statement.,IN_PROGRESS,MEDIUM,CALL_CENTER,,2026-02-11 00:00:00,2026-03-11 16:25:29,False,False,False,True,False,False,False,False
CBK0001617,TXN00001553,USR68522,MCH7372,5796.41,merchant service issue,SERVICE_NOT_DELIVERED,Payment made to unknown merchant as per customer statement. pls check asap,PENDING_BANK,CRITICAL,CALL_CENTER,2026-02-08 00:00:00,2026-01-08 00:00:00,2026-02-21 04:46:00,False,False,False,False,False,False,False,False
CBK0002109,TXN00005274,USR70317,MCH7833,4290.41,incorrect amount,AMOUNT_MISMATCH,Customer says amount was debited twice.,RESOLVED,HIGH,CHATBOT,2026-02-27 13:34:00,2026-02-26 09:34:34,2026-03-13 13:34:00,False,False,False,False,False,False,False,False
CBK0000136,TXN00000724,USR55205,MCH4226,454.0,dispute raised,CUSTOMER_DISPUTE,User says UPI PIN was not entered by them.,CLOSED,HIGH,EMAIL,2026-02-26 00:00:00,2026-02-20 00:00:00,,False,False,False,False,False,True,False,False
CBK0002243,TXN00019786,USR27947,MCH1674,1377.81,unauth txn,UNAUTHORIZED,Customer complaint text unclear due to poor call center notes.,PENDING_BANK,CRITICAL,EMAIL,2026-03-17 00:00:00,2026-03-15 00:00:00,,False,False,False,False,False,True,False,False
CBK0000579,TXN00006902,USR30658,MCH8779,2179.89,Wrong Amount,AMOUNT_MISMATCH,Customer says amount was debited twice.,CLOSED,CRITICAL,CALL_CENTER,2026-04-09 00:00:00,,2026-04-25 00:00:00,False,False,False,False,True,False,False,False
CBK0002191,TXN00005500,USR99576,MCH4473,1721.07,account hacked,ACCOUNT_TAKEOVER,SUSPICIOUS HIGH-VALUE PAYMENT DISPUTED BY CUSTOMER.,CLOSED,HIGH,CALL_CENTER,2026-01-31 00:00:00,2026-01-25 00:00:00,2026-02-09 00:00:00,False,False,False,False,False,False,False,False
CBK0002147,TXN00010700,USR22862,MCH3741,393.01,item not received,SERVICE_NOT_DELIVERED,Payment made to unknown merchant as per customer statement.,IN_PROGRESS,MEDIUM,CHATBOT,2026-03-29 00:00:00,2026-03-21 00:00:00,2026-03-29 00:00:00,False,False,False,False,False,False,False,False
CBK0002214,,USR72691,MCH3098,3364.0,delivery issue,SERVICE_NOT_DELIVERED,Payment made to unknown merchant as per customer statement.,CLOSED,MEDIUM,IVR,2026-02-14 00:01:00,2026-02-03 00:00:00,,False,False,True,False,False,True,False,False
CBK0002699,TXN00004968,USR63160,MCH2867,-686.93,ATO,ACCOUNT_TAKEOVER,Customer says transaction was not authorized.,IN_PROGRESS,HIGH,IVR,2026-02-19 10:29:00,2026-02-09 02:29:10,2026-02-27 00:00:00,False,True,False,False,False,False,False,False
CBK0000910,TXN00010888,USR26595,MCH8921,925.14,amount mismatch,AMOUNT_MISMATCH,User reports money deducted but merchant denies receiving payment.,CLOSED,LOW,CHATBOT,2026-01-31 19:55:18,2026-01-27 00:00:00,2026-02-08 19:55:18,False,False,False,False,False,False,False,False
CBK0002050,TXN00003990,USR78005,MCH8100,-5710.85,extra amount deducted,AMOUNT_MISMATCH,Customer says amount was debited twice.,CLOSED,MEDIUM,CHATBOT,2026-01-27 22:54:00,2026-01-22 20:54:00,,False,True,False,False,False,True,False,False
CBK0002501,TXN00074548,USR43280,MCH3768,-4626.55,no service,SERVICE_NOT_DELIVERED,MERCHANT SERVICE WAS NOT DELIVERED AFTER PAYMENT.,IN_PROGRESS,HIGH,CALL_CENTER,2026-02-22 23:25:00,2026-02-20 00:00:00,2026-02-27 23:25:00,False,True,False,False,False,False,False,False
CBK0002442,TXN00003496,USR17908,MCH1236,1706.49,service failed,SERVICE_NOT_DELIVERED,Complaint received after multiple failed attempts.,REJECTED,HIGH,IVR,2026-01-28 00:00:00,2026-01-12 17:43:35,2026-02-24 01:43:00,False,False,False,False,False,False,False,False
CBK0002201,TXN00011553,USR33934,MCH1101,1996.81,account hacked,ACCOUNT_TAKEOVER,User says UPI PIN was not entered by them.,OPEN,LOW,APP,2026-02-11 00:00:00,2026-02-07 13:14:25,2026-02-26 06:14:25,False,False,False,False,False,False,False,False
CBK0001113,TXN00011228,USR47724,MCH3600,9827.0,login compromised,ACCOUNT_TAKEOVER,Customer complaint text unclear due to poor call center notes.,PENDING_BANK,LOW,IVR,2026-01-20 00:00:00,2026-01-19 04:34:00,2026-02-14 00:00:00,False,False,False,False,False,False,False,False
CBK0001373,TXN00007769,USR24681,MCH6081,813.25,item not received,SERVICE_NOT_DELIVERED,Suspicious high-value payment disputed by customer.,RESOLVED,HIGH,CHATBOT,2026-02-14 19:34:08,,2026-03-12 00:00:00,False,False,False,False,True,False,False,False
CBK0001206,TXN00014973,USR48430,MCH4479,746.85,no service,SERVICE_NOT_DELIVERED,Suspicious high-value payment disputed by customer.,RESOLVED,HIGH,CALL_CENTER,2026-02-25 15:55:56,2026-02-17 19:55:56,2026-02-25 00:00:00,False,False,False,False,False,False,False,False
CBK0000759,TXN00018597,USR54822,MCH1382,2898.66,login compromised,ACCOUNT_TAKEOVER,Merchant service was not delivered after payment.,OPEN,MEDIUM,IVR,2026-02-14 10:59:54,,2026-02-16 10:59:54,False,False,False,False,True,False,False,False
CBK0002772,TXN00008116,USR80305,MCH3781,1863.17,charged twice,DUPLICATE_DEBIT,User reports money deducted but merchant denies receiving payment.,REJECTED,LOW,IVR,2026-01-20 00:00:00,2026-01-18 12:29:06,2026-02-15 00:00:00,False,False,False,False,False,False,False,False
CBK0000517,TXN00001323,USR53151,MCH9341,7329.0,no service,SERVICE_NOT_DELIVERED,suspicious high-value payment disputed by customer.,REJECTED,LOW,BRANCH,2026-02-19 00:00:00,,2026-02-27 21:24:00,False,False,False,False,True,False,False,False
CBK0001632,TXN00015576,USR12683,MCH9869,448.44,Fraud Suspected,FRAUD,Payment made to unknown merchant as per customer statement.,PENDING_BANK,MEDIUM,APP,2026-03-30 00:00:00,2026-03-19 05:30:23,,False,False,False,False,False,True,False,False
CBK0000927,TXN00014638,USR14035,MCH9573,10765.79,Merchant Not Delivered,SERVICE_NOT_DELIVERED,Customer complaint text unclear due to poor call center notes.,OPEN,HIGH,CHATBOT,2026-03-13 17:36:25,2026-03-12 17:36:00,2026-04-08 17:36:00,False,False,False,False,False,False,False,False
CBK0002008,TXN00014274,USR40602,MCH5954,3293.82,delivery issue,SERVICE_NOT_DELIVERED,Complaint received after multiple failed attempts.,CLOSED,MEDIUM,IVR,2026-02-20 00:00:00,2026-02-14 00:00:00,2026-03-08 10:09:37,False,False,False,False,False,False,False,False
CBK0000572,,USR58062,MCH2065,1849.53,UNAUTHORISED,UNAUTHORIZED,Customer says amount was debited twice.,CLOSED,MEDIUM,CHATBOT,2026-02-24 10:15:46,2026-02-18 22:15:46,2026-03-15 00:00:00,False,False,True,False,False,False,False,False
CBK0002708,TXN00018113,USR17556,MCH8377,987.42,login compromised,ACCOUNT_TAKEOVER,Complaint received after multiple failed attempts.,REJECTED,LOW,CHATBOT,2026-02-12 17:45:31,2026-02-09 00:00:00,2026-03-10 17:45:31,False,False,False,False,False,False,False,False
CBK0002534,TXN00004493,USR76170,MCH3036,380.69,not delivered,SERVICE_NOT_DELIVERED,merchant service was not delivered after payment.,IN_PROGRESS,LOW,EMAIL,2026-01-27 00:00:00,2026-01-11 21:56:00,,False,False,False,False,False,True,False,False
CBK0001209,TXN00009348,USR59740,MCH4686,4160.0,delivery issue,SERVICE_NOT_DELIVERED,customer says transaction was not authorized.,IN_PROGRESS,HIGH,EMAIL,2026-02-28 03:03:00,2026-02-24 00:00:00,2026-03-04 03:03:36,False,False,False,False,False,False,False,False
CBK0000339,TXN00013884,USR60939,MCH3878,3072.71,Account Takeover,ACCOUNT_TAKEOVER,Payment made to unknown merchant as per customer statement.,IN_PROGRESS,HIGH,IVR,2026-03-27 00:00:00,2026-03-20 00:00:00,,False,False,False,False,False,True,False,False
CBK0002282,TXN00008893,USR74390,MCH7259,2546.9,DUP_DEBIT,DUPLICATE_DEBIT,customer says transaction was not authorized.,OPEN,LOW,IVR,,2026-01-05 00:00:00,2026-01-13 13:43:40,False,False,False,True,False,False,False,False
CBK0000767,TXN00010641,USR98061,MCH3815,9500.5,not done by me,UNAUTHORIZED,Customer complaint text unclear due to poor call center notes. call dropped,IN_PROGRESS,CRITICAL,IVR,2026-04-02 15:15:00,2026-03-29 20:15:00,2026-04-08 00:00:00,False,False,False,False,False,False,False,False
CBK0000327,TXN00011503,USR76772,MCH5900,1191.08,item not received,SERVICE_NOT_DELIVERED,CUSTOMER SAYS AMOUNT WAS DEBITED TWICE.,IN_PROGRESS,HIGH,EMAIL,2026-02-28 02:10:08,2026-02-27 00:00:00,2026-03-14 02:10:08,False,False,False,False,False,False,False,False
CBK0001061,TXN00007622,USR22939,MCH5921,494.63,Fraud Suspected,FRAUD,Suspicious high-value payment disputed by customer.,CLOSED,LOW,IVR,2026-03-24 00:00:00,2026-03-19 09:34:00,,False,False,False,False,False,True,False,False
CBK0002712,TXN00006919,USR19070,MCH8672,3151.9,UNAUTHORISED,UNAUTHORIZED,Complaint received after multiple failed attempts.,IN_PROGRESS,LOW,CHATBOT,2026-02-28 10:57:53,2026-02-27 00:00:00,2026-02-28 00:00:00,False,False,False,False,False,False,False,False
CBK0000480,TXN00086757,USR73796,MCH8391,1161.24,Service Not Provided,SERVICE_NOT_DELIVERED,Customer complaint text unclear due to poor call center notes.,IN_PROGRESS,CRITICAL,APP,2026-02-02 00:00:00,2026-01-27 05:48:48,2026-02-25 00:00:00,False,False,False,False,False,False,False,False
CBK0002420,TXN00008321,USR20361,MCH3420,535.96,delivery issue,SERVICE_NOT_DELIVERED,User claims account was compromised before transaction.,OPEN,LOW,CALL_CENTER,2026-01-04 00:00:00,2026-01-03 00:00:00,2026-01-17 02:37:00,False,False,False,False,False,False,False,False
CBK0000958,TXN00001617,USR30500,MCH8058,4597.83,complaint,CUSTOMER_DISPUTE,suspicious high-value payment disputed by customer.,CLOSED,HIGH,APP,2026-02-20 21:55:40,2026-02-19 00:00:00,2026-03-10 00:00:00,False,False,False,False,False,False,False,False
CBK0001047,TXN00016988,USR13912,MCH5655,,extra amount deducted,AMOUNT_MISMATCH,User claims account was compromised before transaction.,REJECTED,MEDIUM,CALL_CENTER,2026-03-07 00:00:00,2026-02-25 00:00:00,2026-03-15 14:47:00,True,False,False,False,False,False,False,False
CBK0001922,TXN00008651,USR68820,MCH5076,,extra amount deducted,AMOUNT_MISMATCH,User claims account was compromised before transaction. call dropped,IN_PROGRESS,MEDIUM,APP,2026-01-18 20:01:00,2026-01-13 17:01:00,2026-01-22 00:00:00,True,False,False,False,False,False,False,False
CBK0000900,TXN00012289,USR71316,MCH8769,5071.86,unauth txn,UNAUTHORIZED,User reports money deducted but merchant denies receiving payment.,RESOLVED,LOW,CHATBOT,2026-01-15 03:30:00,2026-01-12 18:30:00,,False,False,False,False,False,True,False,False
CBK0000694,TXN00013258,USR41874,MCH7151,6771.0,login compromised,ACCOUNT_TAKEOVER,Customer says amount was debited twice.,RESOLVED,MEDIUM,CALL_CENTER,2026-03-28 09:05:00,2026-03-28 02:05:31,2026-03-31 00:00:00,False,False,False,False,False,False,False,False
CBK0002470,TXN00016541,USR51854,MCH2925,1089.44,Account Takeover,ACCOUNT_TAKEOVER,complaint received after multiple failed attempts.,PENDING_BANK,MEDIUM,IVR,2026-03-01 00:00:00,2026-03-05 00:00:00,,False,False,False,False,False,True,True,False
CBK0002477,TXN00002165,USR81636,MCH5914,1048.77,Duplicate Debit,DUPLICATE_DEBIT,Customer complaint text unclear due to poor call center notes. call dropped,REJECTED,MEDIUM,IVR,2026-02-03 00:00:00,2026-01-31 00:00:00,,False,False,False,False,False,True,False,False
CBK0000197,TXN00003861,USR66175,MCH7332,792.03,item not received,SERVICE_NOT_DELIVERED,Customer says amount was debited twice.,PENDING_BANK,CRITICAL,IVR,2026-01-21 00:00:00,2026-01-10 00:00:00,2026-01-26 01:48:00,False,False,False,False,False,False,False,False
CBK0002637,TXN00001839,USR69852,MCH4722,1071.92,extra amount deducted,AMOUNT_MISMATCH,User reports money deducted but merchant denies receiving payment.,REJECTED,MEDIUM,IVR,2026-01-08 00:00:00,2026-01-07 00:00:00,2026-01-30 00:00:00,False,False,False,False,False,False,False,False
CBK0000189,TXN00016753,USR71099,MCH5189,390.5,unauthorized_transaction,UNAUTHORIZED,Merchant service was not delivered after payment.,IN_PROGRESS,LOW,IVR,2026-03-13 00:00:00,2026-03-11 00:00:00,2026-03-31 00:00:00,False,False,False,False,False,False,False,False
CBK0002413,TXN00012907,USR20360,MCH3281,,Fraud Suspected,FRAUD,user claims account was compromised before transaction.,REJECTED,LOW,IVR,2026-04-08 00:00:00,2026-03-28 23:07:22,,True,False,False,False,False,True,False,False
CBK0002078,TXN00013096,USR13449,MCH5614,8307.14,delivery issue,SERVICE_NOT_DELIVERED,User says UPI PIN was not entered by them. details missing,REJECTED,CRITICAL,CHATBOT,2026-03-26 21:45:47,2026-03-25 00:00:00,2026-04-25 21:45:47,False,False,False,False,False,False,False,False
CBK0001303,TXN00010018,USR33354,MCH2266,,Account Takeover,ACCOUNT_TAKEOVER,USER SAYS UPI PIN WAS NOT ENTERED BY THEM.,PENDING_BANK,LOW,EMAIL,2026-01-11 00:00:00,2026-01-05 21:41:53,2026-01-22 00:00:00,True,False,False,False,False,False,False,False
CBK0000502,TXN00008686,USR99756,MCH7813,-969.45,Unauthorized Transaction,UNAUTHORIZED,Complaint received after multiple failed attempts. details missing,IN_PROGRESS,LOW,CHATBOT,2026-02-08 00:00:00,2026-01-31 00:00:00,2026-02-12 11:23:00,False,True,False,False,False,False,False,False
CBK0001312,TXN00000939,USR61151,MCH2302,3776.84,item not received,SERVICE_NOT_DELIVERED,User reports money deducted but merchant denies receiving payment.,PENDING_BANK,MEDIUM,APP,2026-03-26 13:58:00,2026-03-25 00:00:00,2026-04-03 00:00:00,False,False,False,False,False,False,False,False
CBK0002722,TXN00008498,USR48374,MCH8230,2342.66,unauthorized_transaction,UNAUTHORIZED,Payment made to unknown merchant as per customer statement.,PENDING_BANK,LOW,IVR,2026-02-16 00:00:00,2026-02-01 00:00:00,,False,False,False,False,False,True,False,False
CBK0002180,TXN00006743,USR42798,MCH5884,,service failed,SERVICE_NOT_DELIVERED,Customer complaint text unclear due to poor call center notes.,OPEN,MEDIUM,CHATBOT,2026-01-21 00:00:00,2026-01-19 09:16:00,2026-02-12 00:00:00,True,False,False,False,False,False,False,False
CBK0001816,TXN00015001,USR18056,MCH5439,,merchant service issue,SERVICE_NOT_DELIVERED,USER REPORTS MONEY DEDUCTED BUT MERCHANT DENIES RECEIVING PAYMENT.,IN_PROGRESS,CRITICAL,BRANCH,2026-01-31 00:00:00,2026-01-28 22:09:00,2026-02-24 00:00:00,True,False,False,False,False,False,False,False
CBK0002481,TXN00007235,USR46308,MCH7175,1820.07,account hacked,ACCOUNT_TAKEOVER,Customer complaint text unclear due to poor call center notes. details missing,CLOSED,LOW,BRANCH,2026-02-05 22:26:56,2026-02-05 00:00:00,2026-02-27 00:00:00,False,False,False,False,False,False,False,False
CBK0002505,TXN00001789,USR80522,MCH9097,3163.91,Unauthorized Transaction,UNAUTHORIZED,User reports money deducted but merchant denies receiving payment.,CLOSED,LOW,IVR,2026-02-01 00:00:00,2026-01-29 00:00:00,2026-02-14 07:52:00,False,False,False,False,False,False,False,False
CBK0002053,TXN00001807,USR20076,MCH6717,,not done by me,UNAUTHORIZED,Complaint received after multiple failed attempts.,IN_PROGRESS,LOW,CHATBOT,,2026-03-03 11:20:09,2026-04-04 22:20:00,True,False,False,True,False,False,False,False
CBK0001042,TXN00008638,USR63231,MCH1737,1056.33,not delivered,SERVICE_NOT_DELIVERED,Payment made to unknown merchant as per customer statement.,OPEN,LOW,BRANCH,2026-04-06 00:00:00,2026-03-30 07:31:00,2026-05-01 00:00:00,False,False,False,False,False,False,False,False
CBK0002382,TXN00016574,USR34643,MCH1066,2828.9,Customer Dispute,CUSTOMER_DISPUTE,Customer says amount was debited twice.,RESOLVED,MEDIUM,EMAIL,2026-02-01 00:00:00,2026-01-25 00:00:00,2026-02-07 11:12:20,False,False,False,False,False,False,False,False
CBK0001733,TXN00011566,USR90212,MCH4811,248.1,suspicious transaction,FRAUD,Merchant service was not delivered after payment.,PENDING_BANK,CRITICAL,CHATBOT,2026-02-25 00:00:00,2026-02-22 00:00:00,2026-03-01 00:00:00,False,False,False,False,False,False,False,False
CBK0000660,TXN00008654,USR14580,MCH7394,3655.6,unauthorized_transaction,UNAUTHORIZED,user claims account was compromised before transaction.,OPEN,HIGH,BRANCH,2026-01-23 00:00:00,2026-01-20 00:00:00,2026-01-25 03:57:35,False,False,False,False,False,False,False,False
CBK0000218,TXN00002930,USR27533,MCH9381,1968.12,Customer Dispute,CUSTOMER_DISPUTE,SUSPICIOUS HIGH-VALUE PAYMENT DISPUTED BY CUSTOMER.,PENDING_BANK,LOW,IVR,2026-03-30 00:00:00,2026-03-28 16:07:00,2026-04-13 00:00:00,False,False,False,False,False,False,False,False
CBK0002688,TXN00016086,USR48363,MCH5076,756.07,not done by me,UNAUTHORIZED,Merchant service was not delivered after payment.,OPEN,HIGH,CHATBOT,2026-04-06 00:00:00,2026-03-27 10:48:00,2026-04-10 00:00:00,False,False,False,False,False,False,False,False
CBK0000079,TXN00000789,USR54133,MCH8683,7945.0,account hacked,ACCOUNT_TAKEOVER,Payment made to unknown merchant as per customer statement.,OPEN,HIGH,IVR,2026-02-26 00:00:00,2026-02-23 18:15:33,2026-03-08 11:15:00,False,False,False,False,False,False,False,False
CBK0001734,TXN00004267,USR92771,MCH5698,3750.2,service failed,SERVICE_NOT_DELIVERED,Customer says amount was debited twice.,PENDING_BANK,LOW,IVR,2026-02-04 00:00:00,2026-02-01 00:00:00,2026-02-22 00:00:00,False,False,False,False,False,False,False,False
CBK0000420,TXN00012872,USR39569,MCH7219,4857.19,account hacked,ACCOUNT_TAKEOVER,merchant service was not delivered after payment.,IN_PROGRESS,HIGH,APP,2026-01-19 00:00:00,2026-01-18 15:00:47,2026-01-20 11:00:00,False,False,False,False,False,False,False,False
CBK0001750,TXN00009063,USR58335,MCH4473,91.6,scam,FRAUD,USER CLAIMS ACCOUNT WAS COMPROMISED BEFORE TRANSACTION.,IN_PROGRESS,LOW,CHATBOT,2026-01-15 00:00:00,2026-01-14 00:00:00,2026-01-23 00:00:00,False,False,False,False,False,False,False,False
CBK0001185,TXN00000818,USR41564,MCH5530,1592.73,Service Not Provided,SERVICE_NOT_DELIVERED,complaint received after multiple failed attempts.,RESOLVED,LOW,BRANCH,,2026-03-30 00:00:00,2026-04-12 00:00:00,False,False,False,True,False,False,False,False
CBK0002457,TXN00014853,USR16306,MCH6850,415.04,FRAUD,FRAUD,user reports money deducted but merchant denies receiving payment.,IN_PROGRESS,MEDIUM,CHATBOT,2026-02-10 00:00:00,2026-02-02 00:00:00,2026-02-22 00:00:00,False,False,False,False,False,False,False,False
CBK0001775,TXN00001597,USR33934,MCH8773,13348.89,service failed,SERVICE_NOT_DELIVERED,Complaint received after multiple failed attempts.,PENDING_BANK,CRITICAL,CHATBOT,2026-03-21 05:02:00,2026-03-15 10:02:06,2026-04-17 00:00:00,False,False,False,False,False,False,False,False
CBK0001338,TXN00008410,USR54797,MCH3300,896.23,complaint,CUSTOMER_DISPUTE,Customer says amount was debited twice. NA,CLOSED,MEDIUM,BRANCH,2026-01-30 00:00:00,2026-01-20 08:42:27,2026-02-14 10:42:27,False,False,False,False,False,False,False,False
CBK0000599,TXN00007573,USR52697,MCH5655,10313.56,Wrong Amount,AMOUNT_MISMATCH,User says UPI PIN was not entered by them. details missing,RESOLVED,LOW,CHATBOT,2026-03-01 16:14:00,2026-02-24 14:14:20,,False,False,False,False,False,True,False,False
CBK0000865,TXN00005760,USR36182,MCH2554,,incorrect amount,AMOUNT_MISMATCH,merchant service was not delivered after payment.,REJECTED,MEDIUM,EMAIL,2026-03-29 00:00:00,2026-03-28 00:00:00,,True,False,False,False,False,True,False,False
CBK0000914,TXN00001042,USR12183,MCH7351,1526.17,fraud,FRAUD,Payment made to unknown merchant as per customer statement. call dropped,PENDING_BANK,HIGH,BRANCH,2026-03-05 00:00:00,2026-03-02 00:00:00,2026-03-31 00:00:00,False,False,False,False,False,False,False,False
CBK0001726,TXN00001821,USR85403,MCH4473,12679.09,customer issue,CUSTOMER_DISPUTE,Suspicious high-value payment disputed by customer.,RESOLVED,MEDIUM,CHATBOT,2026-03-15 00:00:00,2026-03-10 00:00:00,2026-04-07 15:22:15,False,False,False,False,False,False,False,False
CBK0001477,TXN00009790,USR72887,MCH3200,996.46,item not received,SERVICE_NOT_DELIVERED,User says UPI PIN was not entered by them. details missing,OPEN,CRITICAL,IVR,2026-04-01 00:00:00,2026-03-16 00:00:00,,False,False,False,False,False,True,False,False
CBK0001295,TXN00016726,USR89004,MCH8117,2235.82,DUP_DEBIT,DUPLICATE_DEBIT,Customer says amount was debited twice.,RESOLVED,HIGH,EMAIL,2026-02-22 00:00:00,2026-02-21 00:00:00,,False,False,False,False,False,True,False,False
CBK0002703,TXN00019588,USR14075,MCH4041,,complaint,CUSTOMER_DISPUTE,PAYMENT MADE TO UNKNOWN MERCHANT AS PER CUSTOMER STATEMENT.,CLOSED,MEDIUM,CHATBOT,2026-01-25 00:00:00,2026-01-14 23:39:02,2026-02-10 14:39:02,True,False,False,False,False,False,False,False
CBK0002473,TXN00000154,USR28902,MCH1260,2025.66,FRAUD,FRAUD,User says UPI PIN was not entered by them.,CLOSED,LOW,IVR,2026-02-06 00:00:00,2026-02-05 15:50:37,,False,False,False,False,False,True,False,False
CBK0001392,,USR33175,MCH7321,5482.08,customer issue,CUSTOMER_DISPUTE,Customer says transaction was not authorized.,REJECTED,LOW,CHATBOT,2026-03-26 00:00:00,,,False,False,True,False,True,True,False,False
CBK0002117,TXN00006808,USR74813,MCH2757,8430.86,Merchant Not Delivered,SERVICE_NOT_DELIVERED,Complaint received after multiple failed attempts.,IN_PROGRESS,HIGH,CALL_CENTER,2026-02-26 00:00:00,2026-02-25 00:00:00,,False,False,False,False,False,True,False,False
CBK0001739,TXN00013116,USR38088,MCH8068,1464.53,Service Not Provided,SERVICE_NOT_DELIVERED,Customer complaint text unclear due to poor call center notes.,CLOSED,MEDIUM,APP,2026-02-22 00:00:00,,2026-02-22 20:32:19,False,False,False,False,True,False,False,False
CBK0002665,TXN00001173,USR21421,MCH3004,-1898.31,Unauthorized Transaction,UNAUTHORIZED,Customer says amount was debited twice.,CLOSED,MEDIUM,APP,2026-03-04 00:00:00,2026-02-24 16:17:15,2026-03-08 00:00:00,False,True,False,False,False,False,False,False
CBK0002276,TXN00012334,USR12381,MCH9291,1521.74,delivery issue,SERVICE_NOT_DELIVERED,Suspicious high-value payment disputed by customer.,PENDING_BANK,HIGH,CALL_CENTER,2026-03-19 18:05:30,2026-03-16 09:05:00,2026-03-25 18:05:30,False,False,False,False,False,False,False,False
CBK0002063,,USR49752,MCH9689,2009.64,incorrect amount,AMOUNT_MISMATCH,User says UPI PIN was not entered by them.,IN_PROGRESS,MEDIUM,CHATBOT,2026-02-08 08:29:00,,2026-02-18 08:29:00,False,False,True,False,True,False,False,False
CBK0002620,TXN00011524,USR26051,MCH4344,3021.0,incorrect amount,AMOUNT_MISMATCH,Payment made to unknown merchant as per customer statement.,RESOLVED,LOW,APP,2026-02-14 00:00:00,2026-02-11 00:00:00,2026-02-14 00:00:00,False,False,False,False,False,False,False,False
CBK0001539,TXN00060420,USR95104,MCH5264,1505.75,double debit,DUPLICATE_DEBIT,PAYMENT MADE TO UNKNOWN MERCHANT AS PER CUSTOMER STATEMENT.,IN_PROGRESS,MEDIUM,IVR,2026-03-19 00:00:00,2026-03-17 00:00:00,2026-03-29 02:14:00,False,False,False,False,False,False,False,False
CBK0001846,TXN00008496,USR13261,MCH8062,-2662.81,delivery issue,SERVICE_NOT_DELIVERED,Customer says amount was debited twice.,CLOSED,LOW,CHATBOT,2026-03-14 00:00:00,2026-03-13 23:44:00,2026-03-24 00:00:00,False,True,False,False,False,False,False,False
CBK0000072,TXN00004747,USR48250,MCH3100,11808.21,extra amount deducted,AMOUNT_MISMATCH,SUSPICIOUS HIGH-VALUE PAYMENT DISPUTED BY CUSTOMER.,PENDING_BANK,MEDIUM,CALL_CENTER,2026-01-30 00:00:00,2026-01-28 00:00:00,2026-02-17 00:00:00,False,False,False,False,False,False,False,False
CBK0001511,TXN00013557,USR53356,MCH4473,5693.78,delivery issue,SERVICE_NOT_DELIVERED,Customer says transaction was not authorized.,OPEN,LOW,IVR,2026-02-19 00:00:00,2026-02-19 00:00:00,2026-03-03 00:00:00,False,False,False,False,False,False,False,False
CBK0001413,TXN00017513,USR39726,MCH5273,24586.31,UNAUTHORISED,UNAUTHORIZED,Customer complaint text unclear due to poor call center notes.,CLOSED,LOW,APP,2026-01-28 00:00:00,2026-01-22 00:00:00,2026-02-25 00:00:00,False,False,False,False,False,False,False,False
CBK0000508,TXN00001829,USR40362,MCH3161,3042.0,ATO,ACCOUNT_TAKEOVER,User claims account was compromised before txn.,PENDING_BANK,HIGH,CALL_CENTER,2026-01-11 00:00:00,2026-01-09 04:04:00,2026-01-21 00:00:00,False,False,False,False,False,False,False,False
CBK0001328,TXN00010089,USR22644,MCH2208,,extra amount deducted,AMOUNT_MISMATCH,Customer says amount was debited twice.,IN_PROGRESS,LOW,CHATBOT,2026-03-13 10:52:00,2026-03-10 00:00:00,,True,False,False,False,False,True,False,False
CBK0001995,TXN00000490,USR75856,MCH9865,3134.07,Wrong Amount,AMOUNT_MISMATCH,Customer complaint text unclear due to poor call center notes.,RESOLVED,LOW,CALL_CENTER,2026-01-16 17:52:00,2026-01-11 00:00:00,,False,False,False,False,False,True,False,False
CBK0001170,TXN00012807,USR97772,MCH1838,122.0,Merchant Not Delivered,SERVICE_NOT_DELIVERED,Customer says amount was debited twice.,OPEN,LOW,IVR,2026-03-27 18:57:00,2026-03-26 00:00:00,2026-04-02 00:00:00,False,False,False,False,False,False,False,False
CBK0002275,TXN00002106,USR75120,MCH3728,-3875.59,UNAUTHORISED,UNAUTHORIZED,Complaint received after multiple failed attempts.,PENDING_BANK,MEDIUM,APP,2026-01-24 00:00:00,2026-01-24 13:15:51,2026-02-20 00:00:00,False,True,False,False,False,False,True,False
CBK0002706,TXN00012918,USR27107,MCH6044,2316.9,unauthorized_transaction,UNAUTHORIZED,merchant service was not delivered after payment.,CLOSED,MEDIUM,CHATBOT,,,2026-02-04 00:00:00,False,False,False,True,True,False,False,False
CBK0001935,TXN00012027,USR97416,MCH5463,-1274.02,Unauthorized Transaction,UNAUTHORIZED,Payment made to unknown merchant as per customer statement.,RESOLVED,LOW,BRANCH,2026-01-15 00:00:00,2026-01-13 00:00:00,2026-02-13 00:00:00,False,True,False,False,False,False,False,False
CBK0001749,TXN00000318,USR51808,MCH7982,,Customer Dispute,CUSTOMER_DISPUTE,Payment made to unknown merchant as per customer statement.,OPEN,LOW,APP,2026-03-16 00:00:00,2026-01-29 15:34:00,2026-03-25 00:00:00,True,False,False,False,False,False,False,False
CBK0001333,TXN00003302,USR97772,MCH2026,1169.68,Duplicate Debit,DUPLICATE_DEBIT,Payment made to unknown merchant as per cust statement.,CLOSED,MEDIUM,IVR,2026-04-02 16:40:00,2026-03-23 00:00:00,,False,False,False,False,False,True,False,False
CBK0002118,TXN00008403,USR17197,MCH4473,1117.0,unauth txn,UNAUTHORIZED,MERCHANT SERVICE WAS NOT DELIVERED AFTER PAYMENT.,PENDING_BANK,MEDIUM,EMAIL,2026-01-17 11:54:07,2026-01-06 00:00:00,2026-01-29 11:54:07,False,False,False,False,False,False,False,False
CBK0002353,TXN00017005,USR93920,MCH5156,10880.54,Merchant Not Delivered,SERVICE_NOT_DELIVERED,Customer says amount was debited twice.,OPEN,MEDIUM,CHATBOT,2026-03-31 21:38:30,2026-03-01 06:38:00,2026-04-03 00:00:00,False,False,False,False,False,False,False,False
CBK0001855,TXN00003379,USR73010,MCH6457,5587.77,charged twice,DUPLICATE_DEBIT,Customer says transaction was not authorized.,PENDING_BANK,CRITICAL,APP,2026-03-28 11:09:00,2026-03-26 11:09:24,2026-04-20 11:09:24,False,False,False,False,False,False,False,False
CBK0001165,TXN00010766,USR24002,MCH2065,2510.0,DUP_DEBIT,DUPLICATE_DEBIT,suspicious high-value payment disputed by customer.,IN_PROGRESS,LOW,BRANCH,,2026-01-01 23:56:29,2026-01-20 00:00:00,False,False,False,True,False,False,False,False
CBK0001055,TXN00016717,USR80656,MCH8828,3272.08,delivery issue,SERVICE_NOT_DELIVERED,suspicious high-value payment disputed by customer.,OPEN,MEDIUM,CALL_CENTER,,2026-01-27 00:00:00,2026-02-16 15:46:43,False,False,False,True,False,False,False,False
CBK0001352,TXN00010946,USR94542,MCH6061,562.29,DUP_DEBIT,DUPLICATE_DEBIT,user claims account was compromised before transaction.,CLOSED,HIGH,IVR,2026-03-29 02:21:00,2026-03-25 00:00:00,,False,False,False,False,False,True,False,False
CBK0002596,TXN00013632,USR34733,MCH8154,1178.89,scam,FRAUD,Payment made to unknown merchant as per customer statement.,PENDING_BANK,MEDIUM,CHATBOT,,2026-01-08 00:00:00,2026-01-18 15:45:36,False,False,False,True,False,False,False,False
CBK0000781,TXN00004717,USR34703,MCH2065,22390.0,service failed,SERVICE_NOT_DELIVERED,Complaint received after multiple failed attempts.,PENDING_BANK,HIGH,EMAIL,2026-01-21 15:47:02,2026-01-11 05:47:02,2026-01-25 00:00:00,False,False,False,False,False,False,False,False
CBK0000961,TXN00012729,USR13686,MCH2588,1232.87,service failed,SERVICE_NOT_DELIVERED,Complaint received after multiple failed attempts.,PENDING_BANK,LOW,CALL_CENTER,2026-02-23 04:28:02,2026-02-20 00:00:00,2026-03-19 00:00:00,False,False,False,False,False,False,False,False
CBK0002281,TXN00016639,USR51332,MCH6850,2539.68,merchant service issue,SERVICE_NOT_DELIVERED,User says UPI PIN was not entered by them.,PENDING_BANK,HIGH,APP,2026-03-04 00:00:00,2026-03-04 00:00:00,2026-03-25 21:38:11,False,False,False,False,False,False,False,False
CBK0002131,TXN00005025,USR12936,MCH9937,1283.51,extra amount deducted,AMOUNT_MISMATCH,User claims account was compromised before transaction. NA,RESOLVED,LOW,IVR,2026-03-05 18:25:00,2026-02-28 00:00:00,2026-03-25 00:00:00,False,False,False,False,False,False,False,False
CBK0001802,TXN00015492,USR31275,MCH4473,2618.19,incorrect amount,AMOUNT_MISMATCH,Customer says transaction was not authorized.,IN_PROGRESS,HIGH,CHATBOT,2026-01-25 02:09:52,2026-01-22 00:00:00,2026-02-04 02:09:52,False,False,False,False,False,False,False,False
CBK0002066,TXN00014413,USR86472,MCH3992,,amount mismatch,AMOUNT_MISMATCH,User reports money deducted but merchant denies receiving payment.,IN_PROGRESS,LOW,IVR,2026-04-01 21:21:33,2026-03-29 00:00:00,,True,False,False,False,False,True,False,False
CBK0002774,TXN00007924,USR36664,MCH6959,2197.57,login compromised,ACCOUNT_TAKEOVER,User reports money deducted but merchant denies receiving payment.,RESOLVED,MEDIUM,APP,2026-01-02 00:00:00,2026-01-01 00:00:00,2026-01-15 00:00:00,False,False,False,False,False,False,False,False
CBK0000916,TXN00017437,USR25761,MCH9926,,login compromised,ACCOUNT_TAKEOVER,CUSTOMER SAYS TRANSACTION WAS NOT AUTHORIZED.,IN_PROGRESS,MEDIUM,APP,,2026-01-11 00:00:00,2026-02-03 20:32:00,True,False,False,True,False,False,False,False
CBK0001366,TXN00005968,USR64733,MCH3045,2917.69,customer issue,CUSTOMER_DISPUTE,customer says transaction was not authorized.,PENDING_BANK,CRITICAL,CALL_CENTER,2026-03-21 00:00:00,2026-03-19 00:00:00,2026-04-04 04:31:22,False,False,False,False,False,False,False,False
CBK0001872,TXN00008853,USR43455,MCH8391,6353.75,merchant service issue,SERVICE_NOT_DELIVERED,COMPLAINT RECEIVED AFTER MULTIPLE FAILED ATTEMPTS.,RESOLVED,MEDIUM,CALL_CENTER,2026-02-17 13:35:00,2026-02-15 00:00:00,,False,False,False,False,False,True,False,False
CBK0001716,TXN00008167,USR60833,MCH6947,2598.82,double debit,DUPLICATE_DEBIT,Merchant service was not delivered after payment.,PENDING_BANK,MEDIUM,BRANCH,2026-03-21 11:09:56,2026-03-17 00:00:00,2026-03-26 00:00:00,False,False,False,False,False,False,False,False
CBK0002223,TXN00017647,USR58113,MCH3117,3677.06,Merchant Not Delivered,SERVICE_NOT_DELIVERED,customer complaint text unclear due to poor call center notes.,IN_PROGRESS,MEDIUM,CHATBOT,2026-01-22 00:00:00,2026-01-21 00:00:00,2026-02-05 00:00:00,False,False,False,False,False,False,False,False
CBK0001478,TXN00017175,USR46590,MCH7833,-2616.12,no service,SERVICE_NOT_DELIVERED,Customer says amount was debited twice. pls check asap,OPEN,HIGH,APP,2026-01-31 03:03:07,,2026-02-17 03:03:00,False,True,False,False,True,False,False,False
CBK0002587,TXN00001705,USR32842,MCH3100,2583.16,DUP_DEBIT,DUPLICATE_DEBIT,Customer complaint text unclear due to poor call center notes.,PENDING_BANK,LOW,IVR,2026-03-26 00:00:00,2026-03-22 23:32:00,2026-04-13 15:32:45,False,False,False,False,False,False,False,False
CBK0002581,TXN00015481,USR62660,MCH4181,2917.55,Service Not Provided,SERVICE_NOT_DELIVERED,MERCHANT SERVICE WAS NOT DELIVERED AFTER PAYMENT.,RESOLVED,LOW,IVR,2026-01-17 09:49:00,2026-01-15 00:00:00,2026-02-01 09:49:51,False,False,False,False,False,False,False,False
CBK0000937,TXN00009444,USR22327,MCH5615,855.85,dispute raised,CUSTOMER_DISPUTE,Merchant service was not delivered after payment.,OPEN,MEDIUM,APP,,2026-02-07 00:00:00,,False,False,False,True,False,True,False,False
CBK0000679,TXN00019297,USR35700,MCH4758,1314.28,Account Takeover,ACCOUNT_TAKEOVER,Customer complaint text unclear due to poor call center notes.,PENDING_BANK,LOW,IVR,2026-02-24 12:24:00,2026-02-24 08:24:53,,False,False,False,False,False,True,False,False
CBK0000493,TXN00001975,USR66286,MCH7546,943.72,extra amount deducted,AMOUNT_MISMATCH,Merchant service was not delivered after payment. details missing,OPEN,HIGH,IVR,2026-02-05 00:00:00,2026-01-21 09:21:00,2026-02-17 00:00:00,False,False,False,False,False,False,False,False
CBK0000647,TXN00019004,USR46725,MCH2065,-3381.39,suspicious transaction,FRAUD,Suspicious high-value payment disputed by customer.,IN_PROGRESS,MEDIUM,CHATBOT,2026-02-13 17:00:51,2026-02-07 00:00:00,2026-02-26 17:00:51,False,True,False,False,False,False,False,False
CBK0000855,TXN00013194,USR66001,MCH2030,,account hacked,ACCOUNT_TAKEOVER,User says UPI PIN was not entered by them.,PENDING_BANK,MEDIUM,BRANCH,2026-02-21 00:00:00,2026-01-06 00:00:00,,True,False,False,False,False,True,False,False
CBK0001233,TXN00034198,USR98515,MCH3927,2387.46,login compromised,ACCOUNT_TAKEOVER,Customer complaint text unclear due to poor call center notes.,PENDING_BANK,HIGH,CHATBOT,2026-03-23 00:00:00,2026-03-21 00:00:00,2026-03-23 00:00:00,False,False,False,False,False,False,False,False
CBK0000542,TXN00003675,USR92063,MCH3454,1047.52,double debit,DUPLICATE_DEBIT,Customer complaint text unclear due to poor call center notes.,PENDING_BANK,MEDIUM,IVR,2026-01-18 23:53:18,2026-01-15 12:53:18,2026-02-04 00:00:00,False,False,False,False,False,False,False,False
CBK0000623,TXN00012588,USR78593,MCH9191,1181.22,Customer Dispute,CUSTOMER_DISPUTE,merchant service was not delivered after payment.,PENDING_BANK,CRITICAL,CALL_CENTER,2026-03-27 02:42:00,2026-03-24 00:00:00,2026-04-07 00:00:00,False,False,False,False,False,False,False,False
CBK0001033,TXN00004562,USR35882,MCH9511,-2226.56,amount mismatch,AMOUNT_MISMATCH,Merchant service was not delivered after payment.,PENDING_BANK,HIGH,CHATBOT,2026-02-10 00:00:00,2026-02-03 00:00:00,2026-03-07 00:00:00,False,True,False,False,False,False,False,False
CBK0000731,TXN00009087,USR31359,MCH1258,7838.0,FRAUD,FRAUD,Complaint received after multiple failed attempts.,PENDING_BANK,MEDIUM,APP,2026-02-18 00:18:00,2026-02-02 11:18:00,2026-03-14 00:00:00,False,False,False,False,False,False,False,False
CBK0001331,,USR92614,MCH9178,4117.99,double debit,DUPLICATE_DEBIT,Payment made to unknown merchant as per cust statement.,RESOLVED,CRITICAL,CALL_CENTER,2026-03-16 00:00:00,,2026-04-08 00:00:00,False,False,True,False,True,False,False,False
CBK0002755,TXN00002471,USR90893,MCH8779,2207.71,scam,FRAUD,User says UPI PIN was not entered by them.,CLOSED,HIGH,IVR,2026-01-25 17:24:58,2026-01-24 22:24:58,2026-02-24 00:00:00,False,False,False,False,False,False,False,False
CBK0000770,TXN00051555,USR56287,MCH8779,2417.43,item not received,SERVICE_NOT_DELIVERED,User reports money deducted but merchant denies receiving payment.,CLOSED,HIGH,CHATBOT,2026-03-11 00:00:00,2026-03-08 00:00:00,,False,False,False,False,False,True,False,False
CBK0001857,TXN00008788,USR99849,MCH3643,8276.16,fraud,FRAUD,Customer complaint text unclear due to poor call center notes.,IN_PROGRESS,MEDIUM,CHATBOT,2026-03-15 00:00:00,2026-03-13 05:35:47,2026-04-02 15:35:47,False,False,False,False,False,False,False,False
CBK0000335,TXN00001134,USR18760,MCH9451,1881.35,Customer Dispute,CUSTOMER_DISPUTE,User reports money deducted but merchant denies receiving payment.,PENDING_BANK,HIGH,IVR,2026-03-17 05:05:00,2026-03-06 21:05:23,2026-04-09 00:00:00,False,False,False,False,False,False,False,False
CBK0000791,TXN00007791,USR24536,MCH6890,1735.16,FRAUD,FRAUD,Suspicious high-value payment disputed by customer.,IN_PROGRESS,LOW,IVR,2026-03-10 00:00:00,,2026-04-01 00:00:00,False,False,False,False,True,False,False,False
CBK0000047,TXN00074133,USR46927,MCH2711,546.0,Wrong Amount,AMOUNT_MISMATCH,User reports money deducted but merchant denies receiving payment.,OPEN,MEDIUM,BRANCH,2026-04-26 00:00:00,2026-03-27 00:00:00,,False,False,False,False,False,True,False,False
CBK0000311,TXN00003364,USR18722,MCH6415,2940.2,Service Not Provided,SERVICE_NOT_DELIVERED,Customer complaint text unclear due to poor call center notes.,CLOSED,LOW,CHATBOT,2026-03-30 00:00:00,2026-03-29 00:00:00,2026-04-26 00:00:00,False,False,False,False,False,False,False,False
CBK0001689,TXN00012952,USR63160,MCH8078,277.65,Duplicate Debit,DUPLICATE_DEBIT,user says upi pin was not entered by them.,PENDING_BANK,LOW,CHATBOT,2026-01-11 09:46:20,2026-01-09 00:00:00,2026-01-19 09:46:00,False,False,False,False,False,False,False,False
CBK0000132,TXN00016038,USR11624,MCH5300,447.63,merchant service issue,SERVICE_NOT_DELIVERED,Complaint received after multiple failed attempts.,CLOSED,HIGH,APP,2026-03-23 00:00:00,2026-03-23 08:28:00,,False,False,False,False,False,True,True,False
CBK0002525,TXN00009115,USR60789,MCH3104,1575.8,scam,FRAUD,customer says amount was debited twice.,OPEN,LOW,CHATBOT,2026-02-14 00:08:00,2026-02-03 23:08:00,,False,False,False,False,False,True,False,False
CBK0001640,TXN00009672,USR72121,MCH4035,478.93,Merchant Not Delivered,SERVICE_NOT_DELIVERED,Complaint received after multiple failed attempts.,CLOSED,LOW,BRANCH,,2026-01-31 00:00:00,,False,False,False,True,False,True,False,False
CBK0000083,TXN00019136,USR46902,MCH4705,264.95,suspicious transaction,FRAUD,Suspicious high-value payment disputed by customer.,OPEN,HIGH,EMAIL,,2026-02-10 00:00:00,2026-02-28 00:00:00,False,False,False,True,False,False,False,False
CBK0001329,TXN00009229,USR61206,MCH8097,1300.37,dispute raised,CUSTOMER_DISPUTE,User says UPI PIN was not entered by them.,CLOSED,HIGH,IVR,2026-03-14 00:00:00,2026-03-06 00:00:00,,False,False,False,False,False,True,False,False
CBK0001763,TXN00006338,USR58810,MCH7667,1656.18,service failed,SERVICE_NOT_DELIVERED,User reports money deducted but merchant denies receiving payment.,OPEN,LOW,CHATBOT,2026-02-24 19:50:25,2026-02-14 00:00:00,2026-02-24 00:00:00,False,False,False,False,False,False,False,False
CBK0000167,TXN00012360,USR86156,MCH2438,-5341.0,dispute raised,CUSTOMER_DISPUTE,User reports money deducted but merchant denies receiving payment.,CLOSED,LOW,BRANCH,2026-02-05 00:00:00,2026-02-01 00:00:00,2026-02-14 00:00:00,False,True,False,False,False,False,False,False
CBK0000505,TXN00000437,USR87914,MCH3324,3962.0,double debit,DUPLICATE_DEBIT,User reports money deducted but merchant denies receiving payment.,IN_PROGRESS,LOW,IVR,2026-03-09 05:21:00,2026-03-06 00:00:00,2026-03-30 00:00:00,False,False,False,False,False,False,False,False
CBK0001168,TXN00005941,USR56021,MCH1185,8630.24,extra amount deducted,AMOUNT_MISMATCH,Suspicious high-value payment disputed by customer.,IN_PROGRESS,HIGH,EMAIL,2026-03-22 14:23:38,2026-03-06 00:00:00,2026-03-29 00:00:00,False,False,False,False,False,False,False,False
CBK0000796,TXN00007069,USR87558,MCH3466,5834.0,FRAUD,FRAUD,MERCHANT SERVICE WAS NOT DELIVERED AFTER PAYMENT.,RESOLVED,MEDIUM,CHATBOT,2026-02-14 07:25:50,2026-02-19 07:25:50,2026-02-22 00:00:00,False,False,False,False,False,False,True,False
CBK0001930,TXN00000462,USR44849,MCH6811,9759.54,complaint,CUSTOMER_DISPUTE,SUSPICIOUS HIGH-VALUE PAYMENT DISPUTED BY CUSTOMER.,IN_PROGRESS,LOW,IVR,2026-01-10 00:21:21,2026-01-07 17:21:00,2026-01-17 00:00:00,False,False,False,False,False,False,False,False
CBK0001622,TXN00003616,USR88037,MCH2915,5374.95,ATO,ACCOUNT_TAKEOVER,Customer says amount was debited twice.,RESOLVED,LOW,CALL_CENTER,2026-01-09 00:00:00,2026-01-09 00:00:00,,False,False,False,False,False,True,False,False
CBK0000943,TXN00005379,USR79175,MCH8672,318.82,unauthorized_transaction,UNAUTHORIZED,Customer says amount was debited twice. NA,RESOLVED,HIGH,BRANCH,2026-03-20 00:00:00,2026-03-13 00:00:00,2026-04-18 00:00:00,False,False,False,False,False,False,False,False
CBK0000107,TXN00017349,USR51854,MCH2065,1441.68,merchant service issue,SERVICE_NOT_DELIVERED,CUSTOMER COMPLAINT TEXT UNCLEAR DUE TO POOR CALL CENTER NOTES.,CLOSED,MEDIUM,APP,2026-03-15 15:43:00,2026-03-14 00:00:00,2026-03-25 00:00:00,False,False,False,False,False,False,False,False
CBK0001418,TXN00017042,USR71503,MCH7873,1707.0,not delivered,SERVICE_NOT_DELIVERED,User claims account was compromised before transaction.,RESOLVED,LOW,CHATBOT,2026-01-22 12:51:19,2026-01-14 00:00:00,,False,False,False,False,False,True,False,False
CBK0002054,TXN00014488,USR98293,MCH4980,7101.31,delivery issue,SERVICE_NOT_DELIVERED,Complaint received after multiple failed attempts.,CLOSED,MEDIUM,EMAIL,2026-02-01 02:41:16,2026-01-29 03:41:00,2026-02-03 02:41:00,False,False,False,False,False,False,False,False
CBK0000827,TXN00014268,USR35403,MCH2320,1797.0,merchant service issue,SERVICE_NOT_DELIVERED,User says UPI PIN was not entered by them. pls check asap,OPEN,MEDIUM,CHATBOT,2026-03-29 00:00:00,2026-03-26 19:49:23,,False,False,False,False,False,True,False,False
CBK0000915,TXN00012512,USR69408,MCH6683,3164.0,DUP_DEBIT,DUPLICATE_DEBIT,Merchant service was not delivered after payment.,REJECTED,MEDIUM,EMAIL,2026-03-18 00:00:00,2026-03-16 00:00:00,,False,False,False,False,False,True,False,False
CBK0000780,TXN00003784,USR91599,MCH2065,3118.57,suspicious transaction,FRAUD,Customer says transaction was not authorized.,IN_PROGRESS,HIGH,CHATBOT,,2026-03-28 17:20:00,2026-04-12 23:20:37,False,False,False,True,False,False,False,False
CBK0000261,TXN00003908,USR92765,MCH6368,6597.26,not done by me,UNAUTHORIZED,Customer says amount was debited twice.,IN_PROGRESS,CRITICAL,IVR,2026-02-26 00:00:00,2026-02-20 00:00:00,2026-03-06 00:00:00,False,False,False,False,False,False,False,False
CBK0000831,TXN00013412,USR57382,MCH1320,90.88,not delivered,SERVICE_NOT_DELIVERED,User says UPI PIN was not entered by them.,REJECTED,LOW,CHATBOT,2026-01-21 00:00:00,,2026-02-08 00:00:00,False,False,False,False,True,False,False,False
CBK0001025,TXN00015661,USR47242,MCH1664,1840.53,double debit,DUPLICATE_DEBIT,user reports money deducted but merchant denies receiving payment.,OPEN,HIGH,CHATBOT,2026-01-23 11:54:20,2026-01-20 00:00:00,2026-02-06 00:00:00,False,False,False,False,False,False,False,False
CBK0002512,,USR17699,MCH1556,,not delivered,SERVICE_NOT_DELIVERED,Payment made to unknown merchant as per cust statement.,RESOLVED,HIGH,BRANCH,2026-03-17 00:00:00,2026-03-17 01:32:53,2026-04-14 06:32:00,True,False,True,False,False,False,True,False
CBK0000112,TXN00002800,USR33650,MCH4226,9291.46,item not received,SERVICE_NOT_DELIVERED,User claims account was compromised before transaction. urgent,REJECTED,LOW,EMAIL,2026-01-05 00:00:00,2026-01-02 00:00:00,2026-01-15 09:02:47,False,False,False,False,False,False,False,False
CBK0002603,TXN00009920,USR72778,MCH3738,1507.51,Fraud Suspected,FRAUD,Customer complaint text unclear due to poor call center notes.,PENDING_BANK,LOW,IVR,2026-03-07 00:00:00,2026-02-25 00:00:00,2026-03-09 18:15:06,False,False,False,False,False,False,False,False
CBK0000516,TXN00018193,USR63557,MCH3988,-1923.55,Merchant Not Delivered,SERVICE_NOT_DELIVERED,customer says transaction was not authorized.,REJECTED,LOW,APP,2026-01-27 00:00:00,2026-01-24 00:00:00,2026-02-25 00:00:00,False,True,False,False,False,False,False,False
CBK0000005,TXN00018300,USR55340,MCH6657,3125.63,FRAUD,FRAUD,Customer complaint text unclear due to poor call center notes.,IN_PROGRESS,LOW,BRANCH,2026-05-07 00:00:00,2026-03-23 18:36:28,2026-05-18 00:00:00,False,False,False,False,False,False,False,False
CBK0001054,TXN00003450,USR95613,MCH4039,-4925.7,no service,SERVICE_NOT_DELIVERED,Payment made to unknown merchant as per customer statement. details missing,PENDING_BANK,HIGH,IVR,2026-03-19 19:19:00,2026-03-17 00:00:00,,False,True,False,False,False,True,False,False
CBK0001344,TXN00018359,USR13263,MCH6933,333.0,DUP_DEBIT,DUPLICATE_DEBIT,Customer says transaction was not authorized.,IN_PROGRESS,LOW,CHATBOT,,2026-03-20 00:00:00,2026-04-14 15:20:52,False,False,False,True,False,False,False,False
CBK0002380,TXN00007622,USR55947,MCH7385,475.05,scam,FRAUD,Payment made to unknown merchant as per customer statement.,OPEN,MEDIUM,APP,2026-04-02 00:00:00,2026-03-30 00:00:00,,False,False,False,False,False,True,False,False
CBK0000608,,USR89430,MCH6891,947.39,merchant service issue,SERVICE_NOT_DELIVERED,Customer complaint text unclear due to poor call center notes.,REJECTED,LOW,APP,2026-03-05 00:00:00,2026-03-03 00:00:00,,False,False,True,False,False,True,False,False
CBK0001080,TXN00014582,USR75735,MCH7856,,unauthorized_transaction,UNAUTHORIZED,User claims account was compromised before transaction.,IN_PROGRESS,HIGH,APP,2026-04-02 00:00:00,2026-03-29 00:00:00,2026-04-11 00:00:00,True,False,False,False,False,False,False,False
CBK0000624,TXN00000969,USR81017,MCH1148,6622.0,Customer Dispute,CUSTOMER_DISPUTE,Customer says amount was debited twice.,IN_PROGRESS,MEDIUM,CHATBOT,2026-04-19 00:00:00,2026-03-19 07:40:40,2026-05-07 00:00:00,False,False,False,False,False,False,False,False
CBK0002760,TXN00016683,USR85320,MCH2780,8248.74,complaint,CUSTOMER_DISPUTE,User claims account was compromised before transaction.,CLOSED,MEDIUM,CHATBOT,2026-03-31 00:00:00,2026-03-29 01:37:33,,False,False,False,False,False,True,False,False
CBK0002387,TXN00004951,USR76131,MCH1332,2386.57,not done by me,UNAUTHORIZED,Customer says amount was debited twice.,IN_PROGRESS,HIGH,CALL_CENTER,2026-03-09 21:51:00,2026-03-08 07:51:04,2026-03-11 00:00:00,False,False,False,False,False,False,False,False
CBK0000964,TXN00002933,USR15536,MCH3177,1870.77,login compromised,ACCOUNT_TAKEOVER,User says UPI PIN was not entered by them.,RESOLVED,MEDIUM,BRANCH,2026-01-27 00:00:00,,2026-02-15 00:00:00,False,False,False,False,True,False,False,False
CBK0000137,TXN00005904,USR86701,MCH6915,-953.16,amount mismatch,AMOUNT_MISMATCH,User claims account was compromised before txn.,OPEN,HIGH,CHATBOT,2026-03-31 00:00:00,2026-03-31 22:33:00,,False,True,False,False,False,True,True,False
CBK0000230,TXN00008604,USR33056,MCH2822,-1527.8,Account Takeover,ACCOUNT_TAKEOVER,customer complaint text unclear due to poor call center notes.,PENDING_BANK,HIGH,CHATBOT,2026-02-24 00:00:00,2026-02-21 03:47:49,2026-03-16 00:00:00,False,True,False,False,False,False,False,False
CBK0000451,TXN00007457,USR71070,MCH9291,838.9,complaint,CUSTOMER_DISPUTE,Customer says transaction was not authorized.,IN_PROGRESS,MEDIUM,CHATBOT,2026-02-09 13:18:00,2026-01-10 08:18:00,2026-03-11 00:00:00,False,False,False,False,False,False,False,False
CBK0002674,TXN00007519,USR53527,MCH8779,2490.54,no service,SERVICE_NOT_DELIVERED,User claims account was compromised before transaction.,REJECTED,LOW,IVR,2026-03-06 00:00:00,2026-03-03 00:00:00,2026-03-06 00:00:00,False,False,False,False,False,False,False,False
CBK0002748,TXN00006778,USR65191,MCH1320,1282.1,Service Not Provided,SERVICE_NOT_DELIVERED,Complaint received after multiple failed attempts.,RESOLVED,MEDIUM,CHATBOT,2026-04-02 00:00:00,2026-03-22 00:00:00,2026-04-05 00:00:00,False,False,False,False,False,False,False,False
CBK0002175,TXN00003542,USR95702,MCH6520,1085.0,FRAUD,FRAUD,Customer says transaction was not authorized.,CLOSED,LOW,CHATBOT,2026-03-20 20:30:00,2026-03-18 00:00:00,2026-03-22 20:30:52,False,False,False,False,False,False,False,False
CBK0001676,TXN00013539,USR90288,MCH8203,1619.34,merchant service issue,SERVICE_NOT_DELIVERED,Complaint received after multiple failed attempts.,REJECTED,MEDIUM,APP,2026-02-24 00:00:00,2026-02-09 10:20:56,,False,False,False,False,False,True,False,False
CBK0000753,TXN00011998,USR26558,MCH3100,-1184.71,complaint,CUSTOMER_DISPUTE,Merchant service was not delivered after payment.,REJECTED,LOW,IVR,2026-02-09 00:00:00,2026-01-24 05:54:36,2026-02-17 03:54:36,False,True,False,False,False,False,False,False
CBK0000690,TXN00016173,USR76780,MCH1506,8263.92,dispute raised,CUSTOMER_DISPUTE,User claims account was compromised before transaction.,REJECTED,LOW,CHATBOT,,2026-03-20 00:00:00,,False,False,False,True,False,True,False,False
CBK0001492,TXN00008497,USR96797,MCH9634,316.81,charged twice,DUPLICATE_DEBIT,Merchant service was not delivered after payment.,CLOSED,LOW,APP,2026-02-20 00:00:00,2026-02-18 00:00:00,,False,False,False,False,False,True,False,False
CBK0001022,TXN00016644,USR60881,MCH7777,898.0,fraud,FRAUD,Customer says amount was debited twice.,RESOLVED,HIGH,CHATBOT,2026-01-26 00:00:00,2026-01-21 00:00:00,2026-01-27 00:00:00,False,False,False,False,False,False,False,False
CBK0000930,TXN00014399,USR39029,MCH4790,388.39,delivery issue,SERVICE_NOT_DELIVERED,Customer says transaction was not authorized.,IN_PROGRESS,MEDIUM,APP,2026-03-06 00:00:00,2026-03-04 14:44:00,2026-03-27 15:44:00,False,False,False,False,False,False,False,False
CBK0002331,TXN00009831,USR80038,MCH3995,2727.04,account hacked,ACCOUNT_TAKEOVER,Merchant service was not delivered after payment.,IN_PROGRESS,MEDIUM,APP,2026-01-09 00:00:00,2026-01-08 00:00:00,2026-02-03 00:00:00,False,False,False,False,False,False,False,False
CBK0002057,TXN00004888,USR31743,MCH9344,1625.15,Service Not Provided,SERVICE_NOT_DELIVERED,Merchant service was not delivered after payment.,PENDING_BANK,CRITICAL,CALL_CENTER,2026-04-01 00:00:00,2026-03-31 00:00:00,2026-04-28 00:00:00,False,False,False,False,False,False,False,False
CBK0001465,TXN00004507,USR77990,MCH9291,2320.0,delivery issue,SERVICE_NOT_DELIVERED,Merchant service was not delivered after payment.,OPEN,MEDIUM,BRANCH,2026-01-21 00:00:00,2026-01-21 00:00:00,,False,False,False,False,False,True,False,False
CBK0000658,TXN00005761,USR70617,MCH5954,3582.63,Service Not Provided,SERVICE_NOT_DELIVERED,User claims account was compromised before transaction.,OPEN,LOW,IVR,2026-03-18 06:34:15,2026-03-10 21:34:00,2026-03-18 06:34:15,False,False,False,False,False,False,False,False
CBK0000712,TXN00007650,USR28000,MCH5690,316.55,item not received,SERVICE_NOT_DELIVERED,user reports money deducted but merchant denies receiving payment.,REJECTED,HIGH,CHATBOT,2026-03-25 00:00:00,2026-03-23 00:00:00,2026-04-06 00:03:10,False,False,False,False,False,False,False,False
CBK0001067,TXN00000175,USR32382,MCH4962,1092.58,amount mismatch,AMOUNT_MISMATCH,Merchant service was not delivered after payment.,RESOLVED,HIGH,IVR,2026-03-10 00:00:00,2026-02-23 00:00:00,2026-04-07 00:00:00,False,False,False,False,False,False,False,False
CBK0001242,TXN00014086,USR37902,MCH3159,3184.9,charged twice,DUPLICATE_DEBIT,Complaint received after multiple failed attempts.,REJECTED,MEDIUM,EMAIL,2026-04-01 00:00:00,2026-03-29 00:00:00,2026-04-25 00:00:00,False,False,False,False,False,False,False,False
CBK0000156,TXN00018659,USR96218,MCH5609,4959.68,DUP_DEBIT,DUPLICATE_DEBIT,Payment made to unknown merchant as per customer statement. details missing,RESOLVED,CRITICAL,BRANCH,2026-02-21 00:00:00,2026-02-15 00:00:00,2026-03-05 09:55:18,False,False,False,False,False,False,False,False
CBK0002682,TXN00000762,USR34180,MCH9565,1083.4,DUP_DEBIT,DUPLICATE_DEBIT,payment made to unknown merchant as per customer statement.,RESOLVED,HIGH,IVR,2026-02-21 00:00:00,,,False,False,False,False,True,True,False,False
CBK0001336,TXN00004804,USR40908,MCH2509,12097.84,Unauthorized Transaction,UNAUTHORIZED,Merchant service was not delivered after payment.,CLOSED,HIGH,CHATBOT,2026-01-08 00:00:00,2026-01-06 06:55:18,2026-01-14 01:55:18,False,False,False,False,False,False,False,False
CBK0002092,TXN00011140,USR70317,MCH3807,1790.94,Service Not Provided,SERVICE_NOT_DELIVERED,User claims account was compromised before transaction.,PENDING_BANK,MEDIUM,APP,2026-01-19 00:00:00,2026-01-19 00:00:00,,False,False,False,False,False,True,False,False
CBK0001282,TXN00032415,USR99611,MCH2266,23005.71,no service,SERVICE_NOT_DELIVERED,User says UPI PIN was not entered by them.,REJECTED,MEDIUM,CHATBOT,2026-02-24 00:00:00,2026-02-23 00:00:00,2026-03-07 00:00:00,False,False,False,False,False,False,False,False
CBK0000168,TXN00010651,USR97772,MCH4642,,not done by me,UNAUTHORIZED,Suspicious high-value payment disputed by customer.,PENDING_BANK,HIGH,CHATBOT,2026-02-03 00:00:00,2026-01-19 00:00:00,2026-03-03 13:11:35,True,False,False,False,False,False,False,False
CBK0001926,TXN00019983,USR24168,MCH3909,8084.93,Duplicate Debit,DUPLICATE_DEBIT,User says UPI PIN was not entered by them.,REJECTED,HIGH,BRANCH,2026-04-01 00:00:00,2026-03-16 23:25:39,2026-05-01 00:00:00,False,False,False,False,False,False,False,False
CBK0002727,TXN00004731,USR24341,MCH1965,1385.0,account hacked,ACCOUNT_TAKEOVER,Customer says amount was debited twice.,REJECTED,HIGH,EMAIL,2026-03-21 00:00:00,2026-03-20 00:00:00,2026-03-25 00:00:00,False,False,False,False,False,False,False,False
CBK0000532,TXN00006252,USR15564,MCH6116,408.0,incorrect amount,AMOUNT_MISMATCH,merchant service was not delivered after payment.,IN_PROGRESS,HIGH,BRANCH,2026-01-22 00:00:00,2026-01-21 15:31:58,,False,False,False,False,False,True,False,False
CBK0001089,TXN00006872,USR78604,MCH7810,,Merchant Not Delivered,SERVICE_NOT_DELIVERED,Payment made to unknown merchant as per customer statement.,IN_PROGRESS,LOW,IVR,2026-01-21 00:00:00,2026-01-05 00:00:00,2026-01-21 00:00:00,True,False,False,False,False,False,False,False
CBK0000635,TXN00003242,USR34180,MCH2159,1561.56,amount mismatch,AMOUNT_MISMATCH,suspicious high-value payment disputed by customer.,CLOSED,LOW,BRANCH,,2026-03-22 00:00:00,,False,False,False,True,False,True,False,False
CBK0000650,TXN00004880,USR34311,MCH2209,-512.66,unauthorized_transaction,UNAUTHORIZED,Customer complaint text unclear due to poor call center notes.,REJECTED,CRITICAL,BRANCH,2026-02-23 00:00:00,2026-02-21 00:00:00,,False,True,False,False,False,True,False,False
CBK0001889,TXN00013593,USR10480,MCH7251,792.99,login compromised,ACCOUNT_TAKEOVER,User reports money deducted but merchant denies receiving payment. pls check asap,OPEN,MEDIUM,IVR,2026-02-01 00:00:00,2026-01-29 11:28:25,2026-02-01 00:28:00,False,False,False,False,False,False,False,False
CBK0002662,TXN00001805,USR29306,MCH5624,692.55,complaint,CUSTOMER_DISPUTE,Suspicious high-value payment disputed by customer.,REJECTED,MEDIUM,CHATBOT,2026-01-21 00:00:00,2026-01-20 00:00:00,2026-02-18 00:00:00,False,False,False,False,False,False,False,False
CBK0000123,TXN00016267,USR85507,MCH6810,1756.0,not done by me,UNAUTHORIZED,User claims account was compromised before transaction.,RESOLVED,HIGH,BRANCH,2026-03-07 00:00:00,2026-02-05 00:00:00,,False,False,False,False,False,True,False,False
CBK0000629,TXN00003543,USR61351,MCH4181,15742.98,charged twice,DUPLICATE_DEBIT,User claims account was compromised before transaction.,RESOLVED,LOW,CHATBOT,2026-01-19 08:05:34,2026-01-15 11:05:00,2026-02-09 08:05:00,False,False,False,False,False,False,False,False
CBK0001701,TXN00006191,USR79175,MCH8752,426.17,customer issue,CUSTOMER_DISPUTE,Customer says amount was debited twice. pls check asap,PENDING_BANK,LOW,CALL_CENTER,2026-02-26 19:14:05,2026-02-25 00:00:00,2026-03-01 00:00:00,False,False,False,False,False,False,False,False
CBK0001491,TXN00017193,USR16478,MCH4709,2406.17,not done by me,UNAUTHORIZED,payment made to unknown merchant as per customer statement.,IN_PROGRESS,MEDIUM,IVR,2026-04-03 00:00:00,2026-03-31 00:00:00,2026-04-27 00:00:00,False,False,False,False,False,False,False,False
CBK0002256,TXN00009782,USR19885,MCH8154,6347.69,not done by me,UNAUTHORIZED,Merchant service was not delivered after payment. NA,IN_PROGRESS,HIGH,IVR,2026-03-22 00:00:00,2026-03-17 00:00:00,2026-04-21 00:00:00,False,False,False,False,False,False,False,False
CBK0000187,TXN00008581,USR85112,MCH9415,-562.07,dispute raised,CUSTOMER_DISPUTE,Payment made to unknown merchant as per customer statement.,IN_PROGRESS,MEDIUM,IVR,2026-02-28 07:16:11,2026-02-25 00:00:00,,False,True,False,False,False,True,False,False
CBK0001359,TXN00003338,USR91595,MCH3957,8032.32,login compromised,ACCOUNT_TAKEOVER,Payment made to unknown merchant as per customer statement.,IN_PROGRESS,MEDIUM,IVR,2026-02-18 08:19:43,2026-02-16 15:19:43,,False,False,False,False,False,True,False,False
CBK0002132,TXN00011912,USR73010,MCH4590,2559.27,UNAUTHORISED,UNAUTHORIZED,USER CLAIMS ACCOUNT WAS COMPROMISED BEFORE TRANSACTION.,CLOSED,LOW,CALL_CENTER,2026-03-29 00:00:00,,2026-04-28 00:00:00,False,False,False,False,True,False,False,False
CBK0001583,TXN00015176,USR41858,MCH3750,519.74,fraud,FRAUD,Customer says amount was debited twice.,IN_PROGRESS,CRITICAL,EMAIL,,2026-03-19 00:00:00,2026-04-03 11:07:00,False,False,False,True,False,False,False,False
CBK0001503,TXN00007523,USR30103,MCH7139,2702.06,delivery issue,SERVICE_NOT_DELIVERED,MERCHANT SERVICE WAS NOT DELIVERED AFTER PAYMENT.,RESOLVED,MEDIUM,APP,2026-02-20 00:00:00,2026-02-14 10:06:00,2026-03-12 09:06:00,False,False,False,False,False,False,False,False
CBK0000859,TXN00018489,USR33856,MCH5110,267.92,FRAUD,FRAUD,User claims account was compromised before transaction. NA,RESOLVED,HIGH,EMAIL,2026-02-14 19:21:00,2026-02-10 23:21:44,,False,False,False,False,False,True,False,False
CBK0002080,TXN00006502,USR17290,MCH6230,-1120.78,incorrect amount,AMOUNT_MISMATCH,Suspicious high-value payment disputed by cust.,OPEN,CRITICAL,CHATBOT,2026-01-16 00:00:00,2026-01-13 00:00:00,,False,True,False,False,False,True,False,False
CBK0002570,TXN00001810,USR35882,MCH8953,6930.0,Account Takeover,ACCOUNT_TAKEOVER,Suspicious high-value payment disputed by cust.,REJECTED,LOW,CALL_CENTER,2026-02-06 00:00:00,2026-02-04 00:00:00,2026-03-04 00:00:00,False,False,False,False,False,False,False,False
CBK0001989,TXN00003059,USR39665,MCH4473,3807.73,service failed,SERVICE_NOT_DELIVERED,Customer says amount was debited twice.,RESOLVED,HIGH,IVR,2026-02-08 00:00:00,2026-02-06 23:35:35,2026-02-15 00:00:00,False,False,False,False,False,False,False,False
CBK0000603,TXN00004425,USR95812,MCH6075,1305.0,not done by me,UNAUTHORIZED,Payment made to unknown merchant as per customer statement.,RESOLVED,HIGH,CHATBOT,2026-03-01 00:00:00,2026-02-27 02:24:00,2026-03-12 00:00:00,False,False,False,False,False,False,False,False
CBK0000334,TXN00015310,USR19151,MCH8434,3904.6,delivery issue,SERVICE_NOT_DELIVERED,Suspicious high-value payment disputed by customer.,IN_PROGRESS,LOW,CHATBOT,2026-03-17 20:51:47,2026-03-07 11:51:47,,False,False,False,False,False,True,False,False
CBK0001136,TXN00008134,USR44953,MCH2383,388.91,suspicious transaction,FRAUD,USER REPORTS MONEY DEDUCTED BUT MERCHANT DENIES RECEIVING PAYMENT.,RESOLVED,MEDIUM,CHATBOT,2026-02-07 13:04:31,2026-02-05 00:00:00,2026-02-13 00:00:00,False,False,False,False,False,False,False,False
CBK0000404,TXN00007870,USR76645,MCH7161,1860.61,Duplicate Debit,DUPLICATE_DEBIT,User reports money deducted but merchant denies receiving payment.,IN_PROGRESS,HIGH,EMAIL,2026-02-05 18:07:51,2026-01-28 00:00:00,2026-02-17 18:07:00,False,False,False,False,False,False,False,False
CBK0002404,TXN00001110,USR78155,MCH9798,-1498.49,item not received,SERVICE_NOT_DELIVERED,Suspicious high-value payment disputed by customer.,OPEN,HIGH,APP,2026-03-14 07:44:57,2026-03-12 00:00:00,,False,True,False,False,False,True,False,False
CBK0001323,TXN00006391,USR57255,MCH5076,9215.86,fraud,FRAUD,user says upi pin was not entered by them.,RESOLVED,MEDIUM,IVR,2026-01-12 00:11:00,2026-01-11 00:00:00,2026-01-15 00:00:00,False,False,False,False,False,False,False,False
CBK0002176,,USR69196,MCH8627,1168.54,service failed,SERVICE_NOT_DELIVERED,Suspicious high-value payment disputed by cust.,CLOSED,HIGH,EMAIL,2026-01-14 00:00:00,,2026-01-14 12:57:00,False,False,True,False,True,False,False,False
CBK0001840,TXN00009647,USR97772,MCH5655,878.05,charged twice,DUPLICATE_DEBIT,Customer says amount was debited twice.,REJECTED,HIGH,BRANCH,2026-02-22 00:00:00,2026-02-07 00:00:00,2026-02-26 00:00:00,False,False,False,False,False,False,False,False
CBK0001888,TXN00004061,USR77659,MCH4909,2090.0,customer issue,CUSTOMER_DISPUTE,Customer says transaction was not authorized.,CLOSED,LOW,IVR,2026-03-12 18:31:00,2026-02-10 00:00:00,2026-04-09 00:00:00,False,False,False,False,False,False,False,False
CBK0001647,TXN00094322,USR55487,MCH7879,2530.5,item not received,SERVICE_NOT_DELIVERED,Customer says transaction was not authorized.,REJECTED,MEDIUM,EMAIL,2026-03-29 00:00:00,2026-03-26 07:27:17,2026-03-31 00:00:00,False,False,False,False,False,False,False,False
CBK0002578,TXN00001675,USR84061,MCH6798,994.02,service failed,SERVICE_NOT_DELIVERED,user reports money deducted but merchant denies receiving payment.,IN_PROGRESS,MEDIUM,IVR,2026-04-03 11:48:00,2026-03-31 00:00:00,,False,False,False,False,False,True,False,False
CBK0001203,TXN00014456,USR61761,MCH8619,14382.17,delivery issue,SERVICE_NOT_DELIVERED,Complaint received after multiple failed attempts.,IN_PROGRESS,LOW,IVR,2026-02-28 02:46:45,2026-02-20 00:00:00,2026-03-05 00:00:00,False,False,False,False,False,False,False,False
CBK0000749,TXN00006304,USR30630,MCH3257,4194.32,dispute raised,CUSTOMER_DISPUTE,suspicious high-value payment disputed by customer.,IN_PROGRESS,CRITICAL,CHATBOT,2026-02-23 00:00:00,2026-01-09 00:00:00,,False,False,False,False,False,True,False,False
CBK0001592,TXN00015183,USR24536,MCH2785,4195.81,merchant service issue,SERVICE_NOT_DELIVERED,Suspicious high-value payment disputed by customer.,RESOLVED,MEDIUM,EMAIL,2026-02-09 14:27:41,2026-02-07 00:00:00,2026-02-27 00:00:00,False,False,False,False,False,False,False,False
CBK0002001,TXN00008475,USR51720,MCH2020,877.69,dispute raised,CUSTOMER_DISPUTE,User says UPI PIN was not entered by them.,CLOSED,MEDIUM,CALL_CENTER,2026-04-17 00:00:00,2026-03-03 13:24:10,,False,False,False,False,False,True,False,False
CBK0002459,TXN00000155,USR35867,MCH6729,1535.06,unauthorized_transaction,UNAUTHORIZED,Merchant service was not delivered after payment.,PENDING_BANK,MEDIUM,CHATBOT,2026-03-11 02:18:17,2026-03-08 00:00:00,2026-03-12 02:18:00,False,False,False,False,False,False,False,False
CBK0000417,TXN00009167,USR29544,MCH8956,239.91,charged twice,DUPLICATE_DEBIT,customer complaint text unclear due to poor call center notes.,OPEN,LOW,CHATBOT,2026-01-12 00:00:00,2026-01-08 00:00:00,,False,False,False,False,False,True,False,False
CBK0002102,TXN00013496,USR24429,MCH1159,3536.59,no service,SERVICE_NOT_DELIVERED,customer says amount was debited twice.,CLOSED,LOW,IVR,2026-02-23 03:39:00,2026-02-21 00:00:00,2026-03-18 00:00:00,False,False,False,False,False,False,False,False
CBK0000348,TXN00003338,USR78803,MCH4683,,no service,SERVICE_NOT_DELIVERED,Customer complaint text unclear due to poor call center notes. urgent,CLOSED,MEDIUM,CHATBOT,2026-01-29 01:18:00,2026-01-26 00:00:00,2026-02-22 01:18:55,True,False,False,False,False,False,False,False
CBK0002729,TXN00000967,USR30147,MCH6792,1780.33,ATO,ACCOUNT_TAKEOVER,Suspicious high-value payment disputed by customer.,OPEN,CRITICAL,CHATBOT,2026-01-24 00:00:00,2026-01-22 00:00:00,2026-02-15 00:00:00,False,False,False,False,False,False,False,False
CBK0000196,TXN00005107,USR33769,MCH4914,1023.0,item not received,SERVICE_NOT_DELIVERED,User claims account was compromised before transaction.,PENDING_BANK,MEDIUM,BRANCH,2026-01-12 05:57:59,2026-01-04 00:00:00,2026-01-23 00:00:00,False,False,False,False,False,False,False,False
CBK0000173,TXN00013826,USR31453,MCH4581,-1245.39,dispute raised,CUSTOMER_DISPUTE,User says UPI PIN was not entered by them.,CLOSED,LOW,BRANCH,2026-01-28 04:20:00,2026-01-24 14:20:26,,False,True,False,False,False,True,False,False
CBK0000457,TXN00009823,USR84334,MCH7202,17825.75,FRAUD,FRAUD,Merchant service was not delivered after payment.,CLOSED,LOW,CALL_CENTER,2026-01-31 00:00:00,2026-01-27 16:44:22,2026-02-22 03:44:22,False,False,False,False,False,False,False,False
CBK0000398,TXN00005767,USR26707,MCH3494,3275.35,fraud,FRAUD,Merchant service was not delivered after payment.,CLOSED,LOW,CHATBOT,2026-02-24 00:00:00,2026-02-22 10:29:35,,False,False,False,False,False,True,False,False
CBK0001164,TXN00001699,USR11287,MCH1963,1995.0,no service,SERVICE_NOT_DELIVERED,User claims account was compromised before transaction.,CLOSED,LOW,IVR,,2026-02-28 00:00:00,,False,False,False,True,False,True,False,False
CBK0000207,TXN00007495,USR47962,MCH4241,1520.0,scam,FRAUD,Complaint received after multiple failed attempts.,OPEN,LOW,CHATBOT,2026-02-13 00:00:00,2026-02-12 16:45:00,,False,False,False,False,False,True,False,False
CBK0002710,TXN00004746,USR68670,MCH1335,579.06,UNAUTHORISED,UNAUTHORIZED,Customer says transaction was not authorized.,PENDING_BANK,HIGH,BRANCH,2026-03-22 00:00:00,2026-03-19 00:00:00,2026-03-26 00:00:00,False,False,False,False,False,False,False,False
CBK0001751,TXN00008083,USR63649,MCH3815,2354.56,customer issue,CUSTOMER_DISPUTE,User says UPI PIN was not entered by them. pls check asap,OPEN,HIGH,APP,2026-01-11 00:00:00,2026-01-05 00:00:00,,False,False,False,False,False,True,False,False
CBK0001150,TXN00007644,USR73279,MCH8154,1173.01,incorrect amount,AMOUNT_MISMATCH,Suspicious high-value payment disputed by customer.,PENDING_BANK,MEDIUM,CALL_CENTER,2026-02-04 00:00:00,2026-02-01 00:00:00,2026-02-19 16:53:00,False,False,False,False,False,False,False,False
CBK0001021,TXN00019145,USR95181,MCH9291,10111.0,charged twice,DUPLICATE_DEBIT,User says UPI PIN was not entered by them. call dropped,OPEN,MEDIUM,BRANCH,2026-04-16 00:00:00,2026-03-01 00:00:00,2026-05-10 00:00:00,False,False,False,False,False,False,False,False
CBK0000932,TXN00003371,USR26201,MCH2614,737.83,fraud,FRAUD,Complaint received after multiple failed attempts.,PENDING_BANK,LOW,CALL_CENTER,2026-03-26 00:00:00,,,False,False,False,False,True,True,False,False
CBK0001699,TXN00018943,USR65069,MCH1007,2326.89,not delivered,SERVICE_NOT_DELIVERED,Payment made to unknown merchant as per customer statement.,CLOSED,LOW,APP,2026-01-24 11:40:43,2026-01-27 11:40:00,,False,False,False,False,False,True,True,False
CBK0002373,TXN00018837,USR94106,MCH4774,1260.53,extra amount deducted,AMOUNT_MISMATCH,User says UPI PIN was not entered by them.,CLOSED,HIGH,CHATBOT,2026-01-18 04:13:00,2026-01-19 04:13:46,2026-01-23 00:00:00,False,False,False,False,False,False,True,False
CBK0001046,TXN00007145,USR24536,MCH5712,5884.78,Account Takeover,ACCOUNT_TAKEOVER,user says upi pin was not entered by them.,OPEN,LOW,CHATBOT,2026-02-10 00:00:00,2026-02-02 00:00:00,2026-02-13 00:00:00,False,False,False,False,False,False,False,False
CBK0002267,TXN00006416,USR70102,MCH2266,4872.0,Merchant Not Delivered,SERVICE_NOT_DELIVERED,User says UPI PIN was not entered by them.,REJECTED,MEDIUM,CHATBOT,2026-03-01 00:00:00,2026-02-25 00:00:00,2026-03-13 05:44:47,False,False,False,False,False,False,False,False
CBK0001191,TXN00010675,USR42733,MCH1665,268.44,delivery issue,SERVICE_NOT_DELIVERED,Payment made to unknown merchant as per customer statement.,PENDING_BANK,MEDIUM,EMAIL,2026-01-27 10:46:20,2026-01-23 19:46:20,2026-02-07 00:00:00,False,False,False,False,False,False,False,False
CBK0001431,TXN00007758,USR37892,MCH3288,1550.0,Unauthorized Transaction,UNAUTHORIZED,Customer complaint text unclear due to poor call center notes.,REJECTED,LOW,CHATBOT,2026-04-03 00:00:00,2026-03-31 05:38:00,,False,False,False,False,False,True,False,False
CBK0000890,TXN00081593,USR53996,MCH6810,5676.76,not done by me,UNAUTHORIZED,CUSTOMER COMPLAINT TEXT UNCLEAR DUE TO POOR CALL CENTER NOTES.,REJECTED,MEDIUM,CHATBOT,2026-02-01 01:35:11,2026-01-30 00:00:00,2026-02-16 00:00:00,False,False,False,False,False,False,False,False
CBK0000670,TXN00016465,USR33934,MCH8836,1819.68,Customer Dispute,CUSTOMER_DISPUTE,Merchant service was not delivered after payment.,CLOSED,HIGH,IVR,2026-01-11 14:41:00,2026-01-08 00:00:00,2026-02-08 00:00:00,False,False,False,False,False,False,False,False
CBK0001602,TXN00000594,USR37916,MCH4233,2315.48,delivery issue,SERVICE_NOT_DELIVERED,Customer complaint text unclear due to poor call center notes.,PENDING_BANK,MEDIUM,APP,2026-03-31 16:51:28,2026-03-26 00:00:00,2026-04-22 00:00:00,False,False,False,False,False,False,False,False
CBK0000279,TXN00010238,USR46321,MCH7943,581.0,dispute raised,CUSTOMER_DISPUTE,Complaint received after multiple failed attempts.,PENDING_BANK,MEDIUM,EMAIL,2026-02-28 00:00:00,2026-02-23 00:00:00,2026-03-19 13:37:00,False,False,False,False,False,False,False,False
CBK0001915,TXN00018105,USR32861,MCH3151,2703.6,item not received,SERVICE_NOT_DELIVERED,Merchant service was not delivered after payment.,RESOLVED,LOW,IVR,2026-03-25 03:23:09,2026-03-24 21:23:09,2026-04-15 00:00:00,False,False,False,False,False,False,False,False
CBK0002444,TXN00009188,USR76636,MCH1089,542.9,extra amount deducted,AMOUNT_MISMATCH,Suspicious high-value payment disputed by customer.,RESOLVED,MEDIUM,CHATBOT,2026-03-21 00:00:00,2026-03-18 00:00:00,,False,False,False,False,False,True,False,False
CBK0001274,TXN00004896,USR36343,MCH7286,1770.17,complaint,CUSTOMER_DISPUTE,Complaint received after multiple failed attempts. NA,IN_PROGRESS,LOW,CHATBOT,2026-01-04 15:56:05,2026-01-03 00:00:00,2026-02-01 15:56:05,False,False,False,False,False,False,False,False
CBK0002397,TXN00012053,USR24199,MCH9610,1200.13,UNAUTHORISED,UNAUTHORIZED,Complaint received after multiple failed attempts.,RESOLVED,CRITICAL,APP,2026-01-13 16:15:15,2026-01-05 00:00:00,2026-01-19 16:15:15,False,False,False,False,False,False,False,False
CBK0000086,TXN00005603,USR63109,MCH4810,2652.0,FRAUD,FRAUD,Customer complaint text unclear due to poor call center notes.,IN_PROGRESS,MEDIUM,APP,,2026-02-22 19:09:31,2026-03-22 11:09:31,False,False,False,True,False,False,False,False
CBK0002277,TXN00018308,USR67602,MCH2667,5058.0,item not received,SERVICE_NOT_DELIVERED,user reports money deducted but merchant denies receiving payment.,IN_PROGRESS,HIGH,BRANCH,2026-03-11 15:45:04,2026-03-08 00:00:00,2026-03-17 15:45:04,False,False,False,False,False,False,False,False
CBK0000252,TXN00019048,USR59747,MCH4772,1913.71,charged twice,DUPLICATE_DEBIT,User says UPI PIN was not entered by them.,CLOSED,HIGH,APP,2026-01-14 00:00:00,2026-01-08 00:00:00,,False,False,False,False,False,True,False,False
CBK0001549,TXN00005488,USR93167,MCH5584,8967.32,item not received,SERVICE_NOT_DELIVERED,User says UPI PIN was not entered by them.,RESOLVED,MEDIUM,BRANCH,2026-02-01 00:00:00,2026-01-30 17:57:10,2026-02-15 00:00:00,False,False,False,False,False,False,False,False
CBK0001577,TXN00017992,USR54208,MCH5397,1697.0,Merchant Not Delivered,SERVICE_NOT_DELIVERED,Customer says transaction was not authorized.,REJECTED,LOW,APP,2026-03-22 01:07:00,2026-03-11 11:07:00,2026-03-26 01:07:00,False,False,False,False,False,False,False,False
CBK0000373,TXN00004759,USR20337,MCH7924,1027.78,merchant service issue,SERVICE_NOT_DELIVERED,MERCHANT SERVICE WAS NOT DELIVERED AFTER PAYMENT.,RESOLVED,LOW,CALL_CENTER,2026-03-17 00:00:00,2026-03-15 00:00:00,2026-04-06 00:00:00,False,False,False,False,False,False,False,False
CBK0002679,,USR57460,MCH6850,1271.0,incorrect amount,AMOUNT_MISMATCH,user says upi pin was not entered by them.,REJECTED,HIGH,CHATBOT,2026-03-05 00:00:00,2026-02-27 00:00:00,,False,False,True,False,False,True,False,False
CBK0001318,TXN00018753,USR85507,MCH8154,12010.0,DUP_DEBIT,DUPLICATE_DEBIT,Customer says amount was debited twice.,IN_PROGRESS,LOW,IVR,2026-03-27 11:53:00,2026-03-24 02:53:33,2026-04-17 00:00:00,False,False,False,False,False,False,False,False
CBK0001208,TXN00012998,USR22898,MCH2079,1570.15,account hacked,ACCOUNT_TAKEOVER,Customer says amount was debited twice.,REJECTED,HIGH,BRANCH,2026-01-13 00:00:00,2026-01-11 00:00:00,2026-02-08 00:00:00,False,False,False,False,False,False,False,False
CBK0001350,TXN00011858,USR37820,MCH2269,2135.97,unauth txn,UNAUTHORIZED,USER SAYS UPI PIN WAS NOT ENTERED BY THEM.,REJECTED,LOW,BRANCH,2026-02-11 00:00:00,2026-02-09 00:00:00,2026-02-25 21:28:08,False,False,False,False,False,False,False,False
CBK0001845,TXN00012951,USR39002,MCH4473,2826.0,Customer Dispute,CUSTOMER_DISPUTE,User reports money deducted but merchant denies receiving payment.,RESOLVED,LOW,EMAIL,2026-03-12 00:00:00,2026-03-04 14:44:00,2026-04-05 00:00:00,False,False,False,False,False,False,False,False
CBK0002193,TXN00017969,USR83235,MCH2137,2501.0,suspicious transaction,FRAUD,suspicious high-value payment disputed by customer.,OPEN,MEDIUM,APP,2026-04-09 00:00:00,2026-03-29 15:46:42,,False,False,False,False,False,True,False,False
CBK0000773,TXN00045816,USR87981,MCH5252,2928.28,ATO,ACCOUNT_TAKEOVER,Complaint received after multiple failed attempts.,CLOSED,HIGH,APP,2026-01-09 00:00:00,2026-01-05 00:00:00,2026-01-16 00:00:00,False,False,False,False,False,False,False,False
CBK0002632,TXN00019581,USR34162,MCH8433,1017.95,service failed,SERVICE_NOT_DELIVERED,Payment made to unknown merchant as per customer statement.,RESOLVED,LOW,CALL_CENTER,2026-03-30 00:00:00,2026-03-25 10:24:30,,False,False,False,False,False,True,False,False
CBK0000242,,USR53192,MCH9729,1995.28,Duplicate Debit,DUPLICATE_DEBIT,Merchant service was not delivered after payment.,RESOLVED,MEDIUM,APP,2026-02-16 08:46:14,2026-02-13 09:46:00,2026-03-04 00:00:00,False,False,True,False,False,False,False,False
CBK0001747,TXN00019644,USR88037,MCH1186,1335.62,Merchant Not Delivered,SERVICE_NOT_DELIVERED,Complaint received after multiple failed attempts.,OPEN,LOW,CALL_CENTER,2026-02-03 00:00:00,2026-02-04 00:00:00,2026-02-26 00:00:00,False,False,False,False,False,False,True,False
CBK0001423,TXN00013720,USR97580,MCH8999,4933.23,suspicious transaction,FRAUD,Complaint received after multiple failed attempts.,PENDING_BANK,LOW,BRANCH,,2026-01-15 00:00:00,2026-02-02 00:00:00,False,False,False,True,False,False,False,False
CBK0000968,TXN00014316,USR84719,MCH9295,1017.0,Service Not Provided,SERVICE_NOT_DELIVERED,suspicious high-value payment disputed by customer.,OPEN,LOW,EMAIL,2026-03-16 06:49:08,2026-03-12 14:49:08,2026-03-17 00:00:00,False,False,False,False,False,False,False,False
CBK0001372,TXN00001655,USR64263,MCH2054,2589.0,unauthorized_transaction,UNAUTHORIZED,customer complaint text unclear due to poor call center notes.,CLOSED,CRITICAL,EMAIL,2026-04-07 00:00:00,2026-03-28 13:08:53,2026-04-16 00:00:00,False,False,False,False,False,False,False,False
CBK0000157,TXN00016322,USR89473,MCH2014,1512.0,delivery issue,SERVICE_NOT_DELIVERED,USER REPORTS MONEY DEDUCTED BUT MERCHANT DENIES RECEIVING PAYMENT.,RESOLVED,LOW,BRANCH,2026-02-28 00:37:00,2026-02-26 00:00:00,2026-03-04 00:00:00,False,False,False,False,False,False,False,False
CBK0000605,TXN00000166,USR94647,MCH7247,913.38,ATO,ACCOUNT_TAKEOVER,User claims account was compromised before transaction.,RESOLVED,HIGH,APP,2026-03-22 00:00:00,2026-03-17 13:12:37,2026-03-28 00:00:00,False,False,False,False,False,False,False,False
CBK0001856,TXN00050572,USR56512,MCH3100,,Duplicate Debit,DUPLICATE_DEBIT,Complaint received after multiple failed attempts.,IN_PROGRESS,CRITICAL,APP,2026-02-03 00:00:00,2026-01-23 00:00:00,2026-03-02 12:12:00,True,False,False,False,False,False,False,False
CBK0002401,TXN00013900,USR24536,MCH1762,1310.19,charged twice,DUPLICATE_DEBIT,Merchant service was not delivered after payment.,IN_PROGRESS,MEDIUM,CHATBOT,2026-01-25 00:00:00,2026-01-23 04:34:00,,False,False,False,False,False,True,False,False
CBK0002446,TXN00018937,USR49318,MCH5980,1097.4,merchant service issue,SERVICE_NOT_DELIVERED,user says upi pin was not entered by them.,CLOSED,CRITICAL,EMAIL,2026-01-14 00:00:00,2026-01-03 00:00:00,2026-01-23 06:00:00,False,False,False,False,False,False,False,False
CBK0002667,TXN00016456,USR42556,MCH5029,3977.66,incorrect amount,AMOUNT_MISMATCH,Suspicious high-value payment disputed by customer.,PENDING_BANK,LOW,CHATBOT,2026-03-26 00:00:00,2026-03-24 06:26:03,2026-04-09 00:00:00,False,False,False,False,False,False,False,False
CBK0002260,TXN00019490,USR34757,MCH1806,1314.21,scam,FRAUD,Complaint received after multiple failed attempts.,REJECTED,CRITICAL,IVR,2026-01-20 00:00:00,2026-01-04 16:21:04,2026-01-28 00:00:00,False,False,False,False,False,False,False,False
CBK0000002,TXN00016351,USR35605,MCH8953,2366.0,unauthorized_transaction,UNAUTHORIZED,Complaint received after multiple failed attempts.,CLOSED,HIGH,IVR,2026-03-31 15:14:10,2026-03-24 13:14:10,2026-04-09 15:14:00,False,False,False,False,False,False,False,False
CBK0001497,TXN00005059,USR56554,MCH6349,1316.81,merchant service issue,SERVICE_NOT_DELIVERED,Customer says amount was debited twice.,RESOLVED,HIGH,APP,2026-02-08 20:39:40,2026-02-06 00:00:00,2026-03-09 20:39:00,False,False,False,False,False,False,False,False
CBK0000017,TXN00006427,USR30994,MCH6488,3608.0,Account Takeover,ACCOUNT_TAKEOVER,customer says transaction was not authorized.,PENDING_BANK,MEDIUM,CHATBOT,,2026-01-30 00:00:00,2026-02-20 00:00:00,False,False,False,True,False,False,False,False
CBK0001986,TXN00005203,USR88037,MCH4181,2184.85,Service Not Provided,SERVICE_NOT_DELIVERED,Merchant service was not delivered after payment.,IN_PROGRESS,LOW,CHATBOT,2026-02-28 00:00:00,2026-02-27 00:00:00,2026-03-18 00:00:00,False,False,False,False,False,False,False,False
CBK0000926,TXN00019409,USR27947,MCH3416,-756.59,DUP_DEBIT,DUPLICATE_DEBIT,Customer says transaction was not authorized.,IN_PROGRESS,MEDIUM,BRANCH,2026-02-19 00:00:00,2026-02-18 00:00:00,,False,True,False,False,False,True,False,False
CBK0001679,TXN00007437,USR11987,MCH2576,1171.85,login compromised,ACCOUNT_TAKEOVER,Customer says transaction was not authorized.,REJECTED,MEDIUM,IVR,2026-03-27 17:04:00,2026-03-25 00:00:00,2026-04-21 00:00:00,False,False,False,False,False,False,False,False
CBK0002765,TXN00004590,USR58546,MCH8779,799.39,login compromised,ACCOUNT_TAKEOVER,Suspicious high-value payment disputed by customer.,PENDING_BANK,HIGH,EMAIL,2026-02-05 00:00:00,2026-01-28 23:01:00,,False,False,False,False,False,True,False,False
CBK0001436,TXN00011255,USR91425,MCH9243,3679.43,extra amount deducted,AMOUNT_MISMATCH,Suspicious high-value payment disputed by customer.,IN_PROGRESS,MEDIUM,CHATBOT,2026-03-07 09:19:03,2026-03-05 00:00:00,2026-03-30 09:19:03,False,False,False,False,False,False,False,False
CBK0000994,TXN00004395,USR71348,MCH2469,9572.0,customer issue,CUSTOMER_DISPUTE,Customer complaint text unclear due to poor call center notes.,IN_PROGRESS,MEDIUM,CALL_CENTER,2026-04-01 00:00:00,2026-03-30 00:00:00,,False,False,False,False,False,True,False,False
CBK0000734,TXN00006117,USR95049,MCH5383,3964.0,no service,SERVICE_NOT_DELIVERED,Customer complaint text unclear due to poor call center notes.,RESOLVED,HIGH,IVR,2026-03-28 00:00:00,2026-03-27 00:00:00,2026-04-14 03:25:05,False,False,False,False,False,False,False,False
CBK0001683,TXN00009432,USR85334,MCH3739,-5973.59,dispute raised,CUSTOMER_DISPUTE,customer says transaction was not authorized.,IN_PROGRESS,HIGH,EMAIL,2026-03-07 12:06:00,2026-02-19 00:00:00,2026-04-05 12:06:35,False,True,False,False,False,False,False,False
CBK0001407,TXN00033964,USR59562,MCH1241,4254.9,ATO,ACCOUNT_TAKEOVER,User claims account was compromised before transaction.,REJECTED,HIGH,CHATBOT,2026-03-25 00:00:00,2026-03-24 00:00:00,2026-04-21 23:40:30,False,False,False,False,False,False,False,False
CBK0002320,TXN00000822,USR51203,MCH5846,966.31,customer issue,CUSTOMER_DISPUTE,User says UPI PIN was not entered by them.,PENDING_BANK,LOW,CHATBOT,2026-02-10 00:00:00,2026-02-07 21:10:00,2026-02-12 20:10:00,False,False,False,False,False,False,False,False
CBK0000360,TXN00017688,USR19141,MCH3815,433.23,login compromised,ACCOUNT_TAKEOVER,Customer complaint text unclear due to poor call center notes. details missing,RESOLVED,MEDIUM,APP,2026-02-11 00:00:00,2026-02-08 00:00:00,2026-03-03 12:52:41,False,False,False,False,False,False,False,False
CBK0000559,TXN00010792,USR19290,MCH4895,923.46,scam,FRAUD,User says UPI PIN was not entered by them.,IN_PROGRESS,LOW,CHATBOT,2026-02-17 00:00:00,2026-02-09 03:28:00,2026-03-12 00:00:00,False,False,False,False,False,False,False,False
CBK0001627,TXN00003467,USR98075,MCH7306,1472.83,DUP_DEBIT,DUPLICATE_DEBIT,Payment made to unknown merchant as per customer statement.,REJECTED,MEDIUM,EMAIL,2026-02-28 03:10:00,2026-02-26 00:00:00,2026-03-27 03:10:55,False,False,False,False,False,False,False,False
CBK0000602,TXN00015729,USR61700,MCH5980,5873.9,charged twice,DUPLICATE_DEBIT,Complaint received after multiple failed attempts.,REJECTED,HIGH,CHATBOT,2026-02-02 00:00:00,2026-01-23 05:08:36,,False,False,False,False,False,True,False,False
CBK0002325,TXN00013806,USR41923,MCH2214,6623.0,customer issue,CUSTOMER_DISPUTE,MERCHANT SERVICE WAS NOT DELIVERED AFTER PAYMENT.,IN_PROGRESS,LOW,IVR,2026-02-14 00:00:00,2026-02-16 05:48:00,2026-03-04 00:00:00,False,False,False,False,False,False,True,False
CBK0001967,TXN00004164,USR14349,MCH4226,3142.0,Unauthorized Transaction,UNAUTHORIZED,merchant service was not delivered after payment.,OPEN,MEDIUM,CALL_CENTER,2026-02-22 00:00:00,2026-01-22 12:01:00,2026-02-26 00:00:00,False,False,False,False,False,False,False,False
CBK0001837,TXN00011621,USR98433,MCH5655,,not delivered,SERVICE_NOT_DELIVERED,User claims account was compromised before txn.,REJECTED,MEDIUM,BRANCH,2026-02-24 20:31:03,2026-02-22 00:00:00,2026-03-04 00:00:00,True,False,False,False,False,False,False,False
CBK0001082,TXN00019971,USR97244,MCH7766,8720.88,unauth txn,UNAUTHORIZED,Customer complaint text unclear due to poor call center notes.,CLOSED,LOW,BRANCH,2026-03-07 03:53:00,2026-03-04 09:53:00,2026-04-01 03:53:01,False,False,False,False,False,False,False,False
CBK0000798,TXN00031469,USR47192,MCH2266,2300.99,Fraud Suspected,FRAUD,Merchant service was not delivered after payment.,OPEN,CRITICAL,CALL_CENTER,2026-01-03 00:40:11,2026-01-01 00:00:00,2026-02-02 00:00:00,False,False,False,False,False,False,False,False
CBK0000986,TXN00011647,USR82322,MCH8172,8725.14,dispute raised,CUSTOMER_DISPUTE,MERCHANT SERVICE WAS NOT DELIVERED AFTER PAYMENT.,PENDING_BANK,HIGH,IVR,2026-01-05 00:39:07,2026-01-03 08:39:07,2026-01-22 00:00:00,False,False,False,False,False,False,False,False
CBK0000966,TXN00008529,USR53527,MCH6984,3107.14,charged twice,DUPLICATE_DEBIT,User claims account was compromised before transaction.,IN_PROGRESS,HIGH,CHATBOT,2026-01-23 15:41:54,2026-01-22 01:41:00,,False,False,False,False,False,True,False,False
CBK0000058,TXN00007401,USR21162,MCH8369,-2284.5,not delivered,SERVICE_NOT_DELIVERED,Suspicious high-value payment disputed by customer.,RESOLVED,HIGH,APP,,2026-02-03 00:00:00,,False,True,False,True,False,True,False,False
CBK0000849,TXN00010509,USR32787,MCH1253,1585.54,service failed,SERVICE_NOT_DELIVERED,User claims account was compromised before transaction.,IN_PROGRESS,HIGH,IVR,2026-02-18 00:00:00,,2026-03-13 09:31:00,False,False,False,False,True,False,False,False
CBK0000979,TXN00015234,USR81644,MCH9875,10354.45,not delivered,SERVICE_NOT_DELIVERED,Customer complaint text unclear due to poor call center notes.,PENDING_BANK,HIGH,CHATBOT,2026-02-10 00:00:00,2026-02-07 00:00:00,2026-02-21 01:07:52,False,False,False,False,False,False,False,False
CBK0001801,TXN00010702,USR66200,MCH2822,3717.71,no service,SERVICE_NOT_DELIVERED,Customer says amount was debited twice.,CLOSED,LOW,EMAIL,2026-03-15 00:00:00,2026-03-11 00:00:00,2026-03-27 08:07:00,False,False,False,False,False,False,False,False
CBK0002075,TXN00015779,USR39080,MCH3355,1866.0,customer issue,CUSTOMER_DISPUTE,user claims account was compromised before transaction.,IN_PROGRESS,HIGH,IVR,2026-02-23 00:00:00,2026-02-16 00:00:00,,False,False,False,False,False,True,False,False
CBK0001774,TXN00001371,USR61715,MCH1759,1844.6,Unauthorized Transaction,UNAUTHORIZED,Customer says transaction was not authorized.,REJECTED,LOW,APP,2026-01-24 00:00:00,2026-01-23 19:30:54,2026-02-08 00:00:00,False,False,False,False,False,False,False,False
CBK0001800,,USR60863,MCH2534,3882.6,Account Takeover,ACCOUNT_TAKEOVER,Complaint received after multiple failed attempts.,OPEN,MEDIUM,IVR,2026-02-28 00:00:00,2026-02-26 00:00:00,,False,False,True,False,False,True,False,False
CBK0001759,TXN00006922,USR60939,MCH1721,1390.01,Account Takeover,ACCOUNT_TAKEOVER,Payment made to unknown merchant as per customer statement.,IN_PROGRESS,MEDIUM,IVR,2026-02-13 00:00:00,2026-02-07 00:00:00,2026-02-14 00:00:00,False,False,False,False,False,False,False,False
CBK0000898,TXN00012927,USR52234,MCH5076,10469.4,not done by me,UNAUTHORIZED,Payment made to unknown merchant as per customer statement. call dropped,REJECTED,MEDIUM,CHATBOT,2026-03-22 00:00:00,2026-03-11 00:00:00,2026-04-10 06:37:00,False,False,False,False,False,False,False,False
CBK0001925,TXN00006637,USR74775,MCH7644,4001.0,delivery issue,SERVICE_NOT_DELIVERED,CUSTOMER COMPLAINT TEXT UNCLEAR DUE TO POOR CALL CENTER NOTES.,IN_PROGRESS,LOW,CALL_CENTER,2026-03-27 00:00:00,2026-03-16 00:00:00,2026-04-03 10:29:43,False,False,False,False,False,False,False,False
CBK0000829,TXN00017462,USR94805,MCH5980,,service failed,SERVICE_NOT_DELIVERED,Merchant service was not delivered after payment.,RESOLVED,LOW,CHATBOT,2026-05-03 00:00:00,2026-03-18 00:00:00,2026-05-29 09:24:00,True,False,False,False,False,False,False,False
CBK0001166,TXN00043861,USR73010,MCH8793,422.31,Wrong Amount,AMOUNT_MISMATCH,Payment made to unknown merchant as per cust statement.,OPEN,HIGH,IVR,2026-02-03 21:00:29,2026-01-27 00:00:00,2026-02-20 00:00:00,False,False,False,False,False,False,False,False
CBK0000716,TXN00013326,USR62901,MCH1320,2161.57,Duplicate Debit,DUPLICATE_DEBIT,Suspicious high-value payment disputed by customer. NA,IN_PROGRESS,MEDIUM,CALL_CENTER,,2026-01-04 00:00:00,,False,False,False,True,False,True,False,False
CBK0000541,TXN00009994,USR78285,MCH7286,477.68,incorrect amount,AMOUNT_MISMATCH,User claims account was compromised before transaction.,OPEN,MEDIUM,APP,2026-01-22 00:00:00,,2026-01-31 21:57:00,False,False,False,False,True,False,False,False
CBK0001138,TXN00003160,USR93126,MCH7265,1452.71,Service Not Provided,SERVICE_NOT_DELIVERED,Customer complaint text unclear due to poor call center notes.,IN_PROGRESS,CRITICAL,BRANCH,2026-02-26 13:39:10,2026-02-24 06:39:10,2026-03-28 13:39:00,False,False,False,False,False,False,False,False
CBK0001040,TXN00011260,USR65545,MCH7882,292.66,unauth txn,UNAUTHORIZED,User claims account was compromised before transaction.,REJECTED,MEDIUM,BRANCH,,2026-01-21 00:00:00,,False,False,False,True,False,True,False,False
CBK0002668,,USR19568,MCH9291,4776.3,account hacked,ACCOUNT_TAKEOVER,Customer says amount was debited twice.,REJECTED,LOW,CHATBOT,,2026-01-25 05:32:00,2026-02-16 06:32:00,False,False,True,True,False,False,False,False
CBK0001991,TXN00002169,USR33650,MCH7326,,item not received,SERVICE_NOT_DELIVERED,Complaint received after multiple failed attempts.,IN_PROGRESS,LOW,EMAIL,2026-01-25 00:00:00,2026-01-21 18:37:36,2026-02-07 17:37:00,True,False,False,False,False,False,False,False
CBK0000163,TXN00000976,USR35447,MCH1441,1181.91,complaint,CUSTOMER_DISPUTE,Suspicious high-value payment disputed by customer.,REJECTED,MEDIUM,IVR,2026-02-19 10:18:00,2026-02-17 00:00:00,2026-02-23 00:00:00,False,False,False,False,False,False,False,False
CBK0002278,TXN00014410,USR51041,MCH5836,2302.66,item not received,SERVICE_NOT_DELIVERED,Customer says amount was debited twice.,PENDING_BANK,MEDIUM,BRANCH,2026-03-16 13:41:38,2026-03-14 00:00:00,2026-04-13 13:41:38,False,False,False,False,False,False,False,False
CBK0002205,TXN00013472,USR21566,MCH5972,4341.0,DUP_DEBIT,DUPLICATE_DEBIT,Customer says transaction was not authorized.,OPEN,LOW,IVR,2026-03-21 20:47:00,2026-03-19 00:00:00,2026-04-09 20:47:43,False,False,False,False,False,False,False,False
CBK0001275,TXN00014522,USR11090,MCH8336,1098.78,FRAUD,FRAUD,User reports money deducted but merchant denies receiving payment.,OPEN,LOW,IVR,,,,False,False,False,True,True,True,False,False
CBK0002407,TXN00017251,USR56287,MCH8300,6191.71,complaint,CUSTOMER_DISPUTE,Payment made to unknown merchant as per customer statement.,CLOSED,MEDIUM,APP,2026-02-06 17:58:56,2026-02-03 00:00:00,2026-02-10 00:00:00,False,False,False,False,False,False,False,False
CBK0000124,TXN00006207,USR61576,MCH7286,-5731.89,item not received,SERVICE_NOT_DELIVERED,Payment made to unknown merchant as per customer statement.,PENDING_BANK,LOW,BRANCH,2026-02-28 00:00:00,2026-02-12 00:00:00,2026-03-15 00:00:00,False,True,False,False,False,False,False,False
CBK0000391,TXN00017871,USR51854,MCH2822,5375.87,account hacked,ACCOUNT_TAKEOVER,user claims account was compromised before transaction.,IN_PROGRESS,HIGH,CHATBOT,2026-03-01 00:00:00,2026-02-28 00:00:00,2026-03-15 00:00:00,False,False,False,False,False,False,False,False
CBK0000856,TXN00000917,USR40538,MCH8624,2601.86,amount mismatch,AMOUNT_MISMATCH,User says UPI PIN was not entered by them.,PENDING_BANK,LOW,APP,2026-04-16 00:00:00,2026-03-16 00:00:00,,False,False,False,False,False,True,False,False
CBK0002377,TXN00019402,USR94040,MCH1653,,customer issue,CUSTOMER_DISPUTE,Payment made to unknown merchant as per customer statement. pls check asap,PENDING_BANK,MEDIUM,BRANCH,2026-01-19 13:52:07,2026-01-11 00:00:00,2026-01-23 00:00:00,True,False,False,False,False,False,False,False
CBK0000410,TXN00007326,USR30157,MCH1136,185.0,customer issue,CUSTOMER_DISPUTE,User claims account was compromised before txn.,OPEN,MEDIUM,CHATBOT,,,2026-03-17 15:14:18,False,False,False,True,True,False,False,False
CBK0001988,TXN00011416,USR93299,MCH5968,648.02,delivery issue,SERVICE_NOT_DELIVERED,User reports money deducted but merchant denies receiving payment.,REJECTED,HIGH,APP,2026-03-05 00:00:00,2026-02-02 00:00:00,2026-03-20 02:07:56,False,False,False,False,False,False,False,False
CBK0001939,TXN00006912,USR22979,MCH8217,1089.06,no service,SERVICE_NOT_DELIVERED,Payment made to unknown merchant as per customer statement.,RESOLVED,LOW,CHATBOT,,,2026-03-05 00:00:00,False,False,False,True,True,False,False,False
CBK0002735,TXN00012810,USR90720,MCH4590,,login compromised,ACCOUNT_TAKEOVER,Customer says transaction was not authorized.,CLOSED,MEDIUM,CHATBOT,2026-02-24 00:00:00,2026-02-22 05:46:00,2026-03-17 00:00:00,True,False,False,False,False,False,False,False
CBK0000084,TXN00012123,USR60939,MCH1438,4232.74,unauthorized_transaction,UNAUTHORIZED,Complaint received after multiple failed attempts.,CLOSED,MEDIUM,BRANCH,2026-02-08 00:00:00,2026-02-06 00:00:00,2026-02-14 02:34:26,False,False,False,False,False,False,False,False
CBK0001830,TXN00015594,USR19921,MCH6395,4964.2,charged twice,DUPLICATE_DEBIT,Customer says amount was debited twice.,CLOSED,CRITICAL,CHATBOT,2026-03-16 00:00:00,2026-03-12 00:00:00,2026-04-02 00:00:00,False,False,False,False,False,False,False,False
CBK0001367,TXN00014165,USR19110,MCH1811,,Fraud Suspected,FRAUD,User claims account was compromised before transaction.,OPEN,MEDIUM,CHATBOT,2026-03-08 00:00:00,2026-03-06 00:00:00,2026-03-28 00:00:00,True,False,False,False,False,False,False,False
CBK0001999,TXN00013752,USR25196,MCH3129,1283.33,Merchant Not Delivered,SERVICE_NOT_DELIVERED,Customer says amount was debited twice.,PENDING_BANK,HIGH,IVR,2026-03-12 00:00:00,2026-03-02 00:00:00,2026-04-03 00:00:00,False,False,False,False,False,False,False,False
CBK0000656,TXN00015006,USR77915,MCH7174,3732.8,Service Not Provided,SERVICE_NOT_DELIVERED,User claims account was compromised before transaction.,OPEN,MEDIUM,IVR,2026-02-23 00:00:00,2026-02-16 00:00:00,,False,False,False,False,False,True,False,False
CBK0000525,TXN00013646,USR86166,MCH9676,5986.31,service failed,SERVICE_NOT_DELIVERED,User says UPI PIN was not entered by them.,IN_PROGRESS,LOW,CHATBOT,2026-03-16 00:00:00,2026-03-17 01:18:47,2026-03-17 00:00:00,False,False,False,False,False,False,True,False
CBK0001024,TXN00012992,USR34053,MCH5076,1617.78,UNAUTHORISED,UNAUTHORIZED,USER REPORTS MONEY DEDUCTED BUT MERCHANT DENIES RECEIVING PAYMENT.,IN_PROGRESS,LOW,BRANCH,2026-04-02 00:00:00,2026-02-16 00:00:00,2026-04-07 15:17:00,False,False,False,False,False,False,False,False
CBK0002067,TXN00011970,USR59147,MCH5954,164.3,merchant service issue,SERVICE_NOT_DELIVERED,Customer says amount was debited twice.,RESOLVED,MEDIUM,EMAIL,2026-02-19 00:00:00,2026-02-17 00:00:00,,False,False,False,False,False,True,False,False
CBK0001634,TXN00016754,USR77208,MCH6810,2563.38,UNAUTHORISED,UNAUTHORIZED,CUSTOMER SAYS TRANSACTION WAS NOT AUTHORIZED.,CLOSED,LOW,CHATBOT,2026-02-19 12:19:39,,2026-03-17 00:00:00,False,False,False,False,True,False,False,False
CBK0001993,TXN00017510,USR45520,MCH5954,788.58,suspicious transaction,FRAUD,Customer says transaction was not authorized.,CLOSED,HIGH,IVR,2026-04-04 08:04:37,2026-03-24 16:04:37,2026-04-16 08:04:37,False,False,False,False,False,False,False,False
CBK0001032,TXN00015474,USR75327,MCH6425,879.08,delivery issue,SERVICE_NOT_DELIVERED,CUSTOMER COMPLAINT TEXT UNCLEAR DUE TO POOR CALL CENTER NOTES.,RESOLVED,MEDIUM,CHATBOT,2026-01-05 00:00:00,2026-01-02 00:00:00,,False,False,False,False,False,True,False,False
CBK0001551,TXN00014584,USR72106,MCH5954,25463.16,not done by me,UNAUTHORIZED,User reports money deducted but merchant denies receiving payment.,RESOLVED,MEDIUM,BRANCH,,2026-01-17 00:00:00,,False,False,False,True,False,True,False,False
CBK0002236,TXN00017102,USR93581,MCH7162,193.64,fraud,FRAUD,Customer says amount was debited twice.,RESOLVED,MEDIUM,IVR,2026-03-17 12:49:37,2026-03-12 00:00:00,2026-03-27 00:00:00,False,False,False,False,False,False,False,False
CBK0000509,TXN00004836,USR34955,MCH5954,3723.0,incorrect amount,AMOUNT_MISMATCH,customer says transaction was not authorized.,IN_PROGRESS,LOW,IVR,,2026-01-09 09:38:00,2026-01-30 03:38:00,False,False,False,True,False,False,False,False
CBK0002785,TXN00013530,USR57016,MCH8577,1866.63,Wrong Amount,AMOUNT_MISMATCH,Merchant service was not delivered after payment.,OPEN,CRITICAL,CALL_CENTER,2026-02-26 00:00:00,2026-02-21 09:05:58,2026-03-04 19:05:58,False,False,False,False,False,False,False,False
CBK0000823,TXN00002624,USR25108,MCH8679,1274.21,scam,FRAUD,User reports money deducted but merchant denies receiving payment.,CLOSED,MEDIUM,EMAIL,2026-03-15 00:00:00,2026-03-12 00:00:00,2026-03-30 00:00:00,False,False,False,False,False,False,False,False
CBK0001010,TXN00006755,USR73752,MCH7461,-627.47,Account Takeover,ACCOUNT_TAKEOVER,User claims account was compromised before transaction. call dropped,PENDING_BANK,LOW,CHATBOT,2026-03-17 00:00:00,2026-03-14 00:00:00,2026-04-14 00:00:00,False,True,False,False,False,False,False,False
CBK0000185,TXN00007154,USR85483,MCH4852,2770.88,merchant service issue,SERVICE_NOT_DELIVERED,Customer says amount was debited twice.,OPEN,LOW,CHATBOT,2026-02-05 00:00:00,2026-01-29 00:00:00,2026-02-10 15:57:00,False,False,False,False,False,False,False,False
CBK0000715,TXN00007023,USR33914,MCH5238,463.5,complaint,CUSTOMER_DISPUTE,Merchant service was not delivered after payment.,CLOSED,MEDIUM,EMAIL,2026-03-16 00:00:00,2026-03-15 01:54:25,2026-04-11 14:54:25,False,False,False,False,False,False,False,False
CBK0002196,TXN00010149,USR88130,MCH8556,,unauth txn,UNAUTHORIZED,customer says amount was debited twice.,IN_PROGRESS,CRITICAL,EMAIL,2026-03-30 00:00:00,2026-02-28 00:00:00,,True,False,False,False,False,True,False,False
CBK0000820,TXN00054263,USR12102,MCH5265,824.86,incorrect amount,AMOUNT_MISMATCH,User claims account was compromised before transaction.,REJECTED,HIGH,IVR,2026-03-21 11:33:48,2026-03-19 09:33:48,2026-04-02 00:00:00,False,False,False,False,False,False,False,False
CBK0000765,TXN00007330,USR99392,MCH8540,2018.57,customer issue,CUSTOMER_DISPUTE,Customer complaint text unclear due to poor call center notes.,REJECTED,MEDIUM,CHATBOT,2026-02-14 00:00:00,2026-02-12 00:00:00,2026-03-13 00:00:00,False,False,False,False,False,False,False,False
CBK0000540,TXN00007501,USR29824,MCH9199,,no service,SERVICE_NOT_DELIVERED,Suspicious high-value payment disputed by customer. details missing,OPEN,LOW,CALL_CENTER,,,2026-03-06 01:07:00,True,False,False,True,True,False,False,False
CBK0000618,TXN00013129,USR59658,MCH8812,1549.0,Wrong Amount,AMOUNT_MISMATCH,customer says transaction was not authorized.,RESOLVED,LOW,CHATBOT,,2026-01-14 00:00:00,,False,False,False,True,False,True,False,False
CBK0001607,TXN00015175,USR13767,MCH2284,381.32,Duplicate Debit,DUPLICATE_DEBIT,Customer says transaction was not authorized.,PENDING_BANK,CRITICAL,EMAIL,2026-01-12 05:37:00,2026-01-10 00:00:00,,False,False,False,False,False,True,False,False
CBK0001123,TXN00003494,USR31366,MCH5980,342.28,complaint,CUSTOMER_DISPUTE,USER REPORTS MONEY DEDUCTED BUT MERCHANT DENIES RECEIVING PAYMENT.,RESOLVED,LOW,IVR,2026-02-07 20:30:24,2026-02-05 00:00:00,,False,False,False,False,False,True,False,False
CBK0000004,TXN00008092,USR65030,MCH5264,2596.26,Fraud Suspected,FRAUD,Complaint received after multiple failed attempts.,RESOLVED,MEDIUM,CALL_CENTER,2026-02-25 16:21:00,2026-02-26 16:21:11,,False,False,False,False,False,True,True,False
CBK0000585,TXN00010811,USR26991,MCH4181,1744.0,UNAUTHORISED,UNAUTHORIZED,User reports money deducted but merchant denies receiving payment.,RESOLVED,HIGH,CALL_CENTER,2026-04-02 18:35:45,2026-03-31 00:00:00,2026-04-11 00:00:00,False,False,False,False,False,False,False,False
CBK0002198,TXN00018071,USR65483,MCH6689,3289.2,item not received,SERVICE_NOT_DELIVERED,customer says transaction was not authorized.,REJECTED,MEDIUM,IVR,2026-03-06 00:00:00,2026-03-03 00:00:00,2026-03-08 00:00:00,False,False,False,False,False,False,False,False
CBK0001079,TXN00012253,USR87914,MCH5542,1245.84,Service Not Provided,SERVICE_NOT_DELIVERED,Suspicious high-value payment disputed by customer.,IN_PROGRESS,CRITICAL,CALL_CENTER,2026-03-07 00:00:00,2026-03-07 04:37:00,2026-03-16 16:37:00,False,False,False,False,False,False,True,False
CBK0000034,TXN00018948,USR39094,MCH1418,959.89,customer issue,CUSTOMER_DISPUTE,User says UPI PIN was not entered by them.,OPEN,MEDIUM,CHATBOT,2026-02-02 06:52:00,2026-01-27 00:00:00,2026-02-10 06:52:00,False,False,False,False,False,False,False,False
CBK0000343,TXN00016878,USR66196,MCH2822,2996.76,customer issue,CUSTOMER_DISPUTE,Customer complaint text unclear due to poor call center notes.,CLOSED,LOW,IVR,2026-02-16 00:00:00,2026-02-10 12:11:00,2026-02-20 06:11:14,False,False,False,False,False,False,False,False
CBK0000481,TXN00015109,USR46576,MCH2266,287.95,extra amount deducted,AMOUNT_MISMATCH,User claims account was compromised before transaction.,CLOSED,MEDIUM,BRANCH,2026-03-29 15:43:00,2026-03-27 00:00:00,2026-04-16 00:00:00,False,False,False,False,False,False,False,False
CBK0001728,TXN00005001,USR63634,MCH6359,4713.3,dispute raised,CUSTOMER_DISPUTE,Customer says transaction was not authorized.,RESOLVED,MEDIUM,IVR,2026-03-08 16:09:12,2026-03-05 00:00:00,,False,False,False,False,False,True,False,False
CBK0002237,TXN00001882,USR15350,MCH7351,2264.22,Duplicate Debit,DUPLICATE_DEBIT,USER SAYS UPI PIN WAS NOT ENTERED BY THEM.,CLOSED,MEDIUM,IVR,2026-04-27 00:00:00,2026-03-28 00:00:00,2026-05-01 20:04:39,False,False,False,False,False,False,False,False
CBK0001058,TXN00008405,USR25902,MCH8556,1446.29,UNAUTHORISED,UNAUTHORIZED,User says UPI PIN was not entered by them.,REJECTED,HIGH,CHATBOT,2026-02-17 00:00:00,2026-02-10 00:00:00,,False,False,False,False,False,True,False,False
CBK0001933,TXN00005666,USR33656,MCH5076,1764.4,Duplicate Debit,DUPLICATE_DEBIT,SUSPICIOUS HIGH-VALUE PAYMENT DISPUTED BY CUSTOMER.,PENDING_BANK,LOW,BRANCH,2026-02-19 07:15:00,2026-02-14 07:15:35,2026-03-10 00:00:00,False,False,False,False,False,False,False,False
CBK0000466,TXN00008559,USR20115,MCH2757,876.37,service failed,SERVICE_NOT_DELIVERED,Customer says amount was debited twice.,OPEN,MEDIUM,IVR,2026-03-22 00:00:00,2026-03-21 08:09:20,2026-04-18 00:00:00,False,False,False,False,False,False,False,False
CBK0001130,TXN00013293,USR64755,MCH3055,648.89,account hacked,ACCOUNT_TAKEOVER,customer says transaction was not authorized.,OPEN,MEDIUM,APP,2026-02-13 04:28:39,2026-02-07 00:00:00,2026-02-21 00:00:00,False,False,False,False,False,False,False,False
CBK0000736,TXN00001334,USR31979,MCH2101,6666.14,ATO,ACCOUNT_TAKEOVER,Customer says amount was debited twice.,IN_PROGRESS,MEDIUM,CHATBOT,2026-03-25 07:54:27,2026-03-23 11:54:27,,False,False,False,False,False,True,False,False
CBK0000181,TXN00016182,USR66758,MCH1612,237.88,suspicious transaction,FRAUD,Customer says amount was debited twice.,REJECTED,LOW,APP,2026-01-30 00:00:00,2026-01-28 10:33:01,2026-02-08 00:00:00,False,False,False,False,False,False,False,False
CBK0000697,TXN00007023,USR88430,MCH4181,10555.32,Wrong Amount,AMOUNT_MISMATCH,Customer says transaction was not authorized.,REJECTED,MEDIUM,IVR,2026-03-31 14:00:23,2026-03-25 19:00:00,2026-04-27 00:00:00,False,False,False,False,False,False,False,False
CBK0001752,TXN00006114,USR22925,MCH5954,4938.0,account hacked,ACCOUNT_TAKEOVER,Customer says transaction was not authorized.,REJECTED,HIGH,CALL_CENTER,2026-01-27 00:00:00,2026-01-11 14:56:22,2026-02-17 00:00:00,False,False,False,False,False,False,False,False
CBK0002549,TXN00014870,USR48114,MCH3983,10657.19,delivery issue,SERVICE_NOT_DELIVERED,USER SAYS UPI PIN WAS NOT ENTERED BY THEM.,OPEN,LOW,CHATBOT,2026-01-18 00:00:00,2026-01-17 00:00:00,2026-02-16 00:00:00,False,False,False,False,False,False,False,False
CBK0001488,TXN00015761,USR47459,MCH8883,6388.0,service failed,SERVICE_NOT_DELIVERED,User claims account was compromised before transaction.,OPEN,LOW,IVR,2026-02-08 18:43:00,,2026-03-06 00:00:00,False,False,False,False,True,False,False,False
CBK0001651,TXN00010749,USR62848,MCH3729,,Fraud Suspected,FRAUD,Customer says amount was debited twice. call dropped,IN_PROGRESS,LOW,BRANCH,2026-02-22 23:37:50,2026-02-15 00:00:00,2026-02-26 00:00:00,True,False,False,False,False,False,False,False
CBK0002711,TXN00042233,USR31712,MCH3819,,Duplicate Debit,DUPLICATE_DEBIT,complaint received after multiple failed attempts.,CLOSED,HIGH,IVR,2026-04-24 16:53:03,2026-03-10 00:00:00,2026-05-09 16:53:03,True,False,False,False,False,False,False,False
CBK0001543,TXN00009804,USR90720,MCH4495,767.56,merchant service issue,SERVICE_NOT_DELIVERED,Customer complaint text unclear due to poor call center notes.,REJECTED,MEDIUM,IVR,2026-01-24 00:00:00,,2026-01-27 03:54:00,False,False,False,False,True,False,False,False
CBK0000310,TXN00019838,USR34180,MCH6810,2926.76,Unauthorized Transaction,UNAUTHORIZED,User reports money deducted but merchant denies receiving payment.,IN_PROGRESS,CRITICAL,BRANCH,2026-02-19 00:00:00,2026-02-04 00:00:00,2026-02-25 00:00:00,False,False,False,False,False,False,False,False
CBK0001605,TXN00013039,USR38436,MCH5655,7884.27,Account Takeover,ACCOUNT_TAKEOVER,Suspicious high-value payment disputed by cust.,REJECTED,MEDIUM,CALL_CENTER,2026-01-09 00:00:00,,2026-01-13 00:00:00,False,False,False,False,True,False,False,False
CBK0002159,TXN00008446,USR75943,MCH5482,-2807.75,scam,FRAUD,CUSTOMER SAYS TRANSACTION WAS NOT AUTHORIZED.,REJECTED,CRITICAL,EMAIL,2026-03-08 12:51:00,2026-03-08 00:00:00,2026-03-27 00:00:00,False,True,False,False,False,False,False,False
CBK0000883,TXN00009806,USR94655,MCH5279,3825.17,FRAUD,FRAUD,suspicious high-value payment disputed by customer.,OPEN,LOW,IVR,2026-01-23 00:00:00,2026-01-19 18:04:00,,False,False,False,False,False,True,False,False
CBK0000273,TXN00002139,USR80361,MCH6712,-1116.32,customer issue,CUSTOMER_DISPUTE,customer complaint text unclear due to poor call center notes.,OPEN,LOW,BRANCH,2026-03-16 04:26:00,2026-03-05 11:26:00,,False,True,False,False,False,True,False,False
CBK0002172,TXN00011390,USR27533,MCH3479,681.66,Unauthorized Transaction,UNAUTHORIZED,Merchant service was not delivered after payment.,RESOLVED,HIGH,APP,2026-01-23 00:41:15,2026-01-20 00:00:00,,False,False,False,False,False,True,False,False
CBK0000046,TXN00007253,USR97477,MCH1590,8599.51,ATO,ACCOUNT_TAKEOVER,User reports money deducted but merchant denies receiving payment.,OPEN,HIGH,APP,2026-03-03 00:00:00,2026-02-15 00:00:00,2026-03-09 00:00:00,False,False,False,False,False,False,False,False
CBK0001291,TXN00018053,USR56751,MCH8322,1619.1,service failed,SERVICE_NOT_DELIVERED,customer complaint text unclear due to poor call center notes.,CLOSED,LOW,IVR,2026-01-28 00:00:00,2026-01-26 05:12:55,,False,False,False,False,False,True,False,False
CBK0000362,TXN00002263,USR61333,MCH7286,9476.14,incorrect amount,AMOUNT_MISMATCH,User reports money deducted but merchant denies receiving payment.,IN_PROGRESS,MEDIUM,BRANCH,2026-01-21 00:00:00,2026-01-20 00:00:00,2026-01-30 00:00:00,False,False,False,False,False,False,False,False
CBK0000583,TXN00013098,USR11077,MCH5456,,incorrect amount,AMOUNT_MISMATCH,SUSPICIOUS HIGH-VALUE PAYMENT DISPUTED BY CUSTOMER.,PENDING_BANK,MEDIUM,BRANCH,2026-02-03 00:32:11,2026-02-01 00:00:00,2026-02-03 00:32:11,True,False,False,False,False,False,False,False
CBK0001258,TXN00017225,USR40420,MCH1168,4972.38,FRAUD,FRAUD,User says UPI PIN was not entered by them.,IN_PROGRESS,LOW,CHATBOT,2026-03-11 00:00:00,2026-02-28 00:00:00,,False,False,False,False,False,True,False,False
CBK0001309,TXN00001777,USR97380,MCH3684,6040.0,Unauthorized Transaction,UNAUTHORIZED,Customer says transaction was not authorized.,CLOSED,MEDIUM,IVR,2026-04-27 18:23:00,2026-03-13 00:00:00,2026-04-29 00:00:00,False,False,False,False,False,False,False,False
CBK0000479,TXN00016497,USR12417,MCH8154,3794.91,Fraud Suspected,FRAUD,Payment made to unknown merchant as per customer statement.,IN_PROGRESS,MEDIUM,APP,2026-03-12 04:20:00,2026-03-14 00:00:00,2026-03-29 00:00:00,False,False,False,False,False,False,True,False
CBK0000022,TXN00012475,USR21946,MCH4181,11540.0,unauthorized_transaction,UNAUTHORIZED,Customer complaint text unclear due to poor call center notes.,IN_PROGRESS,LOW,CHATBOT,2026-03-06 00:00:00,2026-03-05 23:30:49,2026-03-19 00:00:00,False,False,False,False,False,False,False,False
CBK0001439,TXN00018123,USR83744,MCH5378,3146.39,dispute raised,CUSTOMER_DISPUTE,Customer says transaction was not authorized.,CLOSED,LOW,IVR,2026-03-19 00:00:00,2026-03-13 22:46:01,2026-04-02 06:46:00,False,False,False,False,False,False,False,False
CBK0000976,TXN00002141,USR96958,MCH6498,7027.39,delivery issue,SERVICE_NOT_DELIVERED,Complaint received after multiple failed attempts.,REJECTED,MEDIUM,EMAIL,2026-01-30 22:01:24,2026-01-23 00:00:00,2026-02-09 00:00:00,False,False,False,False,False,False,False,False
CBK0000639,TXN00017298,USR56287,MCH7134,3871.95,scam,FRAUD,User reports money deducted but merchant denies receiving payment.,REJECTED,MEDIUM,CHATBOT,2026-03-23 00:00:00,2026-03-22 00:00:00,,False,False,False,False,False,True,False,False
CBK0000853,TXN00019212,USR43229,MCH3902,1395.11,FRAUD,FRAUD,Customer says txn was not authorized.,REJECTED,MEDIUM,CHATBOT,2026-03-26 00:00:00,2026-03-21 00:27:23,2026-04-23 00:00:00,False,False,False,False,False,False,False,False
CBK0001985,TXN00005222,USR98253,MCH3611,526.0,fraud,FRAUD,USER CLAIMS ACCOUNT WAS COMPROMISED BEFORE TRANSACTION.,RESOLVED,MEDIUM,EMAIL,2026-02-21 00:00:00,,2026-03-02 00:00:00,False,False,False,False,True,False,False,False
CBK0000300,TXN00002857,USR92485,MCH7388,920.19,not delivered,SERVICE_NOT_DELIVERED,User reports money deducted but merchant denies receiving payment.,IN_PROGRESS,HIGH,CHATBOT,2026-03-21 00:00:00,,2026-04-20 00:00:00,False,False,False,False,True,False,False,False
CBK0001326,TXN00017532,USR63876,MCH4629,2971.18,amount mismatch,AMOUNT_MISMATCH,Suspicious high-value payment disputed by customer.,REJECTED,LOW,IVR,2026-01-30 00:00:00,2026-01-22 00:00:00,,False,False,False,False,False,True,False,False
CBK0002099,TXN00016911,USR94430,MCH5701,1895.66,login compromised,ACCOUNT_TAKEOVER,Customer complaint text unclear due to poor call center notes.,REJECTED,MEDIUM,EMAIL,2026-01-12 00:00:00,2026-01-10 00:00:00,,False,False,False,False,False,True,False,False
CBK0001474,TXN00008578,USR71704,MCH7047,3771.28,Unauthorized Transaction,UNAUTHORIZED,Customer complaint text unclear due to poor call center notes.,OPEN,MEDIUM,EMAIL,2026-02-13 00:00:00,2026-02-05 00:00:00,2026-03-04 00:00:00,False,False,False,False,False,False,False,False
CBK0001508,TXN00006688,USR56287,MCH2552,592.68,login compromised,ACCOUNT_TAKEOVER,Complaint received after multiple failed attempts.,PENDING_BANK,HIGH,EMAIL,2026-02-25 00:00:00,2026-02-21 21:29:00,2026-03-02 04:29:00,False,False,False,False,False,False,False,False
CBK0000985,TXN00016633,USR50898,MCH3836,3329.74,UNAUTHORISED,UNAUTHORIZED,COMPLAINT RECEIVED AFTER MULTIPLE FAILED ATTEMPTS.,IN_PROGRESS,HIGH,CHATBOT,2026-03-07 00:00:00,,,False,False,False,False,True,True,False,False
CBK0002762,TXN00012709,USR87422,MCH2383,-1866.43,double debit,DUPLICATE_DEBIT,COMPLAINT RECEIVED AFTER MULTIPLE FAILED ATTEMPTS.,OPEN,MEDIUM,BRANCH,2026-01-25 00:00:00,,2026-02-01 00:00:00,False,True,False,False,True,False,False,False
CBK0002695,TXN00009985,USR69511,MCH3100,4262.78,unauth txn,UNAUTHORIZED,Customer says txn was not authorized.,OPEN,LOW,APP,2026-03-19 00:00:00,2026-03-04 00:00:00,2026-03-19 00:00:00,False,False,False,False,False,False,False,False
CBK0002523,TXN00016424,USR39280,MCH4590,1444.48,amount mismatch,AMOUNT_MISMATCH,Merchant service was not delivered after payment.,RESOLVED,HIGH,CALL_CENTER,,2026-02-09 00:00:00,2026-03-06 00:00:00,False,False,False,True,False,False,False,False
CBK0001776,TXN00003915,USR57281,MCH6934,264.64,DUP_DEBIT,DUPLICATE_DEBIT,Payment made to unknown merchant as per customer statement.,REJECTED,MEDIUM,APP,2026-02-25 00:00:00,2026-02-25 00:00:00,2026-03-24 00:00:00,False,False,False,False,False,False,False,False
CBK0000251,TXN00012937,USR77066,MCH5347,2574.17,item not received,SERVICE_NOT_DELIVERED,User says UPI PIN was not entered by them.,CLOSED,MEDIUM,CALL_CENTER,2026-03-22 00:00:00,2026-03-17 00:00:00,2026-04-10 02:26:00,False,False,False,False,False,False,False,False
CBK0000729,TXN00009979,USR43978,MCH6850,1801.1,Fraud Suspected,FRAUD,USER SAYS UPI PIN WAS NOT ENTERED BY THEM.,IN_PROGRESS,MEDIUM,BRANCH,2026-02-17 00:00:00,2026-02-01 00:00:00,,False,False,False,False,False,True,False,False
CBK0001430,TXN00003193,USR30157,MCH5404,2273.34,charged twice,DUPLICATE_DEBIT,Payment made to unknown merchant as per customer statement. urgent,CLOSED,CRITICAL,BRANCH,2026-02-27 00:00:00,2026-02-21 00:00:00,2026-03-09 00:00:00,False,False,False,False,False,False,False,False
CBK0001056,TXN00017995,USR83697,MCH7555,1918.51,unauthorized_transaction,UNAUTHORIZED,User reports money deducted but merchant denies receiving payment.,RESOLVED,MEDIUM,IVR,2026-03-27 02:11:24,2026-03-26 00:00:00,2026-04-17 00:00:00,False,False,False,False,False,False,False,False
CBK0002533,TXN00002429,USR82871,MCH8050,389.54,not done by me,UNAUTHORIZED,Merchant service was not delivered after payment.,IN_PROGRESS,MEDIUM,IVR,2026-02-12 00:00:00,2026-01-27 20:26:00,2026-02-21 00:00:00,False,False,False,False,False,False,False,False
CBK0001748,TXN00036584,USR93861,MCH2037,-3309.31,account hacked,ACCOUNT_TAKEOVER,User says UPI PIN was not entered by them.,PENDING_BANK,HIGH,IVR,2026-01-04 00:00:00,2026-01-01 00:00:00,2026-01-28 00:00:00,False,True,False,False,False,False,False,False
CBK0002154,TXN00019558,USR60770,MCH4307,1769.97,Duplicate Debit,DUPLICATE_DEBIT,Customer says transaction was not authorized.,RESOLVED,LOW,BRANCH,2026-04-05 00:00:00,2026-03-31 00:00:00,2026-04-17 00:00:00,False,False,False,False,False,False,False,False
CBK0001530,TXN00000959,USR38580,MCH7286,982.69,customer issue,CUSTOMER_DISPUTE,Customer says amount was debited twice.,OPEN,LOW,EMAIL,2026-03-11 15:32:00,2026-03-08 00:00:00,2026-04-04 00:00:00,False,False,False,False,False,False,False,False
CBK0001561,TXN00012655,USR49452,MCH7833,5677.69,Merchant Not Delivered,SERVICE_NOT_DELIVERED,payment made to unknown merchant as per customer statement.,OPEN,MEDIUM,BRANCH,2026-02-04 00:00:00,2026-02-02 00:00:00,2026-02-14 10:24:28,False,False,False,False,False,False,False,False
CBK0002302,TXN00004618,USR69543,MCH8140,1142.86,DUP_DEBIT,DUPLICATE_DEBIT,User claims account was compromised before transaction.,REJECTED,LOW,IVR,2026-01-23 00:00:00,,,False,False,False,False,True,True,False,False
CBK0000447,TXN00012764,USR26323,MCH5927,1222.0,scam,FRAUD,User reports money deducted but merchant denies receiving payment.,IN_PROGRESS,MEDIUM,IVR,2026-03-18 00:00:00,2026-03-15 00:00:00,2026-04-10 00:00:00,False,False,False,False,False,False,False,False
CBK0002090,TXN00008261,USR15888,MCH7075,4227.03,Merchant Not Delivered,SERVICE_NOT_DELIVERED,Suspicious high-value payment disputed by cust.,RESOLVED,HIGH,BRANCH,2026-03-03 15:25:42,2026-02-26 07:25:00,,False,False,False,False,False,True,False,False
CBK0001157,TXN00018783,USR89151,MCH3001,11640.86,customer issue,CUSTOMER_DISPUTE,USER SAYS UPI PIN WAS NOT ENTERED BY THEM.,PENDING_BANK,LOW,APP,2026-01-29 03:28:31,2026-01-24 00:00:00,,False,False,False,False,False,True,False,False
CBK0002684,TXN00018518,USR58335,MCH2058,2159.7,Unauthorized Transaction,UNAUTHORIZED,user says upi pin was not entered by them.,CLOSED,LOW,CALL_CENTER,2026-01-04 00:00:00,2026-01-02 00:00:00,2026-01-06 00:00:00,False,False,False,False,False,False,False,False
CBK0001929,TXN00003276,USR83918,MCH9291,-5720.73,incorrect amount,AMOUNT_MISMATCH,Complaint received after multiple failed attempts.,RESOLVED,LOW,IVR,2026-03-22 00:00:00,,2026-04-09 00:00:00,False,True,False,False,True,False,False,False
CBK0001320,TXN00014032,USR46308,MCH5900,358.19,ATO,ACCOUNT_TAKEOVER,Complaint received after multiple failed attempts. urgent,PENDING_BANK,LOW,IVR,2026-02-06 00:00:00,2026-02-01 00:00:00,2026-02-13 00:00:00,False,False,False,False,False,False,False,False
CBK0001600,TXN00014926,USR22359,MCH4542,2332.94,Fraud Suspected,FRAUD,Suspicious high-value payment disputed by customer.,CLOSED,LOW,CHATBOT,2026-01-22 15:21:40,,2026-02-09 00:00:00,False,False,False,False,True,False,False,False
CBK0002391,TXN00013005,USR27779,MCH6850,3734.7,delivery issue,SERVICE_NOT_DELIVERED,Merchant service was not delivered after payment.,PENDING_BANK,LOW,APP,2026-04-01 00:00:00,,2026-04-15 18:10:52,False,False,False,False,True,False,False,False
CBK0001069,TXN00072059,USR75081,MCH7509,1209.0,Account Takeover,ACCOUNT_TAKEOVER,Complaint received after multiple failed attempts.,IN_PROGRESS,MEDIUM,CHATBOT,2026-02-14 04:04:39,2026-02-10 17:04:00,2026-03-16 04:04:00,False,False,False,False,False,False,False,False
CBK0000691,TXN00006342,USR46662,MCH8426,1546.48,delivery issue,SERVICE_NOT_DELIVERED,merchant service was not delivered after payment.,IN_PROGRESS,MEDIUM,IVR,2026-03-19 00:00:00,2026-03-13 10:45:48,2026-03-20 02:45:00,False,False,False,False,False,False,False,False
CBK0002454,TXN00012462,USR25682,MCH5954,7714.0,dispute raised,CUSTOMER_DISPUTE,Customer complaint text unclear due to poor call center notes.,CLOSED,LOW,CALL_CENTER,2026-03-26 00:00:00,2026-03-23 00:00:00,2026-04-10 17:09:36,False,False,False,False,False,False,False,False
CBK0002777,TXN00041176,USR83934,MCH9022,8162.73,unauth txn,UNAUTHORIZED,User reports money deducted but merchant denies receiving payment. urgent,IN_PROGRESS,HIGH,IVR,2026-02-06 17:22:00,2026-02-01 00:00:00,2026-02-21 00:00:00,False,False,False,False,False,False,False,False
CBK0000263,TXN00006449,USR71316,MCH6236,250.0,account hacked,ACCOUNT_TAKEOVER,User says UPI PIN was not entered by them.,IN_PROGRESS,HIGH,CHATBOT,2026-01-26 01:59:16,2026-01-10 00:00:00,2026-02-15 00:00:00,False,False,False,False,False,False,False,False
CBK0000590,TXN00018358,USR73010,MCH2722,-1889.21,Wrong Amount,AMOUNT_MISMATCH,Complaint received after multiple failed attempts.,RESOLVED,HIGH,CHATBOT,2026-03-20 03:25:00,2026-03-12 00:00:00,2026-04-16 00:00:00,False,True,False,False,False,False,False,False
CBK0001133,TXN00004481,USR68023,MCH1494,1101.44,extra amount deducted,AMOUNT_MISMATCH,User claims account was compromised before transaction.,REJECTED,CRITICAL,BRANCH,2026-01-05 00:00:00,2026-01-06 00:00:00,2026-01-05 00:00:00,False,False,False,False,False,False,True,False
CBK0002414,TXN00000503,USR85650,MCH1590,325.93,charged twice,DUPLICATE_DEBIT,complaint received after multiple failed attempts.,OPEN,HIGH,CALL_CENTER,2026-04-18 00:00:00,2026-03-04 16:57:39,2026-05-09 18:57:00,False,False,False,False,False,False,False,False
CBK0002627,TXN00001026,USR26564,MCH5899,2910.7,merchant service issue,SERVICE_NOT_DELIVERED,Suspicious high-value payment disputed by customer.,IN_PROGRESS,MEDIUM,IVR,2026-01-25 07:59:00,2026-01-17 09:59:06,2026-02-20 00:00:00,False,False,False,False,False,False,False,False
CBK0001008,,USR97772,MCH1074,1143.88,charged twice,DUPLICATE_DEBIT,Customer says amount was debited twice.,RESOLVED,MEDIUM,IVR,2026-01-13 00:00:00,,2026-01-23 02:52:41,False,False,True,False,True,False,False,False
CBK0000285,TXN00009133,USR99694,MCH2606,1528.27,service failed,SERVICE_NOT_DELIVERED,Customer says amount was debited twice.,OPEN,MEDIUM,IVR,2026-03-22 00:00:00,2026-03-19 03:32:00,,False,False,False,False,False,True,False,False
CBK0001311,TXN00018498,USR40538,MCH7255,1779.0,Account Takeover,ACCOUNT_TAKEOVER,Payment made to unknown merchant as per customer statement.,RESOLVED,LOW,CALL_CENTER,2026-03-23 00:00:00,2026-03-19 00:00:00,2026-04-06 00:00:00,False,False,False,False,False,False,False,False
CBK0000220,TXN00009971,USR81170,MCH6607,4849.0,suspicious transaction,FRAUD,Customer says amount was debited twice. urgent,IN_PROGRESS,LOW,EMAIL,2026-03-03 00:00:00,,,False,False,False,False,True,True,False,False
CBK0002615,TXN00018536,USR57158,MCH5099,1257.97,FRAUD,FRAUD,Suspicious high-value payment disputed by cust.,OPEN,HIGH,APP,2026-02-24 00:00:00,2026-02-22 13:48:57,2026-03-02 00:00:00,False,False,False,False,False,False,False,False
CBK0001460,TXN00014496,USR33249,MCH4270,554.76,unauthorized_transaction,UNAUTHORIZED,customer says amount was debited twice.,IN_PROGRESS,LOW,APP,2026-04-02 00:00:00,2026-03-29 00:00:00,2026-04-04 02:17:31,False,False,False,False,False,False,False,False
CBK0000068,TXN00019414,USR96148,MCH3815,996.0,login compromised,ACCOUNT_TAKEOVER,Suspicious high-value payment disputed by customer.,PENDING_BANK,CRITICAL,IVR,2026-01-01 00:00:00,2026-01-01 03:55:28,2026-01-18 06:55:00,False,False,False,False,False,False,True,False
CBK0001363,TXN00015121,USR62483,MCH1141,1504.76,Customer Dispute,CUSTOMER_DISPUTE,USER SAYS UPI PIN WAS NOT ENTERED BY THEM.,CLOSED,MEDIUM,CHATBOT,2026-02-18 00:00:00,2026-02-15 00:00:00,2026-03-05 00:00:00,False,False,False,False,False,False,False,False
CBK0001071,TXN00005413,USR85761,MCH3171,,extra amount deducted,AMOUNT_MISMATCH,Suspicious high-value payment disputed by customer. details missing,PENDING_BANK,MEDIUM,CHATBOT,2026-02-01 00:00:00,2026-01-29 00:00:00,2026-02-14 00:00:00,True,False,False,False,False,False,False,False
CBK0000562,TXN00003828,USR39793,MCH3203,1594.84,UNAUTHORISED,UNAUTHORIZED,User reports money deducted but merchant denies receiving payment.,PENDING_BANK,LOW,CHATBOT,2026-03-31 19:03:00,,,False,False,False,False,True,True,False,False
CBK0001140,TXN00004922,USR79175,MCH6652,,not done by me,UNAUTHORIZED,user reports money deducted but merchant denies receiving payment.,CLOSED,MEDIUM,IVR,2026-03-30 00:00:00,2026-03-28 00:00:00,2026-04-10 04:32:07,True,False,False,False,False,False,False,False
CBK0000657,TXN00006919,USR29306,MCH5269,2207.79,amount mismatch,AMOUNT_MISMATCH,complaint received after multiple failed attempts.,CLOSED,MEDIUM,CHATBOT,2026-01-19 00:00:00,2026-01-14 00:00:00,2026-02-13 16:01:00,False,False,False,False,False,False,False,False
CBK0001831,TXN00010938,USR88037,MCH5655,4425.22,amount mismatch,AMOUNT_MISMATCH,Merchant service was not delivered after payment. details missing,OPEN,LOW,APP,2026-03-18 00:00:00,2026-03-15 18:39:00,2026-04-15 00:00:00,False,False,False,False,False,False,False,False
CBK0001818,TXN00005674,USR54580,MCH5397,560.0,not done by me,UNAUTHORIZED,CUSTOMER COMPLAINT TEXT UNCLEAR DUE TO POOR CALL CENTER NOTES.,IN_PROGRESS,HIGH,CHATBOT,2026-03-15 15:17:35,2026-03-08 00:00:00,2026-04-02 00:00:00,False,False,False,False,False,False,False,False
CBK0000721,TXN00009064,USR29458,MCH4113,1568.17,Duplicate Debit,DUPLICATE_DEBIT,Customer says amount was debited twice.,RESOLVED,CRITICAL,BRANCH,2026-02-12 00:00:00,2026-02-10 00:00:00,2026-03-03 00:00:00,False,False,False,False,False,False,False,False
CBK0000837,TXN00014492,USR59264,MCH1548,,suspicious transaction,FRAUD,SUSPICIOUS HIGH-VALUE PAYMENT DISPUTED BY CUSTOMER.,IN_PROGRESS,HIGH,CHATBOT,2026-02-03 00:00:00,2026-01-04 03:46:36,2026-02-11 00:00:00,True,False,False,False,False,False,False,False
CBK0002597,TXN00008925,USR93425,MCH3339,-3175.71,Service Not Provided,SERVICE_NOT_DELIVERED,User reports money deducted but merchant denies receiving payment. pls check asap,REJECTED,LOW,IVR,2026-01-03 04:36:00,2026-01-02 07:36:00,,False,True,False,False,False,True,False,False
CBK0000876,TXN00010046,USR91274,MCH8960,6572.39,double debit,DUPLICATE_DEBIT,User says UPI PIN was not entered by them.,REJECTED,MEDIUM,CHATBOT,2026-01-22 00:00:00,2026-01-17 07:29:00,2026-02-09 16:29:48,False,False,False,False,False,False,False,False
CBK0002537,TXN00066991,USR17742,MCH4337,1890.93,Customer Dispute,CUSTOMER_DISPUTE,User reports money deducted but merchant denies receiving payment.,CLOSED,LOW,IVR,2026-01-09 00:00:00,2026-01-07 09:36:06,2026-01-22 00:00:00,False,False,False,False,False,False,False,False
CBK0002507,TXN00016749,USR55737,MCH5655,,Unauthorized Transaction,UNAUTHORIZED,User claims account was compromised before txn.,CLOSED,MEDIUM,CALL_CENTER,2026-04-03 00:00:00,2026-03-31 00:00:00,2026-04-14 00:00:00,True,False,False,False,False,False,False,False
CBK0002350,TXN00064529,USR90246,MCH9480,472.0,unauthorized_transaction,UNAUTHORIZED,User says UPI PIN was not entered by them.,REJECTED,MEDIUM,EMAIL,2026-03-09 00:00:00,2026-02-27 02:51:00,,False,False,False,False,False,True,False,False
CBK0001416,TXN00018367,USR98309,MCH7233,1495.59,customer issue,CUSTOMER_DISPUTE,Suspicious high-value payment disputed by customer.,REJECTED,MEDIUM,CHATBOT,2026-01-03 05:05:00,,2026-01-29 05:05:00,False,False,False,False,True,False,False,False
CBK0002483,TXN00019669,USR65795,MCH4328,1522.61,not done by me,UNAUTHORIZED,User reports money deducted but merchant denies receiving payment.,CLOSED,LOW,BRANCH,2026-01-13 18:43:01,2026-01-12 00:00:00,2026-01-16 00:00:00,False,False,False,False,False,False,False,False
CBK0001553,TXN00004048,USR26051,MCH3235,-815.95,no service,SERVICE_NOT_DELIVERED,Customer says amount was debited twice.,IN_PROGRESS,LOW,APP,,2026-03-14 00:00:00,2026-03-29 00:00:00,False,True,False,True,False,False,False,False
CBK0000651,TXN00011527,USR57088,MCH1779,1443.54,unauth txn,UNAUTHORIZED,User claims account was compromised before transaction.,OPEN,MEDIUM,CHATBOT,2026-01-27 00:00:00,2026-01-25 00:00:00,2026-01-28 00:00:00,False,False,False,False,False,False,False,False
CBK0000866,TXN00002719,USR11592,MCH1717,2881.81,Unauthorized Transaction,UNAUTHORIZED,user claims account was compromised before transaction.,CLOSED,LOW,IVR,2026-03-12 23:06:00,2026-03-05 00:00:00,,False,False,False,False,False,True,False,False
CBK0000260,TXN00006995,USR27185,MCH1715,793.0,Account Takeover,ACCOUNT_TAKEOVER,User claims account was compromised before transaction.,RESOLVED,LOW,CHATBOT,2026-03-12 13:45:23,2026-03-09 00:00:00,2026-04-09 00:00:00,False,False,False,False,False,False,False,False
CBK0001397,TXN00001903,USR40286,MCH8305,2512.35,suspicious transaction,FRAUD,User says UPI PIN was not entered by them.,REJECTED,CRITICAL,IVR,2026-04-01 06:49:00,2026-03-25 01:49:45,2026-04-01 06:49:45,False,False,False,False,False,False,False,False
CBK0000374,TXN00005682,USR46350,MCH7622,2014.01,Wrong Amount,AMOUNT_MISMATCH,User says UPI PIN was not entered by them.,RESOLVED,HIGH,APP,2026-03-10 06:20:48,2026-02-22 07:20:00,2026-03-24 00:00:00,False,False,False,False,False,False,False,False
CBK0001557,TXN00010126,USR26970,MCH8953,1107.77,complaint,CUSTOMER_DISPUTE,Customer says amount was debited twice.,IN_PROGRESS,LOW,EMAIL,2026-02-11 02:05:00,2026-01-31 00:00:00,,False,False,False,False,False,True,False,False
CBK0001987,TXN00003622,USR56397,MCH9762,409.07,amount mismatch,AMOUNT_MISMATCH,Merchant service was not delivered after payment.,OPEN,MEDIUM,CHATBOT,2026-03-23 00:00:00,2026-03-21 22:28:29,,False,False,False,False,False,True,False,False
CBK0002351,TXN00008276,USR78874,MCH4259,3331.49,login compromised,ACCOUNT_TAKEOVER,Customer says txn was not authorized.,RESOLVED,CRITICAL,EMAIL,2026-03-23 00:00:00,2026-03-08 00:00:00,2026-04-15 11:14:00,False,False,False,False,False,False,False,False
CBK0000980,TXN00014697,USR44745,MCH3674,4816.24,delivery issue,SERVICE_NOT_DELIVERED,USER CLAIMS ACCOUNT WAS COMPROMISED BEFORE TRANSACTION.,RESOLVED,MEDIUM,CHATBOT,2026-03-30 00:00:00,2026-03-27 00:00:00,2026-04-02 00:00:00,False,False,False,False,False,False,False,False
CBK0002576,TXN00016892,USR92904,MCH3100,1942.12,dispute raised,CUSTOMER_DISPUTE,Payment made to unknown merchant as per customer statement. urgent,IN_PROGRESS,HIGH,APP,2026-01-29 01:18:00,2026-01-23 00:00:00,2026-01-30 00:00:00,False,False,False,False,False,False,False,False
CBK0002312,TXN00010316,USR71728,MCH5783,1419.0,not done by me,UNAUTHORIZED,Suspicious high-value payment disputed by customer.,PENDING_BANK,HIGH,EMAIL,2026-03-18 00:00:00,2026-03-12 00:00:00,,False,False,False,False,False,True,False,False
CBK0000422,TXN00008098,USR71316,MCH9344,-488.38,extra amount deducted,AMOUNT_MISMATCH,User reports money deducted but merchant denies receiving payment.,RESOLVED,LOW,CALL_CENTER,2026-01-26 00:00:00,2026-01-29 00:00:00,2026-02-16 10:30:02,False,True,False,False,False,False,True,False
CBK0000600,TXN00012715,USR19311,MCH3325,339.58,merchant service issue,SERVICE_NOT_DELIVERED,Merchant service was not delivered after payment.,PENDING_BANK,HIGH,IVR,2026-05-13 00:00:00,2026-03-28 00:00:00,,False,False,False,False,False,True,False,False
CBK0000248,TXN00002141,USR12530,MCH6850,-816.65,Fraud Suspected,FRAUD,Merchant service was not delivered after payment.,PENDING_BANK,HIGH,APP,2026-03-19 23:03:08,2026-03-18 17:03:00,2026-04-08 00:00:00,False,True,False,False,False,False,False,False
CBK0002317,TXN00003637,USR76315,MCH8796,4219.82,customer issue,CUSTOMER_DISPUTE,Merchant service was not delivered after payment.,PENDING_BANK,HIGH,IVR,2026-02-22 00:00:00,2026-02-18 00:00:00,2026-02-28 00:00:00,False,False,False,False,False,False,False,False
CBK0001219,TXN00002058,USR11226,MCH3986,,customer issue,CUSTOMER_DISPUTE,Customer says amount was debited twice.,REJECTED,LOW,BRANCH,2026-01-27 00:00:00,2026-01-24 00:00:00,2026-02-13 00:00:00,True,False,False,False,False,False,False,False
CBK0001145,TXN00081933,USR63160,MCH9899,5283.13,merchant service issue,SERVICE_NOT_DELIVERED,Customer says amount was debited twice. urgent,CLOSED,HIGH,IVR,2026-02-22 19:21:00,,,False,False,False,False,True,True,False,False
CBK0000619,TXN00014324,USR68349,MCH5721,1724.56,service failed,SERVICE_NOT_DELIVERED,User says UPI PIN was not entered by them.,REJECTED,MEDIUM,CHATBOT,2026-03-05 00:00:00,2026-03-04 11:05:40,2026-03-25 00:00:00,False,False,False,False,False,False,False,False
CBK0001424,TXN00014077,USR35882,MCH7435,411.2,not done by me,UNAUTHORIZED,Payment made to unknown merchant as per cust statement.,IN_PROGRESS,HIGH,BRANCH,2026-03-27 00:00:00,2026-03-16 19:03:13,,False,False,False,False,False,True,False,False
CBK0001980,TXN00000841,USR85655,MCH5128,2083.96,delivery issue,SERVICE_NOT_DELIVERED,Customer says transaction was not authorized.,CLOSED,LOW,APP,2026-02-11 01:12:41,2026-01-31 00:00:00,2026-02-15 00:00:00,False,False,False,False,False,False,False,False
CBK0000643,,USR85352,MCH4035,1167.69,complaint,CUSTOMER_DISPUTE,User reports money deducted but merchant denies receiving payment.,REJECTED,MEDIUM,IVR,2026-03-20 14:03:45,2026-03-21 00:00:00,2026-04-15 00:00:00,False,False,True,False,False,False,True,False
CBK0000172,TXN00016070,USR32730,MCH2746,2123.39,double debit,DUPLICATE_DEBIT,User says UPI PIN was not entered by them.,REJECTED,MEDIUM,EMAIL,2026-03-03 00:00:00,2026-02-27 00:00:00,2026-03-19 00:00:00,False,False,False,False,False,False,False,False
CBK0002184,TXN00015679,USR87165,MCH1864,221.0,extra amount deducted,AMOUNT_MISMATCH,User reports money deducted but merchant denies receiving payment.,REJECTED,LOW,IVR,2026-02-25 00:00:00,2026-01-10 22:44:00,2026-03-13 00:00:00,False,False,False,False,False,False,False,False
CBK0002023,TXN00016636,USR62254,MCH2450,6720.23,delivery issue,SERVICE_NOT_DELIVERED,User says UPI PIN was not entered by them. call dropped,REJECTED,MEDIUM,EMAIL,,,2026-02-19 00:00:00,False,False,False,True,True,False,False,False
CBK0000825,TXN00017847,USR71122,MCH1632,714.0,no service,SERVICE_NOT_DELIVERED,Customer says transaction was not authorized.,CLOSED,HIGH,IVR,2026-02-07 00:00:00,2026-02-05 04:48:20,,False,False,False,False,False,True,False,False
CBK0001339,TXN00012423,USR81981,MCH3013,591.32,incorrect amount,AMOUNT_MISMATCH,Customer says transaction was not authorized.,REJECTED,HIGH,APP,2026-01-30 00:00:00,2026-01-29 00:00:00,2026-02-06 00:00:00,False,False,False,False,False,False,False,False
CBK0001160,TXN00003861,USR23561,MCH9505,2199.33,Fraud Suspected,FRAUD,User claims account was compromised before transaction.,CLOSED,HIGH,APP,2026-03-01 14:14:20,2026-02-23 00:00:00,2026-03-16 14:14:20,False,False,False,False,False,False,False,False
CBK0001665,TXN00007306,USR21049,MCH7578,1333.0,not delivered,SERVICE_NOT_DELIVERED,Customer says amount was debited twice.,PENDING_BANK,LOW,CHATBOT,2026-01-16 00:00:00,2026-01-13 20:22:00,,False,False,False,False,False,True,False,False
CBK0001711,TXN00011255,USR65114,MCH6292,,login compromised,ACCOUNT_TAKEOVER,Customer complaint text unclear due to poor call center notes.,RESOLVED,HIGH,BRANCH,2026-01-04 00:00:00,2026-01-03 00:00:00,2026-01-07 01:32:03,True,False,False,False,False,False,False,False
CBK0000408,TXN00002581,USR97892,MCH9291,2926.63,charged twice,DUPLICATE_DEBIT,Customer says amount was debited twice.,IN_PROGRESS,HIGH,BRANCH,2026-03-31 00:46:50,,2026-04-11 00:00:00,False,False,False,False,True,False,False,False
CBK0002575,TXN00009510,USR82410,MCH1905,4843.85,account hacked,ACCOUNT_TAKEOVER,Payment made to unknown merchant as per customer statement. call dropped,OPEN,LOW,EMAIL,2026-02-10 02:13:08,2026-02-09 00:00:00,2026-02-10 02:13:00,False,False,False,False,False,False,False,False
CBK0001908,TXN00018114,USR46902,MCH6850,2570.74,no service,SERVICE_NOT_DELIVERED,User claims account was compromised before transaction.,PENDING_BANK,MEDIUM,APP,2026-01-17 00:00:00,2026-01-15 00:00:00,2026-02-09 19:51:00,False,False,False,False,False,False,False,False
CBK0001346,TXN00008727,USR34157,MCH2836,3225.2,double debit,DUPLICATE_DEBIT,User says UPI PIN was not entered by them.,CLOSED,LOW,EMAIL,2026-03-23 23:20:50,2026-03-23 22:20:50,2026-04-14 23:20:00,False,False,False,False,False,False,False,False
CBK0001611,TXN00009947,USR19432,MCH1827,917.78,amount mismatch,AMOUNT_MISMATCH,Customer says amount was debited twice.,IN_PROGRESS,CRITICAL,IVR,2026-04-01 00:00:00,2026-03-29 00:00:00,2026-04-05 00:00:00,False,False,False,False,False,False,False,False
CBK0001426,TXN00002655,USR69481,MCH1140,338.23,double debit,DUPLICATE_DEBIT,Complaint received after multiple failed attempts.,IN_PROGRESS,MEDIUM,CHATBOT,2026-02-14 13:03:15,2026-01-14 00:00:00,2026-03-10 13:03:15,False,False,False,False,False,False,False,False
CBK0000121,TXN00006459,USR17577,MCH2566,2479.76,Duplicate Debit,DUPLICATE_DEBIT,Merchant service was not delivered after payment.,CLOSED,HIGH,EMAIL,2026-01-02 00:00:00,2026-01-01 00:00:00,2026-01-14 00:00:00,False,False,False,False,False,False,False,False
CBK0000957,TXN00010512,USR11315,MCH7352,2568.37,dispute raised,CUSTOMER_DISPUTE,Suspicious high-value payment disputed by customer.,IN_PROGRESS,MEDIUM,APP,2026-01-24 00:00:00,2026-01-23 00:00:00,2026-02-17 08:19:00,False,False,False,False,False,False,False,False
CBK0002076,TXN00006073,USR96064,MCH3450,7404.88,charged twice,DUPLICATE_DEBIT,Suspicious high-value payment disputed by customer.,IN_PROGRESS,LOW,BRANCH,2026-02-22 00:00:00,2026-02-18 00:00:00,2026-02-26 00:00:00,False,False,False,False,False,False,False,False
CBK0000428,TXN00008599,USR96496,MCH2065,1339.16,Unauthorized Transaction,UNAUTHORIZED,Merchant service was not delivered after payment.,CLOSED,LOW,CALL_CENTER,2026-01-07 00:00:00,2026-01-05 00:00:00,2026-02-03 00:00:00,False,False,False,False,False,False,False,False
CBK0001937,TXN00010035,USR47034,MCH8281,7882.54,charged twice,DUPLICATE_DEBIT,Payment made to unknown merchant as per customer statement. pls check asap,IN_PROGRESS,MEDIUM,CALL_CENTER,2026-03-16 00:00:00,2026-03-13 00:00:00,,False,False,False,False,False,True,False,False
CBK0001141,TXN00005079,USR69201,MCH1384,1368.67,DUP_DEBIT,DUPLICATE_DEBIT,User reports money deducted but merchant denies receiving payment.,PENDING_BANK,HIGH,IVR,2026-02-24 11:45:21,,2026-03-26 00:00:00,False,False,False,False,True,False,False,False
CBK0000393,TXN00010745,USR77915,MCH3095,-2212.96,login compromised,ACCOUNT_TAKEOVER,User claims account was compromised before transaction.,REJECTED,CRITICAL,BRANCH,2026-02-13 00:00:00,2026-01-14 19:00:00,2026-02-16 23:00:00,False,True,False,False,False,False,False,False
CBK0001932,TXN00012671,USR93969,MCH5980,739.17,Account Takeover,ACCOUNT_TAKEOVER,Customer says amount was debited twice.,CLOSED,MEDIUM,BRANCH,2026-01-13 00:00:00,2026-01-10 00:00:00,2026-01-19 06:39:33,False,False,False,False,False,False,False,False
CBK0002696,TXN00011475,USR20908,MCH7180,-2769.32,customer issue,CUSTOMER_DISPUTE,User reports money deducted but merchant denies receiving payment.,OPEN,MEDIUM,IVR,2026-03-02 19:52:14,2026-02-20 13:52:14,,False,True,False,False,False,True,False,False
CBK0001946,TXN00002545,USR63194,MCH8735,-230.58,DUP_DEBIT,DUPLICATE_DEBIT,User claims account was compromised before transaction.,OPEN,MEDIUM,APP,2026-02-07 00:00:00,2026-02-04 00:00:00,2026-03-06 16:09:00,False,True,False,False,False,False,False,False
CBK0001741,TXN00003351,USR12829,MCH8665,1160.82,double debit,DUPLICATE_DEBIT,Complaint received after multiple failed attempts.,PENDING_BANK,HIGH,BRANCH,2026-02-16 00:00:00,2026-02-16 00:00:00,,False,False,False,False,False,True,False,False
CBK0000589,TXN00017838,USR43980,MCH2575,-1201.31,charged twice,DUPLICATE_DEBIT,Customer complaint text unclear due to poor call center notes.,RESOLVED,HIGH,BRANCH,2026-03-26 21:56:00,2026-03-25 06:56:00,2026-04-12 00:00:00,False,True,False,False,False,False,False,False
CBK0002494,TXN00001169,USR83883,MCH9848,6071.0,complaint,CUSTOMER_DISPUTE,User reports money deducted but merchant denies receiving payment.,REJECTED,MEDIUM,CHATBOT,2026-02-03 08:36:50,2026-01-23 11:36:50,2026-03-05 08:36:50,False,False,False,False,False,False,False,False
CBK0000539,TXN00006526,USR71316,MCH7840,-767.36,item not received,SERVICE_NOT_DELIVERED,payment made to unknown merchant as per customer statement.,RESOLVED,MEDIUM,APP,2026-01-14 18:16:32,,2026-02-01 00:00:00,False,True,False,False,True,False,False,False
CBK0001273,TXN00013925,USR73010,MCH2489,3151.89,DUP_DEBIT,DUPLICATE_DEBIT,User reports money deducted but merchant denies receiving payment.,RESOLVED,MEDIUM,CHATBOT,2026-04-01 00:00:00,,,False,False,False,False,True,True,False,False
CBK0002029,TXN00005443,USR24926,MCH5528,3291.51,not done by me,UNAUTHORIZED,User claims account was compromised before transaction.,PENDING_BANK,MEDIUM,EMAIL,2026-01-08 00:00:00,2026-01-06 02:23:00,2026-01-08 00:00:00,False,False,False,False,False,False,False,False
CBK0001361,,USR87714,MCH7560,3014.44,Wrong Amount,AMOUNT_MISMATCH,Complaint received after multiple failed attempts.,IN_PROGRESS,MEDIUM,IVR,2026-02-19 15:31:00,2026-02-08 00:00:00,2026-02-19 00:00:00,False,False,True,False,False,False,False,False
CBK0001341,TXN00001434,USR33704,MCH5584,3251.08,Wrong Amount,AMOUNT_MISMATCH,Customer says transaction was not authorized. call dropped,CLOSED,HIGH,IVR,2026-02-26 00:00:00,2026-02-10 00:00:00,2026-03-15 02:39:50,False,False,False,False,False,False,False,False
CBK0001854,TXN00017037,USR75046,MCH2266,1937.0,unauth txn,UNAUTHORIZED,customer says transaction was not authorized.,RESOLVED,HIGH,CHATBOT,2026-02-23 01:40:31,2026-02-15 20:40:31,2026-03-01 00:00:00,False,False,False,False,False,False,False,False
CBK0002783,TXN00003505,USR92295,MCH3100,1516.67,amount mismatch,AMOUNT_MISMATCH,Customer complaint text unclear due to poor call center notes.,IN_PROGRESS,LOW,IVR,2026-02-01 00:00:00,2026-01-31 00:00:00,2026-02-13 00:00:00,False,False,False,False,False,False,False,False
CBK0000158,TXN00015663,USR86472,MCH4826,5021.55,extra amount deducted,AMOUNT_MISMATCH,user reports money deducted but merchant denies receiving payment.,IN_PROGRESS,MEDIUM,BRANCH,2026-03-13 00:00:00,2026-03-10 00:00:00,2026-04-07 14:02:00,False,False,False,False,False,False,False,False
CBK0000760,TXN00007966,USR83977,MCH8953,529.0,not done by me,UNAUTHORIZED,Suspicious high-value payment disputed by customer.,IN_PROGRESS,LOW,CALL_CENTER,2026-03-13 00:00:00,2026-03-11 00:00:00,2026-03-20 00:00:00,False,False,False,False,False,False,False,False
CBK0001448,TXN00006897,USR81435,MCH9291,3386.1,DUP_DEBIT,DUPLICATE_DEBIT,Customer complaint text unclear due to poor call center notes.,PENDING_BANK,LOW,CALL_CENTER,2026-01-03 00:00:00,2026-01-01 14:21:00,2026-01-31 00:00:00,False,False,False,False,False,False,False,False
CBK0000094,TXN00011368,USR24563,MCH8712,3661.74,ATO,ACCOUNT_TAKEOVER,CUSTOMER SAYS AMOUNT WAS DEBITED TWICE.,OPEN,MEDIUM,CALL_CENTER,2026-03-14 22:30:00,2026-03-04 00:00:00,2026-03-20 22:30:57,False,False,False,False,False,False,False,False
CBK0002690,TXN00005810,USR29306,MCH4473,-2850.55,not delivered,SERVICE_NOT_DELIVERED,Customer says transaction was not authorized.,CLOSED,MEDIUM,IVR,2026-03-15 00:00:00,2026-03-08 00:35:54,2026-04-05 00:00:00,False,True,False,False,False,False,False,False
CBK0001173,TXN00009905,USR98061,MCH4181,2251.54,FRAUD,FRAUD,Customer says amount was debited twice.,RESOLVED,MEDIUM,APP,2026-02-13 16:36:40,2026-02-08 01:36:40,2026-03-05 16:36:40,False,False,False,False,False,False,False,False
CBK0000262,TXN00000442,USR95504,MCH6810,3270.0,double debit,DUPLICATE_DEBIT,Suspicious high-value payment disputed by cust.,RESOLVED,LOW,EMAIL,2026-04-08 00:00:00,2026-03-29 00:00:00,2026-04-20 00:00:00,False,False,False,False,False,False,False,False
CBK0000065,TXN00007639,USR34880,MCH1812,544.0,incorrect amount,AMOUNT_MISMATCH,User reports money deducted but merchant denies receiving payment.,CLOSED,LOW,IVR,2026-03-26 08:18:55,2026-03-25 00:00:00,,False,False,False,False,False,True,False,False
CBK0000330,TXN00002603,USR33908,MCH3923,2150.04,fraud,FRAUD,Suspicious high-value payment disputed by customer.,OPEN,MEDIUM,CHATBOT,2026-02-20 00:00:00,2026-02-19 00:11:00,2026-03-21 16:11:00,False,False,False,False,False,False,False,False
CBK0001903,TXN00010389,USR31084,MCH8801,-6649.93,Wrong Amount,AMOUNT_MISMATCH,Merchant service was not delivered after payment.,REJECTED,LOW,BRANCH,2026-01-31 00:00:00,2026-01-29 00:00:00,2026-02-06 20:36:40,False,True,False,False,False,False,False,False
CBK0002313,TXN00009432,USR22939,MCH5264,-1466.07,Customer Dispute,CUSTOMER_DISPUTE,USER SAYS UPI PIN WAS NOT ENTERED BY THEM.,OPEN,MEDIUM,CALL_CENTER,,2026-03-30 00:00:00,2026-04-21 06:14:00,False,True,False,True,False,False,False,False
CBK0001773,TXN00016920,USR32081,MCH6850,2798.0,Service Not Provided,SERVICE_NOT_DELIVERED,User says UPI PIN was not entered by them. NA,CLOSED,MEDIUM,CHATBOT,2026-01-20 00:00:00,2026-01-20 00:00:00,,False,False,False,False,False,True,False,False
CBK0000808,TXN00006505,USR69795,MCH2065,2740.0,complaint,CUSTOMER_DISPUTE,User claims account was compromised before transaction.,RESOLVED,MEDIUM,CHATBOT,2026-01-25 00:00:00,2026-01-22 00:00:00,2026-02-10 01:06:27,False,False,False,False,False,False,False,False
CBK0002383,TXN00000491,USR82159,MCH4802,929.69,item not received,SERVICE_NOT_DELIVERED,Customer says amount was debited twice.,IN_PROGRESS,MEDIUM,BRANCH,2026-02-01 00:00:00,2026-02-01 05:37:43,2026-02-13 00:00:00,False,False,False,False,False,False,True,False
CBK0001970,TXN00018732,USR27533,MCH1428,2042.84,service failed,SERVICE_NOT_DELIVERED,user says upi pin was not entered by them.,OPEN,HIGH,BRANCH,2026-02-11 00:00:00,2026-02-07 00:00:00,2026-02-23 04:55:14,False,False,False,False,False,False,False,False
CBK0001582,TXN00016057,USR78482,MCH9821,3429.16,complaint,CUSTOMER_DISPUTE,Customer says amount was debited twice.,CLOSED,HIGH,CHATBOT,2026-01-19 00:00:00,2026-01-18 01:06:00,,False,False,False,False,False,True,False,False
CBK0000241,TXN00009866,USR33877,MCH1509,6769.33,Wrong Amount,AMOUNT_MISMATCH,Payment made to unknown merchant as per customer statement.,RESOLVED,MEDIUM,IVR,2026-02-23 00:00:00,2026-02-21 16:02:00,2026-03-11 23:02:56,False,False,False,False,False,False,False,False
CBK0001895,TXN00015855,USR98971,MCH6850,3458.58,dispute raised,CUSTOMER_DISPUTE,User claims account was compromised before transaction.,RESOLVED,MEDIUM,BRANCH,2026-02-19 00:00:00,2026-01-20 00:00:00,2026-03-15 22:42:00,False,False,False,False,False,False,False,False
CBK0000771,TXN00009466,USR62254,MCH5885,11523.08,no service,SERVICE_NOT_DELIVERED,Payment made to unknown merchant as per customer statement.,PENDING_BANK,CRITICAL,CHATBOT,2026-04-01 00:20:18,2026-03-29 00:00:00,2026-04-18 00:00:00,False,False,False,False,False,False,False,False
CBK0002340,TXN00012698,USR17047,MCH3815,2283.53,login compromised,ACCOUNT_TAKEOVER,user reports money deducted but merchant denies receiving payment.,PENDING_BANK,HIGH,EMAIL,2026-03-14 00:00:00,2026-03-12 00:00:00,2026-03-25 05:16:35,False,False,False,False,False,False,False,False
CBK0001252,TXN00004709,USR59225,MCH8154,-741.74,Wrong Amount,AMOUNT_MISMATCH,user claims account was compromised before transaction.,PENDING_BANK,LOW,APP,2026-01-22 20:55:00,2026-01-21 02:55:00,2026-01-30 00:00:00,False,True,False,False,False,False,False,False
CBK0001041,TXN00010337,USR26761,MCH7733,2203.0,scam,FRAUD,Merchant service was not delivered after payment.,PENDING_BANK,LOW,CHATBOT,2026-01-13 08:17:17,2026-01-05 00:00:00,2026-02-05 00:00:00,False,False,False,False,False,False,False,False
CBK0000450,TXN00001983,USR22405,MCH9291,1315.22,unauthorized_transaction,UNAUTHORIZED,User claims account was compromised before transaction.,CLOSED,HIGH,BRANCH,2026-03-12 00:00:00,2026-03-01 22:52:22,2026-03-23 00:00:00,False,False,False,False,False,False,False,False
CBK0000944,TXN00005837,USR50434,MCH6459,438.11,charged twice,DUPLICATE_DEBIT,Complaint received after multiple failed attempts.,REJECTED,LOW,CALL_CENTER,2026-02-24 00:00:00,,,False,False,False,False,True,True,False,False
CBK0000402,TXN00002200,USR69672,MCH6960,3741.98,customer issue,CUSTOMER_DISPUTE,payment made to unknown merchant as per customer statement.,IN_PROGRESS,LOW,CALL_CENTER,2026-02-12 00:00:00,2026-02-09 08:40:20,,False,False,False,False,False,True,False,False
CBK0001528,TXN00007889,USR97360,MCH4970,3625.88,suspicious transaction,FRAUD,Customer says transaction was not authorized.,PENDING_BANK,MEDIUM,IVR,,2026-03-20 00:00:00,2026-04-05 00:00:00,False,False,False,True,False,False,False,False
CBK0001228,TXN00005490,USR81497,MCH2383,,fraud,FRAUD,Customer says amount was debited twice.,OPEN,MEDIUM,BRANCH,2026-03-25 00:00:00,2026-03-22 00:00:00,2026-04-13 00:00:00,True,False,False,False,False,False,False,False
CBK0001342,TXN00000213,USR40195,MCH3586,658.27,dispute raised,CUSTOMER_DISPUTE,payment made to unknown merchant as per customer statement.,CLOSED,MEDIUM,BRANCH,2026-02-24 23:41:15,2026-02-17 07:41:15,2026-03-09 00:00:00,False,False,False,False,False,False,False,False
CBK0002105,TXN00012640,USR96038,MCH7326,3800.84,charged twice,DUPLICATE_DEBIT,user reports money deducted but merchant denies receiving payment.,IN_PROGRESS,HIGH,CHATBOT,2026-03-07 00:00:00,2026-02-19 00:00:00,2026-03-17 04:15:00,False,False,False,False,False,False,False,False
CBK0002339,TXN00002981,USR58082,MCH2266,7275.81,customer issue,CUSTOMER_DISPUTE,Suspicious high-value payment disputed by cust.,REJECTED,HIGH,CALL_CENTER,2026-02-13 19:42:41,2026-02-11 21:42:41,,False,False,False,False,False,True,False,False
CBK0002209,TXN00007219,USR48423,MCH2383,5143.78,no service,SERVICE_NOT_DELIVERED,User reports money deducted but merchant denies receiving payment. call dropped,RESOLVED,LOW,CHATBOT,2026-02-24 01:52:32,2026-02-21 00:00:00,2026-03-01 00:00:00,False,False,False,False,False,False,False,False
CBK0002399,TXN00015080,USR43847,MCH7901,17242.91,charged twice,DUPLICATE_DEBIT,Customer says transaction was not authorized.,CLOSED,MEDIUM,BRANCH,2026-02-16 00:00:00,2026-02-15 00:00:00,2026-03-17 00:00:00,False,False,False,False,False,False,False,False
CBK0000113,TXN00008131,USR37470,MCH4899,2367.83,not delivered,SERVICE_NOT_DELIVERED,Suspicious high-value payment disputed by customer.,RESOLVED,LOW,APP,2026-03-31 00:00:00,2026-03-27 23:37:00,,False,False,False,False,False,True,False,False
CBK0001248,TXN00012952,USR21667,MCH2739,596.6,merchant service issue,SERVICE_NOT_DELIVERED,Customer says transaction was not authorized.,PENDING_BANK,LOW,CHATBOT,2026-02-18 02:39:13,2026-02-02 08:39:00,,False,False,False,False,False,True,False,False
CBK0002189,TXN00001962,USR79577,MCH4590,,delivery issue,SERVICE_NOT_DELIVERED,User reports money deducted but merchant denies receiving payment.,RESOLVED,MEDIUM,CALL_CENTER,2026-03-24 13:53:58,2026-03-19 00:00:00,2026-03-26 00:00:00,True,False,False,False,False,False,False,False
CBK0002042,TXN00004367,USR27533,MCH4473,2126.85,Service Not Provided,SERVICE_NOT_DELIVERED,User claims account was compromised before transaction.,RESOLVED,HIGH,APP,2026-04-24 16:40:44,2026-03-09 00:00:00,2026-05-23 16:40:00,False,False,False,False,False,False,False,False
CBK0001782,TXN00014790,USR75856,MCH6661,350.19,account hacked,ACCOUNT_TAKEOVER,MERCHANT SERVICE WAS NOT DELIVERED AFTER PAYMENT.,REJECTED,MEDIUM,CALL_CENTER,2026-01-27 06:56:34,2026-01-26 00:00:00,,False,False,False,False,False,True,False,False
CBK0002374,TXN00005973,USR96482,MCH8041,10229.48,unauthorized_transaction,UNAUTHORIZED,User claims account was compromised before transaction.,PENDING_BANK,MEDIUM,APP,2026-02-07 00:00:00,,2026-02-22 00:00:00,False,False,False,False,True,False,False,False
CBK0000175,TXN00009098,USR33215,MCH3992,4947.89,service failed,SERVICE_NOT_DELIVERED,Payment made to unknown merchant as per customer statement.,CLOSED,LOW,IVR,2026-01-01 00:23:00,2026-01-04 00:23:38,2026-01-28 00:00:00,False,False,False,False,False,False,True,False
CBK0002088,TXN00008054,USR62622,MCH9449,1065.28,ATO,ACCOUNT_TAKEOVER,Complaint received after multiple failed attempts.,OPEN,HIGH,CHATBOT,2026-02-24 00:00:00,2026-02-18 13:04:00,2026-03-22 07:04:00,False,False,False,False,False,False,False,False
CBK0000524,TXN00015049,USR87914,MCH2893,1148.57,Fraud Suspected,FRAUD,merchant service was not delivered after payment.,IN_PROGRESS,MEDIUM,EMAIL,2026-01-15 00:00:00,2026-01-19 00:00:00,2026-02-01 00:00:00,False,False,False,False,False,False,True,False
CBK0000998,TXN00003928,USR14815,MCH1685,3481.55,double debit,DUPLICATE_DEBIT,Suspicious high-value payment disputed by customer.,IN_PROGRESS,CRITICAL,EMAIL,2026-01-17 15:37:13,2026-01-15 00:00:00,2026-01-24 00:00:00,False,False,False,False,False,False,False,False
CBK0001030,TXN00015761,USR84665,MCH9176,1091.95,Wrong Amount,AMOUNT_MISMATCH,Customer complaint text unclear due to poor call center notes.,IN_PROGRESS,LOW,BRANCH,2026-02-09 00:00:00,,2026-02-15 00:00:00,False,False,False,False,True,False,False,False
CBK0001296,TXN00000132,USR44587,MCH4473,548.59,unauthorized_transaction,UNAUTHORIZED,Payment made to unknown merchant as per customer statement.,IN_PROGRESS,MEDIUM,APP,2026-02-08 02:36:00,2026-02-05 00:00:00,2026-02-14 02:36:00,False,False,False,False,False,False,False,False
CBK0000703,TXN00008400,USR58377,MCH6418,1939.11,Account Takeover,ACCOUNT_TAKEOVER,USER REPORTS MONEY DEDUCTED BUT MERCHANT DENIES RECEIVING PAYMENT.,OPEN,LOW,APP,2026-02-11 00:00:00,2026-02-08 00:00:00,,False,False,False,False,False,True,False,False
CBK0002094,TXN00005575,USR62840,MCH8723,1946.37,not done by me,UNAUTHORIZED,User reports money deducted but merchant denies receiving payment.,PENDING_BANK,MEDIUM,IVR,2026-01-05 00:00:00,2026-01-03 14:47:00,2026-02-04 00:00:00,False,False,False,False,False,False,False,False
CBK0002219,TXN00005580,USR84190,MCH8763,3654.65,Duplicate Debit,DUPLICATE_DEBIT,SUSPICIOUS HIGH-VALUE PAYMENT DISPUTED BY CUSTOMER.,RESOLVED,HIGH,BRANCH,2026-01-25 00:00:00,2026-01-14 11:35:35,2026-02-21 00:00:00,False,False,False,False,False,False,False,False
CBK0000636,TXN00018402,USR46308,MCH2781,1848.85,login compromised,ACCOUNT_TAKEOVER,User claims account was compromised before transaction. details missing,CLOSED,LOW,IVR,2026-02-27 00:00:00,,2026-03-07 15:34:55,False,False,False,False,True,False,False,False
CBK0000682,TXN00002422,USR74392,MCH7833,412.17,DUP_DEBIT,DUPLICATE_DEBIT,Customer complaint text unclear due to poor call center notes.,REJECTED,MEDIUM,BRANCH,2026-03-29 02:21:00,2026-03-25 00:00:00,2026-04-07 00:00:00,False,False,False,False,False,False,False,False
CBK0002335,TXN00000843,USR66411,MCH2439,-1440.33,customer issue,CUSTOMER_DISPUTE,User says UPI PIN was not entered by them.,OPEN,LOW,EMAIL,2026-04-05 00:00:00,2026-03-30 00:00:00,2026-04-29 00:00:00,False,True,False,False,False,False,False,False
CBK0000482,TXN00014460,USR25683,MCH5655,651.01,Service Not Provided,SERVICE_NOT_DELIVERED,Payment made to unknown merchant as per customer statement. details missing,RESOLVED,HIGH,IVR,2026-02-07 21:08:40,2026-02-07 00:00:00,2026-02-14 21:08:00,False,False,False,False,False,False,False,False
CBK0002658,TXN00001412,USR91038,MCH9217,2142.0,amount mismatch,AMOUNT_MISMATCH,SUSPICIOUS HIGH-VALUE PAYMENT DISPUTED BY CUSTOMER.,IN_PROGRESS,HIGH,BRANCH,2026-02-27 07:04:24,,2026-03-15 07:04:00,False,False,False,False,True,False,False,False
CBK0002744,TXN00012832,USR47729,MCH4521,,unauthorized_transaction,UNAUTHORIZED,Customer says transaction was not authorized.,IN_PROGRESS,LOW,IVR,2026-04-04 00:00:00,2026-03-05 03:30:57,2026-04-29 22:30:57,True,False,False,False,False,False,False,False
CBK0002582,TXN00016961,USR66391,MCH2476,508.34,fraud,FRAUD,MERCHANT SERVICE WAS NOT DELIVERED AFTER PAYMENT.,PENDING_BANK,CRITICAL,APP,2026-03-16 00:00:00,2026-03-15 00:00:00,2026-03-30 16:16:00,False,False,False,False,False,False,False,False
CBK0002422,TXN00019169,USR46308,MCH9028,8504.48,Unauthorized Transaction,UNAUTHORIZED,user claims account was compromised before transaction.,IN_PROGRESS,HIGH,CALL_CENTER,2026-03-29 00:00:00,2026-03-26 00:00:00,,False,False,False,False,False,True,False,False
CBK0002389,TXN00013105,USR51442,MCH8389,,login compromised,ACCOUNT_TAKEOVER,Complaint received after multiple failed attempts.,REJECTED,LOW,EMAIL,,2026-01-15 00:00:00,2026-01-27 14:40:00,True,False,False,True,False,False,False,False
CBK0002504,TXN00010218,USR72223,MCH9305,1320.18,account hacked,ACCOUNT_TAKEOVER,Customer says transaction was not authorized.,REJECTED,MEDIUM,CALL_CENTER,2026-02-14 00:00:00,2026-02-12 00:00:00,2026-02-25 20:16:09,False,False,False,False,False,False,False,False
CBK0000413,TXN00014824,USR46130,MCH3100,898.64,customer issue,CUSTOMER_DISPUTE,User claims account was compromised before transaction.,IN_PROGRESS,LOW,IVR,2026-01-28 16:44:01,,,False,False,False,False,True,True,False,False
CBK0000735,TXN00011503,USR69437,MCH4181,2059.59,Merchant Not Delivered,SERVICE_NOT_DELIVERED,user claims account was compromised before transaction.,RESOLVED,LOW,CALL_CENTER,2026-03-12 00:00:00,2026-03-09 00:00:00,2026-03-20 00:00:00,False,False,False,False,False,False,False,False
CBK0001131,,USR67135,MCH5078,-2342.67,Account Takeover,ACCOUNT_TAKEOVER,Payment made to unknown merchant as per customer statement.,RESOLVED,MEDIUM,IVR,2026-03-01 00:00:00,2026-02-27 00:00:00,2026-03-03 12:32:06,False,True,True,False,False,False,False,False
CBK0001289,TXN00014346,USR42041,MCH2938,-1908.15,service failed,SERVICE_NOT_DELIVERED,User claims account was compromised before transaction.,PENDING_BANK,LOW,IVR,2026-02-16 00:00:00,2026-01-31 00:00:00,2026-03-04 06:21:47,False,True,False,False,False,False,False,False
CBK0002650,TXN00017156,USR66478,MCH1329,2089.48,dispute raised,CUSTOMER_DISPUTE,User claims account was compromised before transaction. urgent,OPEN,MEDIUM,BRANCH,2026-02-21 00:00:00,2026-02-17 00:00:00,2026-03-22 06:13:00,False,False,False,False,False,False,False,False
CBK0001859,TXN00011491,USR73845,MCH2215,1506.11,login compromised,ACCOUNT_TAKEOVER,Customer complaint text unclear due to poor call center notes.,IN_PROGRESS,LOW,BRANCH,2026-01-18 00:00:00,2026-01-14 00:00:00,2026-02-16 05:51:47,False,False,False,False,False,False,False,False
CBK0000993,TXN00007102,USR24926,MCH7286,11415.12,merchant service issue,SERVICE_NOT_DELIVERED,customer says amount was debited twice.,IN_PROGRESS,MEDIUM,APP,2026-03-28 00:00:00,2026-03-23 00:26:00,2026-04-06 00:00:00,False,False,False,False,False,False,False,False
CBK0000018,TXN00013395,USR33081,MCH5650,6485.64,account hacked,ACCOUNT_TAKEOVER,MERCHANT SERVICE WAS NOT DELIVERED AFTER PAYMENT.,CLOSED,MEDIUM,CHATBOT,2026-01-10 00:00:00,2026-01-08 00:00:00,,False,False,False,False,False,True,False,False
CBK0001108,TXN00002909,USR19725,MCH3152,450.33,UNAUTHORISED,UNAUTHORIZED,Customer says amount was debited twice.,CLOSED,LOW,EMAIL,2026-03-11 00:00:00,2026-03-10 00:00:00,2026-04-05 09:32:45,False,False,False,False,False,False,False,False
CBK0001698,TXN00015223,USR23621,MCH7119,1336.12,item not received,SERVICE_NOT_DELIVERED,Merchant service was not delivered after payment.,RESOLVED,MEDIUM,EMAIL,2026-02-09 00:00:00,2026-02-08 05:56:19,,False,False,False,False,False,True,False,False
CBK0001803,TXN00007718,USR33934,MCH1524,1496.09,Unauthorized Transaction,UNAUTHORIZED,User reports money deducted but merchant denies receiving payment.,IN_PROGRESS,HIGH,EMAIL,2026-03-28 00:00:00,2026-03-26 00:00:00,2026-04-18 00:00:00,False,False,False,False,False,False,False,False
CBK0002290,TXN00008903,USR27947,MCH7284,601.89,FRAUD,FRAUD,suspicious high-value payment disputed by customer.,IN_PROGRESS,CRITICAL,APP,2026-02-24 00:00:00,2026-02-17 16:33:46,2026-03-01 00:00:00,False,False,False,False,False,False,False,False
CBK0001371,TXN00005048,USR43424,MCH1320,2992.52,charged twice,DUPLICATE_DEBIT,User says UPI PIN was not entered by them.,RESOLVED,HIGH,IVR,2026-02-10 00:00:00,2026-02-09 00:00:00,2026-03-12 00:00:00,False,False,False,False,False,False,False,False
CBK0001482,TXN00002314,USR23329,MCH8420,505.0,item not received,SERVICE_NOT_DELIVERED,User reports money deducted but merchant denies receiving payment.,CLOSED,HIGH,BRANCH,2026-03-08 00:00:00,2026-03-05 14:48:39,2026-03-27 00:00:00,False,False,False,False,False,False,False,False
CBK0001684,TXN00010572,USR52501,MCH5980,1964.0,login compromised,ACCOUNT_TAKEOVER,Customer complaint text unclear due to poor call center notes.,REJECTED,HIGH,CHATBOT,2026-01-07 00:00:00,2026-01-05 00:00:00,2026-01-22 00:00:00,False,False,False,False,False,False,False,False
CBK0000960,TXN00012384,USR41135,MCH6810,461.01,unauthorized_transaction,UNAUTHORIZED,suspicious high-value payment disputed by customer.,PENDING_BANK,MEDIUM,IVR,,2026-03-21 00:00:00,2026-05-06 07:01:38,False,False,False,True,False,False,False,False
CBK0001812,TXN00006460,USR29769,MCH9537,3745.94,DUP_DEBIT,DUPLICATE_DEBIT,suspicious high-value payment disputed by customer.,PENDING_BANK,MEDIUM,IVR,2026-02-09 00:00:00,,2026-03-01 15:46:53,False,False,False,False,True,False,False,False
CBK0001272,TXN00018901,USR79175,MCH4473,2585.0,amount mismatch,AMOUNT_MISMATCH,Customer says txn was not authorized.,IN_PROGRESS,LOW,CHATBOT,2026-01-15 00:00:00,2026-01-12 00:00:00,2026-02-12 19:51:00,False,False,False,False,False,False,False,False
CBK0000367,TXN00017265,USR30537,MCH6902,2120.67,Merchant Not Delivered,SERVICE_NOT_DELIVERED,user says upi pin was not entered by them.,RESOLVED,LOW,CHATBOT,2026-01-25 16:37:52,2026-01-10 00:00:00,2026-02-18 00:00:00,False,False,False,False,False,False,False,False
CBK0001546,TXN00006374,USR50077,MCH5655,328.81,suspicious transaction,FRAUD,Customer says amount was debited twice.,OPEN,MEDIUM,APP,2026-01-29 00:00:00,2026-01-26 00:00:00,2026-02-15 05:29:55,False,False,False,False,False,False,False,False
CBK0000287,TXN00015777,USR40538,MCH2822,-4982.63,suspicious transaction,FRAUD,payment made to unknown merchant as per customer statement.,IN_PROGRESS,LOW,APP,2026-04-11 18:19:42,2026-03-27 00:00:00,2026-05-11 18:19:42,False,True,False,False,False,False,False,False
CBK0001822,TXN00010858,USR89549,MCH5264,624.0,login compromised,ACCOUNT_TAKEOVER,Payment made to unknown merchant as per customer statement.,IN_PROGRESS,MEDIUM,CALL_CENTER,2026-01-21 00:00:00,2026-01-16 00:00:00,2026-02-04 07:12:00,False,False,False,False,False,False,False,False
CBK0000728,TXN00018012,USR11036,MCH8256,722.5,extra amount deducted,AMOUNT_MISMATCH,Payment made to unknown merchant as per customer statement.,CLOSED,LOW,CHATBOT,2026-03-28 00:00:00,2026-03-26 00:00:00,,False,False,False,False,False,True,False,False
CBK0000662,TXN00001154,USR55160,MCH3733,336.21,delivery issue,SERVICE_NOT_DELIVERED,complaint received after multiple failed attempts.,IN_PROGRESS,MEDIUM,APP,2026-01-15 13:39:00,2026-01-09 00:00:00,2026-01-22 13:39:35,False,False,False,False,False,False,False,False
CBK0002338,TXN00001443,USR39700,MCH7714,1732.28,Duplicate Debit,DUPLICATE_DEBIT,User reports money deducted but merchant denies receiving payment.,IN_PROGRESS,MEDIUM,CHATBOT,2026-02-27 22:03:00,2026-02-24 00:00:00,2026-03-20 00:00:00,False,False,False,False,False,False,False,False
CBK0001467,TXN00008130,USR27544,MCH4226,482.6,not delivered,SERVICE_NOT_DELIVERED,MERCHANT SERVICE WAS NOT DELIVERED AFTER PAYMENT.,REJECTED,MEDIUM,EMAIL,2026-01-07 00:00:00,,2026-01-13 00:00:00,False,False,False,False,True,False,False,False
CBK0001290,TXN00009715,USR21449,MCH9881,1200.75,incorrect amount,AMOUNT_MISMATCH,Payment made to unknown merchant as per customer statement.,CLOSED,LOW,APP,2026-01-23 00:00:00,2026-01-07 22:39:00,2026-02-04 00:00:00,False,False,False,False,False,False,False,False
CBK0002411,TXN00013763,USR34955,MCH8491,306.11,no service,SERVICE_NOT_DELIVERED,User claims account was compromised before transaction. details missing,PENDING_BANK,MEDIUM,IVR,2026-03-23 00:00:00,2026-03-20 00:00:00,2026-04-16 00:00:00,False,False,False,False,False,False,False,False
CBK0001598,TXN00005489,USR33874,MCH6555,3170.75,Fraud Suspected,FRAUD,User says UPI PIN was not entered by them.,CLOSED,MEDIUM,CALL_CENTER,2026-03-17 11:42:00,2026-03-16 00:00:00,2026-03-23 11:42:34,False,False,False,False,False,False,False,False
CBK0001414,TXN00000954,USR60939,MCH6568,12462.99,ATO,ACCOUNT_TAKEOVER,User says UPI PIN was not entered by them.,RESOLVED,MEDIUM,CHATBOT,2026-02-02 00:00:00,2026-02-01 00:00:00,2026-02-18 00:00:00,False,False,False,False,False,False,False,False
CBK0001223,,USR85507,MCH1883,-1472.04,not done by me,UNAUTHORIZED,merchant service was not delivered after payment.,PENDING_BANK,LOW,CALL_CENTER,2026-04-03 00:00:00,2026-03-04 00:00:00,2026-04-22 00:00:00,False,True,True,False,False,False,False,False
CBK0002142,TXN00001780,USR87262,MCH1774,2351.6,unauthorized_transaction,UNAUTHORIZED,Customer says amount was debited twice.,OPEN,HIGH,CHATBOT,2026-02-05 22:35:00,2026-01-31 00:00:00,2026-03-07 00:00:00,False,False,False,False,False,False,False,False
CBK0001623,TXN00004018,USR77422,MCH8838,11729.72,merchant service issue,SERVICE_NOT_DELIVERED,Payment made to unknown merchant as per customer statement.,IN_PROGRESS,MEDIUM,CHATBOT,,2026-02-13 00:00:00,2026-03-01 01:02:03,False,False,False,True,False,False,False,False
CBK0002342,TXN00018954,USR46617,MCH4286,3630.2,merchant service issue,SERVICE_NOT_DELIVERED,User reports money deducted but merchant denies receiving payment. NA,REJECTED,HIGH,APP,2026-03-07 18:04:46,2026-01-21 00:00:00,2026-03-20 00:00:00,False,False,False,False,False,False,False,False
CBK0001569,TXN00014298,USR48625,MCH4181,665.91,scam,FRAUD,Customer says transaction was not authorized.,IN_PROGRESS,MEDIUM,CHATBOT,2026-03-10 00:00:00,2026-01-23 00:00:00,,False,False,False,False,False,True,False,False
CBK0001353,TXN00019934,USR64893,MCH1320,-2640.42,unauth txn,UNAUTHORIZED,complaint received after multiple failed attempts.,PENDING_BANK,LOW,IVR,2026-02-21 00:00:00,,,False,True,False,False,True,True,False,False
CBK0001894,TXN00013090,USR24730,MCH4226,1588.36,ATO,ACCOUNT_TAKEOVER,Customer complaint text unclear due to poor call center notes.,IN_PROGRESS,MEDIUM,APP,2026-02-05 00:00:00,2026-02-02 17:30:06,,False,False,False,False,False,True,False,False
CBK0001522,TXN00013545,USR75846,MCH9344,2483.0,incorrect amount,AMOUNT_MISMATCH,PAYMENT MADE TO UNKNOWN MERCHANT AS PER CUSTOMER STATEMENT.,RESOLVED,LOW,CHATBOT,2026-02-12 00:00:00,2026-02-07 00:00:00,2026-02-18 00:00:00,False,False,False,False,False,False,False,False
CBK0001502,TXN00006961,USR72785,MCH4196,2280.65,amount mismatch,AMOUNT_MISMATCH,Suspicious high-value payment disputed by customer. urgent,OPEN,MEDIUM,IVR,2026-02-03 00:00:00,2026-01-31 00:00:00,2026-02-07 00:00:00,False,False,False,False,False,False,False,False
CBK0000709,TXN00011910,USR78593,MCH3912,3498.93,account hacked,ACCOUNT_TAKEOVER,suspicious high-value payment disputed by customer.,REJECTED,LOW,CHATBOT,2026-03-15 00:00:00,2026-03-08 00:00:00,2026-04-11 00:00:00,False,False,False,False,False,False,False,False
CBK0000010,TXN00006640,USR52772,MCH3725,,login compromised,ACCOUNT_TAKEOVER,USER CLAIMS ACCOUNT WAS COMPROMISED BEFORE TRANSACTION.,CLOSED,LOW,APP,2026-02-27 03:06:00,2026-02-25 23:06:00,,True,False,False,False,False,True,False,False
CBK0000091,TXN00014621,USR78310,MCH9002,264.51,delivery issue,SERVICE_NOT_DELIVERED,Complaint received after multiple failed attempts.,OPEN,MEDIUM,IVR,2026-03-16 00:00:00,2026-03-09 00:00:00,,False,False,False,False,False,True,False,False
CBK0002557,TXN00039623,USR35327,MCH3415,935.0,dispute raised,CUSTOMER_DISPUTE,Customer says amount was debited twice.,RESOLVED,CRITICAL,CHATBOT,2026-02-21 00:00:00,2026-02-14 02:29:00,2026-03-14 00:00:00,False,False,False,False,False,False,False,False
CBK0000909,TXN00006059,USR60322,MCH5605,-11598.12,charged twice,DUPLICATE_DEBIT,Customer complaint text unclear due to poor call center notes.,IN_PROGRESS,MEDIUM,CALL_CENTER,2026-02-23 00:00:00,2026-02-22 00:00:00,2026-03-08 00:00:00,False,True,False,False,False,False,False,False
CBK0000677,TXN00003443,USR88570,MCH2055,-7308.16,Fraud Suspected,FRAUD,Suspicious high-value payment disputed by customer.,OPEN,LOW,EMAIL,2026-02-12 00:00:00,2026-02-05 00:00:00,2026-02-21 00:00:00,False,True,False,False,False,False,False,False
CBK0000435,TXN00009091,USR82248,MCH5691,358.42,incorrect amount,AMOUNT_MISMATCH,User reports money deducted but merchant denies receiving payment.,OPEN,MEDIUM,APP,2026-03-02 00:00:00,2026-02-28 11:29:00,2026-03-21 00:00:00,False,False,False,False,False,False,False,False
CBK0001325,TXN00012946,USR82083,MCH7565,315.95,FRAUD,FRAUD,Customer says transaction was not authorized.,REJECTED,HIGH,BRANCH,2026-03-22 00:00:00,2026-03-15 00:00:00,2026-04-09 00:00:00,False,False,False,False,False,False,False,False
CBK0001746,TXN00015688,USR40061,MCH5969,3314.0,Account Takeover,ACCOUNT_TAKEOVER,Payment made to unknown merchant as per customer statement.,PENDING_BANK,MEDIUM,CHATBOT,2026-01-19 10:27:00,2026-01-13 00:00:00,2026-02-13 00:00:00,False,False,False,False,False,False,False,False
CBK0000895,TXN00007313,USR93581,MCH5980,802.19,delivery issue,SERVICE_NOT_DELIVERED,CUSTOMER COMPLAINT TEXT UNCLEAR DUE TO POOR CALL CENTER NOTES.,IN_PROGRESS,HIGH,APP,2026-01-12 10:24:00,2026-01-10 00:00:00,2026-01-27 00:00:00,False,False,False,False,False,False,False,False
CBK0000249,TXN00011669,USR26768,MCH8390,19475.24,unauthorized_transaction,UNAUTHORIZED,User claims account was compromised before transaction.,IN_PROGRESS,MEDIUM,CHATBOT,2026-04-03 16:51:59,2026-03-30 00:00:00,,False,False,False,False,False,True,False,False
CBK0002573,TXN00007177,USR70317,MCH8645,2183.89,fraud,FRAUD,Merchant service was not delivered after payment.,RESOLVED,LOW,CALL_CENTER,2026-02-06 00:00:00,2026-02-05 17:12:29,2026-02-18 00:00:00,False,False,False,False,False,False,False,False
CBK0001564,TXN00001739,USR36402,MCH6953,482.37,Duplicate Debit,DUPLICATE_DEBIT,Customer complaint text unclear due to poor call center notes.,IN_PROGRESS,LOW,EMAIL,2026-03-06 14:33:00,2026-02-04 00:00:00,2026-03-16 00:00:00,False,False,False,False,False,False,False,False
CBK0001059,TXN00009260,USR29465,MCH3341,5136.75,extra amount deducted,AMOUNT_MISMATCH,customer says transaction was not authorized.,OPEN,LOW,BRANCH,2026-01-21 00:00:00,2026-01-14 00:00:00,2026-02-06 23:34:05,False,False,False,False,False,False,False,False
CBK0001785,TXN00018150,USR30819,MCH3100,1285.26,account hacked,ACCOUNT_TAKEOVER,User claims account was compromised before txn.,IN_PROGRESS,MEDIUM,BRANCH,2026-01-09 00:00:00,2026-01-12 00:00:00,2026-01-09 00:00:00,False,False,False,False,False,False,True,False
CBK0000387,TXN00001261,USR11270,MCH4799,1010.81,Wrong Amount,AMOUNT_MISMATCH,Payment made to unknown merchant as per customer statement.,RESOLVED,LOW,APP,2026-03-23 00:00:00,2026-03-22 00:00:00,,False,False,False,False,False,True,False,False
CBK0000166,TXN00011027,USR82338,MCH2856,1781.0,Duplicate Debit,DUPLICATE_DEBIT,Customer complaint text unclear due to poor call center notes.,PENDING_BANK,MEDIUM,CALL_CENTER,,2026-02-06 00:48:39,2026-02-09 00:00:00,False,False,False,True,False,False,False,False
CBK0000288,TXN00055417,USR41398,MCH1803,9306.13,unauthorized_transaction,UNAUTHORIZED,payment made to unknown merchant as per customer statement.,IN_PROGRESS,LOW,CHATBOT,2026-03-25 07:56:30,2026-03-23 00:00:00,,False,False,False,False,False,True,False,False
CBK0000195,TXN00014413,USR30474,MCH8961,2399.47,not delivered,SERVICE_NOT_DELIVERED,Customer says transaction was not authorized.,IN_PROGRESS,MEDIUM,IVR,2026-01-06 09:42:00,2026-01-02 11:42:38,2026-01-11 00:00:00,False,False,False,False,False,False,False,False
CBK0001761,TXN00014440,USR24857,MCH1433,12244.08,ATO,ACCOUNT_TAKEOVER,Customer complaint text unclear due to poor call center notes. call dropped,OPEN,HIGH,BRANCH,2026-01-16 18:29:00,2026-01-14 00:00:00,,False,False,False,False,False,True,False,False
CBK0001753,TXN00002207,USR56780,MCH9581,-326.69,login compromised,ACCOUNT_TAKEOVER,Payment made to unknown merchant as per customer statement.,PENDING_BANK,HIGH,CHATBOT,2026-03-28 00:00:00,,2026-04-18 00:00:00,False,True,False,False,True,False,False,False
CBK0000020,TXN00010227,USR97817,MCH7570,258.0,item not received,SERVICE_NOT_DELIVERED,Merchant service was not delivered after payment.,RESOLVED,HIGH,BRANCH,2026-02-24 00:00:00,2026-02-20 00:00:00,2026-03-21 00:00:00,False,False,False,False,False,False,False,False
CBK0000942,TXN00000964,USR78941,MCH3992,2761.55,charged twice,DUPLICATE_DEBIT,Suspicious high-value payment disputed by customer.,RESOLVED,LOW,IVR,2026-04-06 00:00:00,2026-03-29 15:18:17,2026-04-06 02:18:00,False,False,False,False,False,False,False,False
CBK0002736,TXN00017399,USR27913,MCH5980,685.65,no service,SERVICE_NOT_DELIVERED,CUSTOMER COMPLAINT TEXT UNCLEAR DUE TO POOR CALL CENTER NOTES.,REJECTED,CRITICAL,CHATBOT,2026-01-27 00:00:00,2026-01-26 19:18:00,,False,False,False,False,False,True,False,False
CBK0000940,TXN00012142,USR51720,MCH2099,355.28,DUP_DEBIT,DUPLICATE_DEBIT,Customer says transaction was not authorized.,RESOLVED,HIGH,EMAIL,2026-03-20 00:00:00,2026-03-17 12:23:25,2026-03-20 00:00:00,False,False,False,False,False,False,False,False
CBK0000031,TXN00005788,USR80678,MCH4473,372.51,DUP_DEBIT,DUPLICATE_DEBIT,User claims account was compromised before transaction.,RESOLVED,LOW,IVR,2026-03-29 00:09:09,,2026-03-29 00:09:09,False,False,False,False,True,False,False,False
CBK0001210,TXN00014187,USR80504,MCH2456,972.0,fraud,FRAUD,Complaint received after multiple failed attempts.,RESOLVED,LOW,CHATBOT,2026-03-20 00:00:00,2026-03-18 00:00:00,2026-03-25 08:55:00,False,False,False,False,False,False,False,False
CBK0002670,TXN00018420,USR34122,MCH3807,2274.67,merchant service issue,SERVICE_NOT_DELIVERED,Payment made to unknown merchant as per customer statement.,PENDING_BANK,HIGH,BRANCH,2026-03-12 19:55:00,,2026-03-28 00:00:00,False,False,False,False,True,False,False,False
CBK0001707,TXN00006976,USR91675,MCH3676,1752.57,account hacked,ACCOUNT_TAKEOVER,customer says amount was debited twice.,PENDING_BANK,LOW,EMAIL,2026-01-16 02:55:00,2026-01-15 00:00:00,2026-02-13 02:55:52,False,False,False,False,False,False,False,False
CBK0002073,TXN00007227,USR23350,MCH8136,1894.93,extra amount deducted,AMOUNT_MISMATCH,Customer complaint text unclear due to poor call center notes.,OPEN,MEDIUM,BRANCH,2026-03-02 00:00:00,,,False,False,False,False,True,True,False,False
CBK0001648,TXN00003335,USR96396,MCH5954,1426.02,unauthorized_transaction,UNAUTHORIZED,customer says transaction was not authorized.,PENDING_BANK,HIGH,IVR,2026-04-07 00:00:00,2026-03-28 00:00:00,2026-05-05 00:00:00,False,False,False,False,False,False,False,False
CBK0001755,TXN00008682,USR56480,MCH7833,5944.75,Unauthorized Transaction,UNAUTHORIZED,Suspicious high-value payment disputed by customer.,CLOSED,LOW,CHATBOT,2026-01-20 22:35:28,2026-01-19 03:35:28,2026-01-21 00:00:00,False,False,False,False,False,False,False,False
CBK0000952,TXN00013323,USR46902,MCH2064,1986.27,not delivered,SERVICE_NOT_DELIVERED,Complaint received after multiple failed attempts.,OPEN,MEDIUM,CALL_CENTER,2026-04-24 00:00:00,,2026-05-19 00:00:00,False,False,False,False,True,False,False,False
CBK0002378,TXN00014450,USR74567,MCH5798,2438.0,Service Not Provided,SERVICE_NOT_DELIVERED,Complaint received after multiple failed attempts.,IN_PROGRESS,LOW,CHATBOT,2026-03-13 00:00:00,2026-03-10 00:00:00,2026-03-13 23:03:21,False,False,False,False,False,False,False,False
CBK0001662,TXN00008240,USR43842,MCH7885,-962.34,no service,SERVICE_NOT_DELIVERED,Merchant service was not delivered after payment.,RESOLVED,HIGH,BRANCH,2026-01-08 00:00:00,2026-01-06 00:00:00,2026-01-18 19:29:00,False,True,False,False,False,False,False,False
CBK0000275,TXN00037497,USR31937,MCH9768,419.0,service failed,SERVICE_NOT_DELIVERED,Complaint received after multiple failed attempts.,RESOLVED,CRITICAL,CHATBOT,2026-02-23 00:00:00,2026-02-20 00:00:00,2026-03-08 00:00:00,False,False,False,False,False,False,False,False
CBK0002206,TXN00009768,USR52915,MCH7051,5082.98,Unauthorized Transaction,UNAUTHORIZED,Payment made to unknown merchant as per customer statement.,CLOSED,CRITICAL,EMAIL,2026-03-16 00:00:00,,2026-03-17 00:10:00,False,False,False,False,True,False,False,False
CBK0002687,TXN00017004,USR22471,MCH2822,645.98,dispute raised,CUSTOMER_DISPUTE,User says UPI PIN was not entered by them.,IN_PROGRESS,CRITICAL,CALL_CENTER,2026-01-29 03:06:00,2026-01-27 00:00:00,2026-02-11 00:00:00,False,False,False,False,False,False,False,False
CBK0000843,TXN00014470,USR23820,MCH3842,,merchant service issue,SERVICE_NOT_DELIVERED,Complaint received after multiple failed attempts.,REJECTED,LOW,CALL_CENTER,2026-03-25 00:04:00,2026-03-14 00:00:00,,True,False,False,False,False,True,False,False
CBK0002212,TXN00010395,USR73737,MCH1395,4273.42,item not received,SERVICE_NOT_DELIVERED,Customer says amount was debited twice. NA,IN_PROGRESS,HIGH,CHATBOT,2026-03-31 00:00:00,2026-03-24 02:55:35,2026-04-13 06:55:35,False,False,False,False,False,False,False,False
CBK0002231,TXN00010167,USR37981,MCH7715,-3121.8,Customer Dispute,CUSTOMER_DISPUTE,Customer says amount was debited twice.,IN_PROGRESS,MEDIUM,CHATBOT,2026-03-10 09:30:28,2026-03-08 00:00:00,2026-04-08 00:00:00,False,True,False,False,False,False,False,False
CBK0000475,TXN00015106,USR66875,MCH7661,4581.94,charged twice,DUPLICATE_DEBIT,Suspicious high-value payment disputed by customer.,OPEN,MEDIUM,EMAIL,2026-02-18 00:00:00,2026-02-11 00:00:00,,False,False,False,False,False,True,False,False
CBK0002741,TXN00016493,USR97428,MCH9290,1664.55,account hacked,ACCOUNT_TAKEOVER,Complaint received after multiple failed attempts.,CLOSED,LOW,IVR,,,2026-03-21 00:00:00,False,False,False,True,True,False,False,False
CBK0001221,TXN00002325,USR19262,MCH7654,800.32,delivery issue,SERVICE_NOT_DELIVERED,Payment made to unknown merchant as per customer statement.,IN_PROGRESS,HIGH,EMAIL,,2026-03-28 01:43:00,2026-04-26 00:00:00,False,False,False,True,False,False,False,False
CBK0000584,TXN00018381,USR66286,MCH3433,528.22,login compromised,ACCOUNT_TAKEOVER,Suspicious high-value payment disputed by customer.,OPEN,LOW,IVR,2026-01-26 00:09:00,2026-01-24 00:00:00,2026-02-17 00:09:38,False,False,False,False,False,False,False,False
CBK0001297,TXN00002610,USR99997,MCH5710,784.51,extra amount deducted,AMOUNT_MISMATCH,suspicious high-value payment disputed by customer.,REJECTED,MEDIUM,APP,2026-01-10 07:41:28,2026-01-04 00:00:00,2026-02-09 07:41:28,False,False,False,False,False,False,False,False
CBK0001860,TXN00000877,USR24833,MCH8648,1251.7,Wrong Amount,AMOUNT_MISMATCH,Suspicious high-value payment disputed by customer.,RESOLVED,LOW,IVR,2026-03-11 00:00:00,2026-03-10 00:00:00,2026-04-06 00:00:00,False,False,False,False,False,False,False,False
CBK0001456,TXN00003248,USR30500,MCH2822,10277.41,Unauthorized Transaction,UNAUTHORIZED,Suspicious high-value payment disputed by customer.,PENDING_BANK,CRITICAL,CALL_CENTER,2026-02-09 00:00:00,2026-02-08 02:56:43,2026-02-16 00:00:00,False,False,False,False,False,False,False,False
CBK0001261,TXN00001742,USR56247,MCH1220,1286.87,FRAUD,FRAUD,Customer complaint text unclear due to poor call center notes.,IN_PROGRESS,LOW,IVR,2026-02-03 00:00:00,2026-01-24 00:00:00,2026-02-15 00:00:00,False,False,False,False,False,False,False,False
CBK0000638,TXN00006348,USR97580,MCH6624,506.14,Customer Dispute,CUSTOMER_DISPUTE,user says upi pin was not entered by them.,IN_PROGRESS,MEDIUM,CHATBOT,2026-01-21 00:00:00,2026-01-17 00:00:00,2026-01-27 00:24:00,False,False,False,False,False,False,False,False
CBK0000029,TXN00006499,USR14810,MCH1545,640.77,incorrect amount,AMOUNT_MISMATCH,User says UPI PIN was not entered by them.,CLOSED,MEDIUM,CHATBOT,2026-03-01 20:13:00,2026-02-27 09:13:41,,False,False,False,False,False,True,False,False
CBK0001349,TXN00011307,USR27947,MCH5452,4006.77,login compromised,ACCOUNT_TAKEOVER,User says UPI PIN was not entered by them.,PENDING_BANK,LOW,CALL_CENTER,2026-03-31 19:55:24,2026-03-31 02:55:00,2026-04-06 00:00:00,False,False,False,False,False,False,False,False
CBK0000751,TXN00008166,USR71704,MCH6694,813.72,unauthorized_transaction,UNAUTHORIZED,USER CLAIMS ACCOUNT WAS COMPROMISED BEFORE TRANSACTION.,REJECTED,MEDIUM,IVR,,,2026-02-22 08:23:27,False,False,False,True,True,False,False,False
CBK0001656,TXN00014355,USR49179,MCH9241,842.31,Duplicate Debit,DUPLICATE_DEBIT,Customer says transaction was not authorized.,OPEN,LOW,BRANCH,2026-05-15 19:24:00,2026-03-31 00:00:00,2026-06-09 00:00:00,False,False,False,False,False,False,False,False
CBK0001674,TXN00013171,USR44076,MCH8679,1091.17,account hacked,ACCOUNT_TAKEOVER,Customer complaint text unclear due to poor call center notes.,IN_PROGRESS,HIGH,BRANCH,2026-04-13 00:00:00,2026-02-27 00:19:00,2026-04-18 00:00:00,False,False,False,False,False,False,False,False
CBK0000295,TXN00010097,USR30500,MCH3244,12885.17,Unauthorized Transaction,UNAUTHORIZED,Complaint received after multiple failed attempts.,PENDING_BANK,LOW,IVR,2026-02-22 00:00:00,2026-02-20 01:27:00,2026-03-19 00:00:00,False,False,False,False,False,False,False,False
CBK0000054,TXN00015105,USR35239,MCH9077,608.31,customer issue,CUSTOMER_DISPUTE,User claims account was compromised before transaction.,REJECTED,LOW,IVR,2026-03-29 00:00:00,2026-03-26 00:00:00,2026-03-30 00:00:00,False,False,False,False,False,False,False,False
CBK0001078,TXN00001209,USR19922,MCH6850,2704.46,Service Not Provided,SERVICE_NOT_DELIVERED,User claims account was compromised before transaction.,IN_PROGRESS,MEDIUM,CHATBOT,2026-02-13 00:00:00,2026-02-07 00:00:00,,False,False,False,False,False,True,False,False
CBK0000768,TXN00002926,USR29277,MCH7998,1432.79,dispute raised,CUSTOMER_DISPUTE,Customer complaint text unclear due to poor call center notes.,OPEN,LOW,CHATBOT,2026-02-18 00:00:00,2026-01-03 00:00:00,2026-02-19 00:00:00,False,False,False,False,False,False,False,False
CBK0002700,TXN00018891,USR69797,MCH5713,2154.46,unauth txn,UNAUTHORIZED,Customer complaint text unclear due to poor call center notes.,RESOLVED,HIGH,EMAIL,2026-01-06 00:00:00,,2026-02-04 20:17:00,False,False,False,False,True,False,False,False
CBK0002167,TXN00008964,USR58972,MCH9155,1646.02,Account Takeover,ACCOUNT_TAKEOVER,Customer says amount was debited twice.,PENDING_BANK,HIGH,EMAIL,2026-01-22 00:00:00,2026-01-20 00:00:00,,False,False,False,False,False,True,False,False
CBK0002787,TXN00005483,USR89278,MCH4006,2130.14,no service,SERVICE_NOT_DELIVERED,User reports money deducted but merchant denies receiving payment.,IN_PROGRESS,MEDIUM,CALL_CENTER,2026-01-15 00:00:00,2026-01-12 00:44:38,,False,False,False,False,False,True,False,False
CBK0002552,TXN00011308,USR27300,MCH9291,16936.0,FRAUD,FRAUD,Complaint received after multiple failed attempts.,OPEN,LOW,CALL_CENTER,2026-04-02 19:18:00,2026-03-30 00:00:00,2026-04-26 00:00:00,False,False,False,False,False,False,False,False
CBK0002279,TXN00018603,USR39503,MCH1658,3615.07,Duplicate Debit,DUPLICATE_DEBIT,Suspicious high-value payment disputed by customer.,REJECTED,CRITICAL,CALL_CENTER,2026-03-26 00:00:00,2026-03-23 12:48:07,2026-03-26 04:48:00,False,False,False,False,False,False,False,False
CBK0000950,TXN00016469,USR13599,MCH6400,1313.4,Account Takeover,ACCOUNT_TAKEOVER,Complaint received after multiple failed attempts.,IN_PROGRESS,HIGH,CHATBOT,2026-02-06 00:00:00,2026-01-29 06:43:12,2026-02-14 00:00:00,False,False,False,False,False,False,False,False
CBK0002046,TXN00013381,USR72135,MCH5076,1684.52,not delivered,SERVICE_NOT_DELIVERED,User says UPI PIN was not entered by them.,REJECTED,LOW,BRANCH,2026-01-18 21:33:00,2026-01-08 16:33:00,2026-02-17 21:33:18,False,False,False,False,False,False,False,False
CBK0002547,TXN00009614,USR83314,MCH4007,927.07,FRAUD,FRAUD,Customer complaint text unclear due to poor call center notes.,PENDING_BANK,HIGH,IVR,2026-02-12 00:00:00,,2026-03-01 00:00:00,False,False,False,False,True,False,False,False
CBK0000941,TXN00016470,USR14844,MCH2266,-1994.56,service failed,SERVICE_NOT_DELIVERED,Customer says amount was debited twice.,OPEN,HIGH,EMAIL,2026-01-10 09:49:36,2026-01-04 00:00:00,2026-01-10 00:00:00,False,True,False,False,False,False,False,False
CBK0001286,TXN00004472,USR83523,MCH5954,,Merchant Not Delivered,SERVICE_NOT_DELIVERED,Customer says transaction was not authorized. NA,PENDING_BANK,MEDIUM,BRANCH,2026-03-07 08:35:18,2026-03-10 08:35:18,2026-04-05 08:35:00,True,False,False,False,False,False,True,False
CBK0002170,TXN00017055,USR56789,MCH5954,226.51,DUP_DEBIT,DUPLICATE_DEBIT,Customer complaint text unclear due to poor call center notes.,REJECTED,HIGH,CHATBOT,2026-03-03 00:00:00,2026-03-02 00:00:00,2026-03-16 00:00:00,False,False,False,False,False,False,False,False
CBK0001905,TXN00011981,USR80617,MCH7286,17594.04,item not received,SERVICE_NOT_DELIVERED,suspicious high-value payment disputed by customer.,PENDING_BANK,LOW,EMAIL,2026-01-11 00:00:00,2026-01-08 00:00:00,2026-01-23 03:28:28,False,False,False,False,False,False,False,False
CBK0000179,TXN00017876,USR49537,MCH5956,638.04,Fraud Suspected,FRAUD,Customer says transaction was not authorized.,IN_PROGRESS,HIGH,IVR,2026-03-10 14:02:56,2026-03-06 00:00:00,2026-03-28 00:00:00,False,False,False,False,False,False,False,False
CBK0002676,TXN00004927,USR19351,MCH3684,1530.6,service failed,SERVICE_NOT_DELIVERED,Merchant service was not delivered after payment.,RESOLVED,LOW,APP,,2026-03-05 00:00:00,,False,False,False,True,False,True,False,False
CBK0001302,TXN00007192,USR80872,MCH2757,1195.71,Merchant Not Delivered,SERVICE_NOT_DELIVERED,Suspicious high-value payment disputed by customer.,PENDING_BANK,MEDIUM,IVR,2026-01-16 00:00:00,2026-01-08 00:00:00,2026-02-08 00:00:00,False,False,False,False,False,False,False,False
CBK0000591,TXN00011869,USR62847,MCH3840,8004.21,amount mismatch,AMOUNT_MISMATCH,User claims account was compromised before transaction.,CLOSED,CRITICAL,CALL_CENTER,2026-03-02 00:00:00,2026-01-16 05:31:00,2026-03-24 00:00:00,False,False,False,False,False,False,False,False
CBK0000460,TXN00001710,USR13062,MCH2803,-5894.84,ATO,ACCOUNT_TAKEOVER,customer complaint text unclear due to poor call center notes.,RESOLVED,MEDIUM,IVR,2026-04-21 00:00:00,2026-03-22 00:00:00,,False,True,False,False,False,True,False,False
CBK0000570,TXN00006817,USR13134,MCH3815,774.67,login compromised,ACCOUNT_TAKEOVER,Customer says transaction was not authorized.,PENDING_BANK,MEDIUM,CHATBOT,2026-03-25 00:00:00,2026-03-24 00:00:00,2026-04-10 00:00:00,False,False,False,False,False,False,False,False
CBK0001161,TXN00004594,USR71825,MCH8679,315.15,Fraud Suspected,FRAUD,Customer complaint text unclear due to poor call center notes.,IN_PROGRESS,MEDIUM,APP,2026-02-24 00:00:00,2026-02-23 00:00:00,2026-03-24 00:00:00,False,False,False,False,False,False,False,False
CBK0002019,TXN00005409,USR58335,MCH1825,504.51,DUP_DEBIT,DUPLICATE_DEBIT,Customer says transaction was not authorized.,RESOLVED,CRITICAL,APP,2026-03-29 14:06:21,2026-03-27 23:06:21,,False,False,False,False,False,True,False,False
CBK0002751,TXN00015657,USR59679,MCH3440,1966.13,no service,SERVICE_NOT_DELIVERED,User says UPI PIN was not entered by them.,REJECTED,LOW,IVR,2026-02-10 00:00:00,2026-02-08 00:00:00,2026-02-25 00:00:00,False,False,False,False,False,False,False,False
CBK0001766,,USR12686,MCH7267,1546.27,account hacked,ACCOUNT_TAKEOVER,User claims account was compromised before transaction.,RESOLVED,HIGH,CHATBOT,2026-02-18 00:00:00,2026-02-18 00:00:00,2026-03-20 10:31:04,False,False,True,False,False,False,False,False
CBK0002685,TXN00018738,USR32577,MCH5980,1179.22,double debit,DUPLICATE_DEBIT,Customer complaint text unclear due to poor call center notes.,PENDING_BANK,LOW,CHATBOT,2026-03-13 00:00:00,2026-02-10 00:00:00,2026-03-29 00:00:00,False,False,False,False,False,False,False,False
CBK0001179,TXN00016521,USR36519,MCH9839,2697.0,scam,FRAUD,Customer says amount was debited twice.,PENDING_BANK,LOW,EMAIL,2026-03-13 00:00:00,2026-02-25 00:00:00,2026-04-07 00:00:00,False,False,False,False,False,False,False,False
CBK0002516,TXN00073646,USR57758,MCH1812,7863.78,dispute raised,CUSTOMER_DISPUTE,Payment made to unknown merchant as per customer statement.,RESOLVED,HIGH,EMAIL,2026-01-31 00:00:00,2026-01-24 00:00:00,,False,False,False,False,False,True,False,False
CBK0002047,TXN00007439,USR65461,MCH3896,3333.48,FRAUD,FRAUD,User claims account was compromised before transaction.,REJECTED,LOW,CHATBOT,2026-03-12 00:00:00,2026-03-09 12:57:00,,False,False,False,False,False,True,False,False
CBK0000352,TXN00014436,USR20197,MCH8920,5439.35,account hacked,ACCOUNT_TAKEOVER,Suspicious high-value payment disputed by customer.,PENDING_BANK,HIGH,BRANCH,2026-02-05 18:21:54,2026-02-02 00:00:00,2026-02-23 18:21:54,False,False,False,False,False,False,False,False
CBK0001568,TXN00010744,USR28325,MCH2822,748.64,login compromised,ACCOUNT_TAKEOVER,User claims account was compromised before transaction.,RESOLVED,MEDIUM,BRANCH,2026-02-04 12:06:53,2026-02-03 04:06:53,2026-02-07 12:06:00,False,False,False,False,False,False,False,False
CBK0001997,TXN00019193,USR39555,MCH8953,1004.32,double debit,DUPLICATE_DEBIT,Complaint received after multiple failed attempts.,CLOSED,HIGH,CHATBOT,2026-01-13 00:00:00,2026-01-10 00:00:00,2026-02-09 00:00:00,False,False,False,False,False,False,False,False
CBK0000400,TXN00009596,USR71348,MCH7207,5224.53,double debit,DUPLICATE_DEBIT,user claims account was compromised before transaction.,IN_PROGRESS,MEDIUM,APP,2026-01-24 00:00:00,2026-01-21 00:00:00,,False,False,False,False,False,True,False,False
CBK0000982,TXN00011350,USR93171,MCH5785,188.6,item not received,SERVICE_NOT_DELIVERED,User reports money deducted but merchant denies receiving payment.,CLOSED,MEDIUM,IVR,2026-01-14 00:00:00,2026-01-06 00:00:00,,False,False,False,False,False,True,False,False
CBK0001618,TXN00015125,USR77086,MCH1644,967.0,account hacked,ACCOUNT_TAKEOVER,customer says transaction was not authorized.,IN_PROGRESS,MEDIUM,BRANCH,2026-04-28 00:00:00,2026-03-28 00:00:00,2026-05-22 00:00:00,False,False,False,False,False,False,False,False
CBK0001730,TXN00006467,USR66854,MCH4352,7505.86,Wrong Amount,AMOUNT_MISMATCH,CUSTOMER COMPLAINT TEXT UNCLEAR DUE TO POOR CALL CENTER NOTES.,REJECTED,HIGH,CHATBOT,2026-02-20 10:08:55,2026-02-19 12:08:55,2026-03-17 00:00:00,False,False,False,False,False,False,False,False
CBK0002249,TXN00005146,USR93984,MCH8154,725.45,unauth txn,UNAUTHORIZED,CUSTOMER SAYS TRANSACTION WAS NOT AUTHORIZED.,PENDING_BANK,MEDIUM,IVR,2026-03-29 08:57:00,2026-03-26 00:00:00,2026-04-24 00:00:00,False,False,False,False,False,False,False,False
CBK0001787,TXN00013934,USR50975,MCH4366,487.43,ATO,ACCOUNT_TAKEOVER,Suspicious high-value payment disputed by customer.,IN_PROGRESS,HIGH,EMAIL,2026-04-11 00:00:00,2026-03-12 13:58:26,2026-04-26 00:00:00,False,False,False,False,False,False,False,False
CBK0000936,TXN00008546,USR92782,MCH9921,936.49,dispute raised,CUSTOMER_DISPUTE,User says UPI PIN was not entered by them.,RESOLVED,LOW,CHATBOT,2026-02-08 00:00:00,2026-02-07 19:28:54,2026-02-17 00:00:00,False,False,False,False,False,False,False,False
CBK0001535,TXN00015786,USR49801,MCH2148,14485.22,dispute raised,CUSTOMER_DISPUTE,User reports money deducted but merchant denies receiving payment.,PENDING_BANK,MEDIUM,CALL_CENTER,2026-03-20 15:18:00,2026-03-17 00:00:00,,False,False,False,False,False,True,False,False
CBK0001064,TXN00016822,USR40162,MCH1101,3058.22,Unauthorized Transaction,UNAUTHORIZED,Customer says amount was debited twice.,IN_PROGRESS,LOW,CHATBOT,2026-02-19 00:00:00,2026-01-19 01:40:00,2026-03-02 00:00:00,False,False,False,False,False,False,False,False
CBK0002089,TXN00010784,USR61539,MCH5778,782.96,customer issue,CUSTOMER_DISPUTE,Customer says amount was debited twice.,OPEN,HIGH,BRANCH,2026-01-16 12:49:43,2026-01-16 03:49:43,2026-02-04 00:00:00,False,False,False,False,False,False,False,False
CBK0001897,TXN00008189,USR22202,MCH4473,577.55,DUP_DEBIT,DUPLICATE_DEBIT,User claims account was compromised before transaction.,IN_PROGRESS,MEDIUM,APP,2026-02-09 09:59:00,2026-01-10 00:00:00,2026-02-13 00:00:00,False,False,False,False,False,False,False,False
CBK0001591,TXN00001778,USR22644,MCH3896,2008.0,unauth txn,UNAUTHORIZED,Customer complaint text unclear due to poor call center notes.,REJECTED,LOW,IVR,2026-02-21 20:57:45,2026-02-20 00:00:00,2026-03-23 00:00:00,False,False,False,False,False,False,False,False
CBK0001510,TXN00009054,USR40521,MCH8665,14177.27,UNAUTHORISED,UNAUTHORIZED,customer says transaction was not authorized.,IN_PROGRESS,MEDIUM,IVR,2026-01-18 00:00:00,2026-01-16 19:29:00,2026-02-08 00:00:00,False,False,False,False,False,False,False,False
CBK0000351,TXN00049383,USR83155,MCH5768,614.57,Service Not Provided,SERVICE_NOT_DELIVERED,Suspicious high-value payment disputed by cust.,OPEN,LOW,CHATBOT,2026-01-31 19:44:25,2026-01-30 00:00:00,2026-02-23 19:44:00,False,False,False,False,False,False,False,False
CBK0001213,TXN00017444,USR29137,MCH6278,252.18,Unauthorized Transaction,UNAUTHORIZED,User claims account was compromised before txn.,PENDING_BANK,MEDIUM,CHATBOT,2026-03-25 00:00:00,2026-03-24 23:19:43,2026-03-30 00:00:00,False,False,False,False,False,False,False,False
CBK0001031,TXN00018504,USR95238,MCH8391,2887.1,not done by me,UNAUTHORIZED,Merchant service was not delivered after payment. details missing,RESOLVED,LOW,CALL_CENTER,2026-02-23 00:00:00,2026-02-19 00:00:00,2026-02-23 00:00:00,False,False,False,False,False,False,False,False
CBK0001148,TXN00009676,USR60032,MCH8953,,Unauthorized Transaction,UNAUTHORIZED,User reports money deducted but merchant denies receiving payment.,RESOLVED,LOW,CHATBOT,2026-02-03 00:00:00,2026-01-18 00:00:00,2026-03-02 08:39:23,True,False,False,False,False,False,False,False
CBK0002528,TXN00019669,USR43455,MCH2895,2022.82,scam,FRAUD,Customer says transaction was not authorized. call dropped,IN_PROGRESS,MEDIUM,EMAIL,2026-03-11 00:00:00,2026-03-10 12:00:49,,False,False,False,False,False,True,False,False
CBK0002233,TXN00010897,USR48881,MCH3815,5022.43,delivery issue,SERVICE_NOT_DELIVERED,USER REPORTS MONEY DEDUCTED BUT MERCHANT DENIES RECEIVING PAYMENT.,IN_PROGRESS,HIGH,BRANCH,2026-02-14 17:07:26,2026-01-29 21:07:26,2026-03-03 17:07:26,False,False,False,False,False,False,False,False
CBK0000147,TXN00003927,USR94184,MCH2234,875.3,Wrong Amount,AMOUNT_MISMATCH,Customer says transaction was not authorized.,CLOSED,LOW,IVR,2026-02-17 03:26:55,2026-02-09 00:00:00,2026-02-18 00:00:00,False,False,False,False,False,False,False,False
CBK0000527,,USR45627,MCH3427,-171.98,fraud,FRAUD,User reports money deducted but merchant denies receiving payment.,IN_PROGRESS,LOW,IVR,2026-03-28 00:00:00,2026-03-26 11:37:00,,False,True,True,False,False,True,False,False
CBK0000140,TXN00001801,USR46902,MCH2378,2789.99,Customer Dispute,CUSTOMER_DISPUTE,User says UPI PIN was not entered by them.,IN_PROGRESS,LOW,EMAIL,2026-03-08 07:20:00,2026-02-26 07:20:00,2026-03-10 07:20:55,False,False,False,False,False,False,False,False
CBK0000613,TXN00002808,USR82191,MCH9948,604.93,Customer Dispute,CUSTOMER_DISPUTE,Customer says transaction was not authorized.,PENDING_BANK,MEDIUM,EMAIL,2026-02-20 00:00:00,2026-02-13 00:00:00,2026-03-02 02:21:00,False,False,False,False,False,False,False,False
CBK0001796,TXN00014147,USR19352,MCH5990,2551.0,account hacked,ACCOUNT_TAKEOVER,payment made to unknown merchant as per customer statement.,IN_PROGRESS,LOW,BRANCH,2026-02-22 00:00:00,2026-02-12 00:00:00,2026-03-04 00:00:00,False,False,False,False,False,False,False,False
CBK0000336,TXN00004644,USR14768,MCH8391,-3662.83,item not received,SERVICE_NOT_DELIVERED,User claims account was compromised before transaction.,RESOLVED,LOW,IVR,2026-03-08 00:00:00,2026-03-05 00:00:00,,False,True,False,False,False,True,False,False
CBK0002179,TXN00002142,USR44124,MCH9291,13132.36,Service Not Provided,SERVICE_NOT_DELIVERED,Customer says amount was debited twice.,CLOSED,HIGH,CHATBOT,2026-01-18 00:00:00,2026-01-14 00:00:00,2026-01-25 00:00:00,False,False,False,False,False,False,False,False
CBK0002623,,USR80824,MCH3492,1057.6,FRAUD,FRAUD,Suspicious high-value payment disputed by customer.,REJECTED,HIGH,APP,2026-02-03 00:00:00,2026-01-18 14:41:00,2026-02-21 00:00:00,False,False,True,False,False,False,False,False
CBK0001375,TXN00001251,USR45344,MCH4473,802.62,complaint,CUSTOMER_DISPUTE,Merchant service was not delivered after payment.,RESOLVED,HIGH,CHATBOT,2026-02-01 00:00:00,2026-01-29 00:00:00,,False,False,False,False,False,True,False,False
CBK0001280,TXN00012568,USR61715,MCH6850,15086.0,Customer Dispute,CUSTOMER_DISPUTE,Customer says transaction was not authorized.,OPEN,LOW,CALL_CENTER,2026-03-02 14:03:49,2026-01-16 00:00:00,2026-03-11 00:00:00,False,False,False,False,False,False,False,False
CBK0002202,TXN00001215,USR26403,MCH5655,5146.97,Merchant Not Delivered,SERVICE_NOT_DELIVERED,Merchant service was not delivered after payment.,CLOSED,MEDIUM,CHATBOT,2026-01-07 00:00:00,2026-01-01 00:00:00,,False,False,False,False,False,True,False,False
CBK0002178,TXN00010512,USR39098,MCH1080,752.1,extra amount deducted,AMOUNT_MISMATCH,Customer says amount was debited twice.,OPEN,LOW,IVR,2026-01-22 04:57:56,2026-01-19 00:00:00,,False,False,False,False,False,True,False,False
CBK0002515,TXN00019171,USR95538,MCH5931,3429.44,Wrong Amount,AMOUNT_MISMATCH,Customer says transaction was not authorized.,RESOLVED,LOW,CALL_CENTER,2026-04-09 00:00:00,2026-03-30 00:00:00,,False,False,False,False,False,True,False,False
CBK0000099,,USR93290,MCH3558,1317.94,Fraud Suspected,FRAUD,User claims account was compromised before transaction.,RESOLVED,MEDIUM,EMAIL,2026-01-17 00:00:00,2026-01-11 00:00:00,,False,False,True,False,False,True,False,False
CBK0002071,TXN00006958,USR61891,MCH7286,-1162.72,service failed,SERVICE_NOT_DELIVERED,Payment made to unknown merchant as per customer statement.,OPEN,HIGH,IVR,2026-02-13 00:00:00,2026-02-13 00:00:00,,False,True,False,False,False,True,False,False
CBK0000066,TXN00017748,USR86707,MCH8350,1855.0,Service Not Provided,SERVICE_NOT_DELIVERED,Customer complaint text unclear due to poor call center notes. call dropped,REJECTED,LOW,APP,2026-02-12 00:00:00,,2026-03-06 00:00:00,False,False,False,False,True,False,False,False
CBK0002204,TXN00009040,USR97137,MCH3202,-1600.6,Service Not Provided,SERVICE_NOT_DELIVERED,Customer says transaction was not authorized.,IN_PROGRESS,HIGH,CALL_CENTER,2026-01-16 00:00:00,2026-01-05 13:37:21,2026-02-15 00:00:00,False,True,False,False,False,False,False,False
CBK0001942,TXN00017185,USR88284,MCH9344,384.18,Wrong Amount,AMOUNT_MISMATCH,Payment made to unknown merchant as per customer statement.,OPEN,MEDIUM,BRANCH,2026-03-16 00:00:00,2026-03-08 00:00:00,2026-04-04 00:00:00,False,False,False,False,False,False,False,False
CBK0000955,,USR66359,MCH2992,1214.33,delivery issue,SERVICE_NOT_DELIVERED,Payment made to unknown merchant as per customer statement.,OPEN,LOW,IVR,2026-04-18 12:26:19,2026-03-04 00:00:00,,False,False,True,False,False,True,False,False
CBK0001156,TXN00010478,USR27893,MCH7475,634.0,ATO,ACCOUNT_TAKEOVER,Merchant service was not delivered after payment.,IN_PROGRESS,LOW,CHATBOT,2026-01-29 00:00:00,2026-01-28 07:58:01,,False,False,False,False,False,True,False,False
CBK0001940,TXN00006894,USR19400,MCH3815,2016.51,delivery issue,SERVICE_NOT_DELIVERED,Customer complaint text unclear due to poor call center notes.,REJECTED,HIGH,IVR,2026-02-26 00:00:00,,2026-03-04 00:00:00,False,False,False,False,True,False,False,False
CBK0000135,TXN00013531,USR33763,MCH2483,2390.0,item not received,SERVICE_NOT_DELIVERED,User reports money deducted but merchant denies receiving payment.,IN_PROGRESS,LOW,APP,2026-01-22 00:00:00,,2026-02-06 00:00:00,False,False,False,False,True,False,False,False
CBK0002522,,USR72963,MCH4406,584.72,not done by me,UNAUTHORIZED,User claims account was compromised before transaction.,REJECTED,LOW,APP,2026-03-02 00:00:00,,2026-03-23 00:00:00,False,False,True,False,True,False,False,False
CBK0002568,TXN00012990,USR24437,MCH1818,3464.25,unauth txn,UNAUTHORIZED,Customer says amount was debited twice.,CLOSED,HIGH,CHATBOT,,2026-03-01 15:45:08,,False,False,False,True,False,True,False,False
CBK0001092,TXN00015253,USR50458,MCH4725,1700.27,no service,SERVICE_NOT_DELIVERED,CUSTOMER COMPLAINT TEXT UNCLEAR DUE TO POOR CALL CENTER NOTES.,PENDING_BANK,LOW,CHATBOT,2026-03-17 00:00:00,,,False,False,False,False,True,True,False,False
CBK0001495,TXN00014774,USR47392,MCH8779,2478.18,Unauthorized Transaction,UNAUTHORIZED,Payment made to unknown merchant as per customer statement.,REJECTED,LOW,BRANCH,2026-04-03 00:00:00,2026-03-23 00:00:00,2026-04-20 00:00:00,False,False,False,False,False,False,False,False
CBK0000296,TXN00003112,USR49629,MCH1546,4974.0,merchant service issue,SERVICE_NOT_DELIVERED,User says UPI PIN was not entered by them.,CLOSED,MEDIUM,CHATBOT,2026-04-03 00:00:00,2026-03-27 12:17:00,2026-04-09 00:00:00,False,False,False,False,False,False,False,False
CBK0002750,TXN00013670,USR26461,MCH9342,4375.63,charged twice,DUPLICATE_DEBIT,User says UPI PIN was not entered by them.,REJECTED,MEDIUM,BRANCH,2026-03-13 00:00:00,2026-02-11 00:00:00,2026-03-18 18:50:28,False,False,False,False,False,False,False,False
CBK0002535,TXN00009226,USR99720,MCH1211,4466.49,login compromised,ACCOUNT_TAKEOVER,User reports money deducted but merchant denies receiving payment.,RESOLVED,MEDIUM,BRANCH,2026-01-22 15:05:21,2026-01-15 00:00:00,2026-01-24 00:00:00,False,False,False,False,False,False,False,False
CBK0002545,TXN00010063,USR85767,MCH8999,219.86,Account Takeover,ACCOUNT_TAKEOVER,User says UPI PIN was not entered by them.,OPEN,MEDIUM,CHATBOT,2026-02-19 00:00:00,2026-02-12 07:23:39,2026-03-09 00:00:00,False,False,False,False,False,False,False,False
CBK0002186,TXN00003156,USR24528,MCH4024,1072.99,Unauthorized Transaction,UNAUTHORIZED,Customer complaint text unclear due to poor call center notes.,RESOLVED,MEDIUM,EMAIL,2026-02-26 00:00:00,2026-02-25 00:00:00,2026-03-19 00:00:00,False,False,False,False,False,False,False,False
CBK0000978,TXN00006792,USR48647,MCH5655,1704.54,extra amount deducted,AMOUNT_MISMATCH,Customer complaint text unclear due to poor call center notes.,REJECTED,LOW,CALL_CENTER,2026-02-27 00:00:00,,2026-03-02 00:00:00,False,False,False,False,True,False,False,False
CBK0001661,TXN00009867,USR15733,MCH8681,9736.35,delivery issue,SERVICE_NOT_DELIVERED,User reports money deducted but merchant denies receiving payment.,REJECTED,HIGH,BRANCH,2026-04-09 00:00:00,2026-03-25 04:28:00,2026-04-16 19:28:49,False,False,False,False,False,False,False,False
CBK0000354,TXN00013742,USR63462,MCH1320,3062.43,Merchant Not Delivered,SERVICE_NOT_DELIVERED,USER REPORTS MONEY DEDUCTED BUT MERCHANT DENIES RECEIVING PAYMENT.,IN_PROGRESS,HIGH,CHATBOT,2026-01-16 00:00:00,2026-01-16 00:00:00,2026-01-30 00:00:00,False,False,False,False,False,False,False,False
CBK0002642,TXN00007026,USR88352,MCH8311,,UNAUTHORISED,UNAUTHORIZED,Suspicious high-value payment disputed by customer.,CLOSED,MEDIUM,CHATBOT,2026-02-24 05:34:00,2026-02-13 00:00:00,,True,False,False,False,False,True,False,False
CBK0002479,TXN00007945,USR12314,MCH9784,2209.68,Duplicate Debit,DUPLICATE_DEBIT,User says UPI PIN was not entered by them. call dropped,RESOLVED,MEDIUM,BRANCH,2026-03-01 09:39:03,2026-02-24 00:00:00,2026-03-05 00:00:00,False,False,False,False,False,False,False,False
CBK0000934,TXN00014323,USR66946,MCH6810,8749.79,delivery issue,SERVICE_NOT_DELIVERED,Suspicious high-value payment disputed by customer.,REJECTED,LOW,IVR,2026-01-23 00:00:00,2026-01-22 00:00:00,2026-01-23 08:09:17,False,False,False,False,False,False,False,False
CBK0000499,TXN00011216,USR26571,MCH5954,-857.98,fraud,FRAUD,User reports money deducted but merchant denies receiving payment.,REJECTED,CRITICAL,EMAIL,2026-01-25 00:00:00,2026-01-25 00:00:00,2026-02-13 00:00:00,False,True,False,False,False,False,False,False
CBK0000312,TXN00013916,USR29758,MCH5655,804.06,dispute raised,CUSTOMER_DISPUTE,Complaint received after multiple failed attempts.,CLOSED,MEDIUM,CHATBOT,2026-02-10 22:10:08,2026-01-31 15:10:08,2026-03-03 00:00:00,False,False,False,False,False,False,False,False
CBK0000667,TXN00006052,USR54126,MCH2266,1664.31,customer issue,CUSTOMER_DISPUTE,Complaint received after multiple failed attempts.,PENDING_BANK,CRITICAL,EMAIL,2026-01-15 00:00:00,2026-01-13 00:00:00,,False,False,False,False,False,True,False,False
CBK0001500,TXN00004113,USR65211,MCH5770,1173.86,no service,SERVICE_NOT_DELIVERED,USER SAYS UPI PIN WAS NOT ENTERED BY THEM.,CLOSED,HIGH,BRANCH,2026-04-14 00:00:00,2026-03-14 11:50:00,2026-04-26 00:00:00,False,False,False,False,False,False,False,False
CBK0001524,TXN00010627,USR65183,MCH5171,,unauth txn,UNAUTHORIZED,Customer says transaction was not authorized.,RESOLVED,LOW,BRANCH,2026-02-18 00:00:00,2026-02-17 00:00:00,2026-03-09 00:00:00,True,False,False,False,False,False,False,False
CBK0000438,TXN00011978,USR99732,MCH7833,466.0,item not received,SERVICE_NOT_DELIVERED,Customer says transaction was not authorized. urgent,PENDING_BANK,LOW,EMAIL,2026-02-04 00:00:00,2026-02-03 10:00:52,,False,False,False,False,False,True,False,False
CBK0000012,TXN00013740,USR35501,MCH8913,650.92,customer issue,CUSTOMER_DISPUTE,Suspicious high-value payment disputed by customer.,PENDING_BANK,MEDIUM,CHATBOT,2026-01-28 19:43:23,2026-01-25 00:00:00,,False,False,False,False,False,True,False,False
CBK0001710,TXN00002546,USR96958,MCH4226,6642.41,Account Takeover,ACCOUNT_TAKEOVER,USER REPORTS MONEY DEDUCTED BUT MERCHANT DENIES RECEIVING PAYMENT.,REJECTED,LOW,CALL_CENTER,2026-01-13 00:00:00,2026-01-06 03:50:09,,False,False,False,False,False,True,False,False
CBK0001322,TXN00018670,USR33934,MCH9699,3883.93,amount mismatch,AMOUNT_MISMATCH,MERCHANT SERVICE WAS NOT DELIVERED AFTER PAYMENT.,RESOLVED,MEDIUM,IVR,2026-03-13 00:00:00,2026-03-09 00:00:00,2026-03-19 00:00:00,False,False,False,False,False,False,False,False
CBK0000894,TXN00015855,USR95334,MCH6372,6458.0,extra amount deducted,AMOUNT_MISMATCH,User says UPI PIN was not entered by them.,IN_PROGRESS,LOW,APP,2026-03-19 00:00:00,2026-03-16 00:00:00,2026-03-21 00:00:00,False,False,False,False,False,False,False,False
CBK0000784,TXN00014785,USR41135,MCH7286,1176.91,service failed,SERVICE_NOT_DELIVERED,suspicious high-value payment disputed by customer.,IN_PROGRESS,LOW,BRANCH,2026-01-31 00:00:00,2026-01-31 00:00:00,2026-02-16 09:56:17,False,False,False,False,False,False,False,False
CBK0001573,TXN00015673,USR29406,MCH4270,,Fraud Suspected,FRAUD,User says UPI PIN was not entered by them.,CLOSED,MEDIUM,IVR,2026-03-01 04:47:00,2026-02-21 00:00:00,,True,False,False,False,False,True,False,False
CBK0002149,TXN00011510,USR30541,MCH6295,7271.24,suspicious transaction,FRAUD,Merchant service was not delivered after payment.,OPEN,LOW,IVR,2026-01-21 11:12:17,2026-01-13 00:00:00,2026-01-30 00:00:00,False,False,False,False,False,False,False,False
CBK0001257,,USR74209,MCH6057,2346.56,customer issue,CUSTOMER_DISPUTE,Complaint received after multiple failed attempts.,OPEN,LOW,CHATBOT,2026-03-25 01:08:00,2026-03-19 00:00:00,2026-04-14 00:00:00,False,False,True,False,False,False,False,False
CBK0000370,,USR68023,MCH2511,-3719.71,charged twice,DUPLICATE_DEBIT,User says UPI PIN was not entered by them.,CLOSED,MEDIUM,APP,2026-02-26 09:56:26,2026-02-18 00:00:00,2026-03-08 00:00:00,False,True,True,False,False,False,False,False
CBK0001398,TXN00015787,USR61935,MCH8643,8787.96,unauth txn,UNAUTHORIZED,payment made to unknown merchant as per customer statement.,REJECTED,HIGH,IVR,2026-02-09 16:53:32,2026-02-06 16:53:00,2026-02-16 00:00:00,False,False,False,False,False,False,False,False
CBK0001343,TXN00017045,USR87914,MCH2822,1409.0,not done by me,UNAUTHORIZED,Suspicious high-value payment disputed by customer. urgent,IN_PROGRESS,MEDIUM,CHATBOT,2026-03-07 00:00:00,2026-01-20 00:00:00,2026-03-20 00:00:00,False,False,False,False,False,False,False,False
CBK0000769,TXN00010549,USR88037,MCH4590,6630.73,complaint,CUSTOMER_DISPUTE,Complaint received after multiple failed attempts.,IN_PROGRESS,HIGH,APP,2026-01-31 00:00:00,2026-01-16 00:00:00,2026-03-02 14:45:00,False,False,False,False,False,False,False,False
CBK0002111,TXN00019791,USR48202,MCH2383,376.0,amount mismatch,AMOUNT_MISMATCH,Customer complaint text unclear due to poor call center notes.,CLOSED,LOW,CHATBOT,2026-02-08 00:00:00,2026-02-06 06:10:00,2026-02-17 18:10:00,False,False,False,False,False,False,False,False
CBK0002589,TXN00001501,USR49236,MCH4590,1157.85,charged twice,DUPLICATE_DEBIT,Payment made to unknown merchant as per customer statement.,OPEN,HIGH,IVR,,2026-03-22 00:00:00,2026-04-12 00:00:00,False,False,False,True,False,False,False,False
CBK0001391,TXN00008679,USR46067,MCH1887,1294.7,Wrong Amount,AMOUNT_MISMATCH,Complaint received after multiple failed attempts.,RESOLVED,MEDIUM,CHATBOT,2026-03-23 21:04:05,2026-03-22 00:00:00,2026-03-29 21:04:00,False,False,False,False,False,False,False,False
CBK0000496,TXN00005986,USR21449,MCH1486,6879.04,Customer Dispute,CUSTOMER_DISPUTE,User claims account was compromised before transaction. call dropped,OPEN,HIGH,CALL_CENTER,2026-01-23 00:00:00,,2026-02-13 00:00:00,False,False,False,False,True,False,False,False
CBK0000928,TXN00008356,USR74115,MCH9582,,Service Not Provided,SERVICE_NOT_DELIVERED,User claims account was compromised before transaction. NA,CLOSED,MEDIUM,CHATBOT,2026-02-21 00:00:00,2026-02-16 00:00:00,2026-03-17 17:43:22,True,False,False,False,False,False,False,False
CBK0000648,TXN00005486,USR11810,MCH1581,1288.0,FRAUD,FRAUD,user says upi pin was not entered by them.,CLOSED,LOW,BRANCH,2026-02-04 00:00:00,2026-02-02 00:00:00,,False,False,False,False,False,True,False,False
CBK0002136,TXN00005344,USR86525,MCH5753,1422.0,Account Takeover,ACCOUNT_TAKEOVER,Customer complaint text unclear due to poor call center notes.,CLOSED,HIGH,CHATBOT,2026-04-03 00:00:00,2026-03-24 00:00:00,2026-04-04 09:48:11,False,False,False,False,False,False,False,False
CBK0001658,TXN00004488,USR55710,MCH6850,2468.0,incorrect amount,AMOUNT_MISMATCH,Complaint received after multiple failed attempts.,REJECTED,CRITICAL,APP,2026-01-09 00:00:00,2026-01-05 13:51:43,,False,False,False,False,False,True,False,False
CBK0002436,TXN00008330,USR64405,MCH9291,1847.49,UNAUTHORISED,UNAUTHORIZED,Customer complaint text unclear due to poor call center notes.,IN_PROGRESS,MEDIUM,BRANCH,2026-03-10 00:00:00,2026-03-03 00:00:00,2026-04-01 00:00:00,False,False,False,False,False,False,False,False
CBK0002460,TXN00018148,USR68295,MCH2914,2197.15,charged twice,DUPLICATE_DEBIT,Payment made to unknown merchant as per customer statement.,OPEN,LOW,BRANCH,2026-01-07 00:00:00,2026-01-05 15:46:00,2026-01-14 05:46:54,False,False,False,False,False,False,False,False
CBK0001162,TXN00012239,USR22644,MCH5296,6796.0,Duplicate Debit,DUPLICATE_DEBIT,Customer complaint text unclear due to poor call center notes.,CLOSED,MEDIUM,CHATBOT,2026-01-29 00:00:00,2026-01-27 15:49:00,,False,False,False,False,False,True,False,False
CBK0002084,TXN00083297,USR66974,MCH7833,,not done by me,UNAUTHORIZED,Payment made to unknown merchant as per cust statement.,IN_PROGRESS,CRITICAL,IVR,2026-04-05 00:00:00,2026-03-30 13:13:00,,True,False,False,False,False,True,False,False
CBK0000003,TXN00013293,USR91078,MCH6993,1290.78,incorrect amount,AMOUNT_MISMATCH,user says upi pin was not entered by them.,REJECTED,HIGH,IVR,2026-01-09 14:12:00,2026-01-07 23:12:32,2026-02-04 00:00:00,False,False,False,False,False,False,False,False
CBK0000669,TXN00018414,USR22639,MCH8836,3972.17,account hacked,ACCOUNT_TAKEOVER,user claims account was compromised before transaction.,IN_PROGRESS,HIGH,IVR,2026-03-30 11:45:10,2026-03-28 14:45:10,,False,False,False,False,False,True,False,False
CBK0000439,TXN00016295,USR83930,MCH9092,10226.59,incorrect amount,AMOUNT_MISMATCH,suspicious high-value payment disputed by customer.,OPEN,MEDIUM,IVR,2026-03-21 00:00:00,2026-03-18 00:00:00,2026-03-23 00:00:00,False,False,False,False,False,False,False,False
CBK0002423,TXN00014966,USR26696,MCH9223,10848.72,merchant service issue,SERVICE_NOT_DELIVERED,Payment made to unknown merchant as per cust statement.,REJECTED,HIGH,IVR,2026-02-17 00:00:00,2026-02-13 20:33:40,2026-03-03 00:00:00,False,False,False,False,False,False,False,False
CBK0000282,TXN00016877,USR87914,MCH5070,3046.01,merchant service issue,SERVICE_NOT_DELIVERED,Customer says transaction was not authorized.,RESOLVED,MEDIUM,IVR,2026-04-10 05:14:49,2026-03-10 18:14:00,,False,False,False,False,False,True,False,False
CBK0002195,TXN00004411,USR48054,MCH9844,3905.0,incorrect amount,AMOUNT_MISMATCH,User reports money deducted but merchant denies receiving payment.,OPEN,LOW,CHATBOT,2026-02-09 00:00:00,2026-02-05 23:26:12,,False,False,False,False,False,True,False,False
CBK0002767,TXN00014701,USR79411,MCH8154,4452.29,no service,SERVICE_NOT_DELIVERED,Customer complaint text unclear due to poor call center notes.,OPEN,HIGH,CHATBOT,2026-02-19 02:41:00,2026-02-15 00:00:00,,False,False,False,False,False,True,False,False
CBK0000538,TXN00005988,USR84311,MCH2752,1345.11,ATO,ACCOUNT_TAKEOVER,merchant service was not delivered after payment.,OPEN,HIGH,CHATBOT,2026-01-26 15:58:00,2026-01-10 00:00:00,,False,False,False,False,False,True,False,False
CBK0001829,TXN00005136,USR58407,MCH5584,1719.63,Wrong Amount,AMOUNT_MISMATCH,User reports money deducted but merchant denies receiving payment.,REJECTED,MEDIUM,BRANCH,2026-03-22 00:00:00,2026-03-19 00:00:00,2026-03-24 00:00:00,False,False,False,False,False,False,False,False
CBK0000807,TXN00017317,USR77247,MCH5805,8056.19,incorrect amount,AMOUNT_MISMATCH,User claims account was compromised before transaction. pls check asap,IN_PROGRESS,MEDIUM,CHATBOT,2026-01-13 05:52:57,,,False,False,False,False,True,True,False,False
CBK0001204,,USR37435,MCH7058,-16163.8,extra amount deducted,AMOUNT_MISMATCH,Merchant service was not delivered after payment.,REJECTED,MEDIUM,IVR,,,2026-01-22 00:00:00,False,True,True,True,True,False,False,False
CBK0002299,TXN00012406,USR13926,MCH9166,-2900.07,Merchant Not Delivered,SERVICE_NOT_DELIVERED,Customer says transaction was not authorized. urgent,IN_PROGRESS,LOW,IVR,2026-01-12 05:57:06,2026-01-11 00:00:00,,False,True,False,False,False,True,False,False
CBK0002286,TXN00007923,USR98994,MCH2676,2225.43,item not received,SERVICE_NOT_DELIVERED,Payment made to unknown merchant as per customer statement.,PENDING_BANK,MEDIUM,IVR,2026-02-07 13:24:35,2026-01-30 00:00:00,2026-02-16 00:00:00,False,False,False,False,False,False,False,False
CBK0000567,TXN00016408,USR33228,MCH8298,5179.58,Wrong Amount,AMOUNT_MISMATCH,Customer says amount was debited twice.,CLOSED,LOW,EMAIL,2026-02-19 00:00:00,2026-02-16 00:00:00,2026-02-23 00:13:00,False,False,False,False,False,False,False,False
CBK0001201,TXN00014054,USR85014,MCH7286,,Merchant Not Delivered,SERVICE_NOT_DELIVERED,Complaint received after multiple failed attempts.,CLOSED,LOW,CHATBOT,2026-03-15 00:00:00,2026-03-15 00:00:00,2026-03-27 08:14:00,True,False,False,False,False,False,False,False
CBK0001779,TXN00006263,USR61731,MCH3837,843.91,dispute raised,CUSTOMER_DISPUTE,Merchant service was not delivered after payment.,CLOSED,LOW,APP,2026-04-08 00:00:00,2026-02-22 00:00:00,2026-04-20 19:46:00,False,False,False,False,False,False,False,False
CBK0000315,TXN00011615,USR67684,MCH9052,,fraud,FRAUD,merchant service was not delivered after payment.,RESOLVED,MEDIUM,CHATBOT,2026-01-31 14:19:59,2026-01-30 19:19:00,,True,False,False,False,False,True,False,False
CBK0000683,TXN00017581,USR54113,MCH6129,,not delivered,SERVICE_NOT_DELIVERED,User says UPI PIN was not entered by them.,REJECTED,LOW,CHATBOT,2026-02-19 12:11:31,,2026-03-21 00:00:00,True,False,False,False,True,False,False,False
CBK0001014,TXN00005083,USR78215,MCH9892,448.0,not delivered,SERVICE_NOT_DELIVERED,Payment made to unknown merchant as per customer statement.,REJECTED,MEDIUM,EMAIL,2026-01-31 14:31:24,2026-01-29 08:31:00,,False,False,False,False,False,True,False,False
CBK0002450,TXN00005485,USR94055,MCH5437,4839.05,Fraud Suspected,FRAUD,Merchant service was not delivered after payment.,IN_PROGRESS,CRITICAL,BRANCH,2026-01-07 00:00:00,2026-01-06 19:11:31,2026-01-09 00:00:00,False,False,False,False,False,False,False,False
CBK0001114,TXN00004265,USR40538,MCH7833,330.36,Merchant Not Delivered,SERVICE_NOT_DELIVERED,Payment made to unknown merchant as per cust statement.,IN_PROGRESS,LOW,CHATBOT,2026-03-07 00:42:00,2026-03-06 00:00:00,2026-03-18 00:00:00,False,False,False,False,False,False,False,False
CBK0001947,TXN00018820,USR36913,MCH9291,7255.27,amount mismatch,AMOUNT_MISMATCH,User claims account was compromised before transaction.,RESOLVED,LOW,IVR,2026-03-02 00:00:00,2026-02-20 00:00:00,2026-03-27 00:00:00,False,False,False,False,False,False,False,False
CBK0002503,TXN00013623,USR34012,MCH2141,3159.54,Unauthorized Transaction,UNAUTHORIZED,User says UPI PIN was not entered by them.,OPEN,LOW,EMAIL,,2026-03-05 13:39:14,2026-04-02 00:00:00,False,False,False,True,False,False,False,False
CBK0002362,TXN00007811,USR20310,MCH8076,1224.0,Merchant Not Delivered,SERVICE_NOT_DELIVERED,Payment made to unknown merchant as per customer statement.,IN_PROGRESS,HIGH,IVR,2026-02-18 00:00:00,2026-02-15 08:01:23,2026-03-05 13:01:23,False,False,False,False,False,False,False,False
CBK0002060,TXN00010691,USR71335,MCH8391,518.38,Wrong Amount,AMOUNT_MISMATCH,User reports money deducted but merchant denies receiving payment.,REJECTED,MEDIUM,APP,2026-01-13 00:00:00,2026-01-09 00:00:00,2026-01-20 00:00:00,False,False,False,False,False,False,False,False
CBK0001135,TXN00011148,USR73600,MCH2913,745.95,Customer Dispute,CUSTOMER_DISPUTE,User says UPI PIN was not entered by them.,OPEN,LOW,IVR,2026-02-14 13:33:58,2026-02-07 00:00:00,2026-03-16 13:33:00,False,False,False,False,False,False,False,False
CBK0001631,TXN00014809,USR76917,MCH2822,1458.95,Merchant Not Delivered,SERVICE_NOT_DELIVERED,customer says amount was debited twice.,RESOLVED,HIGH,APP,2026-02-25 00:00:00,2026-02-24 07:09:00,2026-03-22 00:00:00,False,False,False,False,False,False,False,False
CBK0000363,TXN00014836,USR62092,MCH3992,,dispute raised,CUSTOMER_DISPUTE,user reports money deducted but merchant denies receiving payment.,RESOLVED,LOW,CHATBOT,2026-04-06 00:00:00,2026-03-22 00:00:00,2026-04-28 12:09:00,True,False,False,False,False,False,False,False
CBK0002324,TXN00016940,USR80407,MCH7916,-60.71,item not received,SERVICE_NOT_DELIVERED,Customer complaint text unclear due to poor call center notes.,CLOSED,LOW,APP,2026-02-14 00:00:00,2026-02-12 00:00:00,2026-03-13 13:19:00,False,True,False,False,False,False,False,False
CBK0000375,TXN00015798,USR47647,MCH8330,5976.69,extra amount deducted,AMOUNT_MISMATCH,suspicious high-value payment disputed by customer.,IN_PROGRESS,LOW,CHATBOT,2026-01-12 00:00:00,2026-01-10 00:00:00,2026-01-26 03:31:00,False,False,False,False,False,False,False,False
CBK0002593,TXN00017923,USR87216,MCH8000,1055.53,charged twice,DUPLICATE_DEBIT,Suspicious high-value payment disputed by customer.,CLOSED,MEDIUM,CHATBOT,2026-02-24 00:00:00,2026-02-22 07:31:00,2026-03-03 10:31:06,False,False,False,False,False,False,False,False
CBK0001120,TXN00004989,USR96958,MCH5208,5305.63,customer issue,CUSTOMER_DISPUTE,customer says amount was debited twice.,PENDING_BANK,MEDIUM,CHATBOT,2026-01-24 15:03:00,2026-01-23 00:00:00,2026-02-06 00:00:00,False,False,False,False,False,False,False,False
CBK0002032,TXN00017675,USR27832,MCH2457,,Account Takeover,ACCOUNT_TAKEOVER,User says UPI PIN was not entered by them.,IN_PROGRESS,MEDIUM,CHATBOT,2026-03-17 08:41:11,,2026-03-23 00:00:00,True,False,False,False,True,False,False,False
CBK0001442,TXN00004821,USR82070,MCH9291,165.89,DUP_DEBIT,DUPLICATE_DEBIT,Merchant service was not delivered after payment.,CLOSED,LOW,CHATBOT,2026-03-18 00:00:00,2026-03-08 00:00:00,,False,False,False,False,False,True,False,False
CBK0001529,TXN00008099,USR86223,MCH1511,4576.69,not delivered,SERVICE_NOT_DELIVERED,Customer says amount was debited twice.,CLOSED,CRITICAL,IVR,2026-02-24 00:00:00,2026-02-22 00:00:00,2026-03-20 00:00:00,False,False,False,False,False,False,False,False
CBK0002605,TXN00007342,USR51261,MCH9573,9521.14,Service Not Provided,SERVICE_NOT_DELIVERED,USER REPORTS MONEY DEDUCTED BUT MERCHANT DENIES RECEIVING PAYMENT.,IN_PROGRESS,MEDIUM,BRANCH,2026-01-02 14:08:00,2026-01-06 00:00:00,2026-01-29 00:00:00,False,False,False,False,False,False,True,False
CBK0000877,TXN00009172,USR96970,MCH9291,880.82,extra amount deducted,AMOUNT_MISMATCH,Merchant service was not delivered after payment.,IN_PROGRESS,MEDIUM,IVR,2026-02-15 00:00:00,2026-02-13 08:27:00,2026-02-18 00:00:00,False,False,False,False,False,False,False,False
CBK0001007,TXN00014381,USR51742,MCH7833,1523.0,Fraud Suspected,FRAUD,User reports money deducted but merchant denies receiving payment.,RESOLVED,HIGH,CALL_CENTER,2026-02-10 00:00:00,2026-01-11 00:00:00,,False,False,False,False,False,True,False,False
CBK0001118,TXN00063034,USR93926,MCH9036,3681.27,UNAUTHORISED,UNAUTHORIZED,USER CLAIMS ACCOUNT WAS COMPROMISED BEFORE TRANSACTION.,PENDING_BANK,HIGH,CHATBOT,2026-01-26 00:00:00,2026-01-24 09:06:58,,False,False,False,False,False,True,False,False
CBK0002323,,USR71935,MCH3538,2538.09,unauthorized_transaction,UNAUTHORIZED,Suspicious high-value payment disputed by customer. call dropped,IN_PROGRESS,LOW,EMAIL,2026-03-09 06:02:09,2026-02-07 00:00:00,2026-03-16 00:00:00,False,False,True,False,False,False,False,False
CBK0001691,TXN00010383,USR15365,MCH4695,4163.19,Merchant Not Delivered,SERVICE_NOT_DELIVERED,Customer says amount was debited twice.,REJECTED,LOW,IVR,2026-02-22 12:37:00,2026-02-12 00:00:00,2026-02-28 00:00:00,False,False,False,False,False,False,False,False
CBK0002723,TXN00017184,USR90661,MCH2507,3231.22,double debit,DUPLICATE_DEBIT,Customer says transaction was not authorized.,REJECTED,MEDIUM,IVR,2026-03-13 12:43:00,2026-03-11 00:00:00,2026-04-02 12:43:00,False,False,False,False,False,False,False,False
CBK0000587,TXN00007285,USR87500,MCH1569,4196.87,double debit,DUPLICATE_DEBIT,User says UPI PIN was not entered by them.,RESOLVED,HIGH,CHATBOT,2026-02-01 08:40:00,,2026-02-21 00:00:00,False,False,False,False,True,False,False,False
CBK0001026,TXN00009371,USR52820,MCH8391,,fraud,FRAUD,Suspicious high-value payment disputed by customer.,IN_PROGRESS,CRITICAL,IVR,2026-01-03 00:00:00,2026-01-02 00:00:00,2026-01-25 00:00:00,True,False,False,False,False,False,False,False
CBK0000797,TXN00010208,USR84323,MCH2140,687.82,item not received,SERVICE_NOT_DELIVERED,User says UPI PIN was not entered by them.,IN_PROGRESS,LOW,IVR,2026-02-25 00:00:00,2026-02-23 00:00:00,2026-03-12 00:00:00,False,False,False,False,False,False,False,False
CBK0002035,,USR74657,MCH1497,,Customer Dispute,CUSTOMER_DISPUTE,CUSTOMER COMPLAINT TEXT UNCLEAR DUE TO POOR CALL CENTER NOTES.,IN_PROGRESS,LOW,CHATBOT,2026-01-27 00:00:00,2026-01-25 00:00:00,,True,False,True,False,False,True,False,False
CBK0000676,TXN00010013,USR25470,MCH9984,314.65,not delivered,SERVICE_NOT_DELIVERED,Customer says transaction was not authorized.,IN_PROGRESS,HIGH,IVR,2026-03-24 00:00:00,2026-03-24 17:08:02,2026-04-15 00:00:00,False,False,False,False,False,False,True,False
CBK0001459,TXN00007662,USR87831,MCH6142,4479.85,scam,FRAUD,Merchant service was not delivered after payment.,OPEN,MEDIUM,IVR,2026-02-18 00:00:00,2026-02-17 00:00:00,2026-03-01 00:00:00,False,False,False,False,False,False,False,False
CBK0000237,TXN00009246,USR24926,MCH2943,1644.04,delivery issue,SERVICE_NOT_DELIVERED,Suspicious high-value payment disputed by customer.,PENDING_BANK,LOW,CHATBOT,2026-04-12 00:00:00,,2026-05-02 00:00:00,False,False,False,False,True,False,False,False
CBK0000595,TXN00004517,USR57955,MCH8710,676.55,no service,SERVICE_NOT_DELIVERED,Suspicious high-value payment disputed by customer.,PENDING_BANK,LOW,IVR,2026-02-23 00:00:00,2026-02-22 00:00:00,2026-02-24 00:00:00,False,False,False,False,False,False,False,False
CBK0002344,TXN00018840,USR45486,MCH8357,1901.24,charged twice,DUPLICATE_DEBIT,complaint received after multiple failed attempts.,CLOSED,HIGH,BRANCH,2026-02-26 00:00:00,2026-02-20 00:00:00,2026-03-04 00:00:00,False,False,False,False,False,False,False,False
CBK0001299,TXN00006246,USR98736,MCH5076,1584.81,charged twice,DUPLICATE_DEBIT,Complaint received after multiple failed attempts.,IN_PROGRESS,MEDIUM,BRANCH,2026-02-09 00:00:00,,,False,False,False,False,True,True,False,False
CBK0000774,TXN00000794,USR78569,MCH4590,124.85,delivery issue,SERVICE_NOT_DELIVERED,Suspicious high-value payment disputed by customer.,OPEN,MEDIUM,IVR,2026-03-05 00:00:00,2026-03-03 00:00:00,2026-04-04 10:25:44,False,False,False,False,False,False,False,False
CBK0002779,TXN00001284,USR62254,MCH5430,141.27,Account Takeover,ACCOUNT_TAKEOVER,User claims account was compromised before transaction.,CLOSED,MEDIUM,APP,2026-01-06 22:17:15,2026-01-04 00:00:00,,False,False,False,False,False,True,False,False
CBK0001954,TXN00012046,USR82369,MCH6344,2431.27,extra amount deducted,AMOUNT_MISMATCH,Customer complaint text unclear due to poor call center notes.,IN_PROGRESS,MEDIUM,IVR,2026-03-06 06:22:00,2026-03-03 16:22:00,2026-03-12 06:22:00,False,False,False,False,False,False,False,False
CBK0001697,TXN00015694,USR50776,MCH2822,2581.01,item not received,SERVICE_NOT_DELIVERED,merchant service was not delivered after payment.,OPEN,LOW,IVR,2026-02-09 21:39:04,2026-02-07 23:39:00,2026-02-14 00:00:00,False,False,False,False,False,False,False,False
CBK0002305,TXN00008366,USR55382,MCH4721,1671.34,scam,FRAUD,Suspicious high-value payment disputed by customer.,CLOSED,HIGH,APP,2026-03-04 00:00:00,,,False,False,False,False,True,True,False,False
CBK0000206,TXN00019710,USR39190,MCH6651,739.61,no service,SERVICE_NOT_DELIVERED,Payment made to unknown merchant as per customer statement.,CLOSED,HIGH,APP,2026-01-25 16:01:33,,2026-02-01 16:01:33,False,False,False,False,True,False,False,False
CBK0001744,TXN00009167,USR70912,MCH1602,286.26,no service,SERVICE_NOT_DELIVERED,Complaint received after multiple failed attempts. pls check asap,CLOSED,MEDIUM,CHATBOT,2026-02-24 14:21:00,2026-02-23 00:00:00,,False,False,False,False,False,True,False,False
CBK0000128,TXN00012176,USR84571,MCH5742,4272.46,Merchant Not Delivered,SERVICE_NOT_DELIVERED,user says upi pin was not entered by them.,RESOLVED,LOW,CALL_CENTER,2026-04-05 23:32:00,2026-03-26 00:00:00,,False,False,False,False,False,True,False,False
CBK0001316,TXN00007966,USR52956,MCH2383,4920.19,Unauthorized Transaction,UNAUTHORIZED,customer says transaction was not authorized.,REJECTED,CRITICAL,IVR,2026-03-30 00:00:00,2026-03-29 21:07:00,,False,False,False,False,False,True,False,False
CBK0002296,TXN00004293,USR72591,MCH3992,830.77,item not received,SERVICE_NOT_DELIVERED,Complaint received after multiple failed attempts.,CLOSED,MEDIUM,BRANCH,2026-01-08 00:00:00,2026-01-05 00:00:00,2026-01-14 00:00:00,False,False,False,False,False,False,False,False
CBK0002062,TXN00005459,USR97255,MCH5730,10125.57,dispute raised,CUSTOMER_DISPUTE,Complaint received after multiple failed attempts.,IN_PROGRESS,MEDIUM,IVR,,2026-02-01 00:00:00,,False,False,False,True,False,True,False,False
CBK0001537,TXN00001929,USR74377,MCH4082,1412.21,dispute raised,CUSTOMER_DISPUTE,Merchant service was not delivered after payment.,IN_PROGRESS,LOW,APP,2026-01-26 14:10:44,,2026-02-19 00:00:00,False,False,False,False,True,False,False,False
CBK0000983,TXN00059214,USR51720,MCH6740,2012.0,complaint,CUSTOMER_DISPUTE,complaint received after multiple failed attempts.,PENDING_BANK,MEDIUM,APP,2026-03-03 21:54:00,2026-03-02 00:00:00,,False,False,False,False,False,True,False,False
CBK0002273,TXN00013117,USR27533,MCH4185,355.32,UNAUTHORISED,UNAUTHORIZED,User reports money deducted but merchant denies receiving payment.,OPEN,CRITICAL,APP,2026-03-06 00:00:00,2026-02-28 00:00:00,2026-03-06 00:00:00,False,False,False,False,False,False,False,False
CBK0000522,TXN00009019,USR81185,MCH2065,2738.39,not delivered,SERVICE_NOT_DELIVERED,Suspicious high-value payment disputed by customer. call dropped,CLOSED,MEDIUM,APP,2026-01-11 02:56:13,2026-01-07 00:00:00,2026-02-08 02:56:13,False,False,False,False,False,False,False,False
CBK0002162,TXN00001120,USR94046,MCH9160,8008.29,UNAUTHORISED,UNAUTHORIZED,Merchant service was not delivered after payment.,REJECTED,LOW,CALL_CENTER,2026-01-28 00:00:00,2026-01-27 00:00:00,,False,False,False,False,False,True,False,False
CBK0002626,TXN00013045,USR87914,MCH6675,1342.39,delivery issue,SERVICE_NOT_DELIVERED,Merchant service was not delivered after payment.,REJECTED,LOW,IVR,,2026-01-24 23:00:10,2026-02-21 00:00:00,False,False,False,True,False,False,False,False
CBK0000257,TXN00015440,USR53356,MCH6943,,Wrong Amount,AMOUNT_MISMATCH,Merchant service was not delivered after payment. pls check asap,OPEN,MEDIUM,IVR,2026-01-13 00:00:00,2026-01-11 00:00:00,2026-01-29 00:00:00,True,False,False,False,False,False,False,False
CBK0000598,TXN00012035,USR93286,MCH1314,1897.14,scam,FRAUD,User claims account was compromised before transaction.,OPEN,MEDIUM,IVR,2026-02-14 09:58:00,2026-02-13 00:00:00,2026-03-15 09:58:00,False,False,False,False,False,False,False,False
CBK0002739,TXN00017191,USR70236,MCH4655,2345.0,login compromised,ACCOUNT_TAKEOVER,customer says amount was debited twice.,IN_PROGRESS,LOW,CHATBOT,,,,False,False,False,True,True,True,False,False
CBK0002426,,USR83808,MCH8011,540.94,no service,SERVICE_NOT_DELIVERED,Customer says transaction was not authorized.,PENDING_BANK,MEDIUM,IVR,2026-03-31 00:00:00,2026-03-30 00:00:00,,False,False,True,False,False,True,False,False
CBK0001182,TXN00014058,USR96058,MCH5980,581.96,DUP_DEBIT,DUPLICATE_DEBIT,User reports money deducted but merchant denies receiving payment.,OPEN,CRITICAL,IVR,2026-01-19 00:00:00,2026-01-09 00:00:00,,False,False,False,False,False,True,False,False
CBK0002183,TXN00014087,USR46806,MCH4485,4901.36,charged twice,DUPLICATE_DEBIT,customer complaint text unclear due to poor call center notes.,REJECTED,LOW,CALL_CENTER,2026-03-19 00:00:00,2026-03-04 13:46:36,,False,False,False,False,False,True,False,False
CBK0000396,TXN00016780,USR34997,MCH1351,1017.31,account hacked,ACCOUNT_TAKEOVER,User claims account was compromised before transaction. details missing,OPEN,LOW,CALL_CENTER,2026-01-14 00:00:00,,2026-02-12 12:04:00,False,False,False,False,True,False,False,False
CBK0002371,TXN00007628,USR28839,MCH5264,3211.77,login compromised,ACCOUNT_TAKEOVER,Customer complaint text unclear due to poor call center notes.,RESOLVED,LOW,CHATBOT,2026-02-09 00:00:00,2026-02-03 00:00:00,2026-02-10 00:00:00,False,False,False,False,False,False,False,False
CBK0000804,TXN00000677,USR35395,MCH8348,2773.41,fraud,FRAUD,User claims account was compromised before transaction.,REJECTED,LOW,APP,2026-01-22 00:00:00,2026-01-22 00:00:00,2026-02-17 10:58:31,False,False,False,False,False,False,False,False
CBK0001112,TXN00013744,USR34212,MCH5076,1223.91,UNAUTHORISED,UNAUTHORIZED,Customer says transaction was not authorized.,CLOSED,HIGH,CALL_CENTER,2026-04-02 00:00:00,,,False,False,False,False,True,True,False,False
CBK0000053,TXN00017140,USR93610,MCH8296,589.03,login compromised,ACCOUNT_TAKEOVER,User claims account was compromised before transaction.,CLOSED,MEDIUM,APP,2026-01-12 11:37:03,2026-01-12 00:00:00,,False,False,False,False,False,True,False,False
CBK0002604,TXN00015102,USR10831,MCH8980,1038.0,FRAUD,FRAUD,User says UPI PIN was not entered by them.,OPEN,MEDIUM,IVR,2026-03-23 20:33:00,2026-03-22 00:00:00,,False,False,False,False,False,True,False,False
CBK0001984,TXN00006529,USR67661,MCH7003,5747.29,unauthorized_transaction,UNAUTHORIZED,customer says transaction was not authorized.,PENDING_BANK,LOW,CHATBOT,2026-02-01 00:00:00,2026-01-26 00:00:00,2026-02-18 03:01:00,False,False,False,False,False,False,False,False
CBK0001246,TXN00007847,USR79175,MCH4181,,extra amount deducted,AMOUNT_MISMATCH,customer says amount was debited twice.,OPEN,HIGH,CHATBOT,2026-04-14 00:00:00,2026-03-29 17:35:00,2026-05-14 11:35:52,True,False,False,False,False,False,False,False
CBK0001124,TXN00018122,USR11419,MCH9594,5694.69,DUP_DEBIT,DUPLICATE_DEBIT,Complaint received after multiple failed attempts.,PENDING_BANK,MEDIUM,APP,2026-05-03 00:00:00,,2026-05-27 02:01:00,False,False,False,False,True,False,False,False
CBK0001317,TXN00016188,USR28015,MCH2822,1305.41,merchant service issue,SERVICE_NOT_DELIVERED,user claims account was compromised before transaction.,PENDING_BANK,HIGH,CALL_CENTER,2026-01-30 11:51:00,2026-01-23 00:00:00,2026-02-02 00:00:00,False,False,False,False,False,False,False,False
CBK0002614,TXN00006336,USR70866,MCH8906,846.13,Wrong Amount,AMOUNT_MISMATCH,user reports money deducted but merchant denies receiving payment.,OPEN,MEDIUM,CHATBOT,2026-02-18 05:26:57,2026-02-14 00:00:00,2026-02-22 00:00:00,False,False,False,False,False,False,False,False
CBK0002164,TXN00001135,USR53527,MCH5076,2731.02,Account Takeover,ACCOUNT_TAKEOVER,Payment made to unknown merchant as per customer statement.,CLOSED,HIGH,CHATBOT,2026-02-22 00:00:00,2026-02-07 00:00:00,,False,False,False,False,False,True,False,False
CBK0001777,TXN00006951,USR81327,MCH9661,3359.61,Account Takeover,ACCOUNT_TAKEOVER,Customer says transaction was not authorized.,REJECTED,MEDIUM,IVR,2026-02-05 07:12:00,2026-02-02 07:12:00,2026-03-06 07:12:00,False,False,False,False,False,False,False,False
CBK0000616,TXN00006990,USR38951,MCH8779,1208.16,amount mismatch,AMOUNT_MISMATCH,User says UPI PIN was not entered by them.,REJECTED,MEDIUM,APP,2026-03-09 11:42:44,2026-03-10 00:00:00,2026-03-28 11:42:00,False,False,False,False,False,False,True,False
CBK0000385,TXN00014076,USR11828,MCH8154,1915.56,extra amount deducted,AMOUNT_MISMATCH,Complaint received after multiple failed attempts.,OPEN,LOW,IVR,2026-01-26 22:23:00,2026-01-23 13:23:28,2026-02-08 00:00:00,False,False,False,False,False,False,False,False
CBK0002097,TXN00065627,USR14083,MCH5177,-3428.7,Customer Dispute,CUSTOMER_DISPUTE,Complaint received after multiple failed attempts.,REJECTED,HIGH,CHATBOT,2026-02-13 00:00:00,,2026-03-14 08:43:00,False,True,False,False,True,False,False,False
CBK0001900,TXN00012829,USR86138,MCH3815,4506.23,Duplicate Debit,DUPLICATE_DEBIT,User reports money deducted but merchant denies receiving payment.,RESOLVED,HIGH,CHATBOT,2026-04-05 07:15:11,2026-03-20 18:15:11,2026-05-05 07:15:11,False,False,False,False,False,False,False,False
CBK0001029,TXN00007595,USR85146,MCH5954,1638.0,double debit,DUPLICATE_DEBIT,User claims account was compromised before txn.,OPEN,MEDIUM,CHATBOT,2026-04-03 06:18:10,,,False,False,False,False,True,True,False,False
CBK0001052,TXN00015908,USR77900,MCH5264,540.0,dispute raised,CUSTOMER_DISPUTE,Customer says amount was debited twice.,PENDING_BANK,MEDIUM,BRANCH,2026-01-31 09:49:28,2026-01-21 00:00:00,,False,False,False,False,False,True,False,False
CBK0000908,TXN00002368,USR71714,MCH9717,4581.54,item not received,SERVICE_NOT_DELIVERED,Customer complaint text unclear due to poor call center notes.,IN_PROGRESS,LOW,CHATBOT,2026-02-23 00:00:00,2026-02-22 00:00:00,2026-03-07 19:24:52,False,False,False,False,False,False,False,False
CBK0000272,TXN00011208,USR31719,MCH5754,729.47,login compromised,ACCOUNT_TAKEOVER,User claims account was compromised before transaction.,RESOLVED,HIGH,IVR,,2026-01-28 00:00:00,2026-02-07 00:00:00,False,False,False,True,False,False,False,False
CBK0001049,TXN00019810,USR21832,MCH3020,2801.1,not done by me,UNAUTHORIZED,Payment made to unknown merchant as per customer statement.,RESOLVED,HIGH,EMAIL,,,2026-04-17 00:00:00,False,False,False,True,True,False,False,False
CBK0000221,TXN00004354,USR82244,MCH2757,1370.0,double debit,DUPLICATE_DEBIT,COMPLAINT RECEIVED AFTER MULTIPLE FAILED ATTEMPTS.,IN_PROGRESS,MEDIUM,IVR,2026-03-06 00:00:00,2026-03-03 18:42:43,2026-03-22 00:00:00,False,False,False,False,False,False,False,False
CBK0001615,TXN00001397,USR23350,MCH9727,2972.0,customer issue,CUSTOMER_DISPUTE,User claims account was compromised before transaction.,IN_PROGRESS,HIGH,EMAIL,2026-02-09 00:00:00,2026-02-06 00:00:00,2026-02-20 00:00:00,False,False,False,False,False,False,False,False
CBK0002732,TXN00007712,USR86991,MCH7765,-1151.15,service failed,SERVICE_NOT_DELIVERED,Customer says transaction was not authorized.,IN_PROGRESS,MEDIUM,APP,2026-02-04 17:09:00,2026-02-01 00:00:00,2026-02-12 17:09:22,False,True,False,False,False,False,False,False
CBK0000571,TXN00018357,USR74628,MCH4473,13142.13,Service Not Provided,SERVICE_NOT_DELIVERED,Payment made to unknown merchant as per customer statement.,IN_PROGRESS,MEDIUM,IVR,2026-02-10 05:15:00,2026-02-08 02:15:15,2026-03-04 00:00:00,False,False,False,False,False,False,False,False
CBK0001992,TXN00012094,USR97149,MCH2503,878.0,ATO,ACCOUNT_TAKEOVER,User reports money deducted but merchant denies receiving payment.,REJECTED,LOW,IVR,2026-02-12 00:00:00,2026-02-11 20:34:00,,False,False,False,False,False,True,False,False
CBK0002152,TXN00005346,USR43944,MCH6429,3376.98,item not received,SERVICE_NOT_DELIVERED,User reports money deducted but merchant denies receiving payment.,OPEN,LOW,EMAIL,2026-03-07 00:00:00,2026-03-05 00:00:00,2026-03-28 00:00:00,False,False,False,False,False,False,False,False
CBK0002386,TXN00014331,USR72448,MCH7602,-678.63,ATO,ACCOUNT_TAKEOVER,Suspicious high-value payment disputed by customer.,OPEN,HIGH,CALL_CENTER,2026-02-04 00:00:00,2026-01-20 00:00:00,2026-02-06 00:00:00,False,True,False,False,False,False,False,False
CBK0000126,TXN00009782,USR75241,MCH8503,718.61,amount mismatch,AMOUNT_MISMATCH,Customer says transaction was not authorized.,RESOLVED,MEDIUM,IVR,2026-04-06 19:49:00,2026-03-22 00:00:00,2026-04-20 00:00:00,False,False,False,False,False,False,False,False
CBK0000552,TXN00001358,USR59496,MCH5588,6742.91,service failed,SERVICE_NOT_DELIVERED,Suspicious high-value payment disputed by customer.,IN_PROGRESS,CRITICAL,BRANCH,2026-01-23 00:00:00,2026-01-21 00:00:00,2026-02-02 00:00:00,False,False,False,False,False,False,False,False
CBK0002681,TXN00008227,USR87558,MCH3815,2758.76,complaint,CUSTOMER_DISPUTE,Complaint received after multiple failed attempts.,REJECTED,HIGH,EMAIL,2026-01-10 12:14:00,2026-01-07 00:00:00,2026-01-10 00:00:00,False,False,False,False,False,False,False,False
CBK0001091,TXN00003670,USR12026,MCH4593,2583.29,double debit,DUPLICATE_DEBIT,Customer says transaction was not authorized.,REJECTED,LOW,EMAIL,2026-02-06 00:00:00,2026-01-07 00:00:00,2026-03-02 00:00:00,False,False,False,False,False,False,False,False
CBK0000174,TXN00013432,USR44848,MCH4003,616.19,Customer Dispute,CUSTOMER_DISPUTE,User says UPI PIN was not entered by them.,REJECTED,LOW,BRANCH,2026-01-28 00:00:00,2026-01-28 00:00:00,,False,False,False,False,False,True,False,False
CBK0000949,,USR50783,MCH9233,7400.39,delivery issue,SERVICE_NOT_DELIVERED,Suspicious high-value payment disputed by customer.,IN_PROGRESS,MEDIUM,IVR,2026-01-25 01:55:00,2026-01-14 00:00:00,,False,False,True,False,False,True,False,False
CBK0000519,TXN00010998,USR69938,MCH7992,1567.73,UNAUTHORISED,UNAUTHORIZED,Merchant service was not delivered after payment.,IN_PROGRESS,LOW,CHATBOT,,2026-01-29 23:14:08,2026-02-04 00:00:00,False,False,False,True,False,False,False,False
CBK0000645,TXN00016469,USR59482,MCH1792,12115.08,extra amount deducted,AMOUNT_MISMATCH,Customer says transaction was not authorized.,PENDING_BANK,CRITICAL,CHATBOT,,2026-03-13 13:03:25,,False,False,False,True,False,True,False,False
CBK0000063,TXN00017905,USR73461,MCH3216,2185.09,dispute raised,CUSTOMER_DISPUTE,Customer says transaction was not authorized.,RESOLVED,LOW,CHATBOT,2026-01-30 00:00:00,2026-01-30 00:00:00,2026-02-02 00:00:00,False,False,False,False,False,False,False,False
CBK0001394,TXN00009340,USR39542,MCH1320,1180.9,Duplicate Debit,DUPLICATE_DEBIT,User reports money deducted but merchant denies receiving payment.,OPEN,CRITICAL,CHATBOT,2026-02-23 00:00:00,2026-02-18 13:01:11,,False,False,False,False,False,True,False,False
CBK0001496,TXN00012480,USR39700,MCH9284,2178.0,Fraud Suspected,FRAUD,Payment made to unknown merchant as per customer statement.,CLOSED,HIGH,CALL_CENTER,2026-02-19 00:00:00,2026-02-09 02:52:00,2026-02-20 00:00:00,False,False,False,False,False,False,False,False
CBK0002246,TXN00009997,USR96095,MCH6849,,Merchant Not Delivered,SERVICE_NOT_DELIVERED,Merchant service was not delivered after payment.,REJECTED,MEDIUM,CHATBOT,2026-04-03 00:00:00,2026-03-28 00:00:00,2026-04-14 12:51:03,True,False,False,False,False,False,False,False
CBK0001245,TXN00014601,USR50737,MCH1920,689.0,customer issue,CUSTOMER_DISPUTE,Payment made to unknown merchant as per customer statement.,PENDING_BANK,LOW,IVR,2026-03-27 20:30:00,2026-03-17 00:00:00,2026-04-20 00:00:00,False,False,False,False,False,False,False,False
CBK0000329,TXN00014927,USR30489,MCH4948,,Fraud Suspected,FRAUD,Suspicious high-value payment disputed by customer.,OPEN,MEDIUM,APP,2026-03-16 00:00:00,2026-01-29 17:56:00,2026-04-08 00:00:00,True,False,False,False,False,False,False,False
CBK0001974,TXN00002369,USR83393,MCH3463,1718.0,customer issue,CUSTOMER_DISPUTE,Customer says transaction was not authorized.,IN_PROGRESS,LOW,BRANCH,2026-04-01 15:27:58,2026-03-30 17:27:58,2026-04-20 00:00:00,False,False,False,False,False,False,False,False
CBK0002363,TXN00002125,USR78593,MCH2757,2711.0,ATO,ACCOUNT_TAKEOVER,Payment made to unknown merchant as per customer statement.,CLOSED,LOW,BRANCH,2026-03-07 00:00:00,2026-03-04 00:00:00,2026-03-22 00:00:00,False,False,False,False,False,False,False,False
CBK0001357,TXN00015990,USR49195,MCH1203,-1640.31,Account Takeover,ACCOUNT_TAKEOVER,Payment made to unknown merchant as per customer statement.,OPEN,CRITICAL,APP,2026-01-23 03:20:00,2026-01-08 00:00:00,2026-02-01 00:00:00,False,True,False,False,False,False,False,False
CBK0002677,TXN00009096,USR31537,MCH8779,-6781.52,incorrect amount,AMOUNT_MISMATCH,Suspicious high-value payment disputed by cust.,PENDING_BANK,MEDIUM,BRANCH,2026-02-28 00:00:00,2026-02-27 00:00:00,2026-03-10 08:17:01,False,True,False,False,False,False,False,False
CBK0000586,TXN00007590,USR26821,MCH8953,1023.96,Customer Dispute,CUSTOMER_DISPUTE,Complaint received after multiple failed attempts. call dropped,REJECTED,LOW,CALL_CENTER,,2026-03-11 00:00:00,2026-04-02 02:24:43,False,False,False,True,False,False,False,False
CBK0000776,TXN00010920,USR19006,MCH4590,5019.03,unauthorized_transaction,UNAUTHORIZED,complaint received after multiple failed attempts.,PENDING_BANK,MEDIUM,IVR,2026-03-13 02:55:07,2026-03-12 23:55:00,,False,False,False,False,False,True,False,False
CBK0000873,TXN00002853,USR33226,MCH2822,1650.21,delivery issue,SERVICE_NOT_DELIVERED,Complaint received after multiple failed attempts.,OPEN,MEDIUM,EMAIL,2026-02-20 00:00:00,2026-02-13 11:31:49,2026-02-26 12:31:49,False,False,False,False,False,False,False,False
CBK0000358,TXN00015992,USR12248,MCH1013,6937.41,login compromised,ACCOUNT_TAKEOVER,User says UPI PIN was not entered by them. NA,REJECTED,HIGH,BRANCH,2026-03-10 00:00:00,2026-02-28 00:00:00,2026-03-10 00:00:00,False,False,False,False,False,False,False,False
CBK0002265,TXN00008431,USR11987,MCH5922,1831.96,amount mismatch,AMOUNT_MISMATCH,Customer says transaction was not authorized.,REJECTED,MEDIUM,CHATBOT,2026-02-07 23:51:35,,2026-03-09 23:51:00,False,False,False,False,True,False,False,False
CBK0001115,TXN00018481,USR96362,MCH8953,776.76,delivery issue,SERVICE_NOT_DELIVERED,MERCHANT SERVICE WAS NOT DELIVERED AFTER PAYMENT.,REJECTED,MEDIUM,IVR,2026-02-03 00:00:00,2026-01-31 00:00:00,2026-02-05 00:00:00,False,False,False,False,False,False,False,False
CBK0000323,TXN00019162,USR85655,MCH7346,2538.07,charged twice,DUPLICATE_DEBIT,USER SAYS UPI PIN WAS NOT ENTERED BY THEM.,PENDING_BANK,LOW,BRANCH,2026-03-03 10:18:01,2026-03-03 02:18:00,,False,False,False,False,False,True,False,False
CBK0000234,TXN00001948,USR69297,MCH8977,8296.18,Wrong Amount,AMOUNT_MISMATCH,Suspicious high-value payment disputed by customer.,RESOLVED,LOW,IVR,2026-03-30 00:00:00,2026-03-29 04:03:44,2026-04-25 00:00:00,False,False,False,False,False,False,False,False
CBK0001576,TXN00012979,USR85329,MCH1945,21185.86,FRAUD,FRAUD,Complaint received after multiple failed attempts.,CLOSED,LOW,CHATBOT,2026-01-07 10:12:22,2026-01-07 00:00:00,2026-01-08 00:00:00,False,False,False,False,False,False,False,False
CBK0002169,TXN00011212,USR87637,MCH5655,,Wrong Amount,AMOUNT_MISMATCH,User says UPI PIN was not entered by them.,REJECTED,MEDIUM,BRANCH,2026-01-28 23:45:00,2026-01-25 00:00:00,,True,False,False,False,False,True,False,False
CBK0000803,,USR28353,MCH9017,6400.05,Merchant Not Delivered,SERVICE_NOT_DELIVERED,Complaint received after multiple failed attempts. pls check asap,RESOLVED,HIGH,IVR,2026-02-13 00:00:00,2026-01-28 20:41:02,2026-02-23 00:00:00,False,False,True,False,False,False,False,False
CBK0001770,TXN00001025,USR97417,MCH7480,5150.06,delivery issue,SERVICE_NOT_DELIVERED,Complaint received after multiple failed attempts.,CLOSED,MEDIUM,IVR,2026-03-07 00:00:00,2026-02-24 23:35:00,,False,False,False,False,False,True,False,False
CBK0000956,TXN00001028,USR76271,MCH9801,,delivery issue,SERVICE_NOT_DELIVERED,User claims account was compromised before transaction.,OPEN,MEDIUM,BRANCH,2026-04-15 11:18:00,2026-03-30 00:00:00,2026-04-26 00:00:00,True,False,False,False,False,False,False,False
CBK0001559,TXN00003513,USR15980,MCH9291,754.13,merchant service issue,SERVICE_NOT_DELIVERED,User says UPI PIN was not entered by them.,RESOLVED,MEDIUM,CHATBOT,2026-03-13 00:00:00,2026-03-13 00:00:00,2026-04-05 00:00:00,False,False,False,False,False,False,False,False
CBK0002745,TXN00003727,USR54113,MCH7888,1284.94,Wrong Amount,AMOUNT_MISMATCH,Payment made to unknown merchant as per customer statement.,REJECTED,MEDIUM,IVR,2026-03-18 00:00:00,2026-03-12 20:17:03,2026-03-29 11:17:03,False,False,False,False,False,False,False,False
CBK0002455,TXN00001275,USR69706,MCH5076,2210.2,Duplicate Debit,DUPLICATE_DEBIT,CUSTOMER SAYS AMOUNT WAS DEBITED TWICE.,RESOLVED,LOW,IVR,2026-01-23 00:00:00,2026-01-20 00:00:00,2026-02-17 00:00:00,False,False,False,False,False,False,False,False
CBK0000925,TXN00001097,USR67142,MCH4883,4816.91,merchant service issue,SERVICE_NOT_DELIVERED,Merchant service was not delivered after payment.,RESOLVED,MEDIUM,IVR,2026-02-18 01:47:00,2026-02-14 15:47:00,,False,False,False,False,False,True,False,False
CBK0002531,TXN00018059,USR46902,MCH1737,,UNAUTHORISED,UNAUTHORIZED,Payment made to unknown merchant as per customer statement.,REJECTED,MEDIUM,CHATBOT,2026-03-12 00:00:00,2026-03-06 00:00:00,,True,False,False,False,False,True,False,False
CBK0001365,TXN00011080,USR44053,MCH1613,1709.82,merchant service issue,SERVICE_NOT_DELIVERED,User reports money deducted but merchant denies receiving payment. details missing,REJECTED,MEDIUM,APP,2026-02-17 00:00:00,2026-02-10 00:00:00,2026-02-20 16:56:29,False,False,False,False,False,False,False,False
CBK0000254,TXN00005010,USR40538,MCH5940,1290.35,ATO,ACCOUNT_TAKEOVER,User claims account was compromised before transaction.,OPEN,MEDIUM,APP,2026-03-08 00:00:00,,2026-03-28 00:00:00,False,False,False,False,True,False,False,False
CBK0000919,TXN00004956,USR26890,MCH9891,1752.77,suspicious transaction,FRAUD,merchant service was not delivered after payment.,REJECTED,MEDIUM,IVR,2026-03-18 00:00:00,2026-03-15 09:36:34,2026-03-22 19:36:34,False,False,False,False,False,False,False,False
CBK0002474,TXN00014618,USR24726,MCH2638,1047.67,UNAUTHORISED,UNAUTHORIZED,Suspicious high-value payment disputed by customer.,REJECTED,MEDIUM,BRANCH,2026-02-20 05:43:41,2026-02-18 00:00:00,2026-03-07 00:00:00,False,False,False,False,False,False,False,False
CBK0002776,TXN00013127,USR40874,MCH5212,1935.98,ATO,ACCOUNT_TAKEOVER,Customer says transaction was not authorized.,OPEN,HIGH,CHATBOT,2026-03-21 14:17:37,2026-03-19 00:00:00,,False,False,False,False,False,True,False,False
CBK0001195,TXN00001271,USR48486,MCH5327,1190.0,item not received,SERVICE_NOT_DELIVERED,Merchant service was not delivered after payment.,PENDING_BANK,HIGH,CALL_CENTER,2026-01-23 00:00:00,2026-01-21 00:00:00,2026-02-19 00:00:00,False,False,False,False,False,False,False,False
CBK0002506,TXN00002955,USR68934,MCH7020,4857.63,Unauthorized Transaction,UNAUTHORIZED,Suspicious high-value payment disputed by customer.,RESOLVED,LOW,IVR,2026-04-28 00:00:00,2026-03-28 00:00:00,,False,False,False,False,False,True,False,False
CBK0000832,TXN00014106,USR26145,MCH1012,1547.17,UNAUTHORISED,UNAUTHORIZED,Complaint received after multiple failed attempts.,OPEN,LOW,CALL_CENTER,2026-01-31 23:25:00,2026-01-21 23:25:00,2026-02-27 00:00:00,False,False,False,False,False,False,False,False
CBK0000564,TXN00005945,USR21384,MCH1809,848.15,delivery issue,SERVICE_NOT_DELIVERED,User reports money deducted but merchant denies receiving payment.,IN_PROGRESS,HIGH,EMAIL,2026-02-04 00:00:00,2026-02-03 00:00:00,2026-02-04 00:00:00,False,False,False,False,False,False,False,False
CBK0000744,TXN00001703,USR53423,MCH6565,2240.0,DUP_DEBIT,DUPLICATE_DEBIT,User says UPI PIN was not entered by them.,RESOLVED,MEDIUM,EMAIL,,2026-01-05 14:34:29,2026-01-19 00:00:00,False,False,False,True,False,False,False,False
CBK0001649,TXN00018989,USR90653,MCH2436,2703.0,double debit,DUPLICATE_DEBIT,Merchant service was not delivered after payment.,PENDING_BANK,HIGH,CHATBOT,2026-04-02 00:00:00,2026-03-30 02:11:00,,False,False,False,False,False,True,False,False
CBK0000455,TXN00012649,USR42432,MCH9748,2202.7,Account Takeover,ACCOUNT_TAKEOVER,Merchant service was not delivered after payment.,IN_PROGRESS,HIGH,CHATBOT,2026-02-25 00:00:00,,2026-03-11 21:41:19,False,False,False,False,True,False,False,False
CBK0000302,TXN00016585,USR38429,MCH2943,,double debit,DUPLICATE_DEBIT,complaint received after multiple failed attempts.,PENDING_BANK,MEDIUM,CALL_CENTER,,2026-03-17 00:00:00,2026-03-18 00:00:00,True,False,False,True,False,False,False,False
CBK0002738,TXN00000947,USR89588,MCH2960,2075.0,not done by me,UNAUTHORIZED,Customer says amount was debited twice.,RESOLVED,MEDIUM,EMAIL,2026-02-13 11:30:44,2026-02-13 08:30:44,2026-02-18 11:30:44,False,False,False,False,False,False,False,False
CBK0000153,TXN00000546,USR92746,MCH7824,,not delivered,SERVICE_NOT_DELIVERED,Suspicious high-value payment disputed by customer.,CLOSED,MEDIUM,IVR,2026-03-03 19:44:09,2026-03-01 00:00:00,2026-03-03 19:44:00,True,False,False,False,False,False,False,False
CBK0000304,TXN00013266,USR84318,MCH5916,6391.92,merchant service issue,SERVICE_NOT_DELIVERED,Complaint received after multiple failed attempts.,PENDING_BANK,HIGH,EMAIL,2026-02-28 00:00:00,2026-02-22 00:00:00,2026-03-08 00:00:00,False,False,False,False,False,False,False,False
CBK0000114,TXN00002182,USR85475,MCH8779,,amount mismatch,AMOUNT_MISMATCH,user says upi pin was not entered by them.,RESOLVED,LOW,EMAIL,2026-02-09 13:27:52,2026-02-08 13:27:52,2026-02-28 00:00:00,True,False,False,False,False,False,False,False
CBK0001506,TXN00002381,USR81570,MCH3815,3182.0,Account Takeover,ACCOUNT_TAKEOVER,Customer says transaction was not authorized.,IN_PROGRESS,MEDIUM,CHATBOT,2026-02-07 00:00:00,2026-02-04 00:00:00,,False,False,False,False,False,True,False,False
CBK0000588,TXN00003990,USR48652,MCH5552,702.0,delivery issue,SERVICE_NOT_DELIVERED,Customer complaint text unclear due to poor call center notes.,REJECTED,LOW,APP,2026-02-19 00:00:00,2026-02-13 00:00:00,2026-02-26 00:00:00,False,False,False,False,False,False,False,False
CBK0000857,TXN00018599,USR52095,MCH3652,576.0,customer issue,CUSTOMER_DISPUTE,User claims account was compromised before transaction.,CLOSED,MEDIUM,EMAIL,2026-03-25 04:34:33,2026-03-19 00:00:00,,False,False,False,False,False,True,False,False
CBK0002327,TXN00011877,USR69584,MCH5183,728.14,unauth txn,UNAUTHORIZED,Customer says transaction was not authorized.,OPEN,MEDIUM,IVR,2026-03-06 21:56:02,2026-03-06 00:00:00,2026-03-22 00:00:00,False,False,False,False,False,False,False,False
CBK0000858,TXN00015040,USR95176,MCH1146,1568.41,amount mismatch,AMOUNT_MISMATCH,Customer says amount was debited twice.,PENDING_BANK,LOW,EMAIL,,2026-03-29 00:00:00,,False,False,False,True,False,True,False,False
CBK0000429,TXN00019661,USR97772,MCH3992,,amount mismatch,AMOUNT_MISMATCH,User reports money deducted but merchant denies receiving payment.,REJECTED,HIGH,APP,2026-02-21 09:56:09,2026-02-19 22:56:00,2026-03-06 00:00:00,True,False,False,False,False,False,False,False
CBK0000817,TXN00002301,USR71836,MCH3815,769.17,account hacked,ACCOUNT_TAKEOVER,Payment made to unknown merchant as per customer statement.,OPEN,LOW,APP,2026-02-21 00:00:00,2026-02-05 00:00:00,2026-03-07 12:29:12,False,False,False,False,False,False,False,False
CBK0000011,TXN00006805,USR14951,MCH5380,1087.14,Wrong Amount,AMOUNT_MISMATCH,SUSPICIOUS HIGH-VALUE PAYMENT DISPUTED BY CUSTOMER.,CLOSED,MEDIUM,IVR,2026-02-22 00:00:00,2026-02-20 00:00:00,2026-03-01 00:00:00,False,False,False,False,False,False,False,False
CBK0000250,TXN00002574,USR73010,MCH1320,660.0,not delivered,SERVICE_NOT_DELIVERED,suspicious high-value payment disputed by customer.,OPEN,LOW,IVR,2026-03-02 00:00:00,2026-02-25 03:11:33,2026-03-07 09:11:33,False,False,False,False,False,False,False,False
CBK0001404,TXN00003881,USR61151,MCH8634,,not done by me,UNAUTHORIZED,Customer says transaction was not authorized.,IN_PROGRESS,MEDIUM,CALL_CENTER,2026-03-23 06:15:00,,2026-03-30 00:00:00,True,False,False,False,True,False,False,False
CBK0000574,TXN00011825,USR78873,MCH9713,3123.85,charged twice,DUPLICATE_DEBIT,Complaint received after multiple failed attempts.,IN_PROGRESS,LOW,EMAIL,2026-03-12 00:00:00,2026-01-26 18:02:00,2026-03-17 00:00:00,False,False,False,False,False,False,False,False
CBK0002429,TXN00015653,USR50125,MCH2266,3491.1,Duplicate Debit,DUPLICATE_DEBIT,Suspicious high-value payment disputed by customer.,CLOSED,MEDIUM,CHATBOT,2026-04-01 00:00:00,2026-03-31 00:00:00,2026-04-25 00:00:00,False,False,False,False,False,False,False,False
CBK0001916,TXN00005518,USR18198,MCH5954,-4245.22,FRAUD,FRAUD,Merchant service was not delivered after payment.,REJECTED,LOW,BRANCH,2026-03-25 00:00:00,,2026-04-04 16:01:06,False,True,False,False,True,False,False,False
CBK0001132,TXN00019555,USR87956,MCH5062,15606.92,amount mismatch,AMOUNT_MISMATCH,User claims account was compromised before transaction.,IN_PROGRESS,LOW,IVR,2026-01-26 00:00:00,2026-01-24 13:53:56,2026-02-02 00:00:00,False,False,False,False,False,False,False,False
CBK0000528,TXN00003808,USR46923,MCH2685,476.92,double debit,DUPLICATE_DEBIT,PAYMENT MADE TO UNKNOWN MERCHANT AS PER CUSTOMER STATEMENT.,CLOSED,CRITICAL,IVR,2026-02-22 00:00:00,2026-02-19 14:29:00,,False,False,False,False,False,True,False,False
CBK0002091,TXN00006681,USR26140,MCH5655,946.45,Account Takeover,ACCOUNT_TAKEOVER,Merchant service was not delivered after payment. NA,REJECTED,MEDIUM,IVR,2026-01-28 00:00:00,2026-01-27 00:00:00,2026-02-24 00:00:00,False,False,False,False,False,False,False,False
CBK0001235,TXN00010356,USR82947,MCH6407,2359.0,Wrong Amount,AMOUNT_MISMATCH,Customer says transaction was not authorized.,REJECTED,HIGH,APP,2026-02-26 00:00:00,2026-02-23 00:00:00,2026-03-12 04:52:03,False,False,False,False,False,False,False,False
CBK0001096,TXN00019163,USR72047,MCH3308,1202.2,extra amount deducted,AMOUNT_MISMATCH,Complaint received after multiple failed attempts.,RESOLVED,HIGH,IVR,2026-03-04 00:00:00,2026-02-17 00:00:00,,False,False,False,False,False,True,False,False
CBK0001038,TXN00005386,USR82091,MCH1514,2597.6,complaint,CUSTOMER_DISPUTE,PAYMENT MADE TO UNKNOWN MERCHANT AS PER CUSTOMER STATEMENT.,IN_PROGRESS,MEDIUM,APP,2026-02-04 04:50:27,2026-01-24 00:00:00,2026-02-11 00:00:00,False,False,False,False,False,False,False,False
CBK0000653,TXN00007307,USR58692,MCH2298,2349.32,not done by me,UNAUTHORIZED,User says UPI PIN was not entered by them. call dropped,CLOSED,MEDIUM,CALL_CENTER,2026-01-30 00:00:00,2026-01-15 00:00:00,2026-02-26 15:09:16,False,False,False,False,False,False,False,False
CBK0000456,TXN00009180,USR83586,MCH8928,,scam,FRAUD,USER REPORTS MONEY DEDUCTED BUT MERCHANT DENIES RECEIVING PAYMENT.,IN_PROGRESS,HIGH,CALL_CENTER,,2026-01-19 01:14:49,2026-02-05 00:00:00,True,False,False,True,False,False,False,False
CBK0000818,TXN00015972,USR83126,MCH2616,8836.22,delivery issue,SERVICE_NOT_DELIVERED,Payment made to unknown merchant as per customer statement.,REJECTED,CRITICAL,CHATBOT,2026-01-21 23:22:51,2026-01-19 00:00:00,2026-02-19 00:00:00,False,False,False,False,False,False,False,False
CBK0002103,TXN00005039,USR38720,MCH9523,1582.19,no service,SERVICE_NOT_DELIVERED,User reports money deducted but merchant denies receiving payment.,RESOLVED,HIGH,IVR,2026-01-24 18:26:47,2026-01-24 00:00:00,2026-02-19 00:00:00,False,False,False,False,False,False,False,False
CBK0001868,TXN00015884,USR34835,MCH3992,247.02,customer issue,CUSTOMER_DISPUTE,Payment made to unknown merchant as per customer statement.,IN_PROGRESS,HIGH,BRANCH,2026-03-06 00:00:00,2026-03-04 00:00:00,2026-04-02 00:00:00,False,False,False,False,False,False,False,False
CBK0001455,TXN00007357,USR62254,MCH5655,161.0,amount mismatch,AMOUNT_MISMATCH,Customer says amount was debited twice.,IN_PROGRESS,MEDIUM,BRANCH,2026-02-09 00:00:00,2026-01-10 04:54:03,,False,False,False,False,False,True,False,False
CBK0002565,TXN00003516,USR18591,MCH5076,585.31,amount mismatch,AMOUNT_MISMATCH,User claims account was compromised before txn.,PENDING_BANK,HIGH,APP,2026-01-18 00:00:00,,2026-02-12 12:15:00,False,False,False,False,True,False,False,False
CBK0002508,TXN00015520,USR78921,MCH1369,578.15,Duplicate Debit,DUPLICATE_DEBIT,Customer says txn was not authorized.,PENDING_BANK,CRITICAL,BRANCH,2026-02-23 00:00:00,2026-01-24 00:42:06,,False,False,False,False,False,True,False,False
CBK0002546,TXN00041980,USR82793,MCH1094,565.73,not done by me,UNAUTHORIZED,Suspicious high-value payment disputed by customer. call dropped,OPEN,HIGH,EMAIL,2026-03-19 15:57:00,2026-03-17 00:00:00,2026-03-19 00:00:00,False,False,False,False,False,False,False,False
CBK0000212,TXN00010499,USR18345,MCH6823,4579.0,ATO,ACCOUNT_TAKEOVER,complaint received after multiple failed attempts.,OPEN,LOW,BRANCH,2026-03-16 20:19:36,2026-03-13 03:19:00,2026-03-27 00:00:00,False,False,False,False,False,False,False,False
CBK0002200,TXN00017653,USR80376,MCH5600,4402.84,account hacked,ACCOUNT_TAKEOVER,User reports money deducted but merchant denies receiving payment.,IN_PROGRESS,MEDIUM,APP,2026-01-23 00:00:00,2026-01-16 00:00:00,2026-01-24 19:11:00,False,False,False,False,False,False,False,False
CBK0001408,TXN00007170,USR49478,MCH8391,468.0,dispute raised,CUSTOMER_DISPUTE,Merchant service was not delivered after payment.,OPEN,MEDIUM,CHATBOT,2026-03-31 00:00:00,2026-03-30 20:56:21,2026-04-01 00:00:00,False,False,False,False,False,False,False,False
CBK0000377,TXN00038189,USR50661,MCH5076,754.07,Fraud Suspected,FRAUD,Complaint received after multiple failed attempts.,PENDING_BANK,MEDIUM,IVR,,2026-01-08 00:00:00,,False,False,False,True,False,True,False,False
CBK0001891,TXN00001071,USR11526,MCH9122,2117.2,Service Not Provided,SERVICE_NOT_DELIVERED,Complaint received after multiple failed attempts. NA,CLOSED,MEDIUM,BRANCH,2026-03-17 00:00:00,2026-03-13 00:00:00,2026-03-31 00:00:00,False,False,False,False,False,False,False,False
CBK0001866,TXN00008011,USR63376,MCH6063,1770.2,unauth txn,UNAUTHORIZED,Suspicious high-value payment disputed by customer.,RESOLVED,MEDIUM,CALL_CENTER,2026-01-19 00:00:00,2026-01-16 00:00:00,2026-02-15 00:00:00,False,False,False,False,False,False,False,False
CBK0000970,TXN00082870,USR36118,MCH1738,543.0,extra amount deducted,AMOUNT_MISMATCH,Merchant service was not delivered after payment.,CLOSED,LOW,CALL_CENTER,2026-01-30 00:00:00,2026-01-29 00:00:00,2026-01-30 19:36:00,False,False,False,False,False,False,False,False
CBK0002242,TXN00084424,USR30262,MCH6806,1535.24,service failed,SERVICE_NOT_DELIVERED,USER REPORTS MONEY DEDUCTED BUT MERCHANT DENIES RECEIVING PAYMENT.,IN_PROGRESS,LOW,CALL_CENTER,2026-03-18 00:00:00,2026-03-18 00:38:07,2026-03-18 00:00:00,False,False,False,False,False,False,True,False
CBK0001560,TXN00001620,USR85566,MCH6810,1347.82,suspicious transaction,FRAUD,Suspicious high-value payment disputed by customer.,RESOLVED,LOW,CHATBOT,2026-03-23 00:00:00,,,False,False,False,False,True,True,False,False
CBK0000409,TXN00006280,USR91269,MCH4181,1032.66,login compromised,ACCOUNT_TAKEOVER,USER CLAIMS ACCOUNT WAS COMPROMISED BEFORE TRANSACTION.,REJECTED,MEDIUM,APP,2026-02-22 14:17:00,2026-02-18 22:17:11,2026-03-21 14:17:11,False,False,False,False,False,False,False,False
CBK0001847,TXN00012093,USR36399,MCH7286,3867.32,Account Takeover,ACCOUNT_TAKEOVER,Merchant service was not delivered after payment.,RESOLVED,CRITICAL,IVR,2026-02-28 00:00:00,2026-02-21 10:24:33,2026-03-22 00:00:00,False,False,False,False,False,False,False,False
CBK0001673,TXN00017039,USR32436,MCH9055,1306.0,item not received,SERVICE_NOT_DELIVERED,user reports money deducted but merchant denies receiving payment.,RESOLVED,LOW,CHATBOT,2026-01-06 00:00:00,2026-01-03 00:00:00,2026-01-21 15:04:59,False,False,False,False,False,False,False,False
CBK0000284,TXN00032709,USR91199,MCH7235,4152.0,Unauthorized Transaction,UNAUTHORIZED,User claims account was compromised before transaction.,CLOSED,MEDIUM,EMAIL,,2026-01-29 00:00:00,2026-02-13 00:00:00,False,False,False,True,False,False,False,False
CBK0001681,TXN00013474,USR44690,MCH1928,3303.95,not delivered,SERVICE_NOT_DELIVERED,Payment made to unknown merchant as per customer statement.,OPEN,LOW,IVR,2026-04-07 00:00:00,2026-03-08 17:42:18,,False,False,False,False,False,True,False,False
CBK0001146,TXN00006160,USR11770,MCH4871,384.6,scam,FRAUD,Customer complaint text unclear due to poor call center notes.,IN_PROGRESS,MEDIUM,BRANCH,2026-03-14 00:00:00,2026-03-07 00:00:00,2026-04-07 00:00:00,False,False,False,False,False,False,False,False
CBK0000431,TXN00011403,USR76792,MCH3707,88.39,login compromised,ACCOUNT_TAKEOVER,user reports money deducted but merchant denies receiving payment.,CLOSED,LOW,BRANCH,2026-03-17 00:00:00,2026-03-16 00:00:00,2026-03-22 00:00:00,False,False,False,False,False,False,False,False
CBK0000038,TXN00016138,USR75856,MCH5345,2973.45,double debit,DUPLICATE_DEBIT,Payment made to unknown merchant as per customer statement.,PENDING_BANK,LOW,IVR,2026-03-18 00:00:00,2026-02-15 00:00:00,2026-04-13 00:00:00,False,False,False,False,False,False,False,False
CBK0001051,TXN00007915,USR14299,MCH2383,1789.71,not done by me,UNAUTHORIZED,PAYMENT MADE TO UNKNOWN MERCHANT AS PER CUSTOMER STATEMENT.,RESOLVED,CRITICAL,CALL_CENTER,2026-03-13 00:00:00,2026-02-10 03:04:00,2026-03-18 00:00:00,False,False,False,False,False,False,False,False
CBK0000442,TXN00007729,USR34645,MCH5076,819.04,dispute raised,CUSTOMER_DISPUTE,USER CLAIMS ACCOUNT WAS COMPROMISED BEFORE TRANSACTION.,CLOSED,LOW,EMAIL,2026-01-09 00:00:00,2026-01-05 00:00:00,2026-01-29 00:00:00,False,False,False,False,False,False,False,False
CBK0002207,TXN00015126,USR62875,MCH2383,2119.11,double debit,DUPLICATE_DEBIT,Customer complaint text unclear due to poor call center notes.,IN_PROGRESS,LOW,CHATBOT,2026-01-06 00:00:00,2026-01-06 00:00:00,2026-01-23 00:00:00,False,False,False,False,False,False,False,False
CBK0000536,TXN00017414,USR39006,MCH5032,12249.71,item not received,SERVICE_NOT_DELIVERED,Complaint received after multiple failed attempts.,CLOSED,HIGH,EMAIL,2026-01-08 00:00:00,2026-01-10 00:00:00,2026-02-06 04:32:02,False,False,False,False,False,False,True,False
CBK0000633,TXN00013693,USR72322,MCH8732,1899.73,item not received,SERVICE_NOT_DELIVERED,Merchant service was not delivered after payment.,RESOLVED,HIGH,IVR,2026-03-21 00:00:00,2026-03-19 17:11:52,,False,False,False,False,False,True,False,False
CBK0002622,TXN00018833,USR92174,MCH4861,-451.83,unauthorized_transaction,UNAUTHORIZED,Customer says transaction was not authorized.,RESOLVED,CRITICAL,CHATBOT,2026-02-13 13:09:19,2026-02-05 00:00:00,2026-02-19 00:00:00,False,True,False,False,False,False,False,False
CBK0001117,TXN00012679,USR13963,MCH3522,1851.93,Duplicate Debit,DUPLICATE_DEBIT,Complaint received after multiple failed attempts.,PENDING_BANK,MEDIUM,APP,2026-02-09 00:00:00,2026-02-07 00:00:00,,False,False,False,False,False,True,False,False
CBK0000939,TXN00009825,USR24660,MCH9618,3080.0,customer issue,CUSTOMER_DISPUTE,Complaint received after multiple failed attempts.,RESOLVED,LOW,BRANCH,2026-03-29 06:03:00,2026-03-26 00:00:00,2026-04-25 00:00:00,False,False,False,False,False,False,False,False
CBK0001090,TXN00016195,USR85787,MCH4442,471.0,delivery issue,SERVICE_NOT_DELIVERED,User says UPI PIN was not entered by them.,OPEN,LOW,BRANCH,2026-03-22 01:33:06,2026-03-11 00:00:00,2026-04-13 00:00:00,False,False,False,False,False,False,False,False
CBK0001682,TXN00010834,USR67399,MCH8675,1750.36,Duplicate Debit,DUPLICATE_DEBIT,Customer complaint text unclear due to poor call center notes.,IN_PROGRESS,MEDIUM,CHATBOT,2026-03-23 00:00:00,2026-03-12 15:00:00,,False,False,False,False,False,True,False,False
CBK0001294,TXN00019221,USR67336,MCH7286,596.6,Customer Dispute,CUSTOMER_DISPUTE,Customer says txn was not authorized.,CLOSED,MEDIUM,BRANCH,2026-03-17 00:00:00,2026-03-10 08:05:58,2026-04-04 21:05:58,False,False,False,False,False,False,False,False
CBK0001189,TXN00015243,USR90963,MCH4871,448.21,customer issue,CUSTOMER_DISPUTE,Merchant service was not delivered after payment.,REJECTED,MEDIUM,CHATBOT,2026-02-14 00:00:00,2026-02-14 13:48:33,2026-03-05 14:48:33,False,False,False,False,False,False,True,False
CBK0000070,TXN00019236,USR39755,MCH6038,3160.25,not done by me,UNAUTHORIZED,Payment made to unknown merchant as per customer statement.,RESOLVED,HIGH,EMAIL,2026-04-10 23:55:00,2026-03-26 13:55:00,2026-05-08 00:00:00,False,False,False,False,False,False,False,False
CBK0000476,TXN00076059,USR36575,MCH1929,1726.97,incorrect amount,AMOUNT_MISMATCH,Payment made to unknown merchant as per customer statement.,IN_PROGRESS,HIGH,IVR,2026-04-01 00:00:00,2026-03-29 00:00:00,,False,False,False,False,False,True,False,False
CBK0000092,TXN00019596,USR96380,MCH3161,2991.63,Duplicate Debit,DUPLICATE_DEBIT,Customer says amount was debited twice.,RESOLVED,HIGH,CHATBOT,,2026-02-23 05:30:01,,False,False,False,True,False,True,False,False
CBK0000095,TXN00006584,USR85655,MCH1599,1087.37,Merchant Not Delivered,SERVICE_NOT_DELIVERED,Merchant service was not delivered after payment.,IN_PROGRESS,MEDIUM,CALL_CENTER,2026-03-04 00:00:00,2026-03-03 21:45:00,2026-03-18 00:00:00,False,False,False,False,False,False,False,False
CBK0000861,TXN00016940,USR83977,MCH1995,7669.97,charged twice,DUPLICATE_DEBIT,Payment made to unknown merchant as per customer statement.,RESOLVED,MEDIUM,BRANCH,2026-01-07 01:02:00,2026-01-05 00:00:00,2026-01-24 00:00:00,False,False,False,False,False,False,False,False
CBK0000040,TXN00009861,USR84241,MCH1811,883.5,service failed,SERVICE_NOT_DELIVERED,User reports money deducted but merchant denies receiving payment.,RESOLVED,HIGH,EMAIL,2026-02-08 00:00:00,2026-02-05 00:00:00,2026-02-15 15:27:00,False,False,False,False,False,False,False,False
CBK0001663,TXN00008414,USR40891,MCH1873,-1523.73,no service,SERVICE_NOT_DELIVERED,user says upi pin was not entered by them.,IN_PROGRESS,HIGH,CHATBOT,2026-03-01 13:21:00,2026-02-23 00:00:00,,False,True,False,False,False,True,False,False
CBK0001483,TXN00004890,USR15275,MCH1320,,charged twice,DUPLICATE_DEBIT,suspicious high-value payment disputed by customer.,CLOSED,LOW,IVR,2026-01-02 00:00:00,2026-01-06 00:00:00,,True,False,False,False,False,True,True,False
CBK0002538,TXN00018880,USR86824,MCH3870,2224.0,ATO,ACCOUNT_TAKEOVER,User reports money deducted but merchant denies receiving payment.,REJECTED,LOW,BRANCH,2026-01-29 12:17:00,2026-01-13 00:00:00,2026-02-18 00:00:00,False,False,False,False,False,False,False,False
CBK0000838,TXN00002790,USR38178,MCH9291,870.0,incorrect amount,AMOUNT_MISMATCH,User reports money deducted but merchant denies receiving payment.,CLOSED,MEDIUM,CHATBOT,,2026-01-30 05:36:28,2026-02-09 00:00:00,False,False,False,True,False,False,False,False
CBK0000514,TXN00091755,USR83157,MCH3365,3762.83,scam,FRAUD,COMPLAINT RECEIVED AFTER MULTIPLE FAILED ATTEMPTS.,OPEN,CRITICAL,APP,,2026-03-24 11:00:58,2026-04-22 00:00:00,False,False,False,True,False,False,False,False
CBK0001432,TXN00014015,USR84470,MCH4732,1855.84,Duplicate Debit,DUPLICATE_DEBIT,MERCHANT SERVICE WAS NOT DELIVERED AFTER PAYMENT.,OPEN,MEDIUM,IVR,2026-02-12 00:00:00,2026-02-07 00:00:00,2026-03-10 00:00:00,False,False,False,False,False,False,False,False
CBK0000434,TXN00002783,USR21986,MCH9344,447.3,FRAUD,FRAUD,Customer says amount was debited twice.,CLOSED,MEDIUM,IVR,2026-01-25 00:00:00,2026-01-10 02:14:17,2026-02-19 10:14:17,False,False,False,False,False,False,False,False
CBK0002619,TXN00000071,USR86538,MCH2766,3311.22,not done by me,UNAUTHORIZED,Suspicious high-value payment disputed by customer. urgent,PENDING_BANK,MEDIUM,CALL_CENTER,2026-01-27 18:40:21,2026-01-25 00:00:00,,False,False,False,False,False,True,False,False
CBK0001446,TXN00017598,USR51720,MCH4274,819.3,complaint,CUSTOMER_DISPUTE,CUSTOMER SAYS AMOUNT WAS DEBITED TWICE.,CLOSED,MEDIUM,BRANCH,,2026-01-22 19:24:28,2026-02-27 00:00:00,False,False,False,True,False,False,False,False
CBK0002673,TXN00017755,USR27181,MCH6810,3261.84,charged twice,DUPLICATE_DEBIT,Customer says amount was debited twice.,CLOSED,MEDIUM,EMAIL,2026-02-06 08:47:00,2026-02-02 22:47:32,2026-02-14 00:00:00,False,False,False,False,False,False,False,False
CBK0000313,TXN00000248,USR50945,MCH5264,1984.03,dispute raised,CUSTOMER_DISPUTE,customer says amount was debited twice.,CLOSED,LOW,CHATBOT,2026-01-26 05:32:05,2026-01-25 01:32:00,2026-02-01 00:00:00,False,False,False,False,False,False,False,False
CBK0000911,TXN00002114,USR52444,MCH1797,4126.61,account hacked,ACCOUNT_TAKEOVER,Customer says amount was debited twice.,REJECTED,LOW,BRANCH,2026-02-26 00:00:00,2026-01-26 14:20:00,,False,False,False,False,False,True,False,False
CBK0001457,TXN00004271,USR60321,MCH2200,2672.78,not delivered,SERVICE_NOT_DELIVERED,User reports money deducted but merchant denies receiving payment.,OPEN,LOW,APP,2026-03-13 23:12:00,2026-03-06 15:12:38,,False,False,False,False,False,True,False,False
CBK0000071,TXN00008538,USR89774,MCH8569,2850.0,FRAUD,FRAUD,Customer complaint text unclear due to poor call center notes.,REJECTED,MEDIUM,CHATBOT,2026-02-10 14:50:39,2026-02-08 00:00:00,,False,False,False,False,False,True,False,False
CBK0001767,TXN00003813,USR78593,MCH3210,5758.61,UNAUTHORISED,UNAUTHORIZED,PAYMENT MADE TO UNKNOWN MERCHANT AS PER CUSTOMER STATEMENT.,RESOLVED,LOW,EMAIL,2026-01-11 00:00:00,2026-01-09 14:05:22,,False,False,False,False,False,True,False,False
CBK0002661,TXN00015325,USR25636,MCH1585,5464.95,service failed,SERVICE_NOT_DELIVERED,Merchant service was not delivered after payment.,REJECTED,MEDIUM,CALL_CENTER,2026-02-20 00:00:00,,2026-02-21 00:00:00,False,False,False,False,True,False,False,False
CBK0002127,TXN00007220,USR63182,MCH9060,4676.01,fraud,FRAUD,Customer complaint text unclear due to poor call center notes.,OPEN,MEDIUM,BRANCH,2026-01-08 00:00:00,2026-01-05 00:00:00,2026-01-12 00:00:00,False,False,False,False,False,False,False,False
CBK0002697,TXN00004642,USR90463,MCH5765,1778.23,unauthorized_transaction,UNAUTHORIZED,Suspicious high-value payment disputed by customer.,OPEN,MEDIUM,IVR,2026-03-14 00:00:00,2026-03-13 01:00:19,,False,False,False,False,False,True,False,False
CBK0001263,TXN00002462,USR87914,MCH6026,2723.0,charged twice,DUPLICATE_DEBIT,User says UPI PIN was not entered by them.,RESOLVED,HIGH,CALL_CENTER,2026-01-04 13:43:14,2026-01-03 00:00:00,2026-01-07 00:00:00,False,False,False,False,False,False,False,False
CBK0002161,TXN00005572,USR72135,MCH4577,-1181.23,unauth txn,UNAUTHORIZED,Customer says amount was debited twice.,REJECTED,LOW,EMAIL,,2026-01-26 00:00:00,2026-02-02 04:34:00,False,True,False,True,False,False,False,False
CBK0001347,TXN00016394,USR93953,MCH3886,1503.32,Service Not Provided,SERVICE_NOT_DELIVERED,User says UPI PIN was not entered by them.,PENDING_BANK,LOW,APP,2026-03-30 00:00:00,2026-03-27 07:12:43,2026-03-31 04:12:00,False,False,False,False,False,False,False,False
CBK0002140,TXN00013237,USR59679,MCH1712,405.0,Account Takeover,ACCOUNT_TAKEOVER,User claims account was compromised before transaction.,OPEN,MEDIUM,CALL_CENTER,2026-01-24 20:01:00,2026-01-23 00:00:00,,False,False,False,False,False,True,False,False
CBK0000743,TXN00005962,USR43455,MCH1477,354.48,Fraud Suspected,FRAUD,Suspicious high-value payment disputed by customer.,OPEN,MEDIUM,IVR,2026-03-22 00:00:00,2026-03-16 00:00:00,,False,False,False,False,False,True,False,False
CBK0001876,,USR39217,MCH8156,927.0,DUP_DEBIT,DUPLICATE_DEBIT,User claims account was compromised before transaction.,RESOLVED,LOW,CHATBOT,2026-03-21 00:00:00,2026-03-06 00:00:00,,False,False,True,False,False,True,False,False
CBK0001874,TXN00004675,USR30340,MCH7982,258.2,not delivered,SERVICE_NOT_DELIVERED,Complaint received after multiple failed attempts.,PENDING_BANK,HIGH,CHATBOT,2026-04-06 22:58:00,2026-03-21 00:00:00,,False,False,False,False,False,True,False,False
CBK0001715,TXN00010566,USR83077,MCH9707,3265.07,unauth txn,UNAUTHORIZED,Payment made to unknown merchant as per cust statement.,REJECTED,MEDIUM,IVR,2026-02-24 00:00:00,2026-02-21 00:00:00,2026-03-01 19:01:00,False,False,False,False,False,False,False,False
CBK0000544,TXN00016205,USR41135,MCH4873,3052.0,login compromised,ACCOUNT_TAKEOVER,suspicious high-value payment disputed by customer.,RESOLVED,LOW,CHATBOT,2026-03-20 00:00:00,2026-03-21 00:00:00,2026-04-13 00:00:00,False,False,False,False,False,False,True,False
CBK0000007,TXN00017412,USR26201,MCH8154,1505.0,merchant service issue,SERVICE_NOT_DELIVERED,Complaint received after multiple failed attempts.,OPEN,LOW,APP,2026-02-17 00:00:00,2026-02-16 22:23:08,2026-02-18 05:23:00,False,False,False,False,False,False,False,False
CBK0002040,TXN00019376,USR95000,MCH8391,439.77,Wrong Amount,AMOUNT_MISMATCH,MERCHANT SERVICE WAS NOT DELIVERED AFTER PAYMENT.,IN_PROGRESS,HIGH,BRANCH,2026-01-09 18:31:00,,2026-01-10 00:00:00,False,False,False,False,True,False,False,False
CBK0002551,TXN00011968,USR52233,MCH3341,-4809.04,unauthorized_transaction,UNAUTHORIZED,User says UPI PIN was not entered by them.,IN_PROGRESS,MEDIUM,CHATBOT,2026-03-14 00:00:00,2026-02-12 00:00:00,2026-03-18 00:00:00,False,True,False,False,False,False,False,False
CBK0000800,TXN00008407,USR54047,MCH8953,2017.17,scam,FRAUD,Customer says transaction was not authorized. urgent,CLOSED,MEDIUM,IVR,2026-03-29 00:00:00,2026-03-29 00:00:00,2026-04-22 00:00:00,False,False,False,False,False,False,False,False
CBK0001603,TXN00007165,USR26534,MCH2266,676.0,charged twice,DUPLICATE_DEBIT,suspicious high-value payment disputed by customer.,CLOSED,LOW,APP,2026-03-06 00:00:00,2026-03-03 00:00:00,2026-03-09 18:27:00,False,False,False,False,False,False,False,False
CBK0002563,TXN00004512,USR79645,MCH1381,1358.0,double debit,DUPLICATE_DEBIT,Merchant service was not delivered after payment.,OPEN,LOW,EMAIL,2026-02-13 00:00:00,2026-02-11 00:00:00,2026-02-25 14:14:00,False,False,False,False,False,False,False,False
CBK0001982,TXN00003383,USR14096,MCH7078,1589.0,Unauthorized Transaction,UNAUTHORIZED,Complaint received after multiple failed attempts.,RESOLVED,LOW,APP,2026-03-07 00:00:00,2026-03-01 00:00:00,2026-03-08 10:23:47,False,False,False,False,False,False,False,False
CBK0001850,TXN00000410,USR29306,MCH9778,388.0,UNAUTHORISED,UNAUTHORIZED,User claims account was compromised before transaction.,IN_PROGRESS,HIGH,APP,2026-01-29 00:00:00,2026-01-23 00:00:00,2026-02-02 05:21:02,False,False,False,False,False,False,False,False
CBK0000810,TXN00008813,USR55160,MCH9104,-825.92,customer issue,CUSTOMER_DISPUTE,User says UPI PIN was not entered by them.,IN_PROGRESS,LOW,CALL_CENTER,,2026-03-15 00:00:00,,False,True,False,True,False,True,False,False
CBK0000188,TXN00001256,USR74352,MCH1724,,incorrect amount,AMOUNT_MISMATCH,payment made to unknown merchant as per customer statement.,RESOLVED,HIGH,EMAIL,2026-01-21 00:00:00,2026-01-20 03:59:31,2026-02-01 22:59:00,True,False,False,False,False,False,False,False
CBK0000806,TXN00010423,USR91337,MCH8154,1285.39,Service Not Provided,SERVICE_NOT_DELIVERED,User reports money deducted but merchant denies receiving payment.,REJECTED,LOW,APP,2026-02-25 04:33:00,,2026-03-03 00:00:00,False,False,False,False,True,False,False,False
CBK0001458,TXN00002805,USR85655,MCH1702,1623.96,double debit,DUPLICATE_DEBIT,User claims account was compromised before transaction. call dropped,CLOSED,MEDIUM,BRANCH,2026-03-05 00:00:00,2026-02-18 00:00:00,2026-03-28 00:00:00,False,False,False,False,False,False,False,False
CBK0001348,TXN00006710,USR80160,MCH8221,2194.0,not done by me,UNAUTHORIZED,USER CLAIMS ACCOUNT WAS COMPROMISED BEFORE TRANSACTION.,OPEN,HIGH,IVR,2026-03-30 00:00:00,2026-03-28 11:14:00,2026-04-07 00:00:00,False,False,False,False,False,False,False,False
CBK0002428,TXN00009714,USR79175,MCH8542,807.62,double debit,DUPLICATE_DEBIT,Customer says transaction was not authorized.,CLOSED,LOW,BRANCH,2026-03-03 00:00:00,2026-02-15 22:57:47,2026-04-02 00:00:00,False,False,False,False,False,False,False,False
CBK0002255,TXN00008016,USR72981,MCH7286,1364.41,unauth txn,UNAUTHORIZED,Customer says amount was debited twice. NA,IN_PROGRESS,LOW,CHATBOT,2026-01-02 00:00:00,2026-01-01 23:32:29,,False,False,False,False,False,True,False,False
CBK0001215,TXN00007445,USR46899,MCH9910,3055.0,Account Takeover,ACCOUNT_TAKEOVER,User says UPI PIN was not entered by them. pls check asap,RESOLVED,MEDIUM,IVR,2026-01-27 00:00:00,2026-01-24 18:17:00,,False,False,False,False,False,True,False,False
CBK0002709,TXN00003581,USR40538,MCH8057,3616.02,unauth txn,UNAUTHORIZED,Merchant service was not delivered after payment.,IN_PROGRESS,MEDIUM,IVR,2026-02-26 10:26:00,2026-01-27 00:00:00,2026-03-08 00:00:00,False,False,False,False,False,False,False,False
CBK0001714,TXN00019200,USR10307,MCH3670,1186.0,dispute raised,CUSTOMER_DISPUTE,Complaint received after multiple failed attempts.,OPEN,MEDIUM,CHATBOT,2026-01-24 13:45:28,2026-01-23 04:45:00,2026-02-20 00:00:00,False,False,False,False,False,False,False,False
CBK0000074,TXN00018905,USR67079,MCH5054,547.94,complaint,CUSTOMER_DISPUTE,Suspicious high-value payment disputed by customer. pls check asap,IN_PROGRESS,HIGH,BRANCH,2026-02-10 00:00:00,2026-02-09 00:00:00,,False,False,False,False,False,True,False,False
CBK0002061,TXN00000123,USR25645,MCH1279,4808.45,ATO,ACCOUNT_TAKEOVER,User says UPI PIN was not entered by them.,OPEN,HIGH,EMAIL,2026-01-30 00:00:00,2026-01-26 00:00:00,,False,False,False,False,False,True,False,False
CBK0000846,TXN00018851,USR98606,MCH9609,2087.83,Customer Dispute,CUSTOMER_DISPUTE,User says UPI PIN was not entered by them.,PENDING_BANK,HIGH,APP,2026-04-17 14:56:00,2026-03-18 00:00:00,,False,False,False,False,False,True,False,False
CBK0000427,TXN00013526,USR91283,MCH5276,1210.19,unauth txn,UNAUTHORIZED,Payment made to unknown merchant as per customer statement.,RESOLVED,CRITICAL,CHATBOT,2026-03-29 00:00:00,,,False,False,False,False,True,True,False,False
CBK0001036,TXN00015494,USR80517,MCH8983,1459.8,account hacked,ACCOUNT_TAKEOVER,customer complaint text unclear due to poor call center notes.,REJECTED,CRITICAL,IVR,2026-01-29 00:00:00,,2026-01-31 00:00:00,False,False,False,False,True,False,False,False
CBK0001174,TXN00005857,USR50126,MCH4181,-244.97,Wrong Amount,AMOUNT_MISMATCH,Customer says amount was debited twice.,IN_PROGRESS,LOW,CHATBOT,2026-03-20 00:00:00,2026-02-17 00:00:00,2026-04-12 00:00:00,False,True,False,False,False,False,False,False
CBK0000225,TXN00000007,USR30925,MCH5655,2231.72,Account Takeover,ACCOUNT_TAKEOVER,User reports money deducted but merchant denies receiving payment.,IN_PROGRESS,HIGH,EMAIL,2026-02-09 00:00:00,2026-02-07 05:47:09,2026-02-12 18:47:00,False,False,False,False,False,False,False,False
CBK0000472,TXN00001422,USR49251,MCH7171,2080.17,suspicious transaction,FRAUD,User claims account was compromised before transaction.,CLOSED,LOW,IVR,2026-02-21 00:00:00,2026-02-20 00:00:00,2026-02-26 02:45:57,False,False,False,False,False,False,False,False
CBK0000673,TXN00006799,USR90390,MCH2514,7272.77,Fraud Suspected,FRAUD,customer complaint text unclear due to poor call center notes.,REJECTED,MEDIUM,EMAIL,2026-01-19 00:00:00,2026-01-04 00:00:00,2026-02-09 00:00:00,False,False,False,False,False,False,False,False
CBK0001783,TXN00003103,USR31416,MCH8794,7765.0,item not received,SERVICE_NOT_DELIVERED,SUSPICIOUS HIGH-VALUE PAYMENT DISPUTED BY CUSTOMER.,RESOLVED,LOW,IVR,2026-01-26 00:00:00,2026-01-24 15:01:00,2026-02-03 00:00:00,False,False,False,False,False,False,False,False
CBK0000232,TXN00019245,USR86563,MCH2065,2823.84,dispute raised,CUSTOMER_DISPUTE,User claims account was compromised before transaction.,RESOLVED,LOW,EMAIL,2026-01-11 00:00:00,2026-01-01 00:00:00,,False,False,False,False,False,True,False,False
CBK0001610,TXN00008090,USR29627,MCH9644,3349.24,incorrect amount,AMOUNT_MISMATCH,Merchant service was not delivered after payment.,PENDING_BANK,MEDIUM,CALL_CENTER,2026-03-31 00:00:00,2026-03-28 23:39:25,,False,False,False,False,False,True,False,False
CBK0002361,TXN00010080,USR53138,MCH7137,824.94,login compromised,ACCOUNT_TAKEOVER,Customer says transaction was not authorized.,CLOSED,MEDIUM,APP,2026-03-14 08:24:12,2026-03-08 00:00:00,2026-04-11 00:00:00,False,False,False,False,False,False,False,False
CBK0000281,TXN00017953,USR13544,MCH2334,6427.42,service failed,SERVICE_NOT_DELIVERED,Complaint received after multiple failed attempts.,RESOLVED,MEDIUM,APP,2026-01-06 19:24:02,2026-01-04 01:24:00,,False,False,False,False,False,True,False,False
CBK0001871,TXN00009076,USR67496,MCH3100,1552.98,ATO,ACCOUNT_TAKEOVER,Customer complaint text unclear due to poor call center notes.,OPEN,HIGH,BRANCH,2026-03-31 11:44:40,2026-03-30 00:00:00,2026-04-28 00:00:00,False,False,False,False,False,False,False,False
CBK0000436,TXN00012192,USR93581,MCH4547,-5520.5,merchant service issue,SERVICE_NOT_DELIVERED,Customer says transaction was not authorized. pls check asap,PENDING_BANK,MEDIUM,BRANCH,2026-04-11 00:00:00,2026-02-24 00:00:00,2026-05-07 00:00:00,False,True,False,False,False,False,False,False
CBK0001824,TXN00016562,USR59778,MCH2822,709.53,ATO,ACCOUNT_TAKEOVER,Customer says transaction was not authorized.,CLOSED,LOW,CALL_CENTER,2026-01-15 13:06:53,2026-01-10 00:00:00,,False,False,False,False,False,True,False,False
CBK0002068,TXN00009416,USR13134,MCH9782,4883.77,unauth txn,UNAUTHORIZED,Payment made to unknown merchant as per cust statement.,IN_PROGRESS,LOW,IVR,2026-03-09 13:28:00,2026-03-07 00:00:00,2026-03-17 00:00:00,False,False,False,False,False,False,False,False
CBK0000756,TXN00017864,USR17657,MCH1702,-2911.37,item not received,SERVICE_NOT_DELIVERED,Customer says amount was debited twice.,PENDING_BANK,HIGH,IVR,2026-03-05 00:00:00,2026-03-01 00:00:00,,False,True,False,False,False,True,False,False
CBK0002112,TXN00002782,USR94403,MCH2757,3648.19,unauthorized_transaction,UNAUTHORIZED,Customer says txn was not authorized.,PENDING_BANK,HIGH,CALL_CENTER,2026-02-17 00:00:00,2026-02-14 18:10:29,2026-03-19 12:10:29,False,False,False,False,False,False,False,False
CBK0001881,TXN00008840,USR73167,MCH4857,1257.85,Duplicate Debit,DUPLICATE_DEBIT,Customer says amount was debited twice.,IN_PROGRESS,HIGH,BRANCH,2026-01-18 00:00:00,2026-01-13 00:00:00,,False,False,False,False,False,True,False,False
CBK0002343,TXN00015911,USR29306,MCH9294,1701.23,charged twice,DUPLICATE_DEBIT,User claims account was compromised before transaction.,REJECTED,HIGH,APP,2026-04-02 00:00:00,2026-02-16 00:00:00,2026-04-29 00:00:00,False,False,False,False,False,False,False,False
CBK0002173,TXN00013107,USR82940,MCH2266,2242.79,unauth txn,UNAUTHORIZED,Customer says transaction was not authorized. details missing,IN_PROGRESS,LOW,EMAIL,2026-04-12 00:00:00,2026-03-28 00:00:00,2026-04-15 00:00:00,False,False,False,False,False,False,False,False
CBK0002433,TXN00013653,USR85471,MCH6459,-555.33,extra amount deducted,AMOUNT_MISMATCH,Customer says amount was debited twice.,IN_PROGRESS,MEDIUM,CHATBOT,2026-02-17 22:05:01,2026-02-02 03:05:01,,False,True,False,False,False,True,False,False
CBK0000129,TXN00009368,USR60939,MCH4143,2931.23,service failed,SERVICE_NOT_DELIVERED,MERCHANT SERVICE WAS NOT DELIVERED AFTER PAYMENT.,REJECTED,LOW,EMAIL,2026-03-03 00:00:00,2026-03-01 00:00:00,2026-03-11 20:10:00,False,False,False,False,False,False,False,False
CBK0000801,TXN00000284,USR94447,MCH5873,2676.58,unauth txn,UNAUTHORIZED,Customer says amount was debited twice.,RESOLVED,MEDIUM,IVR,2026-03-21 12:58:56,2026-03-06 06:58:00,2026-04-20 00:00:00,False,False,False,False,False,False,False,False
CBK0001337,TXN00011351,USR28182,MCH2065,4601.18,DUP_DEBIT,DUPLICATE_DEBIT,Customer says transaction was not authorized.,PENDING_BANK,MEDIUM,EMAIL,2026-01-08 00:00:00,2026-01-05 00:00:00,,False,False,False,False,False,True,False,False
CBK0001544,TXN00010606,USR12233,MCH9344,13028.67,service failed,SERVICE_NOT_DELIVERED,Customer complaint text unclear due to poor call center notes.,RESOLVED,HIGH,CHATBOT,,2026-03-21 23:56:00,2026-04-16 09:56:11,False,False,False,True,False,False,False,False
CBK0002110,TXN00019908,USR76321,MCH5838,14932.0,account hacked,ACCOUNT_TAKEOVER,customer complaint text unclear due to poor call center notes.,OPEN,LOW,CHATBOT,2026-02-18 00:00:00,2026-02-03 00:00:00,2026-02-22 00:00:00,False,False,False,False,False,False,False,False
CBK0001660,TXN00002347,USR11036,MCH2383,1200.09,not delivered,SERVICE_NOT_DELIVERED,suspicious high-value payment disputed by customer.,REJECTED,MEDIUM,IVR,2026-03-09 00:00:00,2026-03-08 00:42:06,2026-04-01 00:00:00,False,False,False,False,False,False,False,False
CBK0000341,TXN00009379,USR68432,MCH6606,578.72,Duplicate Debit,DUPLICATE_DEBIT,Suspicious high-value payment disputed by customer.,CLOSED,HIGH,IVR,2026-03-23 00:00:00,2026-03-20 14:08:47,2026-03-31 06:08:47,False,False,False,False,False,False,False,False
CBK0001304,TXN00017396,USR40538,MCH9984,642.07,fraud,FRAUD,User reports money deducted but merchant denies receiving payment.,IN_PROGRESS,HIGH,CALL_CENTER,2026-03-18 00:00:00,,2026-03-18 05:40:59,False,False,False,False,True,False,False,False
CBK0001062,TXN00012810,USR43890,MCH7683,,extra amount deducted,AMOUNT_MISMATCH,User reports money deducted but merchant denies receiving payment.,OPEN,LOW,IVR,2026-02-10 16:43:00,2026-01-26 00:00:00,2026-03-10 00:00:00,True,False,False,False,False,False,False,False
CBK0002330,TXN00007824,USR15414,MCH7186,1375.65,delivery issue,SERVICE_NOT_DELIVERED,Suspicious high-value payment disputed by cust.,REJECTED,MEDIUM,CALL_CENTER,2026-03-27 06:06:46,2026-03-24 00:00:00,,False,False,False,False,False,True,False,False
CBK0001222,TXN00004174,USR60027,MCH2402,26842.07,unauth txn,UNAUTHORIZED,Customer complaint text unclear due to poor call center notes.,REJECTED,CRITICAL,CHATBOT,2026-03-10 00:00:00,2026-02-22 00:00:00,2026-03-24 00:40:00,False,False,False,False,False,False,False,False
CBK0000815,TXN00014312,USR67696,MCH5671,4063.03,scam,FRAUD,User says UPI PIN was not entered by them.,IN_PROGRESS,LOW,CALL_CENTER,2026-01-17 00:00:00,2026-01-16 00:00:00,2026-02-10 00:00:00,False,False,False,False,False,False,False,False
CBK0001725,TXN00007324,USR35882,MCH8337,175.45,complaint,CUSTOMER_DISPUTE,Customer says transaction was not authorized.,CLOSED,HIGH,APP,2026-02-06 00:00:00,2026-02-03 09:39:26,2026-02-13 00:00:00,False,False,False,False,False,False,False,False
CBK0000186,TXN00016957,USR98066,MCH1945,1444.28,ATO,ACCOUNT_TAKEOVER,user reports money deducted but merchant denies receiving payment.,RESOLVED,LOW,BRANCH,2026-04-16 00:00:00,2026-03-17 00:00:00,2026-05-11 20:04:57,False,False,False,False,False,False,False,False
CBK0000290,TXN00000426,USR31371,MCH4811,,customer issue,CUSTOMER_DISPUTE,Customer complaint text unclear due to poor call center notes.,REJECTED,MEDIUM,IVR,2026-04-10 00:00:00,2026-03-10 00:00:00,2026-04-28 12:40:00,True,False,False,False,False,False,False,False
CBK0000141,TXN00006360,USR82731,MCH8970,1731.1,double debit,DUPLICATE_DEBIT,Complaint received after multiple failed attempts. details missing,PENDING_BANK,LOW,CHATBOT,2026-02-27 00:00:00,2026-02-25 00:00:00,2026-03-14 00:00:00,False,False,False,False,False,False,False,False
CBK0000882,TXN00018975,USR38277,MCH9872,701.39,Customer Dispute,CUSTOMER_DISPUTE,Payment made to unknown merchant as per customer statement.,CLOSED,HIGH,IVR,,2026-01-11 00:00:00,2026-01-19 00:00:00,False,False,False,True,False,False,False,False
CBK0001227,TXN00007552,USR61339,MCH4281,12509.66,service failed,SERVICE_NOT_DELIVERED,Payment made to unknown merchant as per customer statement.,CLOSED,LOW,EMAIL,2026-01-09 00:00:00,2026-01-01 00:00:00,,False,False,False,False,False,True,False,False
CBK0000730,TXN00009351,USR52558,MCH2688,1026.98,delivery issue,SERVICE_NOT_DELIVERED,Merchant service was not delivered after payment.,OPEN,MEDIUM,APP,2026-03-06 14:47:30,2026-03-04 00:00:00,2026-03-25 00:00:00,False,False,False,False,False,False,False,False
CBK0002607,TXN00010699,USR18453,MCH9441,428.88,ATO,ACCOUNT_TAKEOVER,USER SAYS UPI PIN WAS NOT ENTERED BY THEM.,IN_PROGRESS,CRITICAL,IVR,2026-03-30 02:25:11,2026-03-27 21:25:00,2026-04-15 00:00:00,False,False,False,False,False,False,False,False
CBK0002456,TXN00015278,USR97030,MCH7914,1070.58,amount mismatch,AMOUNT_MISMATCH,Complaint received after multiple failed attempts. urgent,RESOLVED,MEDIUM,APP,2026-04-08 19:39:54,2026-03-29 13:39:54,2026-04-23 19:39:54,False,False,False,False,False,False,False,False
CBK0001405,TXN00032094,USR48929,MCH2565,1381.95,charged twice,DUPLICATE_DEBIT,User reports money deducted but merchant denies receiving payment.,IN_PROGRESS,MEDIUM,CHATBOT,2026-02-20 00:00:00,2026-02-16 00:00:00,2026-03-22 19:28:00,False,False,False,False,False,False,False,False
CBK0001843,TXN00015367,USR17315,MCH1269,3023.77,UNAUTHORISED,UNAUTHORIZED,Suspicious high-value payment disputed by customer.,IN_PROGRESS,CRITICAL,CHATBOT,2026-01-28 00:00:00,,2026-02-22 00:00:00,False,False,False,False,True,False,False,False
CBK0000565,TXN00007016,USR34955,MCH4574,1144.6,ATO,ACCOUNT_TAKEOVER,Customer complaint text unclear due to poor call center notes.,REJECTED,HIGH,APP,2026-02-15 00:00:00,2026-02-05 00:00:00,2026-03-15 12:45:03,False,False,False,False,False,False,False,False
CBK0001797,TXN00007084,USR14626,MCH7878,2000.05,Customer Dispute,CUSTOMER_DISPUTE,Complaint received after multiple failed attempts.,RESOLVED,LOW,IVR,2026-02-10 00:00:00,2026-02-07 00:00:00,,False,False,False,False,False,True,False,False
CBK0000441,TXN00002216,USR58639,MCH4339,5160.27,charged twice,DUPLICATE_DEBIT,user claims account was compromised before transaction.,REJECTED,LOW,IVR,2026-03-12 00:00:00,,2026-04-08 00:00:00,False,False,False,False,True,False,False,False
CBK0001791,TXN00002382,USR91799,MCH9069,44046.77,Wrong Amount,AMOUNT_MISMATCH,Complaint received after multiple failed attempts.,CLOSED,LOW,APP,2026-01-04 02:06:30,2026-01-02 22:06:00,2026-01-31 00:00:00,False,False,False,False,False,False,False,False
CBK0000240,TXN00014390,USR75856,MCH4429,793.04,incorrect amount,AMOUNT_MISMATCH,Customer says transaction was not authorized.,OPEN,LOW,CHATBOT,2026-01-15 10:39:00,2026-01-12 00:00:00,2026-01-29 00:00:00,False,False,False,False,False,False,False,False
CBK0000051,TXN00015825,USR97494,MCH6181,272.77,account hacked,ACCOUNT_TAKEOVER,payment made to unknown merchant as per customer statement.,RESOLVED,CRITICAL,CHATBOT,2026-04-03 00:00:00,2026-03-19 00:00:00,2026-04-24 00:00:00,False,False,False,False,False,False,False,False
CBK0002095,TXN00004933,USR43455,MCH2566,4720.79,not delivered,SERVICE_NOT_DELIVERED,Suspicious high-value payment disputed by customer.,CLOSED,LOW,CHATBOT,2026-02-06 00:00:00,2026-01-26 00:00:00,2026-03-08 00:00:00,False,False,False,False,False,False,False,False
CBK0001001,TXN00011430,USR72135,MCH4504,-1138.68,Wrong Amount,AMOUNT_MISMATCH,Customer says transaction was not authorized.,RESOLVED,MEDIUM,EMAIL,2026-03-25 00:00:00,2026-03-23 13:00:00,2026-03-27 23:00:00,False,True,False,False,False,False,False,False
CBK0000199,TXN00014454,USR65385,MCH9061,752.03,unauthorized_transaction,UNAUTHORIZED,User says UPI PIN was not entered by them. call dropped,CLOSED,LOW,APP,,2026-01-01 00:00:00,,False,False,False,True,False,True,False,False
CBK0002434,TXN00017925,USR13134,MCH5284,1402.12,complaint,CUSTOMER_DISPUTE,User claims account was compromised before transaction.,IN_PROGRESS,MEDIUM,EMAIL,,2026-01-07 02:25:00,2026-01-27 00:00:00,False,False,False,True,False,False,False,False
CBK0000200,TXN00015054,USR51506,MCH5954,-6049.12,UNAUTHORISED,UNAUTHORIZED,User reports money deducted but merchant denies receiving payment.,IN_PROGRESS,MEDIUM,IVR,2026-05-04 00:00:00,2026-03-20 00:00:00,2026-05-09 20:49:00,False,True,False,False,False,False,False,False
CBK0000674,TXN00095066,USR27533,MCH5993,731.0,Unauthorized Transaction,UNAUTHORIZED,customer says amount was debited twice.,RESOLVED,MEDIUM,APP,,2026-03-01 00:00:00,2026-03-10 00:00:00,False,False,False,True,False,False,False,False
CBK0001886,TXN00004693,USR44959,MCH7728,3249.99,amount mismatch,AMOUNT_MISMATCH,User says UPI PIN was not entered by them.,OPEN,LOW,APP,2026-01-29 00:00:00,2026-01-27 00:00:00,,False,False,False,False,False,True,False,False
CBK0000793,TXN00006175,USR62254,MCH4226,709.86,Merchant Not Delivered,SERVICE_NOT_DELIVERED,Suspicious high-value payment disputed by cust.,PENDING_BANK,LOW,IVR,2026-02-28 09:53:08,2026-02-27 00:00:00,,False,False,False,False,False,True,False,False
CBK0001639,TXN00005636,USR63938,MCH1320,1118.0,extra amount deducted,AMOUNT_MISMATCH,user claims account was compromised before transaction.,CLOSED,MEDIUM,EMAIL,2026-02-03 00:00:00,2026-02-02 00:00:00,2026-02-12 11:56:31,False,False,False,False,False,False,False,False
CBK0000875,TXN00007782,USR71887,MCH4181,-647.02,scam,FRAUD,User claims account was compromised before transaction.,IN_PROGRESS,LOW,IVR,2026-01-16 00:00:00,,2026-01-27 00:00:00,False,True,False,False,True,False,False,False
CBK0001931,TXN00002531,USR10307,MCH4473,1017.5,double debit,DUPLICATE_DEBIT,Customer complaint text unclear due to poor call center notes.,OPEN,MEDIUM,IVR,,2026-02-16 00:00:00,,False,False,False,True,False,True,False,False
CBK0001735,TXN00017962,USR81878,MCH2822,2741.61,extra amount deducted,AMOUNT_MISMATCH,Payment made to unknown merchant as per customer statement.,PENDING_BANK,LOW,APP,2026-02-27 00:00:00,2026-01-13 03:38:00,2026-03-16 23:38:14,False,False,False,False,False,False,False,False
CBK0000478,TXN00014062,USR69966,MCH2822,1078.9,ATO,ACCOUNT_TAKEOVER,User claims account was compromised before transaction.,IN_PROGRESS,LOW,BRANCH,2026-02-26 00:00:00,2026-02-25 19:59:11,2026-03-25 15:59:00,False,False,False,False,False,False,False,False
CBK0001505,TXN00001496,USR40061,MCH3765,5669.05,customer issue,CUSTOMER_DISPUTE,User says UPI PIN was not entered by them.,REJECTED,LOW,IVR,2026-03-08 11:54:46,2026-03-04 00:00:00,2026-03-13 11:54:46,False,False,False,False,False,False,False,False
CBK0002469,TXN00002314,USR99748,MCH7621,725.65,amount mismatch,AMOUNT_MISMATCH,User reports money deducted but merchant denies receiving payment.,IN_PROGRESS,HIGH,IVR,2026-02-23 18:44:31,2026-02-22 00:00:00,2026-03-24 00:00:00,False,False,False,False,False,False,False,False
CBK0002480,TXN00007980,USR87914,MCH7383,1231.74,Account Takeover,ACCOUNT_TAKEOVER,customer says transaction was not authorized.,PENDING_BANK,MEDIUM,IVR,2026-02-06 15:03:23,2026-02-02 00:00:00,,False,False,False,False,False,True,False,False
CBK0002264,TXN00001289,USR79175,MCH4181,201.03,delivery issue,SERVICE_NOT_DELIVERED,User claims account was compromised before transaction. call dropped,PENDING_BANK,CRITICAL,BRANCH,2026-03-28 17:35:00,2026-02-26 00:00:00,2026-04-26 00:00:00,False,False,False,False,False,False,False,False
CBK0000032,TXN00001691,USR43171,MCH8182,875.81,double debit,DUPLICATE_DEBIT,User claims account was compromised before transaction.,IN_PROGRESS,MEDIUM,APP,2026-01-09 00:00:00,2026-01-08 00:00:00,2026-01-26 09:44:49,False,False,False,False,False,False,False,False
CBK0000967,TXN00016890,USR11933,MCH4841,2406.47,double debit,DUPLICATE_DEBIT,Suspicious high-value payment disputed by customer.,IN_PROGRESS,LOW,CHATBOT,2026-03-29 00:00:00,2026-03-28 00:00:00,2026-04-04 00:00:00,False,False,False,False,False,False,False,False
CBK0002345,TXN00010920,USR70736,MCH8559,822.8,customer issue,CUSTOMER_DISPUTE,User claims account was compromised before transaction.,CLOSED,LOW,CALL_CENTER,2026-03-13 00:00:00,2026-03-11 00:00:00,2026-03-24 03:54:00,False,False,False,False,False,False,False,False
CBK0001835,TXN00066186,USR21162,MCH2549,5546.22,ATO,ACCOUNT_TAKEOVER,Customer says transaction was not authorized.,CLOSED,HIGH,CHATBOT,2026-02-28 00:00:00,2026-02-25 20:33:49,2026-03-17 20:33:49,False,False,False,False,False,False,False,False
CBK0000622,TXN00007356,USR81916,MCH6117,4608.17,double debit,DUPLICATE_DEBIT,Payment made to unknown merchant as per customer statement.,PENDING_BANK,LOW,CHATBOT,2026-03-12 00:00:00,2026-02-25 00:00:00,2026-03-19 13:11:32,False,False,False,False,False,False,False,False
CBK0000580,TXN00008617,USR62748,MCH9878,4101.67,DUP_DEBIT,DUPLICATE_DEBIT,Merchant service was not delivered after payment.,CLOSED,CRITICAL,IVR,2026-04-03 00:00:00,,,False,False,False,False,True,True,False,False
CBK0000997,TXN00004554,USR64865,MCH4157,2266.29,double debit,DUPLICATE_DEBIT,Customer says amount was debited twice.,OPEN,MEDIUM,EMAIL,2026-03-01 20:11:18,2026-02-19 00:00:00,2026-03-21 00:00:00,False,False,False,False,False,False,False,False
CBK0002559,TXN00014011,USR19313,MCH4037,1125.73,amount mismatch,AMOUNT_MISMATCH,User says UPI PIN was not entered by them.,PENDING_BANK,LOW,BRANCH,,2026-01-04 10:10:00,,False,False,False,True,False,True,False,False
CBK0001205,TXN00000084,USR11916,MCH6850,958.61,Unauthorized Transaction,UNAUTHORIZED,Complaint received after multiple failed attempts.,REJECTED,LOW,CHATBOT,2026-02-08 00:00:00,,,False,False,False,False,True,True,False,False
CBK0001045,TXN00010810,USR65507,MCH7833,541.11,not delivered,SERVICE_NOT_DELIVERED,Customer says amount was debited twice.,OPEN,MEDIUM,IVR,2026-03-08 00:00:00,2026-03-07 00:00:00,2026-04-03 00:00:00,False,False,False,False,False,False,False,False
CBK0000357,TXN00002320,USR38540,MCH5330,911.59,merchant service issue,SERVICE_NOT_DELIVERED,User claims account was compromised before transaction.,PENDING_BANK,MEDIUM,EMAIL,2026-01-12 00:00:00,2026-01-02 00:00:00,2026-01-16 00:00:00,False,False,False,False,False,False,False,False
CBK0002031,TXN00001568,USR46045,MCH7468,13654.34,Duplicate Debit,DUPLICATE_DEBIT,Complaint received after multiple failed attempts.,RESOLVED,MEDIUM,CHATBOT,2026-01-03 00:00:00,2026-01-01 00:00:00,2026-01-20 00:00:00,False,False,False,False,False,False,False,False
CBK0002393,TXN00003575,USR73909,MCH7833,-1311.04,ATO,ACCOUNT_TAKEOVER,Customer says txn was not authorized.,PENDING_BANK,LOW,APP,,2026-02-01 00:00:00,,False,True,False,True,False,True,False,False
CBK0002464,TXN00000389,USR51316,MCH2059,2566.03,item not received,SERVICE_NOT_DELIVERED,User reports money deducted but merchant denies receiving payment.,RESOLVED,HIGH,CALL_CENTER,2026-02-06 06:31:54,2026-02-08 06:31:54,2026-02-19 06:31:00,False,False,False,False,False,False,True,False
CBK0002639,TXN00016579,USR53527,MCH8073,1345.55,Merchant Not Delivered,SERVICE_NOT_DELIVERED,User reports money deducted but merchant denies receiving payment.,CLOSED,MEDIUM,APP,2026-03-05 00:00:00,2026-03-02 00:00:00,2026-04-04 08:22:00,False,False,False,False,False,False,False,False
CBK0000663,TXN00002699,USR94333,MCH8975,422.45,ATO,ACCOUNT_TAKEOVER,Complaint received after multiple failed attempts.,CLOSED,HIGH,EMAIL,2026-03-11 00:00:00,,,False,False,False,False,True,True,False,False
CBK0001571,TXN00006558,USR78593,MCH4215,-673.61,complaint,CUSTOMER_DISPUTE,Suspicious high-value payment disputed by customer.,RESOLVED,MEDIUM,CHATBOT,2026-04-26 00:00:00,2026-03-26 00:00:00,2026-05-07 03:33:21,False,True,False,False,False,False,False,False
CBK0000984,TXN00019434,USR68023,MCH4473,7211.97,merchant service issue,SERVICE_NOT_DELIVERED,Customer says amount was debited twice.,OPEN,MEDIUM,EMAIL,2026-01-15 00:00:00,2026-01-11 23:06:15,2026-01-20 16:06:15,False,False,False,False,False,False,False,False
CBK0001547,TXN00019722,USR58117,MCH9568,11641.0,extra amount deducted,AMOUNT_MISMATCH,User claims account was compromised before transaction.,IN_PROGRESS,HIGH,IVR,2026-02-17 00:00:00,2026-02-07 20:23:00,,False,False,False,False,False,True,False,False
CBK0001848,TXN00016662,USR91934,MCH8779,4341.13,fraud,FRAUD,Customer says amount was debited twice.,IN_PROGRESS,LOW,CALL_CENTER,2026-01-13 00:00:00,2026-01-13 00:00:00,2026-01-27 00:00:00,False,False,False,False,False,False,False,False
CBK0001004,TXN00001391,USR43520,MCH6140,1852.28,scam,FRAUD,Customer complaint text unclear due to poor call center notes.,OPEN,LOW,BRANCH,2026-01-22 04:14:00,2026-01-19 06:14:05,,False,False,False,False,False,True,False,False
CBK0002185,TXN00001072,USR78593,MCH4473,893.6,unauth txn,UNAUTHORIZED,customer says transaction was not authorized.,OPEN,MEDIUM,CHATBOT,,2026-01-23 00:00:00,2026-02-11 00:00:00,False,False,False,True,False,False,False,False
CBK0000418,TXN00003628,USR35882,MCH4473,2430.89,not done by me,UNAUTHORIZED,User says UPI PIN was not entered by them.,PENDING_BANK,MEDIUM,CHATBOT,2026-04-04 06:41:27,,2026-04-06 06:41:00,False,False,False,False,True,False,False,False
CBK0002417,TXN00005056,USR27928,MCH8953,6278.49,delivery issue,SERVICE_NOT_DELIVERED,User claims account was compromised before transaction.,IN_PROGRESS,CRITICAL,CALL_CENTER,2026-01-31 00:00:00,2026-01-29 00:00:00,,False,False,False,False,False,True,False,False
CBK0000356,TXN00001423,USR36629,MCH4418,6009.85,Unauthorized Transaction,UNAUTHORIZED,Payment made to unknown merchant as per customer statement.,OPEN,MEDIUM,IVR,2026-04-02 00:00:00,2026-03-22 00:00:00,2026-04-11 13:31:00,False,False,False,False,False,False,False,False
CBK0001169,TXN00012596,USR40747,MCH2822,1692.85,fraud,FRAUD,Customer says amount was debited twice.,PENDING_BANK,LOW,EMAIL,2026-03-14 00:00:00,,2026-03-23 00:00:00,False,False,False,False,True,False,False,False
CBK0001000,,USR21798,MCH5980,725.0,dispute raised,CUSTOMER_DISPUTE,USER REPORTS MONEY DEDUCTED BUT MERCHANT DENIES RECEIVING PAYMENT.,IN_PROGRESS,CRITICAL,CHATBOT,2026-03-24 00:00:00,2026-03-09 00:00:00,2026-03-28 17:53:00,False,False,True,False,False,False,False,False
CBK0000146,TXN00008795,USR87406,MCH4568,1052.0,account hacked,ACCOUNT_TAKEOVER,Payment made to unknown merchant as per customer statement.,OPEN,MEDIUM,CALL_CENTER,,2026-02-22 00:00:00,,False,False,False,True,False,True,False,False
CBK0001807,TXN00002417,USR50995,MCH1244,3188.13,merchant service issue,SERVICE_NOT_DELIVERED,User says UPI PIN was not entered by them.,REJECTED,MEDIUM,APP,,2026-03-20 13:07:59,2026-04-08 00:00:00,False,False,False,True,False,False,False,False
CBK0000239,TXN00005752,USR34028,MCH3100,1800.88,login compromised,ACCOUNT_TAKEOVER,Customer says transaction was not authorized.,REJECTED,LOW,BRANCH,2026-01-11 00:00:00,2026-01-06 00:00:00,2026-01-12 00:00:00,False,False,False,False,False,False,False,False
CBK0002079,TXN00014711,USR67922,MCH2492,1709.84,complaint,CUSTOMER_DISPUTE,Payment made to unknown merchant as per customer statement.,PENDING_BANK,LOW,CHATBOT,2026-01-25 00:00:00,2026-01-22 00:35:57,,False,False,False,False,False,True,False,False
CBK0001376,TXN00009369,USR24660,MCH4473,2070.15,Account Takeover,ACCOUNT_TAKEOVER,Customer complaint text unclear due to poor call center notes.,RESOLVED,LOW,BRANCH,2026-02-19 00:00:00,2026-02-16 00:00:00,2026-03-06 00:00:00,False,False,False,False,False,False,False,False
CBK0001260,TXN00011332,USR93701,MCH3846,529.68,service failed,SERVICE_NOT_DELIVERED,Merchant service was not delivered after payment.,RESOLVED,MEDIUM,CALL_CENTER,2026-02-27 00:00:00,2026-02-19 00:00:00,2026-02-28 00:00:00,False,False,False,False,False,False,False,False
CBK0001533,TXN00007635,USR56755,MCH7066,1325.25,login compromised,ACCOUNT_TAKEOVER,customer complaint text unclear due to poor call center notes.,REJECTED,HIGH,APP,2026-02-14 00:00:00,2026-02-13 03:52:00,2026-03-06 05:52:00,False,False,False,False,False,False,False,False
CBK0002418,TXN00011396,USR35122,MCH4181,205.54,merchant service issue,SERVICE_NOT_DELIVERED,User reports money deducted but merchant denies receiving payment.,OPEN,HIGH,CHATBOT,2026-03-04 15:55:09,2026-02-22 00:00:00,2026-03-22 00:00:00,False,False,False,False,False,False,False,False
CBK0000326,TXN00017327,USR84200,MCH2753,1722.43,dispute raised,CUSTOMER_DISPUTE,Customer says transaction was not authorized.,OPEN,LOW,CALL_CENTER,2026-02-02 00:00:00,2026-02-01 22:35:22,2026-02-10 07:35:22,False,False,False,False,False,False,False,False
CBK0001403,TXN00012661,USR30500,MCH6979,4457.64,unauth txn,UNAUTHORIZED,Payment made to unknown merchant as per customer statement.,RESOLVED,MEDIUM,IVR,2026-03-14 00:00:00,2026-03-08 00:00:00,2026-03-30 00:00:00,False,False,False,False,False,False,False,False
CBK0001811,TXN00007437,USR22170,MCH2381,-751.0,Account Takeover,ACCOUNT_TAKEOVER,Payment made to unknown merchant as per customer statement.,PENDING_BANK,MEDIUM,CHATBOT,2026-02-20 07:41:16,2026-02-14 00:00:00,2026-03-02 00:00:00,False,True,False,False,False,False,False,False
CBK0001512,TXN00019027,USR98733,MCH1775,800.24,DUP_DEBIT,DUPLICATE_DEBIT,Customer says amount was debited twice.,REJECTED,MEDIUM,EMAIL,2026-02-17 00:00:00,2026-02-16 08:24:00,,False,False,False,False,False,True,False,False
CBK0001567,TXN00010292,USR40745,MCH3673,982.39,customer issue,CUSTOMER_DISPUTE,User claims account was compromised before transaction.,PENDING_BANK,MEDIUM,EMAIL,,2026-01-19 08:28:00,2026-02-19 00:00:00,False,False,False,True,False,False,False,False
CBK0000695,TXN00012216,USR72760,MCH7773,972.52,FRAUD,FRAUD,Complaint received after multiple failed attempts.,IN_PROGRESS,LOW,CHATBOT,2026-03-15 00:00:00,2026-03-13 00:00:00,,False,False,False,False,False,True,False,False
CBK0000215,TXN00001291,USR52378,MCH9991,1404.87,not done by me,UNAUTHORIZED,user claims account was compromised before transaction.,PENDING_BANK,HIGH,BRANCH,2026-01-31 00:00:00,2026-01-29 00:00:00,2026-02-13 00:00:00,False,False,False,False,False,False,False,False
CBK0000811,TXN00015831,USR22432,MCH2078,3377.0,scam,FRAUD,customer complaint text unclear due to poor call center notes.,CLOSED,HIGH,EMAIL,2026-02-16 00:00:00,2026-02-15 00:00:00,,False,False,False,False,False,True,False,False
CBK0002795,TXN00013236,USR87506,MCH5811,6523.57,merchant service issue,SERVICE_NOT_DELIVERED,Customer says transaction was not authorized.,IN_PROGRESS,LOW,CHATBOT,2026-01-14 07:15:20,2026-01-12 00:00:00,2026-01-29 00:00:00,False,False,False,False,False,False,False,False
CBK0001849,TXN00051763,USR23350,MCH2303,830.25,extra amount deducted,AMOUNT_MISMATCH,payment made to unknown merchant as per customer statement.,OPEN,LOW,EMAIL,,2026-01-23 00:00:00,,False,False,False,True,False,True,False,False
CBK0000655,TXN00002874,USR22639,MCH4186,634.21,incorrect amount,AMOUNT_MISMATCH,Customer says amount was debited twice.,REJECTED,LOW,CHATBOT,2026-01-14 00:00:00,2026-01-12 15:25:38,,False,False,False,False,False,True,False,False
CBK0001377,TXN00016673,USR91623,MCH6411,1675.84,Merchant Not Delivered,SERVICE_NOT_DELIVERED,Customer says amount was debited twice.,REJECTED,LOW,CHATBOT,2026-01-05 00:00:00,2026-01-01 10:17:00,,False,False,False,False,False,True,False,False
CBK0002655,TXN00002868,USR13587,MCH8080,-860.7,service failed,SERVICE_NOT_DELIVERED,User claims account was compromised before txn.,PENDING_BANK,HIGH,IVR,2026-03-03 00:00:00,2026-02-20 23:55:00,2026-03-13 00:55:24,False,True,False,False,False,False,False,False
CBK0001596,TXN00002674,USR97070,MCH2065,1722.0,FRAUD,FRAUD,Merchant service was not delivered after payment.,CLOSED,MEDIUM,CALL_CENTER,2026-01-17 00:00:00,,2026-01-25 00:00:00,False,False,False,False,True,False,False,False
CBK0001012,TXN00084920,USR51185,MCH2543,,customer issue,CUSTOMER_DISPUTE,User reports money deducted but merchant denies receiving payment.,IN_PROGRESS,MEDIUM,EMAIL,2026-03-26 20:35:00,2026-03-23 00:00:00,2026-04-19 20:35:21,True,False,False,False,False,False,False,False
CBK0002409,TXN00004555,USR24591,MCH7745,889.98,Merchant Not Delivered,SERVICE_NOT_DELIVERED,Customer says amount was debited twice.,IN_PROGRESS,HIGH,CHATBOT,2026-02-15 00:12:00,2026-02-09 00:00:00,2026-02-21 00:00:00,False,False,False,False,False,False,False,False
CBK0000067,TXN00003314,USR37105,MCH6003,1814.0,dispute raised,CUSTOMER_DISPUTE,Suspicious high-value payment disputed by cust.,IN_PROGRESS,LOW,BRANCH,2026-01-20 00:00:00,2026-01-15 00:00:00,2026-02-10 21:13:32,False,False,False,False,False,False,False,False
CBK0001637,TXN00014399,USR56117,MCH2434,748.53,not done by me,UNAUTHORIZED,User reports money deducted but merchant denies receiving payment. urgent,PENDING_BANK,HIGH,IVR,2026-02-21 00:00:00,2026-02-15 14:45:18,2026-03-05 00:45:18,False,False,False,False,False,False,False,False
CBK0002638,TXN00016536,USR21162,MCH8425,406.58,extra amount deducted,AMOUNT_MISMATCH,Customer says amount was debited twice.,PENDING_BANK,CRITICAL,EMAIL,2026-03-06 00:00:00,2026-03-06 13:39:44,2026-04-01 00:00:00,False,False,False,False,False,False,True,False
CBK0001996,TXN00019262,USR61461,MCH1598,385.0,account hacked,ACCOUNT_TAKEOVER,User says UPI PIN was not entered by them.,OPEN,LOW,CHATBOT,,2026-01-04 00:00:00,2026-01-25 00:00:00,False,False,False,True,False,False,False,False
CBK0001667,TXN00003837,USR73010,MCH2586,723.24,Merchant Not Delivered,SERVICE_NOT_DELIVERED,User reports money deducted but merchant denies receiving payment.,OPEN,HIGH,CALL_CENTER,2026-01-12 03:14:58,2026-01-04 00:00:00,,False,False,False,False,False,True,False,False
CBK0000592,TXN00018501,USR90616,MCH7951,1061.55,DUP_DEBIT,DUPLICATE_DEBIT,customer complaint text unclear due to poor call center notes.,OPEN,LOW,CALL_CENTER,2026-03-06 07:45:00,2026-02-23 20:45:37,2026-03-27 00:00:00,False,False,False,False,False,False,False,False
CBK0001425,TXN00007508,USR88956,MCH6166,696.41,fraud,FRAUD,complaint received after multiple failed attempts.,PENDING_BANK,LOW,CHATBOT,2026-01-22 20:15:00,2026-01-21 00:00:00,2026-02-12 00:00:00,False,False,False,False,False,False,False,False
CBK0000741,TXN00015495,USR41660,MCH6753,448.1,amount mismatch,AMOUNT_MISMATCH,complaint received after multiple failed attempts.,OPEN,MEDIUM,EMAIL,2026-04-08 09:57:07,,2026-04-09 09:57:07,False,False,False,False,True,False,False,False
CBK0000933,TXN00010810,USR57890,MCH9602,836.2,login compromised,ACCOUNT_TAKEOVER,User says UPI PIN was not entered by them.,CLOSED,MEDIUM,IVR,2026-03-16 20:04:58,2026-03-15 16:04:00,2026-04-01 00:00:00,False,False,False,False,False,False,False,False
CBK0000109,TXN00003546,USR15596,MCH1434,3229.57,charged twice,DUPLICATE_DEBIT,User claims account was compromised before transaction.,CLOSED,MEDIUM,CALL_CENTER,2026-03-03 00:00:00,2026-03-01 00:00:00,2026-03-26 00:00:00,False,False,False,False,False,False,False,False
CBK0002562,TXN00001105,USR90598,MCH5860,310.15,UNAUTHORISED,UNAUTHORIZED,Payment made to unknown merchant as per customer statement. call dropped,OPEN,LOW,IVR,2026-01-23 00:00:00,2026-01-13 00:00:00,2026-02-10 22:59:43,False,False,False,False,False,False,False,False
CBK0000689,TXN00017204,USR95707,MCH3736,,account hacked,ACCOUNT_TAKEOVER,Merchant service was not delivered after payment.,RESOLVED,MEDIUM,APP,2026-01-18 00:00:00,2026-01-16 00:00:00,2026-01-22 10:09:56,True,False,False,False,False,False,False,False
CBK0002398,TXN00004386,USR59393,MCH4310,2691.36,no service,SERVICE_NOT_DELIVERED,User says UPI PIN was not entered by them.,IN_PROGRESS,MEDIUM,IVR,2026-02-04 09:35:06,2026-02-02 00:00:00,2026-02-14 00:00:00,False,False,False,False,False,False,False,False
CBK0001700,TXN00016401,USR72166,MCH6133,5981.0,extra amount deducted,AMOUNT_MISMATCH,Merchant service was not delivered after payment.,CLOSED,HIGH,IVR,2026-01-02 00:00:00,2026-01-01 00:00:00,2026-01-06 00:00:00,False,False,False,False,False,False,False,False
CBK0002146,TXN00004284,USR94012,MCH8613,3737.05,Duplicate Debit,DUPLICATE_DEBIT,User claims account was compromised before transaction.,REJECTED,MEDIUM,BRANCH,2026-01-23 13:44:23,2026-01-17 00:00:00,2026-02-14 00:00:00,False,False,False,False,False,False,False,False
CBK0001671,TXN00001758,USR86472,MCH7728,1416.0,Service Not Provided,SERVICE_NOT_DELIVERED,User claims account was compromised before transaction.,OPEN,LOW,CHATBOT,2026-02-22 04:14:22,2026-02-19 00:00:00,,False,False,False,False,False,True,False,False
CBK0000331,TXN00016055,USR61715,MCH2991,509.0,Fraud Suspected,FRAUD,Payment made to unknown merchant as per customer statement.,CLOSED,HIGH,CALL_CENTER,2026-01-17 00:00:00,,2026-02-06 14:40:17,False,False,False,False,True,False,False,False
CBK0002794,TXN00018116,USR71316,MCH6194,1239.17,double debit,DUPLICATE_DEBIT,Suspicious high-value payment disputed by customer.,PENDING_BANK,LOW,IVR,2026-02-05 00:00:00,,2026-02-07 22:14:43,False,False,False,False,True,False,False,False
CBK0000828,TXN00007187,USR27947,MCH4473,361.6,incorrect amount,AMOUNT_MISMATCH,Merchant service was not delivered after payment.,RESOLVED,MEDIUM,EMAIL,,2026-03-07 00:00:00,,False,False,False,True,False,True,False,False
CBK0000321,TXN00011096,USR32450,MCH5659,825.0,Customer Dispute,CUSTOMER_DISPUTE,merchant service was not delivered after payment.,REJECTED,MEDIUM,IVR,2026-02-25 03:51:21,2026-02-21 13:51:00,2026-03-20 00:00:00,False,False,False,False,False,False,False,False
CBK0002789,TXN00000255,USR59679,MCH6985,2178.8,Duplicate Debit,DUPLICATE_DEBIT,User says UPI PIN was not entered by them.,IN_PROGRESS,MEDIUM,CHATBOT,2026-01-16 00:00:00,2026-01-06 00:00:00,2026-01-27 15:04:00,False,False,False,False,False,False,False,False
CBK0000975,TXN00019717,USR22234,MCH4473,1122.85,complaint,CUSTOMER_DISPUTE,Payment made to unknown merchant as per customer statement.,RESOLVED,LOW,IVR,2026-02-20 19:33:19,2026-02-18 00:00:00,2026-03-06 00:00:00,False,False,False,False,False,False,False,False
CBK0000044,TXN00004903,USR49770,MCH4578,639.26,delivery issue,SERVICE_NOT_DELIVERED,Merchant service was not delivered after payment.,PENDING_BANK,MEDIUM,CHATBOT,2026-02-23 08:37:00,2026-02-26 00:00:00,,False,False,False,False,False,True,True,False
CBK0002329,TXN00005401,USR58914,MCH9277,14197.19,not done by me,UNAUTHORIZED,SUSPICIOUS HIGH-VALUE PAYMENT DISPUTED BY CUSTOMER.,PENDING_BANK,LOW,CHATBOT,2026-02-05 08:50:12,2026-02-01 11:50:12,2026-03-07 08:50:12,False,False,False,False,False,False,False,False
CBK0001844,TXN00005723,USR27285,MCH8154,4655.0,incorrect amount,AMOUNT_MISMATCH,Merchant service was not delivered after payment.,RESOLVED,LOW,EMAIL,2026-02-08 00:00:00,2026-02-06 09:43:00,2026-02-15 00:00:00,False,False,False,False,False,False,False,False
CBK0000465,TXN00003105,USR50434,MCH1786,775.96,Wrong Amount,AMOUNT_MISMATCH,User reports money deducted but merchant denies receiving payment.,IN_PROGRESS,MEDIUM,CALL_CENTER,,2026-03-13 00:00:00,2026-04-18 00:00:00,False,False,False,True,False,False,False,False
CBK0002289,TXN00009795,USR13941,MCH2131,4846.0,delivery issue,SERVICE_NOT_DELIVERED,User claims account was compromised before transaction.,PENDING_BANK,MEDIUM,IVR,2026-03-21 00:00:00,2026-03-20 09:34:19,2026-04-11 00:00:00,False,False,False,False,False,False,False,False
CBK0000918,,USR24555,MCH7951,1207.12,charged twice,DUPLICATE_DEBIT,complaint received after multiple failed attempts.,IN_PROGRESS,HIGH,IVR,2026-01-15 08:35:00,2026-01-04 12:35:38,,False,False,True,False,False,True,False,False
CBK0002229,TXN00017286,USR53259,MCH9564,497.0,Fraud Suspected,FRAUD,User says UPI PIN was not entered by them. urgent,REJECTED,MEDIUM,EMAIL,2026-01-30 00:00:00,2026-01-27 00:00:00,,False,False,False,False,False,True,False,False
CBK0000350,TXN00005138,USR67243,MCH3024,1449.14,DUP_DEBIT,DUPLICATE_DEBIT,Payment made to unknown merchant as per customer statement.,OPEN,MEDIUM,BRANCH,2026-04-03 00:00:00,2026-03-28 00:00:00,2026-04-28 00:00:00,False,False,False,False,False,False,False,False
CBK0000276,TXN00000311,USR38155,MCH3734,2784.85,charged twice,DUPLICATE_DEBIT,Customer says transaction was not authorized.,REJECTED,HIGH,EMAIL,2026-02-04 00:00:00,2026-01-30 00:00:00,2026-02-20 00:00:00,False,False,False,False,False,False,False,False
