merchant_id,merchant_name,mcc,merchant_category,business_type,city,state,onboarding_date,settlement_account_last4,merchant_status,declared_avg_ticket_size,mcc_inferred,mcc_missing,ticket_size_negative,ticket_size_missing,settlement_account_missing,onboarding_missing
MCH1007,"Sunder, Wason and Pau",5812,RESTAURANT,PARTNERSHIP,Jaipur,Rajasthan,2023-11-19 00:00:00,,ACTIVE,164.45,False,False,False,False,True,False
MCH1011,Wable and Sons,5411,GROCERY,PRIVATE_LIMITED,Ludhiana,Punjab,2023-11-02 00:00:00,,INACTIVE,6536.07,False,False,False,False,True,False
MCH1014,"Raghavan, Barad and Bahl",5812,RESTAURANT,PARTNERSHIP,Pune,Maharashtra,2024-03-23 00:00:00,XXXX3357,ACTIVE,,False,False,False,True,False,False
MCH1016,"Reddy, Amble and Parmar",4814,TELECOM,PARTNERSHIP,Chennai,Tamil Nadu,2023-03-10 00:00:00,,ACTIVE,517.37,False,False,False,False,True,False
MCH1016,"CHAR, BHARGAVA AND CHAUDHARY",5812,RESTAURANT,PRIVATE_LIMITED,Hyderabad,Telangana,,XXXX8108,ACTIVE,1933.0,False,False,False,False,False,True
MCH1021,VARGHESE-RAMACHANDRAN,5812,RESTAURANT,PRIVATE_LIMITED,Amritsar,Punjab,,,ACTIVE,734.0,False,False,False,False,True,True
MCH1032,Manda-Hayer,7011,HOTEL,PARTNERSHIP,Amritsar,Punjab,2025-04-20 00:00:00,XXXX4099,ACTIVE,674.56,False,False,False,False,False,False
MCH1032,Manda-Hayer,7011,HOTEL,PARTNERSHIP,Amritsar,Punjab,2025-04-20 00:00:00,XXXX4099,INACTIVE,674.56,False,False,False,False,False,False
MCH1033,Virk PLC,7011,HOTEL,INDIVIDUAL,Amritsar,Punjab,2023-07-08 00:00:00,XXXX6158,INACTIVE,-1825.13,False,False,True,False,False,False
MCH1039,Palan-Mody,4814,TELECOM,INDIVIDUAL,Hyderabad,Telangana,2023-07-14 00:00:00,,ACTIVE,-545.34,False,False,True,False,True,False
MCH1040,chand plc,5912,PHARMACY,INDIVIDUAL,Pune,Maharashtra,2024-09-08 00:00:00,,ACTIVE,653.92,False,False,False,False,True,False
MCH1047,"natarajan, kashyap and goel",7011,HOTEL,PRIVATE_LIMITED,Kolkata,West Bengal,2023-08-01 00:00:00,XXXX9448,ACTIVE,2594.0,True,False,False,False,False,False
MCH1060,Goda and Sons,5311,DEPARTMENT_STORE,SOLE_PROPRIETOR,Chennai,Tamil Nadu,2023-05-18 00:00:00,XXXX4269,INACTIVE,2371.8,False,False,False,False,False,False
MCH1060,Sampath-Dora,5812,RESTAURANT,PARTNERSHIP,Jalandhar,Punjab,2023-07-27 03:57:00,,ACTIVE,2594.73,True,False,False,False,True,False
MCH1064,Mishra-Badami,5942,BOOKS_STATIONERY,SOLE_PROPRIETOR,Lucknow,Uttar Pradesh,2025-03-12 00:00:00,,ACTIVE,2393.66,False,False,False,False,True,False
MCH1071,ShankarGroup,7011,HOTEL,INDIVIDUAL,Mumbai,Maharashtra,2024-06-23 13:38:43,XXXX4160,ACTIVE,-389.19,False,False,True,False,False,False
MCH1071,Wali and Sons,4814,TELECOM,SOLE_PROPRIETOR,Bengaluru,Karnataka,2025-01-21 00:00:00,,ACTIVE,1437.33,False,False,False,False,True,False
MCH1075,Lala PLC,4814,TELECOM,INDIVIDUAL,Pune,Maharashtra,2024-06-01 00:00:00,XXXX2770,INACTIVE,1162.41,False,False,False,False,False,False
MCH1077,"Peri, Pai and Dani",5311,DEPARTMENT_STORE,INDIVIDUAL,Pune,Maharashtra,2025-07-24 01:37:17,XXXX7257,ACTIVE,1189.85,False,False,False,False,False,False
MCH1077,Mitter and Sons,5812,RESTAURANT,INDIVIDUAL,Chennai,Tamil Nadu,2026-01-12 00:00:00,,INACTIVE,606.84,False,False,False,False,True,False
MCH1089,"Mann, Edwin and Misra",5411,GROCERY,INDIVIDUAL,Jaipur,Rajasthan,,XXXX3549,ACTIVE,678.0,False,False,False,False,False,True
MCH1101,Ramaswamy-Prabhakar,5912,PHARMACY,SOLE_PROPRIETOR,Chennai,Tamil Nadu,2025-06-02 00:00:00,,ACTIVE,8687.0,False,False,False,False,True,False
MCH1101,Sethi Ltd,5812,RESTAURANT,PARTNERSHIP,Kolkata,West Bengal,2023-08-10 00:00:00,,ACTIVE,840.25,False,False,False,False,True,False
MCH1101,Seshadri-Rajagopalan,4814,TELECOM,INDIVIDUAL,Kolkata,West Bengal,2023-06-28 00:00:00,,INACTIVE,3516.26,False,False,False,False,True,False
MCH1101,"Deo, Gill and Dhaliwal",5812,RESTAURANT,PRIVATE_LIMITED,Delhi,Delhi,2023-05-26 09:37:00,,ACTIVE,1076.28,False,False,False,False,True,False
MCH1106,"narang, wali and aurora",5411,GROCERY,SOLE_PROPRIETOR,Jalandhar,Punjab,2023-10-04 00:00:00,XXXX3438,ACTIVE,1853.84,False,False,False,False,False,False
MCH1109,Sinha-Bumb,4131,TRANSPORT,PRIVATE_LIMITED,Amritsar,Punjab,2023-02-11 07:38:00,,ACTIVE,-1745.05,False,False,True,False,True,False
MCH1118,"BASAK, PILLAI AND ARORA",5999,MISC_RETAIL,PRIVATE_LIMITED,Chennai,Tamil Nadu,2026-01-06 00:00:00,,ACTIVE,3933.25,False,False,False,False,True,False
MCH1122,Bakshi and Sons,5311,DEPARTMENT_STORE,PRIVATE_LIMITED,Chennai,Tamil Nadu,2023-03-09 00:00:00,,ACTIVE,638.59,True,False,False,False,True,False
MCH1124,Andra Inc,7011,HOTEL,PARTNERSHIP,Lucknow,Uttar Pradesh,2023-08-07 00:00:00,,ACTIVE,5664.0,False,False,False,False,True,False
MCH1128,Srinivasan Group,5411,GROCERY,PRIVATE_LIMITED,Chennai,Tamil Nadu,2024-04-19 00:00:00,,ACTIVE,-749.84,True,False,True,False,True,False
MCH1130,"K0thari, Singh and Sura",5311,DEPARTMENT_STORE,SOLE_PROPRIETOR,Ludhiana,Punjab,2025-09-20 00:31:00,,ACTIVE,3514.91,False,False,False,False,True,False
MCH1134,"Sani, Uppal and Pillai",5912,PHARMACY,PARTNERSHIP,Kolkata,West Bengal,2025-04-11 00:00:00,,ACTIVE,6246.52,True,False,False,False,True,False
MCH1142,MORAR LLC,5999,MISC_RETAIL,SOLE_PROPRIETOR,Jalandhar,Punjab,,,ACTIVE,,False,False,False,True,True,True
MCH1153,"Johal, Suri and Rama",5999,MISC_RETAIL,SOLE_PROPRIETOR,Kolkata,West Bengal,2023-05-08 00:00:00,XXXX9937,ACTIVE,153.84,False,False,False,False,False,False
MCH1154,Saran and Sons,5912,PHARMACY,PRIVATE_LIMITED,Pune,Maharashtra,2023-12-26 00:00:00,XXXX5657,ACTIVE,871.24,False,False,False,False,False,False
MCH1159,Sabharwal-Gole,4814,TELECOM,PARTNERSHIP,Hyderabad,Telangana,,XXXX4659,INACTIVE,790.13,False,False,False,False,False,True
MCH1163,Chauhan Group,5912,PHARMACY,SOLE_PROPRIETOR,Kolkata,West Bengal,2024-04-10 00:00:00,,ACTIVE,2218.96,False,False,False,False,True,False
MCH1168,"Dugal, Thaker and Rana",5699,APPAREL,PARTNERSHIP,Hyderabad,Telangana,2023-04-28 00:00:00,XXXX0876,INACTIVE,900.21,False,False,False,False,False,False
MCH1168,Sekhon Inc,5411,GROCERY,SOLE_PROPRIETOR,Hyderabad,Telangana,2025-07-26 21:06:00,,ACTIVE,6003.0,False,False,False,False,True,False
MCH1195,Parekh-Patla,5942,BOOKS_STATIONERY,PARTNERSHIP,Ludhiana,Punjab,2023-06-27 00:00:00,,ACTIVE,741.86,False,False,False,False,True,False
MCH1199,"Chatterjee, Chada and Ghose",5812,RESTAURANT,PRIVATE_LIMITED,Chennai,Tamil Nadu,2025-04-14 01:46:00,,ACTIVE,6574.56,False,False,False,False,True,False
MCH1213,Ray LLC,5912,PHARMACY,PARTNERSHIP,Pune,Maharashtra,2024-01-07 18:33:52,XXXX8295,INACTIVE,1556.0,False,False,False,False,False,False
MCH1214,Padmanabhan Gr0up,4814,TELECOM,INDIVIDUAL,Amritsar,Punjab,2025-08-24 00:00:00,,ACTIVE,-362.46,False,False,True,False,True,False
MCH1216,"Agarwal, Dave and Vala",7011,HOTEL,SOLE_PROPRIETOR,Chennai,Tamil Nadu,2024-10-18 00:00:00,,ACTIVE,2228.42,False,False,False,False,True,False
MCH1219,Khare-Puri,5812,RESTAURANT,PARTNERSHIP,Amritsar,Punjab,2024-11-21 00:00:00,,ACTIVE,2174.0,False,False,False,False,True,False
MCH1219,Srinivas-Bobal,5912,PHARMACY,SOLE_PROPRIETOR,Chennai,Tamil Nadu,2023-08-27 00:00:00,,ACTIVE,2814.27,False,False,False,False,True,False
MCH1221,"SASTRY, KAPOOR AND VARUGHESE",5812,RESTAURANT,PARTNERSHIP,Jalandhar,Punjab,2025-04-26 00:00:00,,INACTIVE,3430.0,False,False,False,False,True,False
MCH1221,"BAKSHI, DOCTOR AND BOBAL",7011,HOTEL,PARTNERSHIP,Mumbai,Maharashtra,,XXXX9345,ACTIVE,1302.2,False,False,False,False,False,True
MCH1226,Nadkarni Ltd,5912,PHARMACY,SOLE_PROPRIETOR,Ludhiana,Punjab,,,ACTIVE,602.21,False,False,False,False,True,True
MCH1227,Dyal Ltd,5999,MISC_RETAIL,INDIVIDUAL,Ludhiana,Punjab,2025-09-21 00:00:00,XXXX6648,ACTIVE,602.09,False,False,False,False,False,False
MCH1227,"Nazareth, Zacharia and Swaminathan",5812,RESTAURANT,PRIVATE_LIMITED,Ludhiana,Punjab,2023-03-21 16:36:39,XXXX6650,ACTIVE,870.36,False,False,False,False,False,False
MCH1227,Shah and Sons,5699,APPAREL,PRIVATE_LIMITED,Lucknow,Uttar Pradesh,2023-07-01 00:00:00,,ACTIVE,1660.63,False,False,False,False,True,False
MCH1229,Hayre Inc,5999,MISC_RETAIL,SOLE_PROPRIETOR,Kolkata,West Bengal,2023-08-14 00:08:00,,ACTIVE,527.5,True,False,False,False,True,False
MCH1234,Comar-Kari,4131,TRANSPORT,SOLE_PROPRIETOR,Jalandhar,Punjab,,XXXX2474,ACTIVE,1120.89,False,False,False,False,False,True
MCH1249,"Varkey, Kulkarni and More",5311,DEPARTMENT_STORE,SOLE_PROPRIETOR,Bengaluru,Karnataka,2023-07-26 21:44:19,,ACTIVE,1049.44,False,False,False,False,True,False
MCH1250,Kata Group,5812,RESTAURANT,PRIVATE_LIMITED,Chennai,Tamil Nadu,2023-12-22 01:25:00,,ACTIVE,1162.22,False,False,False,False,True,False
MCH1250,Ben-Thaman,5411,GROCERY,SOLE_PROPRIETOR,Bengaluru,Karnataka,,XXXX8274,INACTIVE,1524.37,False,False,False,False,False,True
MCH1255,"Bose, Memon and Luthra",5942,BOOKS_STATIONERY,PARTNERSHIP,Pune,Maharashtra,2023-05-27 08:30:18,XXXX6249,ACTIVE,1129.38,False,False,False,False,False,False
MCH1260,OOMMEN-JHA,5411,GROCERY,INDIVIDUAL,Delhi,Delhi,,XXXX3006,ACTIVE,1093.23,False,False,False,False,False,True
MCH1262,CharInc,4814,TELECOM,INDIVIDUAL,Pune,Maharashtra,2025-06-28 00:00:00,XXXX9203,ACTIVE,489.52,False,False,False,False,False,False
MCH1263,"Soman, Chaudhary and Luthra",4814,TELECOM,PARTNERSHIP,Hyderabad,Telangana,2023-06-27 20:38:00,,ACTIVE,696.55,False,False,False,False,True,False
MCH1263,Krishnan-Venkataraman,4814,TELECOM,PARTNERSHIP,Kolkata,West Bengal,,,ACTIVE,565.9,True,False,False,False,True,True
MCH1277,Deol-Nayak,4131,TRANSPORT,INDIVIDUAL,Bengaluru,Karnataka,,,ACTIVE,1188.0,False,False,False,False,True,True
MCH1320,Babu-Khatri,5699,APPAREL,INDIVIDUAL,Kolkata,West Bengal,2023-11-24 10:52:12,XXXX8923,ACTIVE,,False,False,False,True,False,False
MCH1336,"Zachariah, Bhattacharyya and Hegde",5699,APPAREL,SOLE_PROPRIETOR,Bengaluru,Karnataka,2024-08-30 12:55:19,XXXX9906,ACTIVE,919.0,False,False,False,False,False,False
MCH1336,Contractor-Dube,5912,PHARMACY,PARTNERSHIP,Jalandhar,Punjab,2025-05-26 00:00:00,,ACTIVE,885.0,False,False,False,False,True,False
MCH1336,"NARAYANAN, ANAND AND KALITA",5999,MISC_RETAIL,SOLE_PROPRIETOR,Ludhiana,Punjab,,XXXX4236,ACTIVE,699.0,False,False,False,False,False,True
MCH1340,Pingle-Lad,5999,MISC_RETAIL,INDIVIDUAL,Chennai,Tamil Nadu,2023-02-09 00:00:00,,ACTIVE,,False,False,False,True,True,False
MCH1343,NARASIMHAN-SHETTY,5999,MISC_RETAIL,INDIVIDUAL,Kolkata,West Bengal,2023-08-18 00:00:00,XXXX2287,ACTIVE,3443.8,False,False,False,False,False,False
MCH1349,MITAL-NARASIMHAN,5311,DEPARTMENT_STORE,PRIVATE_LIMITED,Jaipur,Rajasthan,2025-02-14 00:00:00,XXXX2450,ACTIVE,538.14,False,False,False,False,False,False
MCH1349,Verma-Rastogi,5942,BOOKS_STATIONERY,PARTNERSHIP,Mumbai,Maharashtra,2024-12-30 09:34:19,XXXX2757,INACTIVE,1183.3,False,False,False,False,False,False
MCH1352,MUKHERJEE-SETHI,5812,RESTAURANT,SOLE_PROPRIETOR,Pune,Maharashtra,2024-03-19 01:21:36,,ACTIVE,-737.77,False,False,True,False,True,False
MCH1353,Lata LLC,5999,MISC_RETAIL,INDIVIDUAL,Kolkata,West Bengal,,,INACTIVE,1213.36,False,False,False,False,True,True
MCH1358,Bhatia-Sekhon,5942,BOOKS_STATIONERY,PRIVATE_LIMITED,Jaipur,Rajasthan,2025-05-01 00:00:00,XXXX4241,ACTIVE,1421.8,False,False,False,False,False,False
MCH1364,Krishnamurthy LLC,4131,TRANSPORT,INDIVIDUAL,Hyderabad,Telangana,2023-02-01 00:00:00,XXXX1592,ACTIVE,377.26,False,False,False,False,False,False
MCH1364,Ba1 Gr0up,5942,BOOKS_STATIONERY,SOLE_PROPRIETOR,Lucknow,Uttar Pradesh,2025-02-21 00:00:00,,ACTIVE,-2000.66,False,False,True,False,True,False
MCH1365,Agate PLC,5942,BOOKS_STATIONERY,PARTNERSHIP,Pune,Maharashtra,2024-12-10 00:00:00,,ACTIVE,-2839.17,False,False,True,False,True,False
MCH1375,Golla and Sons,5912,PHARMACY,PARTNERSHIP,Bengaluru,Karnataka,2023-01-08 13:43:00,,ACTIVE,503.66,False,False,False,False,True,False
MCH1375,Doctor-Srinivasan,5912,PHARMACY,PRIVATE_LIMITED,Chennai,Tamil Nadu,,,ACTIVE,300.0,False,False,False,False,True,True
MCH1377,"TANEJA, DIN AND KAUL",5812,RESTAURANT,SOLE_PROPRIETOR,Delhi,Delhi,2025-10-05 09:00:44,XXXX9369,ACTIVE,767.08,False,False,False,False,False,False
MCH1380,Bhatia-Oza,4814,TELECOM,PARTNERSHIP,Jaipur,Rajasthan,2023-07-11 00:00:00,,INACTIVE,479.32,False,False,False,False,True,False
MCH1384,THAKUR-BEN,4814,TELECOM,INDIVIDUAL,Hyderabad,Telangana,2023-11-04 00:00:00,,ACTIVE,1433.16,False,False,False,False,True,False
MCH1397,"Bir,RavelandSwaminathan",5411,GROCERY,PARTNERSHIP,Pune,Maharashtra,2023-07-16 00:00:00,,ACTIVE,6150.31,False,False,False,False,True,False
MCH1405,Sawhney-Naru1a,5912,PHARMACY,SOLE_PROPRIETOR,Lucknow,Uttar Pradesh,2024-12-31 00:00:00,,INACTIVE,3091.86,False,False,False,False,True,False
MCH1420,"Hayer, Malhotra and Dugar",5311,DEPARTMENT_STORE,INDIVIDUAL,Pune,Maharashtra,2023-07-08 22:38:55,XXXX5505,ACTIVE,1649.54,False,False,False,False,False,False
MCH1420,"Nath, Setty and Pai",7011,HOTEL,PARTNERSHIP,Kolkata,West Bengal,2023-04-08 00:00:00,,INACTIVE,1986.0,False,False,False,False,True,False
MCH1438,"Memon, Chaudhuri and Choudhry",5812,RESTAURANT,SOLE_PROPRIETOR,Amritsar,Punjab,2024-05-17 00:00:00,,ACTIVE,2393.0,False,False,False,False,True,False
MCH1447,Uppal Ltd,5912,PHARMACY,PARTNERSHIP,Lucknow,Uttar Pradesh,2026-02-20 00:00:00,,ACTIVE,236.04,False,False,False,False,True,False
MCH1454,WableInc,5999,MISC_RETAIL,INDIVIDUAL,Lucknow,Uttar Pradesh,2025-06-18 00:00:00,XXXX8001,ACTIVE,2617.0,False,False,False,False,False,False
MCH1454,"Bali, Kurian and Garde",5812,RESTAURANT,PARTNERSHIP,Lucknow,Uttar Pradesh,2023-07-29 14:13:18,,ACTIVE,1592.02,False,False,False,False,True,False
MCH1465,"GARG, MALLICK AND CHADHA",5812,RESTAURANT,PRIVATE_LIMITED,Delhi,Delhi,2024-03-24 17:13:00,XXXX9339,ACTIVE,443.93,False,False,False,False,False,False
MCH1491,"Sarna, Chand and Goda",4814,TELECOM,SOLE_PROPRIETOR,Ludhiana,Punjab,2026-01-27 00:00:00,,ACTIVE,1075.6,False,False,False,False,True,False
MCH1492,"PANCHAL, BAIL AND NADKARNI",5912,PHARMACY,SOLE_PROPRIETOR,Jaipur,Rajasthan,2024-07-05 00:00:00,,INACTIVE,6674.02,False,False,False,False,True,False
MCH1494,Dave LLC,5999,MISC_RETAIL,PRIVATE_LIMITED,Hyderabad,Telangana,2023-08-23 00:00:00,,ACTIVE,14736.17,False,False,False,False,True,False
MCH1518,Saini-Gole,5999,MISC_RETAIL,PRIVATE_LIMITED,Jalandhar,Punjab,2023-07-08 00:00:00,,ACTIVE,957.31,False,False,False,False,True,False
MCH1530,"suresh, kadakia and iyer",5912,PHARMACY,PRIVATE_LIMITED,Jalandhar,Punjab,2024-08-23 14:54:00,,ACTIVE,158.58,False,False,False,False,True,False
MCH1540,mohan-hegde,5912,PHARMACY,INDIVIDUAL,Mumbai,Maharashtra,2023-02-15 20:52:03,,INACTIVE,2002.37,False,False,False,False,True,False
MCH1541,Chopra LLC,5311,DEPARTMENT_STORE,PRIVATE_LIMITED,Chennai,Tamil Nadu,2023-10-31 00:00:00,XXXX8788,ACTIVE,-2438.12,False,False,True,False,False,False
MCH1567,SURESH LTD,5699,APPAREL,INDIVIDUAL,Chennai,Tamil Nadu,2024-08-12 00:00:00,XXXX6891,ACTIVE,3203.25,True,False,False,False,False,False
MCH1567,Samra PLC,5699,APPAREL,INDIVIDUAL,Mumbai,Maharashtra,2023-07-23 05:44:28,XXXX0316,INACTIVE,1417.9,False,False,False,False,False,False
MCH1592,Cherian-Bhavsar,7011,HOTEL,SOLE_PROPRIETOR,Mumbai,Maharashtra,2024-06-12 00:00:00,XXXX2300,ACTIVE,2941.81,False,False,False,False,False,False
MCH1605,Kar-Peri,5999,MISC_RETAIL,INDIVIDUAL,Delhi,Delhi,2025-12-14 20:52:47,,ACTIVE,3940.67,True,False,False,False,True,False
MCH1605,ShethandSons,4131,TRANSPORT,SOLE_PROPRIETOR,Mumbai,Maharashtra,,XXXX6639,ACTIVE,1128.85,False,False,False,False,False,True
MCH1612,Khare-Jha,7011,HOTEL,SOLE_PROPRIETOR,Pune,Maharashtra,2024-05-07 13:44:00,XXXX6820,ACTIVE,3967.18,False,False,False,False,False,False
MCH1612,Salvi-Patel,5812,RESTAURANT,PARTNERSHIP,Delhi,Delhi,2023-09-05 00:00:00,XXXX9473,INACTIVE,1940.8,False,False,False,False,False,False
MCH1625,saran ltd,4814,TELECOM,PARTNERSHIP,Kolkata,West Bengal,2024-10-17 02:52:00,XXXX2189,ACTIVE,1093.54,False,False,False,False,False,False
MCH1625,HandaLLC,5912,PHARMACY,PRIVATE_LIMITED,Ludhiana,Punjab,2024-07-27 00:00:00,,INACTIVE,4123.17,False,False,False,False,True,False
MCH1636,Nigam PLC,5699,APPAREL,PARTNERSHIP,Delhi,Delhi,2024-06-13 01:00:37,,ACTIVE,2284.21,False,False,False,False,True,False
MCH1639,Halder Inc,5411,GROCERY,SOLE_PROPRIETOR,Chennai,Tamil Nadu,2023-04-12 00:00:00,XXXX7813,INACTIVE,-2075.47,False,False,True,False,False,False
MCH1640,Dash Ltd,5699,APPAREL,SOLE_PROPRIETOR,Jaipur,Rajasthan,2024-11-25 00:00:00,XXXX0629,ACTIVE,328.0,False,False,False,False,False,False
MCH1640,sem plc,7011,HOTEL,PRIVATE_LIMITED,Mumbai,Maharashtra,2023-09-10 00:00:00,XXXX5975,ACTIVE,894.9,True,False,False,False,False,False
MCH1646,Golla and Sons,5411,GROCERY,INDIVIDUAL,Mumbai,Maharashtra,2024-09-23 00:00:00,,INACTIVE,-790.28,True,False,True,False,True,False
MCH1654,Swamy Group,4814,TELECOM,PARTNERSHIP,Jalandhar,Punjab,2024-07-14 00:00:00,,ACTIVE,,True,False,False,True,True,False
MCH1661,kothari-dara,5912,PHARMACY,PARTNERSHIP,Hyderabad,Telangana,2026-01-16 22:10:04,XXXX7371,ACTIVE,,False,False,False,True,False,False
MCH1667,dalal ltd,7011,HOTEL,SOLE_PROPRIETOR,Hyderabad,Telangana,2025-02-16 00:00:00,,ACTIVE,3517.09,False,False,False,False,True,False
MCH1674,"Bansal, Babu and Bansal",5699,APPAREL,INDIVIDUAL,Chennai,Tamil Nadu,2024-11-03 05:59:00,,ACTIVE,811.0,False,False,False,False,True,False
MCH1675,chokshi-mukherjee,5411,GROCERY,INDIVIDUAL,Ludhiana,Punjab,2023-11-01 15:46:00,XXXX1927,ACTIVE,1694.04,False,False,False,False,False,False
MCH1675,"sarma, saxena and chandran",5311,DEPARTMENT_STORE,PRIVATE_LIMITED,Jaipur,Rajasthan,2023-06-09 00:00:00,,INACTIVE,1777.8,True,False,False,False,True,False
MCH1675,"sarma, saxena and chandran",5311,DEPARTMENT_STORE,PRIVATE_LIMITED,Jaipur,Rajasthan,2023-06-09 00:00:00,,ACTIVE,1777.8,True,False,False,False,True,False
MCH1696,Rai and Sons,5311,DEPARTMENT_STORE,INDIVIDUAL,Jaipur,Rajasthan,2023-04-24 23:28:29,,ACTIVE,2898.12,True,False,False,False,True,False
MCH1706,KandaandSons,4814,TELECOM,PRIVATE_LIMITED,Chennai,Tamil Nadu,2023-08-20 20:33:03,,ACTIVE,546.33,False,False,False,False,True,False
MCH1706,Merchant-Dhar,5942,BOOKS_STATIONERY,PRIVATE_LIMITED,Amritsar,Punjab,2023-05-25 00:00:00,,ACTIVE,954.61,False,False,False,False,True,False
MCH1710,"talwar, goyal and dhillon",5812,RESTAURANT,PARTNERSHIP,Delhi,Delhi,2025-11-26 00:00:00,,ACTIVE,542.31,False,False,False,False,True,False
MCH1714,Kalita Group,5699,APPAREL,SOLE_PROPRIETOR,Amritsar,Punjab,2024-03-31 14:28:04,XXXX3148,ACTIVE,3974.77,False,False,False,False,False,False
MCH1718,Wason-Vaidya,5311,DEPARTMENT_STORE,PRIVATE_LIMITED,Jalandhar,Punjab,2025-04-04 17:19:00,,INACTIVE,705.66,False,False,False,False,True,False
MCH1729,GANESH PLC,5812,RESTAURANT,PRIVATE_LIMITED,Hyderabad,Telangana,2025-05-23 00:00:00,XXXX6365,ACTIVE,,False,False,False,True,False,False
MCH1732,Badal-Chacko,4131,TRANSPORT,SOLE_PROPRIETOR,Kolkata,West Bengal,2024-01-02 00:00:00,,ACTIVE,888.6,False,False,False,False,True,False
MCH1739,keer group,5999,MISC_RETAIL,INDIVIDUAL,Kolkata,West Bengal,2024-02-11 00:00:00,,ACTIVE,2619.15,False,False,False,False,True,False
MCH1747,"Vig, Cherian and Ch0udhury",5999,MISC_RETAIL,INDIVIDUAL,Delhi,Delhi,2025-08-22 05:19:05,,ACTIVE,1469.56,False,False,False,False,True,False
MCH1750,"Dube, Natt and V0hra",4131,TRANSPORT,INDIVIDUAL,Pune,Maharashtra,2024-12-18 12:18:45,XXXX3705,ACTIVE,,False,False,False,True,False,False
MCH1750,RAVI-DHAR,4814,TELECOM,SOLE_PROPRIETOR,Ludhiana,Punjab,2023-10-12 03:27:30,,ACTIVE,-1422.61,False,False,True,False,True,False
MCH1751,"Keer, Dara and Gour",5942,BOOKS_STATIONERY,INDIVIDUAL,Ludhiana,Punjab,2023-06-29 00:00:00,,INACTIVE,1719.3,False,False,False,False,True,False
MCH1756,Ben and Sons,5999,MISC_RETAIL,PRIVATE_LIMITED,Hyderabad,Telangana,2023-08-02 00:00:00,XXXX4519,ACTIVE,1706.9,False,False,False,False,False,False
MCH1756,"Borah, Sura and Kunda",5411,GROCERY,PRIVATE_LIMITED,Jaipur,Rajasthan,2025-10-21 00:00:00,,ACTIVE,1371.78,False,False,False,False,True,False
MCH1764,"K0h1i, Sa1vi and Ch0kshi",5699,APPAREL,PARTNERSHIP,Amritsar,Punjab,2025-09-13 00:00:00,,ACTIVE,12860.85,False,False,False,False,True,False
MCH1769,"Jha, Samra and Jhaveri",5311,DEPARTMENT_STORE,PRIVATE_LIMITED,Mumbai,Maharashtra,2023-10-20 00:00:00,XXXX5444,ACTIVE,522.35,False,False,False,False,False,False
MCH1772,"Sarin,KothariandLal",5912,PHARMACY,INDIVIDUAL,Jalandhar,Punjab,2025-09-11 00:00:00,XXXX7880,ACTIVE,-342.59,True,False,True,False,False,False
MCH1772,Grover Group,5311,DEPARTMENT_STORE,PARTNERSHIP,Kolkata,West Bengal,2023-03-18 13:57:00,XXXX8924,ACTIVE,1962.32,False,False,False,False,False,False
MCH1774,"chawla, luthra and kapur",4814,TELECOM,SOLE_PROPRIETOR,Amritsar,Punjab,2024-08-09 00:00:00,XXXX1882,ACTIVE,691.84,False,False,False,False,False,False
MCH1774,patla-warrior,5912,PHARMACY,PARTNERSHIP,Mumbai,Maharashtra,2023-01-02 11:10:48,XXXX8727,ACTIVE,442.29,False,False,False,False,False,False
MCH1779,Char-Karnik,5699,APPAREL,PRIVATE_LIMITED,Jaipur,Rajasthan,,XXXX4175,ACTIVE,6097.01,False,False,False,False,False,True
MCH1786,"Tank, Nadkarni and Srinivasan",4131,TRANSPORT,PRIVATE_LIMITED,Amritsar,Punjab,2024-03-15 00:00:00,XXXX7570,ACTIVE,353.77,False,False,False,False,False,False
MCH1792,"Suresh, Chada and Mahal",5311,DEPARTMENT_STORE,SOLE_PROPRIETOR,Kolkata,West Bengal,2025-03-24 00:00:00,XXXX6459,ACTIVE,,False,False,False,True,False,False
MCH1806,dugar-rege,5912,PHARMACY,PRIVATE_LIMITED,Delhi,Delhi,,XXXX9256,INACTIVE,1498.0,False,False,False,False,False,True
MCH1811,Varkey Inc,5311,DEPARTMENT_STORE,SOLE_PROPRIETOR,Bengaluru,Karnataka,2026-02-25 00:00:00,,ACTIVE,592.0,False,False,False,False,True,False
MCH1815,Bhasin-Hans,5999,MISC_RETAIL,PRIVATE_LIMITED,Hyderabad,Telangana,2025-05-10 00:00:00,,ACTIVE,789.34,False,False,False,False,True,False
MCH1816,Kohli-Hans,7011,HOTEL,INDIVIDUAL,Kolkata,West Bengal,2025-01-22 00:00:00,,ACTIVE,487.0,False,False,False,False,True,False
MCH1816,Samra-Bhattacharyya,5912,PHARMACY,INDIVIDUAL,Kolkata,West Bengal,2024-07-11 00:00:00,,ACTIVE,1868.22,False,False,False,False,True,False
MCH1816,"Dass, Chaudhry and Peri",5999,MISC_RETAIL,SOLE_PROPRIETOR,Jaipur,Rajasthan,2024-03-05 17:11:00,,ACTIVE,800.46,False,False,False,False,True,False
MCH1816,Modi-Sinha,5411,GROCERY,INDIVIDUAL,Hyderabad,Telangana,2023-11-24 00:00:00,XXXX5140,ACTIVE,,True,False,False,True,False,False
MCH1817,"Mohanty, Behl and Rao",4131,TRANSPORT,INDIVIDUAL,Pune,Maharashtra,2025-07-23 00:00:00,,INACTIVE,2347.62,False,False,False,False,True,False
MCH1828,Mohanty-Gole,5999,MISC_RETAIL,SOLE_PROPRIETOR,Kolkata,West Bengal,2024-04-21 00:00:00,XXXX2898,INACTIVE,408.75,False,False,False,False,False,False
MCH1833,"Bhatnagar, Bhavsar and Iyengar",4131,TRANSPORT,PARTNERSHIP,Mumbai,Maharashtra,2023-06-24 00:00:00,XXXX4268,ACTIVE,2843.21,False,False,False,False,False,False
MCH1838,Sarraf-Bhakta,5999,MISC_RETAIL,PARTNERSHIP,Bengaluru,Karnataka,2023-04-20 03:12:53,XXXX3450,ACTIVE,584.0,True,False,False,False,False,False
MCH1842,Bedi-Vohra,5411,GROCERY,PRIVATE_LIMITED,Lucknow,Uttar Pradesh,,XXXX6666,ACTIVE,1241.96,False,False,False,False,False,True
MCH1848,Dugar and Sons,4814,TELECOM,PARTNERSHIP,Chennai,Tamil Nadu,2023-08-19 00:00:00,XXXX1509,INACTIVE,644.35,False,False,False,False,False,False
MCH1853,Mukhopadhyay Inc,5699,APPAREL,INDIVIDUAL,Amritsar,Punjab,2024-04-10 00:00:00,,ACTIVE,2522.93,False,False,False,False,True,False
MCH1856,"Sem, Dhawan and Bakshi",5411,GROCERY,SOLE_PROPRIETOR,Bengaluru,Karnataka,2023-07-27 00:00:00,XXXX7540,INACTIVE,2232.22,True,False,False,False,False,False
MCH1872,rege llc,4814,TELECOM,PARTNERSHIP,Bengaluru,Karnataka,2024-06-26 00:00:00,,ACTIVE,768.52,False,False,False,False,True,False
MCH1873,Rai-Nagi,4131,TRANSPORT,PRIVATE_LIMITED,Delhi,Delhi,2024-01-10 07:35:09,,ACTIVE,3862.0,False,False,False,False,True,False
MCH1874,KANDA-MANE,5942,BOOKS_STATIONERY,PARTNERSHIP,Ludhiana,Punjab,2024-12-06 00:00:00,XXXX4966,ACTIVE,2286.66,False,False,False,False,False,False
MCH1879,Maharaj PLC,5942,BOOKS_STATIONERY,PARTNERSHIP,Delhi,Delhi,2023-03-01 06:18:00,,ACTIVE,1269.91,False,False,False,False,True,False
MCH1894,Shenoy-Venkatesh,5699,APPAREL,INDIVIDUAL,Delhi,Delhi,2024-09-16 09:00:00,XXXX5676,ACTIVE,666.26,False,False,False,False,False,False
MCH1894,Tara-Gupta,5812,RESTAURANT,INDIVIDUAL,Hyderabad,Telangana,2024-11-27 16:55:26,,INACTIVE,2112.0,False,False,False,False,True,False
MCH1894,CHANDRA-KAPUR,5311,DEPARTMENT_STORE,PARTNERSHIP,Jalandhar,Punjab,2023-02-22 00:00:00,,ACTIVE,3951.56,False,False,False,False,True,False
MCH1908,Tara-Babu,5942,BOOKS_STATIONERY,SOLE_PROPRIETOR,Chennai,Tamil Nadu,2023-12-13 15:54:11,,ACTIVE,4659.0,False,False,False,False,True,False
MCH1917,"Chowdhury, Krishna and Rajagopal",5699,APPAREL,SOLE_PROPRIETOR,Amritsar,Punjab,2024-10-20 00:00:00,,INACTIVE,909.84,False,False,False,False,True,False
MCH1926,"Bail, Bala and Bahl",5942,BOOKS_STATIONERY,PARTNERSHIP,Pune,Maharashtra,2024-05-07 00:00:00,,ACTIVE,-1485.21,False,False,True,False,True,False
MCH1940,Ravel Inc,4814,TELECOM,SOLE_PROPRIETOR,Chennai,Tamil Nadu,2025-09-17 00:00:00,,INACTIVE,1112.95,False,False,False,False,True,False
MCH1944,Morar Ltd,5812,RESTAURANT,INDIVIDUAL,Pune,Maharashtra,2023-04-23 00:00:00,XXXX8672,ACTIVE,1207.98,False,False,False,False,False,False
MCH1946,Kanda Group,5812,RESTAURANT,PARTNERSHIP,Kolkata,West Bengal,,XXXX3844,ACTIVE,1028.0,False,False,False,False,False,True
MCH1947,BHATTI PLC,4131,TRANSPORT,SOLE_PROPRIETOR,Hyderabad,Telangana,2025-10-17 03:35:00,,ACTIVE,860.05,True,False,False,False,True,False
MCH1948,Prabhakar-Kari,5699,APPAREL,SOLE_PROPRIETOR,Mumbai,Maharashtra,2025-11-21 00:00:00,,ACTIVE,-6392.07,False,False,True,False,True,False
MCH1956,Sodhi PLC,5912,PHARMACY,INDIVIDUAL,Amritsar,Punjab,2025-09-28 15:41:51,XXXX9509,ACTIVE,1459.74,False,False,False,False,False,False
MCH1956,"Magar, Ramakrishnan and Dhingra",5912,PHARMACY,PRIVATE_LIMITED,Ludhiana,Punjab,2024-05-02 00:00:00,XXXX9114,ACTIVE,919.28,False,False,False,False,False,False
MCH1959,"Barad, Bala and Chad",5999,MISC_RETAIL,INDIVIDUAL,Pune,Maharashtra,2025-10-12 19:55:24,,ACTIVE,578.42,False,False,False,False,True,False
MCH1965,Kata Inc,5311,DEPARTMENT_STORE,PRIVATE_LIMITED,Amritsar,Punjab,2023-04-04 01:07:57,,ACTIVE,686.92,False,False,False,False,True,False
MCH1969,Gole LLC,4131,TRANSPORT,PRIVATE_LIMITED,Chennai,Tamil Nadu,,XXXX1469,ACTIVE,-6707.89,False,False,True,False,False,True
MCH1971,"Batta, Lal and Wason",5699,APPAREL,PRIVATE_LIMITED,Mumbai,Maharashtra,2025-10-12 12:05:04,,ACTIVE,854.92,False,False,False,False,True,False
MCH1973,Sastry Ltd,5699,APPAREL,SOLE_PROPRIETOR,Chennai,Tamil Nadu,2024-12-23 00:00:00,,ACTIVE,1479.74,False,False,False,False,True,False
MCH1973,Shan-Ahuja,4814,TELECOM,PRIVATE_LIMITED,Delhi,Delhi,2024-01-22 00:00:00,,ACTIVE,1273.63,False,False,False,False,True,False
MCH1973,Pau-H0ra,5311,DEPARTMENT_STORE,INDIVIDUAL,Amritsar,Punjab,2023-02-23 00:00:00,,ACTIVE,1264.21,False,False,False,False,True,False
MCH1977,Mukherjee-Menon,5311,DEPARTMENT_STORE,PARTNERSHIP,Hyderabad,Telangana,2025-04-29 03:02:42,XXXX1090,ACTIVE,4221.17,False,False,False,False,False,False
MCH1986,"Bains, Chanda and Gh0sh",5311,DEPARTMENT_STORE,INDIVIDUAL,Jalandhar,Punjab,2026-01-10 00:00:00,,ACTIVE,1427.52,False,False,False,False,True,False
MCH1986,Brahmbhatt Inc,5999,MISC_RETAIL,PARTNERSHIP,Mumbai,Maharashtra,2023-11-23 00:00:00,,ACTIVE,-892.28,False,False,True,False,True,False
MCH1990,Sawhney-Parekh,4814,TELECOM,PRIVATE_LIMITED,Jaipur,Rajasthan,2026-01-26 00:00:00,,ACTIVE,507.78,False,False,False,False,True,False
MCH1995,"Sandhu, Kar and Chaudry",5699,APPAREL,PARTNERSHIP,Mumbai,Maharashtra,2024-01-25 00:00:00,,ACTIVE,4626.93,False,False,False,False,True,False
MCH2014,Bali-Mani,7011,HOTEL,INDIVIDUAL,Pune,Maharashtra,2023-08-01 09:32:25,XXXX6062,ACTIVE,8107.98,False,False,False,False,False,False
MCH2020,"Gole, Bera and Patla",5912,PHARMACY,SOLE_PROPRIETOR,Bengaluru,Karnataka,2024-03-31 00:00:00,,ACTIVE,-4119.49,False,False,True,False,True,False
MCH2028,"Sanghvi, Sibal and Vala",4131,TRANSPORT,INDIVIDUAL,Mumbai,Maharashtra,2024-06-12 00:00:00,,ACTIVE,868.81,True,False,False,False,True,False
MCH2028,Dhingra PLC,4814,TELECOM,SOLE_PROPRIETOR,Pune,Maharashtra,2023-09-27 00:00:00,,ACTIVE,-1170.35,False,False,True,False,True,False
MCH2037,"Kaul, Peri and Viswanathan",5311,DEPARTMENT_STORE,PRIVATE_LIMITED,Kolkata,West Bengal,2023-09-23 16:17:00,,ACTIVE,1457.35,False,False,False,False,True,False
MCH2038,Keer Inc,5311,DEPARTMENT_STORE,PARTNERSHIP,Pune,Maharashtra,2025-06-07 19:52:00,,INACTIVE,,False,False,False,True,True,False
MCH2040,ATWAL-VARUGHESE,5311,DEPARTMENT_STORE,INDIVIDUAL,Bengaluru,Karnataka,2025-06-26 00:00:00,,ACTIVE,2009.33,False,False,False,False,True,False
MCH2040,"Balan, Sahota and Nagi",5699,APPAREL,SOLE_PROPRIETOR,Kolkata,West Bengal,,,ACTIVE,409.0,False,False,False,False,True,True
MCH2047,Ghose-Kannan,5942,BOOKS_STATIONERY,SOLE_PROPRIETOR,Lucknow,Uttar Pradesh,2025-05-24 00:00:00,,ACTIVE,1609.08,False,False,False,False,True,False
MCH2067,"Choudhry, Bhalla and Jaggi",5942,BOOKS_STATIONERY,INDIVIDUAL,Jalandhar,Punjab,2023-03-11 00:00:00,,INACTIVE,952.93,False,False,False,False,True,False
MCH2074,"Kaur, Minhas and Ramakrishnan",5411,GROCERY,SOLE_PROPRIETOR,Hyderabad,Telangana,2023-02-08 00:00:00,XXXX0564,ACTIVE,5123.0,False,False,False,False,False,False
MCH2077,Sahota Inc,5942,BOOKS_STATIONERY,PARTNERSHIP,Lucknow,Uttar Pradesh,2024-01-09 00:00:00,XXXX6134,ACTIVE,2058.18,False,False,False,False,False,False
MCH2081,Swaminathan and Sons,7011,HOTEL,INDIVIDUAL,Jalandhar,Punjab,2026-02-24 00:00:00,,ACTIVE,515.0,False,False,False,False,True,False
MCH2085,Loke Inc,7011,HOTEL,INDIVIDUAL,Hyderabad,Telangana,2023-12-05 00:00:00,XXXX0868,INACTIVE,,False,False,False,True,False,False
MCH2085,"Varma, Dua and Bhattacharyya",5942,BOOKS_STATIONERY,PARTNERSHIP,Amritsar,Punjab,2023-11-29 15:20:07,,ACTIVE,-4575.32,True,False,True,False,True,False
MCH2085,Chacko-Zachariah,4131,TRANSPORT,SOLE_PROPRIETOR,Lucknow,Uttar Pradesh,,,ACTIVE,472.37,False,False,False,False,True,True
MCH2096,GolePLC,5942,BOOKS_STATIONERY,INDIVIDUAL,Delhi,Delhi,,XXXX0033,INACTIVE,6529.52,False,False,False,False,False,True
MCH2099,"tara, date and thakur",4131,TRANSPORT,SOLE_PROPRIETOR,Chennai,Tamil Nadu,2023-06-28 00:00:00,XXXX4973,ACTIVE,1054.15,False,False,False,False,False,False
MCH2105,"Savant, Chauhan and Kumer",5912,PHARMACY,PRIVATE_LIMITED,Amritsar,Punjab,2024-09-28 00:00:00,,ACTIVE,-898.76,False,False,True,False,True,False
MCH2115,Modi-Kari,5912,PHARMACY,SOLE_PROPRIETOR,Delhi,Delhi,2023-10-04 10:56:00,XXXX4594,ACTIVE,1597.33,False,False,False,False,False,False
MCH2118,Kakar Group,5812,RESTAURANT,SOLE_PROPRIETOR,Delhi,Delhi,2023-07-08 08:31:00,,ACTIVE,683.0,False,False,False,False,True,False
MCH2120,Vohra-Kashyap,4814,TELECOM,INDIVIDUAL,Jaipur,Rajasthan,2023-02-23 03:10:46,XXXX8716,ACTIVE,2514.21,False,False,False,False,False,False
MCH2123,Lala and Sons,5311,DEPARTMENT_STORE,PRIVATE_LIMITED,Mumbai,Maharashtra,2025-01-03 05:53:00,,ACTIVE,13187.41,False,False,False,False,True,False
MCH2133,Bose-Saraf,5999,MISC_RETAIL,SOLE_PROPRIETOR,Mumbai,Maharashtra,2024-09-19 00:00:00,XXXX8626,INACTIVE,-434.11,False,False,True,False,False,False
MCH2137,DyalInc,4131,TRANSPORT,PARTNERSHIP,Amritsar,Punjab,2023-03-01 00:00:00,,ACTIVE,2285.47,False,False,False,False,True,False
MCH2149,"DAS, ROY AND SRIDHAR",4131,TRANSPORT,INDIVIDUAL,Jalandhar,Punjab,2024-05-16 00:00:00,,ACTIVE,,False,False,False,True,True,False
MCH2154,"Chhabra, Walla and Ramakrishnan",5942,BOOKS_STATIONERY,SOLE_PROPRIETOR,Ludhiana,Punjab,2023-10-28 00:00:00,,INACTIVE,1662.0,False,False,False,False,True,False
MCH2157,"Ramaswamy, Sundaram and Sachdev",4131,TRANSPORT,INDIVIDUAL,Hyderabad,Telangana,2023-05-25 00:00:00,,ACTIVE,1899.0,False,False,False,False,True,False
MCH2157,"Ramaswamy, Sundaram and Sachdev",4131,TRANSPORT,INDIVIDUAL,Hyderabad,Telangana,2023-05-25 00:00:00,,INACTIVE,1899.0,False,False,False,False,True,False
MCH2169,"Munshi, Srinivas and Ramanathan",5942,BOOKS_STATIONERY,PARTNERSHIP,Chennai,Tamil Nadu,2024-09-07 00:00:00,,ACTIVE,351.61,False,False,False,False,True,False
MCH2172,Pandey Group,5699,APPAREL,INDIVIDUAL,Amritsar,Punjab,2023-10-03 00:00:00,,INACTIVE,544.85,False,False,False,False,True,False
MCH2177,"Boase, Bajaj and Krish",5999,MISC_RETAIL,PRIVATE_LIMITED,Jalandhar,Punjab,2025-08-01 00:00:00,,ACTIVE,420.77,False,False,False,False,True,False
MCH2179,Prakash Inc,5411,GROCERY,PARTNERSHIP,Jalandhar,Punjab,2025-05-14 00:00:00,XXXX7255,ACTIVE,5901.01,False,False,False,False,False,False
MCH2191,"Raval, Halder and Brahmbhatt",5999,MISC_RETAIL,SOLE_PROPRIETOR,Bengaluru,Karnataka,2023-09-15 00:00:00,,ACTIVE,2745.45,False,False,False,False,True,False
MCH2201,"DATE, MUNI AND DASGUPTA",5999,MISC_RETAIL,INDIVIDUAL,Kolkata,West Bengal,2023-07-12 00:00:00,XXXX0883,ACTIVE,238.32,False,False,False,False,False,False
MCH2205,Parmer-Lad,5311,DEPARTMENT_STORE,INDIVIDUAL,Delhi,Delhi,2023-07-01 18:11:38,XXXX3923,ACTIVE,986.0,False,False,False,False,False,False
MCH2205,narayan plc,4131,TRANSPORT,PARTNERSHIP,Hyderabad,Telangana,2023-03-16 14:24:12,,ACTIVE,2136.03,False,False,False,False,True,False
MCH2205,narayan plc,4131,TRANSPORT,PARTNERSHIP,Hyderabad,Telangana,2023-03-16 14:24:12,,INACTIVE,2136.03,False,False,False,False,True,False
MCH2223,"Magar, Krishnamurthy and Maharaj",5942,BOOKS_STATIONERY,PRIVATE_LIMITED,Delhi,Delhi,,XXXX9859,ACTIVE,1565.53,False,False,False,False,False,True
MCH2224,Nadig-Varma,5812,RESTAURANT,PRIVATE_LIMITED,Chennai,Tamil Nadu,2025-10-29 00:00:00,,ACTIVE,2261.0,False,False,False,False,True,False
MCH2229,Maharaj Group,5999,MISC_RETAIL,PRIVATE_LIMITED,Hyderabad,Telangana,2025-12-12 00:00:00,,ACTIVE,289.57,False,False,False,False,True,False
MCH2232,Saha PLC,7011,HOTEL,PARTNERSHIP,Delhi,Delhi,2023-09-28 00:00:00,XXXX1168,INACTIVE,1033.0,False,False,False,False,False,False
MCH2249,Konda Ltd,5411,GROCERY,PRIVATE_LIMITED,Kolkata,West Bengal,2023-10-28 17:22:02,XXXX3349,ACTIVE,1258.0,False,False,False,False,False,False
MCH2249,"Rout, Thaker and Pal",5311,DEPARTMENT_STORE,PARTNERSHIP,Mumbai,Maharashtra,2023-06-15 00:00:00,XXXX2277,ACTIVE,1367.02,True,False,False,False,False,False
MCH2250,Borra and Sons,5942,BOOKS_STATIONERY,INDIVIDUAL,Hyderabad,Telangana,2024-07-18 18:37:00,XXXX4935,ACTIVE,,False,False,False,True,False,False
MCH2264,Sandal-Nadig,5912,PHARMACY,INDIVIDUAL,Kolkata,West Bengal,2024-04-27 17:24:48,,ACTIVE,1380.0,False,False,False,False,True,False
MCH2274,D’Alia Group,4131,TRANSPORT,SOLE_PROPRIETOR,Ludhiana,Punjab,2024-04-26 00:00:00,XXXX0545,INACTIVE,,False,False,False,True,False,False
MCH2274,kade-wadhwa,5699,APPAREL,PARTNERSHIP,Delhi,Delhi,,,ACTIVE,,False,False,False,True,True,True
MCH2284,Wadhwa-Karpe,4131,TRANSPORT,SOLE_PROPRIETOR,Lucknow,Uttar Pradesh,,,INACTIVE,2337.52,True,False,False,False,True,True
MCH2289,Sinha-Purohit,5699,APPAREL,SOLE_PROPRIETOR,Lucknow,Uttar Pradesh,,XXXX7557,INACTIVE,2284.55,False,False,False,False,False,True
MCH2309,TripathiPLC,5411,GROCERY,INDIVIDUAL,Jaipur,Rajasthan,2025-12-22 22:12:34,XXXX1266,ACTIVE,869.28,True,False,False,False,False,False
MCH2310,Char-Singhal,5942,BOOKS_STATIONERY,INDIVIDUAL,Jaipur,Rajasthan,2025-09-08 00:00:00,,ACTIVE,-1253.77,False,False,True,False,True,False
MCH2327,"Ganguly, Grover and Mutti",5999,MISC_RETAIL,SOLE_PROPRIETOR,Jaipur,Rajasthan,2025-01-24 00:00:00,XXXX8996,INACTIVE,12565.25,False,False,False,False,False,False
MCH2350,Tata-Palla,5699,APPAREL,PRIVATE_LIMITED,Jaipur,Rajasthan,2025-01-29 00:00:00,,ACTIVE,1391.95,False,False,False,False,True,False
MCH2356,Baria PLC,5912,PHARMACY,INDIVIDUAL,Ludhiana,Punjab,2024-04-02 11:05:22,,ACTIVE,2672.62,True,False,False,False,True,False
MCH2384,Sarkar-Aur0ra,5912,PHARMACY,SOLE_PROPRIETOR,Jaipur,Rajasthan,2025-01-22 04:54:23,,ACTIVE,4909.55,False,False,False,False,True,False
MCH2384,"Savant, Kant and Chokshi",5699,APPAREL,PARTNERSHIP,Chennai,Tamil Nadu,2024-02-05 00:00:00,,INACTIVE,1196.0,False,False,False,False,True,False
MCH2384,"ATWAL, SAWHNEY AND MAGAR",5999,MISC_RETAIL,SOLE_PROPRIETOR,Lucknow,Uttar Pradesh,2023-01-20 23:37:00,,ACTIVE,638.0,False,False,False,False,True,False
MCH2395,Dara-Natarajan,5999,MISC_RETAIL,PRIVATE_LIMITED,Jalandhar,Punjab,,XXXX6983,ACTIVE,-1204.29,False,False,True,False,False,True
MCH2398,"Nagarajan, Radhakrishnan and Amble",5311,DEPARTMENT_STORE,INDIVIDUAL,Kolkata,West Bengal,2023-08-10 00:00:00,XXXX2048,ACTIVE,3317.39,False,False,False,False,False,False
MCH2418,Dasgupta-Dhingra,4131,TRANSPORT,INDIVIDUAL,Mumbai,Maharashtra,2023-01-26 00:00:00,XXXX0442,INACTIVE,665.99,False,False,False,False,False,False
MCH2418,mangal-krishnamurthy,5942,BOOKS_STATIONERY,INDIVIDUAL,Delhi,Delhi,2024-07-21 00:00:00,,ACTIVE,436.58,False,False,False,False,True,False
MCH2418,Majumdar-Hegde,5411,GROCERY,PARTNERSHIP,Pune,Maharashtra,2023-06-09 13:09:00,,ACTIVE,-2787.7,False,False,True,False,True,False
MCH2422,SAMPATH-BALASUBRAMANIAN,4814,TELECOM,PRIVATE_LIMITED,Bengaluru,Karnataka,2025-06-25 00:00:00,XXXX1719,INACTIVE,2352.58,True,False,False,False,False,False
MCH2423,"lad, kibe and bora",7011,HOTEL,INDIVIDUAL,Pune,Maharashtra,2023-10-25 07:48:35,,INACTIVE,2425.0,False,False,False,False,True,False
MCH2424,Kari-Morar,5999,MISC_RETAIL,SOLE_PROPRIETOR,Mumbai,Maharashtra,,XXXX9821,ACTIVE,763.93,False,False,False,False,False,True
MCH2430,Balay-Golla,5999,MISC_RETAIL,SOLE_PROPRIETOR,Jalandhar,Punjab,2023-01-17 13:33:08,XXXX1658,INACTIVE,-612.46,False,False,True,False,False,False
MCH2435,"Devi, Baral and Chander",5942,BOOKS_STATIONERY,SOLE_PROPRIETOR,Mumbai,Maharashtra,,XXXX8509,ACTIVE,717.95,False,False,False,False,False,True
MCH2436,SHETTY-GOUR,5999,MISC_RETAIL,INDIVIDUAL,Hyderabad,Telangana,2024-06-30 03:59:33,,ACTIVE,2453.33,False,False,False,False,True,False
MCH2444,Barman-Prakash,5999,MISC_RETAIL,INDIVIDUAL,Chennai,Tamil Nadu,,,ACTIVE,,False,False,False,True,True,True
MCH2445,Khare-Sane,5999,MISC_RETAIL,SOLE_PROPRIETOR,Jaipur,Rajasthan,2023-12-05 19:25:57,XXXX8828,ACTIVE,6063.97,True,False,False,False,False,False
MCH2463,Yogi-Dhar,4131,TRANSPORT,PRIVATE_LIMITED,Mumbai,Maharashtra,2023-10-20 20:24:00,XXXX2991,ACTIVE,4463.41,False,False,False,False,False,False
MCH2470,Chadha LLC,5999,MISC_RETAIL,INDIVIDUAL,Lucknow,Uttar Pradesh,2025-01-28 00:00:00,XXXX7528,ACTIVE,144.47,True,False,False,False,False,False
MCH2471,"Pillai, Chopra and Modi",7011,HOTEL,PRIVATE_LIMITED,Delhi,Delhi,,XXXX1830,ACTIVE,606.04,False,False,False,False,False,True
MCH2473,"Gill, Deol and Deep",5411,GROCERY,PRIVATE_LIMITED,Lucknow,Uttar Pradesh,2024-07-09 00:00:00,XXXX3864,ACTIVE,1433.28,False,False,False,False,False,False
MCH2487,Venkatesh Ltd,7011,HOTEL,PARTNERSHIP,Ludhiana,Punjab,,XXXX6471,ACTIVE,2913.12,True,False,False,False,False,True
MCH2492,"Bhatti, Kala and Sahni",4131,TRANSPORT,INDIVIDUAL,Hyderabad,Telangana,2024-12-11 22:36:00,,ACTIVE,2662.9,False,False,False,False,True,False
MCH2492,Chandran Group,5812,RESTAURANT,PARTNERSHIP,Amritsar,Punjab,2023-11-13 00:00:00,,ACTIVE,1360.0,False,False,False,False,True,False
MCH2492,More LLC,5699,APPAREL,PARTNERSHIP,Jaipur,Rajasthan,2023-04-22 00:00:00,XXXX9403,INACTIVE,,False,False,False,True,False,False
MCH2495,"sibal, shankar and malhotra",5699,APPAREL,INDIVIDUAL,Bengaluru,Karnataka,2025-07-20 20:24:00,,ACTIVE,529.0,False,False,False,False,True,False
MCH2503,Chatterjee-Saran,5699,APPAREL,INDIVIDUAL,Jalandhar,Punjab,2024-08-14 00:00:00,XXXX3264,ACTIVE,1760.1,False,False,False,False,False,False
MCH2503,DATE LLC,4814,TELECOM,PRIVATE_LIMITED,Jaipur,Rajasthan,2023-08-06 00:20:53,,ACTIVE,1656.27,False,False,False,False,True,False
MCH2504,"PAU, MODY AND DORA",5912,PHARMACY,PRIVATE_LIMITED,Mumbai,Maharashtra,2023-04-08 00:00:00,XXXX3089,INACTIVE,,False,False,False,True,False,False
MCH2510,sathe plc,5912,PHARMACY,PARTNERSHIP,Chennai,Tamil Nadu,2024-02-02 01:49:36,XXXX9018,ACTIVE,596.36,False,False,False,False,False,False
MCH2522,SINGHAL-CHANA,5999,MISC_RETAIL,PARTNERSHIP,Ludhiana,Punjab,2023-05-12 00:00:00,,INACTIVE,,False,False,False,True,True,False
MCH2525,"Nath, Gaba and Viswanathan",5699,APPAREL,INDIVIDUAL,Mumbai,Maharashtra,2024-12-29 12:44:00,,ACTIVE,518.76,False,False,False,False,True,False
MCH2528,Bumb PLC,4131,TRANSPORT,SOLE_PROPRIETOR,Amritsar,Punjab,2024-06-22 21:11:30,,ACTIVE,,False,False,False,True,True,False
MCH2530,Palla-Datta,5942,BOOKS_STATIONERY,PARTNERSHIP,Pune,Maharashtra,2023-08-03 00:00:00,,ACTIVE,2593.27,False,False,False,False,True,False
MCH2533,"Chhabra, Shah and Tella",5912,PHARMACY,SOLE_PROPRIETOR,Jaipur,Rajasthan,2025-03-05 00:00:00,,ACTIVE,2439.28,False,False,False,False,True,False
MCH2533,"Chana, Joshi and Saran",4131,TRANSPORT,PARTNERSHIP,Lucknow,Uttar Pradesh,2023-11-21 00:00:00,,ACTIVE,296.0,True,False,False,False,True,False
MCH2535,Pall-Dugar,5942,BOOKS_STATIONERY,PRIVATE_LIMITED,Mumbai,Maharashtra,2024-08-29 00:00:00,XXXX2625,ACTIVE,978.69,False,False,False,False,False,False
MCH2550,"Basu, Madan and Chaudry",5999,MISC_RETAIL,PRIVATE_LIMITED,Pune,Maharashtra,2024-10-23 11:38:00,,ACTIVE,1412.55,False,False,False,False,True,False
MCH2550,Dhaliwal LLC,4814,TELECOM,INDIVIDUAL,Chennai,Tamil Nadu,2024-08-25 00:00:00,,ACTIVE,-291.0,False,False,True,False,True,False
MCH2551,Nagarajan and Sons,5812,RESTAURANT,SOLE_PROPRIETOR,Bengaluru,Karnataka,,XXXX3350,ACTIVE,7900.0,True,False,False,False,False,True
MCH2552,"Saran, Dyal and Wable",4814,TELECOM,PARTNERSHIP,Hyderabad,Telangana,2023-10-19 00:00:00,XXXX2290,ACTIVE,1588.96,False,False,False,False,False,False
MCH2588,"Kala, Mahajan and Kumar",5912,PHARMACY,INDIVIDUAL,Jalandhar,Punjab,2023-08-15 00:00:00,,ACTIVE,641.02,False,False,False,False,True,False
MCH2592,"mander, goel and soni",4131,TRANSPORT,INDIVIDUAL,Mumbai,Maharashtra,2023-04-25 00:01:00,,ACTIVE,1371.19,True,False,False,False,True,False
MCH2598,"Dutta, Ramanathan and Date",7011,HOTEL,SOLE_PROPRIETOR,Delhi,Delhi,2024-04-02 00:00:00,XXXX9756,ACTIVE,168.75,True,False,False,False,False,False
MCH2605,Swamy Inc,5812,RESTAURANT,INDIVIDUAL,Chennai,Tamil Nadu,2026-01-22 00:00:00,,INACTIVE,1335.82,False,False,False,False,True,False
MCH2607,Garg PLC,5812,RESTAURANT,INDIVIDUAL,Hyderabad,Telangana,2023-01-31 00:00:00,,ACTIVE,3395.0,False,False,False,False,True,False
MCH2610,Chopra-Narayanan,5311,DEPARTMENT_STORE,SOLE_PROPRIETOR,Delhi,Delhi,2023-07-05 00:00:00,,ACTIVE,1284.93,False,False,False,False,True,False
MCH2623,dara-kulkarni,5942,BOOKS_STATIONERY,SOLE_PROPRIETOR,Kolkata,West Bengal,2025-06-28 00:00:00,,ACTIVE,1296.1,False,False,False,False,True,False
MCH2623,ChokshiLtd,4131,TRANSPORT,PARTNERSHIP,Chennai,Tamil Nadu,2023-05-17 00:00:00,,ACTIVE,,False,False,False,True,True,False
MCH2627,SHANKER PLC,5311,DEPARTMENT_STORE,INDIVIDUAL,Lucknow,Uttar Pradesh,2024-10-16 00:00:00,XXXX5040,ACTIVE,427.05,False,False,False,False,False,False
MCH2634,"Duga1, G0pa1 and La1a",7011,HOTEL,PRIVATE_LIMITED,Lucknow,Uttar Pradesh,2023-11-01 11:24:38,XXXX1684,ACTIVE,3213.29,True,False,False,False,False,False
MCH2648,Batta LLC,5999,MISC_RETAIL,PARTNERSHIP,Jaipur,Rajasthan,2024-10-10 00:00:00,,INACTIVE,416.94,False,False,False,False,True,False
MCH2654,Lanka Inc,7011,HOTEL,SOLE_PROPRIETOR,Jalandhar,Punjab,2024-02-18 07:47:00,,ACTIVE,1563.2,False,False,False,False,True,False
MCH2655,"Brahmbhatt, Desai and Sangha",4814,TELECOM,SOLE_PROPRIETOR,Amritsar,Punjab,2026-01-04 00:00:00,XXXX9649,INACTIVE,3102.0,False,False,False,False,False,False
MCH2656,"Kala, Shetty and Sheth",5411,GROCERY,SOLE_PROPRIETOR,Delhi,Delhi,2023-12-06 01:23:15,,ACTIVE,5073.35,False,False,False,False,True,False
MCH2665,"Goswami, Savant and Kar",5311,DEPARTMENT_STORE,SOLE_PROPRIETOR,Hyderabad,Telangana,2024-03-23 00:00:00,XXXX6615,ACTIVE,1516.75,False,False,False,False,False,False
MCH2674,Rajagopalan Inc,5912,PHARMACY,PARTNERSHIP,Amritsar,Punjab,2023-03-08 00:00:00,,ACTIVE,1499.0,False,False,False,False,True,False
MCH2674,Mistry and Sons,5942,BOOKS_STATIONERY,SOLE_PROPRIETOR,Hyderabad,Telangana,,XXXX8847,ACTIVE,569.39,False,False,False,False,False,True
MCH2676,"Kohli, Biswas and Aggarwal",5912,PHARMACY,PARTNERSHIP,Pune,Maharashtra,2026-01-30 00:00:00,XXXX3020,INACTIVE,,False,False,False,True,False,False
MCH2676,Desai Ltd,4814,TELECOM,PRIVATE_LIMITED,Ludhiana,Punjab,2025-10-05 00:00:00,,ACTIVE,399.5,False,False,False,False,True,False
MCH2681,Mahajan and Sons,5699,APPAREL,SOLE_PROPRIETOR,Bengaluru,Karnataka,2023-03-17 00:00:00,XXXX6222,ACTIVE,721.36,False,False,False,False,False,False
MCH2696,"Dave, Chaudhari and Bhatti",5411,GROCERY,INDIVIDUAL,Delhi,Delhi,2024-11-25 00:00:00,XXXX0248,INACTIVE,-9658.06,False,False,True,False,False,False
MCH2698,KalaLLC,7011,HOTEL,INDIVIDUAL,Lucknow,Uttar Pradesh,2023-08-19 00:00:00,XXXX7898,ACTIVE,3590.19,False,False,False,False,False,False
MCH2698,Purohit-Issac,5999,MISC_RETAIL,INDIVIDUAL,Ludhiana,Punjab,2023-04-15 00:00:00,XXXX7185,INACTIVE,798.99,True,False,False,False,False,False
MCH2701,"Prabhakar, Saraf and Mand",7011,HOTEL,PRIVATE_LIMITED,Hyderabad,Telangana,2023-01-25 00:00:00,XXXX5780,ACTIVE,2599.41,False,False,False,False,False,False
MCH2710,"Ramanathan, Bandi and Edwin",5411,GROCERY,SOLE_PROPRIETOR,Delhi,Delhi,2024-11-07 00:00:00,XXXX9474,ACTIVE,5021.08,False,False,False,False,False,False
MCH2710,"Sami, Sibal and Sabharwal",4814,TELECOM,SOLE_PROPRIETOR,Ludhiana,Punjab,2024-02-08 00:00:00,XXXX5675,ACTIVE,1319.1,False,False,False,False,False,False
MCH2710,Kohli Group,5699,APPAREL,PARTNERSHIP,Delhi,Delhi,2025-05-29 00:00:00,,ACTIVE,2106.0,False,False,False,False,True,False
MCH2719,"SOOD, CHACKO AND CHAUDRY",4131,TRANSPORT,PARTNERSHIP,Mumbai,Maharashtra,2024-04-04 00:00:00,,ACTIVE,3699.12,False,False,False,False,True,False
MCH2723,Mandal PLC,5812,RESTAURANT,INDIVIDUAL,Ludhiana,Punjab,2023-07-28 19:33:37,XXXX4041,ACTIVE,6532.68,True,False,False,False,False,False
MCH2724,Aggarwal Group,5812,RESTAURANT,INDIVIDUAL,Bengaluru,Karnataka,,XXXX8598,ACTIVE,-7977.75,False,False,True,False,False,True
MCH2725,"Sridhar, Jayaraman and Rajagopalan",7011,HOTEL,PRIVATE_LIMITED,Lucknow,Uttar Pradesh,,XXXX1822,INACTIVE,1550.81,True,False,False,False,False,True
MCH2726,"Rastogi, Behl and Purohit",5942,BOOKS_STATIONERY,SOLE_PROPRIETOR,Mumbai,Maharashtra,2025-04-04 00:00:00,XXXX8916,ACTIVE,1692.27,False,False,False,False,False,False
MCH2726,"Shukla, Trivedi and Balan",5411,GROCERY,PRIVATE_LIMITED,Amritsar,Punjab,2023-04-04 00:00:00,XXXX7445,ACTIVE,7491.26,False,False,False,False,False,False
MCH2726,sant-sani,5411,GROCERY,INDIVIDUAL,Lucknow,Uttar Pradesh,2024-01-28 00:00:00,,INACTIVE,2020.62,False,False,False,False,True,False
MCH2727,"viswanathan, kamdar and raman",4814,TELECOM,PARTNERSHIP,Jaipur,Rajasthan,2026-01-22 00:00:00,,ACTIVE,2886.2,False,False,False,False,True,False
MCH2730,Nayar and Sons,7011,HOTEL,SOLE_PROPRIETOR,Jaipur,Rajasthan,2023-06-30 00:00:00,,ACTIVE,1113.62,False,False,False,False,True,False
MCH2738,Grover PLC,4131,TRANSPORT,PARTNERSHIP,Pune,Maharashtra,2025-11-22 22:59:56,,ACTIVE,4547.63,False,False,False,False,True,False
MCH2741,"Wason, Jain and D’Alia",5942,BOOKS_STATIONERY,SOLE_PROPRIETOR,Ludhiana,Punjab,2024-03-23 00:00:00,XXXX6240,INACTIVE,361.19,False,False,False,False,False,False
MCH2742,"Vasa, Devan and Tandon",5699,APPAREL,INDIVIDUAL,Mumbai,Maharashtra,2023-11-13 00:00:00,XXXX3213,ACTIVE,541.72,False,False,False,False,False,False
MCH2749,issac and sons,5912,PHARMACY,SOLE_PROPRIETOR,Mumbai,Maharashtra,2025-03-09 00:00:00,XXXX0087,ACTIVE,,False,False,False,True,False,False
MCH2749,KASHYAP-PILLAI,4131,TRANSPORT,PRIVATE_LIMITED,Bengaluru,Karnataka,2024-07-15 00:00:00,,INACTIVE,,False,False,False,True,True,False
MCH2754,"Lata,WadhwaandParsa",5812,RESTAURANT,SOLE_PROPRIETOR,Bengaluru,Karnataka,2023-06-11 00:00:00,,ACTIVE,11880.54,False,False,False,False,True,False
MCH2754,"Rastogi, Kamdar and Kumer",5912,PHARMACY,SOLE_PROPRIETOR,Chennai,Tamil Nadu,2023-04-27 00:00:00,,ACTIVE,2871.91,False,False,False,False,True,False
MCH2755,Chaudhuri and S0ns,5942,BOOKS_STATIONERY,INDIVIDUAL,Mumbai,Maharashtra,2025-11-29 00:00:00,,ACTIVE,440.0,False,False,False,False,True,False
MCH2755,Wason and Sons,5699,APPAREL,PARTNERSHIP,Bengaluru,Karnataka,,,ACTIVE,-3396.06,False,False,True,False,True,True
MCH2757,Cherian-Parmer,5942,BOOKS_STATIONERY,SOLE_PROPRIETOR,Chennai,Tamil Nadu,2023-05-02 00:00:00,XXXX8567,ACTIVE,1801.26,False,False,False,False,False,False
MCH2765,"SANT, NATT AND SAWHNEY",7011,HOTEL,PRIVATE_LIMITED,Kolkata,West Bengal,2023-04-04 21:56:00,XXXX8678,INACTIVE,1191.66,False,False,False,False,False,False
MCH2765,Buch LLC,4814,TELECOM,INDIVIDUAL,Jaipur,Rajasthan,2024-12-27 22:16:28,,ACTIVE,132.32,False,False,False,False,True,False
MCH2766,"chakraborty, nazareth and dasgupta",5411,GROCERY,PRIVATE_LIMITED,Chennai,Tamil Nadu,2025-05-19 00:00:00,XXXX9451,INACTIVE,2967.83,False,False,False,False,False,False
MCH2766,Lalla Group,4131,TRANSPORT,PRIVATE_LIMITED,Jaipur,Rajasthan,2025-02-06 00:00:00,XXXX8856,ACTIVE,2585.61,False,False,False,False,False,False
MCH2767,"Patel, Jhaveri and Dugar",4814,TELECOM,PRIVATE_LIMITED,Jalandhar,Punjab,2025-06-16 00:00:00,,ACTIVE,1222.94,False,False,False,False,True,False
MCH2767,Banik-Biswas,5411,GROCERY,INDIVIDUAL,Mumbai,Maharashtra,2024-04-01 00:00:00,,INACTIVE,4259.84,True,False,False,False,True,False
MCH2770,Nagi PLC,5999,MISC_RETAIL,INDIVIDUAL,Jaipur,Rajasthan,2024-05-06 13:56:02,,INACTIVE,-4171.07,False,False,True,False,True,False
MCH2772,goyal inc,5942,BOOKS_STATIONERY,INDIVIDUAL,Delhi,Delhi,2023-04-22 00:25:55,,INACTIVE,478.58,False,False,False,False,True,False
MCH2776,"MITTAL, SHAH AND KADE",5411,GROCERY,PRIVATE_LIMITED,Mumbai,Maharashtra,2023-01-27 00:00:00,XXXX5042,ACTIVE,10044.9,False,False,False,False,False,False
MCH2778,Buch-Lala,5912,PHARMACY,INDIVIDUAL,Hyderabad,Telangana,2023-04-27 00:00:00,XXXX6570,ACTIVE,,False,False,False,True,False,False
MCH2786,cheema and sons,5411,GROCERY,SOLE_PROPRIETOR,Bengaluru,Karnataka,2024-10-11 06:21:19,,INACTIVE,5082.9,False,False,False,False,True,False
MCH2786,"MAJUMDAR, RAMACHANDRAN AND BAVA",5699,APPAREL,PRIVATE_LIMITED,Ludhiana,Punjab,2023-12-17 00:00:00,,ACTIVE,1259.46,False,False,False,False,True,False
MCH2792,KrishnamurthyPLC,7011,HOTEL,SOLE_PROPRIETOR,Jalandhar,Punjab,2023-02-03 00:00:00,,ACTIVE,1501.9,False,False,False,False,True,False
MCH2806,"Raman, Aggarwal and Salvi",5999,MISC_RETAIL,PARTNERSHIP,Hyderabad,Telangana,2024-10-16 00:00:00,,ACTIVE,2271.51,False,False,False,False,True,False
MCH2813,"Sha, Bhatia and Vig",5311,DEPARTMENT_STORE,INDIVIDUAL,Chennai,Tamil Nadu,2024-10-24 13:37:28,XXXX7177,INACTIVE,3821.16,True,False,False,False,False,False
MCH2813,"Panchal, Pradhan and Bora",5812,RESTAURANT,INDIVIDUAL,Jalandhar,Punjab,2026-01-05 00:00:00,,ACTIVE,-169.64,False,False,True,False,True,False
MCH2816,Behl Group,5812,RESTAURANT,SOLE_PROPRIETOR,Amritsar,Punjab,2023-02-17 00:00:00,XXXX3050,INACTIVE,5297.33,False,False,False,False,False,False
MCH2817,"hayre, ramesh and parikh",4814,TELECOM,INDIVIDUAL,Kolkata,West Bengal,2025-04-23 01:57:00,XXXX1822,ACTIVE,1790.3,False,False,False,False,False,False
MCH2825,Ku1karni Inc,4814,TELECOM,INDIVIDUAL,Ludhiana,Punjab,2023-07-18 00:00:00,XXXX1186,ACTIVE,1291.01,False,False,False,False,False,False
MCH2838,BOSE-BIR,4814,TELECOM,SOLE_PROPRIETOR,Chennai,Tamil Nadu,2024-07-25 00:00:00,,ACTIVE,3409.39,False,False,False,False,True,False
MCH2842,ANNE LTD,5699,APPAREL,PARTNERSHIP,Delhi,Delhi,2023-03-04 00:00:00,,ACTIVE,1642.14,False,False,False,False,True,False
MCH2849,"BHAVSAR, KOTA AND ZACHARIA",7011,HOTEL,PRIVATE_LIMITED,Ludhiana,Punjab,2025-09-23 00:00:00,,INACTIVE,2432.18,False,False,False,False,True,False
MCH2849,"BHAVSAR, KOTA AND ZACHARIA",7011,HOTEL,PRIVATE_LIMITED,Ludhiana,Punjab,2025-09-23 00:00:00,,ACTIVE,2432.18,False,False,False,False,True,False
MCH2849,Gokhale-Iyengar,4814,TELECOM,PARTNERSHIP,Jalandhar,Punjab,,XXXX9866,ACTIVE,1215.62,False,False,False,False,False,True
MCH2850,Gera-Seth,4814,TELECOM,PRIVATE_LIMITED,Chennai,Tamil Nadu,2023-03-15 00:00:00,,ACTIVE,689.16,False,False,False,False,True,False
MCH2851,Minhas Group,5311,DEPARTMENT_STORE,SOLE_PROPRIETOR,Hyderabad,Telangana,2023-01-25 00:00:00,XXXX8636,ACTIVE,1535.83,False,False,False,False,False,False
MCH2851,Ben Ltd,4131,TRANSPORT,SOLE_PROPRIETOR,Lucknow,Uttar Pradesh,2023-06-24 10:58:00,,ACTIVE,784.0,False,False,False,False,True,False
MCH2879,"Sidhu, Kumer and Venkatesh",4131,TRANSPORT,PARTNERSHIP,Bengaluru,Karnataka,2024-02-14 00:00:00,,ACTIVE,1726.8,False,False,False,False,True,False
MCH2885,"Varkey, Goda and Bala",5812,RESTAURANT,PRIVATE_LIMITED,Mumbai,Maharashtra,2023-01-23 00:00:00,XXXX2844,INACTIVE,4853.92,False,False,False,False,False,False
MCH2886,"Raja, Hayre and Deshmukh",5912,PHARMACY,PRIVATE_LIMITED,Kolkata,West Bengal,2024-07-04 00:00:00,,ACTIVE,511.0,False,False,False,False,True,False
MCH2894,NORI-KURIAN,5812,RESTAURANT,PARTNERSHIP,Lucknow,Uttar Pradesh,2024-12-15 00:00:00,XXXX7563,INACTIVE,-2634.83,False,False,True,False,False,False
MCH2896,"Date, Sahota and Hayre",4131,TRANSPORT,INDIVIDUAL,Chennai,Tamil Nadu,,XXXX4804,ACTIVE,1484.62,False,False,False,False,False,True
MCH2899,Golla Ltd,4131,TRANSPORT,PARTNERSHIP,Jaipur,Rajasthan,,XXXX3887,ACTIVE,5018.99,False,False,False,False,False,True
MCH2902,SAMRA-KAPUR,5411,GROCERY,INDIVIDUAL,Chennai,Tamil Nadu,2024-04-24 00:00:00,XXXX9404,ACTIVE,,False,False,False,True,False,False
MCH2902,"Narang, Varghese and Sur",4131,TRANSPORT,INDIVIDUAL,Amritsar,Punjab,2023-04-11 16:20:00,,ACTIVE,1675.0,False,False,False,False,True,False
MCH2910,"Mall, Sankaran and Mittal",4131,TRANSPORT,PRIVATE_LIMITED,Delhi,Delhi,2025-09-28 00:00:00,XXXX0107,INACTIVE,3631.28,False,False,False,False,False,False
MCH2910,"Mitter, Sekhon and Kunda",5912,PHARMACY,SOLE_PROPRIETOR,Lucknow,Uttar Pradesh,2023-11-04 03:45:23,XXXX8939,ACTIVE,1288.6,False,False,False,False,False,False
MCH2910,"Anand, Bhatia and Bora",5942,BOOKS_STATIONERY,PARTNERSHIP,Pune,Maharashtra,2024-07-27 19:48:30,,ACTIVE,759.28,False,False,False,False,True,False
MCH2912,"Singhal, Iyengar and Balasubramanian",5411,GROCERY,SOLE_PROPRIETOR,Lucknow,Uttar Pradesh,2023-03-08 00:00:00,XXXX9560,INACTIVE,-4518.86,True,False,True,False,False,False
MCH2914,Sharaf-Tara,5311,DEPARTMENT_STORE,INDIVIDUAL,Kolkata,West Bengal,2025-07-02 00:00:00,,ACTIVE,542.0,False,False,False,False,True,False
MCH2915,"Vohra, Pathak and Bumb",5912,PHARMACY,INDIVIDUAL,Kolkata,West Bengal,2025-09-06 00:00:00,,ACTIVE,459.58,False,False,False,False,True,False
MCH2917,"DEOL, KIBE AND KHANNA",5999,MISC_RETAIL,PRIVATE_LIMITED,Delhi,Delhi,2024-07-23 00:00:00,XXXX8419,ACTIVE,356.58,False,False,False,False,False,False
MCH2917,Edwin-Ahuja,5411,GROCERY,SOLE_PROPRIETOR,Jalandhar,Punjab,2023-06-08 23:40:31,XXXX2658,INACTIVE,490.0,False,False,False,False,False,False
MCH2923,Virk Group,4814,TELECOM,INDIVIDUAL,Jalandhar,Punjab,,,ACTIVE,681.07,False,False,False,False,True,True
MCH2934,Warri0r-Siba1,5999,MISC_RETAIL,INDIVIDUAL,Amritsar,Punjab,2025-04-07 00:00:00,,ACTIVE,,False,False,False,True,True,False
MCH2943,Kuruvilla and Sons,5812,RESTAURANT,SOLE_PROPRIETOR,Pune,Maharashtra,,XXXX2640,ACTIVE,1517.82,False,False,False,False,False,True
MCH2946,Nagy-Jani,4131,TRANSPORT,SOLE_PROPRIETOR,Mumbai,Maharashtra,,XXXX6448,ACTIVE,316.0,False,False,False,False,False,True
MCH2954,gour group,5912,PHARMACY,PARTNERSHIP,Kolkata,West Bengal,2024-02-13 21:15:01,,ACTIVE,1398.0,False,False,False,False,True,False
MCH2956,BAVA LTD,4814,TELECOM,INDIVIDUAL,Delhi,Delhi,2023-01-18 00:00:00,XXXX7293,ACTIVE,2838.96,True,False,False,False,False,False
MCH2962,"Bala, Grover and Dutta",5411,GROCERY,PARTNERSHIP,Ludhiana,Punjab,2024-07-12 18:53:51,,ACTIVE,1134.0,False,False,False,False,True,False
MCH2964,"Nanda, Comar and Sachdev",5812,RESTAURANT,SOLE_PROPRIETOR,Delhi,Delhi,2023-03-05 00:00:00,,INACTIVE,1238.67,True,False,False,False,True,False
MCH2981,"Sachdeva, Iyer and Borra",5942,BOOKS_STATIONERY,INDIVIDUAL,Kolkata,West Bengal,2023-07-19 15:05:00,XXXX5061,ACTIVE,841.65,False,False,False,False,False,False
MCH2981,Sami-Sura,5942,BOOKS_STATIONERY,INDIVIDUAL,Kolkata,West Bengal,2023-01-27 00:00:00,,ACTIVE,512.85,False,False,False,False,True,False
MCH2981,"PAREKH, ANAND AND NAGI",4131,TRANSPORT,INDIVIDUAL,Amritsar,Punjab,,XXXX3579,ACTIVE,2350.58,False,False,False,False,False,True
MCH2990,Nazareth Ltd,4814,TELECOM,INDIVIDUAL,Delhi,Delhi,,XXXX9789,ACTIVE,1043.0,False,False,False,False,False,True
MCH2994,Kumar PLC,4814,TELECOM,SOLE_PROPRIETOR,Jalandhar,Punjab,2024-11-13 00:00:00,,ACTIVE,653.34,False,False,False,False,True,False
MCH2995,Kurian-Kumar,5699,APPAREL,INDIVIDUAL,Amritsar,Punjab,2023-10-16 02:32:49,,ACTIVE,,False,False,False,True,True,False
MCH2997,Karan Inc,7011,HOTEL,PRIVATE_LIMITED,Lucknow,Uttar Pradesh,2023-10-16 17:07:00,XXXX7436,ACTIVE,1286.53,False,False,False,False,False,False
MCH2997,Nadkarni Inc,5411,GROCERY,PRIVATE_LIMITED,Hyderabad,Telangana,2025-10-08 23:15:00,,ACTIVE,761.67,True,False,False,False,True,False
MCH3021,"HEGDE, KIBE AND GADE",4814,TELECOM,PRIVATE_LIMITED,Kolkata,West Bengal,2023-09-13 19:33:51,,ACTIVE,,False,False,False,True,True,False
MCH3023,Arora LLC,7011,HOTEL,INDIVIDUAL,Bengaluru,Karnataka,2025-02-03 00:00:00,,INACTIVE,1722.88,False,False,False,False,True,False
MCH3029,hegde-sood,5699,APPAREL,PARTNERSHIP,Ludhiana,Punjab,2023-11-30 03:01:00,XXXX0646,ACTIVE,669.4,False,False,False,False,False,False
MCH3037,Gokhale PLC,5411,GROCERY,PARTNERSHIP,Kolkata,West Bengal,2024-12-13 00:00:00,XXXX1304,INACTIVE,1146.48,False,False,False,False,False,False
MCH3061,Viswanathan Ltd,5942,BOOKS_STATIONERY,PRIVATE_LIMITED,Lucknow,Uttar Pradesh,2025-04-25 00:00:00,,INACTIVE,574.59,False,False,False,False,True,False
MCH3061,Krishnamurthy-Tandon,4131,TRANSPORT,PARTNERSHIP,Pune,Maharashtra,2024-07-26 00:00:00,,ACTIVE,431.86,False,False,False,False,True,False
MCH3070,Agate-Chopra,5411,GROCERY,SOLE_PROPRIETOR,Mumbai,Maharashtra,2025-04-29 00:00:00,XXXX3514,ACTIVE,1355.0,False,False,False,False,False,False
MCH3072,"Bhargava, Shan and Char",5812,RESTAURANT,PRIVATE_LIMITED,Jalandhar,Punjab,2025-11-24 00:00:00,XXXX3450,ACTIVE,2675.68,False,False,False,False,False,False
MCH3072,Varkey-Shanker,5999,MISC_RETAIL,PARTNERSHIP,Mumbai,Maharashtra,2024-11-30 00:00:00,,INACTIVE,852.87,False,False,False,False,True,False
MCH3075,Setty Ltd,5411,GROCERY,PRIVATE_LIMITED,Mumbai,Maharashtra,,,ACTIVE,1370.51,False,False,False,False,True,True
MCH3079,anne-sen,5942,BOOKS_STATIONERY,INDIVIDUAL,Pune,Maharashtra,2025-08-04 00:00:00,,ACTIVE,,False,False,False,True,True,False
MCH3085,Reddy-Wagle,7011,HOTEL,SOLE_PROPRIETOR,Bengaluru,Karnataka,2025-05-27 00:00:00,,ACTIVE,258.0,False,False,False,False,True,False
MCH3085,mander-mital,7011,HOTEL,PRIVATE_LIMITED,Chennai,Tamil Nadu,2024-08-20 01:44:53,,ACTIVE,3842.0,False,False,False,False,True,False
MCH3085,mander-mital,7011,HOTEL,PRIVATE_LIMITED,Chennai,Tamil Nadu,2024-08-20 01:44:53,,INACTIVE,3842.0,False,False,False,False,True,False
MCH3086,Nori-Mishra,5912,PHARMACY,SOLE_PROPRIETOR,Kolkata,West Bengal,2023-05-20 00:00:00,,INACTIVE,1788.09,False,False,False,False,True,False
MCH3093,"DUBE, VENKATESH AND JHA",5999,MISC_RETAIL,PRIVATE_LIMITED,Kolkata,West Bengal,2024-10-22 10:22:00,XXXX4519,ACTIVE,1107.0,False,False,False,False,False,False
MCH3093,Keer Inc,4814,TELECOM,INDIVIDUAL,Jalandhar,Punjab,,XXXX0175,INACTIVE,-881.76,False,False,True,False,False,True
MCH3094,Bali Inc,4814,TELECOM,SOLE_PROPRIETOR,Jalandhar,Punjab,,XXXX9963,ACTIVE,,False,False,False,True,False,True
MCH3122,"Bobal, Ramachandran and Guha",5912,PHARMACY,SOLE_PROPRIETOR,Kolkata,West Bengal,2025-01-21 00:00:00,XXXX6972,ACTIVE,1010.17,False,False,False,False,False,False
MCH3122,Lala-Chaudhari,4814,TELECOM,SOLE_PROPRIETOR,Ludhiana,Punjab,2024-09-12 00:00:00,XXXX8953,ACTIVE,380.73,False,False,False,False,False,False
MCH3139,"Chaudhry, Barman and Choudhury",5942,BOOKS_STATIONERY,SOLE_PROPRIETOR,Bengaluru,Karnataka,2024-01-12 22:39:28,XXXX9524,ACTIVE,4138.0,False,False,False,False,False,False
MCH3139,Arya-Rau,7011,HOTEL,SOLE_PROPRIETOR,Kolkata,West Bengal,2024-05-17 00:00:00,,ACTIVE,10507.41,False,False,False,False,True,False
MCH3140,"Zachariah,RajagopalandSamra",4814,TELECOM,PRIVATE_LIMITED,Amritsar,Punjab,2023-09-04 17:37:45,,ACTIVE,363.21,False,False,False,False,True,False
MCH3163,Dada-Kalita,5912,PHARMACY,PARTNERSHIP,Hyderabad,Telangana,2026-01-16 00:00:00,,ACTIVE,963.91,False,False,False,False,True,False
MCH3163,Hora-Peri,5999,MISC_RETAIL,PARTNERSHIP,Kolkata,West Bengal,2025-08-22 19:53:51,XXXX6707,ACTIVE,,False,False,False,True,False,False
MCH3172,KumarandSons,5311,DEPARTMENT_STORE,PARTNERSHIP,Amritsar,Punjab,2026-01-14 00:00:00,,ACTIVE,3144.22,False,False,False,False,True,False
MCH3177,"Shere, Pal and Kothari",5942,BOOKS_STATIONERY,PRIVATE_LIMITED,Jaipur,Rajasthan,2024-12-04 00:00:00,XXXX6075,INACTIVE,785.75,False,False,False,False,False,False
MCH3179,"Sarma, Singh and Char",5311,DEPARTMENT_STORE,INDIVIDUAL,Hyderabad,Telangana,,,ACTIVE,1817.49,False,False,False,False,True,True
MCH3189,Prasad Inc,4814,TELECOM,INDIVIDUAL,Lucknow,Uttar Pradesh,2025-07-30 00:00:00,,ACTIVE,2516.09,False,False,False,False,True,False
MCH3189,Walla-Sawhney,4814,TELECOM,PARTNERSHIP,Bengaluru,Karnataka,2024-05-14 00:00:00,XXXX3998,ACTIVE,,False,False,False,True,False,False
MCH3189,De-Kakar,4131,TRANSPORT,SOLE_PROPRIETOR,Hyderabad,Telangana,2023-07-21 00:00:00,XXXX0314,INACTIVE,,False,False,False,True,False,False
MCH3206,Ray Inc,7011,HOTEL,INDIVIDUAL,Kolkata,West Bengal,2024-08-27 09:49:12,XXXX8907,ACTIVE,490.27,False,False,False,False,False,False
MCH3232,"Sarraf,ChaudhuriandAcharya",5812,RESTAURANT,SOLE_PROPRIETOR,Kolkata,West Bengal,2024-05-29 00:00:00,,ACTIVE,,False,False,False,True,True,False
MCH3237,Gaba Inc,5999,MISC_RETAIL,SOLE_PROPRIETOR,Delhi,Delhi,2023-03-06 15:03:00,XXXX6869,ACTIVE,,False,False,False,True,False,False
MCH3254,Maharaj-Sharaf,5942,BOOKS_STATIONERY,PARTNERSHIP,Amritsar,Punjab,2024-03-12 00:00:00,XXXX6991,ACTIVE,958.41,False,False,False,False,False,False
MCH3259,Deep and Sons,5912,PHARMACY,PARTNERSHIP,Delhi,Delhi,,XXXX6061,ACTIVE,308.57,False,False,False,False,False,True
MCH3260,Rana and Sons,5311,DEPARTMENT_STORE,INDIVIDUAL,Amritsar,Punjab,2023-09-23 00:00:00,,ACTIVE,4589.68,False,False,False,False,True,False
MCH3263,Barman Inc,5942,BOOKS_STATIONERY,PARTNERSHIP,Kolkata,West Bengal,2024-12-24 00:00:00,XXXX0034,ACTIVE,-2889.21,True,False,True,False,False,False
MCH3264,Gopal Ltd,7011,HOTEL,SOLE_PROPRIETOR,Pune,Maharashtra,2023-05-14 07:52:02,,ACTIVE,1501.67,False,False,False,False,True,False
MCH3265,"PRAKASH, WABLE AND GANESH",4814,TELECOM,INDIVIDUAL,Jaipur,Rajasthan,2025-11-13 00:00:00,,INACTIVE,1446.0,True,False,False,False,True,False
MCH3265,Rau PLC,5311,DEPARTMENT_STORE,PARTNERSHIP,Pune,Maharashtra,2023-07-01 00:00:00,,ACTIVE,843.84,False,False,False,False,True,False
MCH3267,"Dara, Rama and Ben",4814,TELECOM,PARTNERSHIP,Ludhiana,Punjab,2024-11-02 02:35:26,,ACTIVE,471.18,False,False,False,False,True,False
MCH3281,Thakur-Gade,5912,PHARMACY,SOLE_PROPRIETOR,Delhi,Delhi,,XXXX4216,INACTIVE,432.42,False,False,False,False,False,True
MCH3288,Kuruvilla-Kala,4814,TELECOM,PARTNERSHIP,Kolkata,West Bengal,2025-07-17 06:27:40,XXXX3769,ACTIVE,,False,False,False,True,False,False
MCH3289,Rajagopalan-Master,5912,PHARMACY,PRIVATE_LIMITED,Mumbai,Maharashtra,2025-05-17 00:00:00,XXXX9971,ACTIVE,,False,False,False,True,False,False
MCH3292,Sehgal-Kapur,5912,PHARMACY,PRIVATE_LIMITED,Jalandhar,Punjab,2025-03-06 00:00:00,,ACTIVE,751.44,False,False,False,False,True,False
MCH3292,Ravi-Keer,5311,DEPARTMENT_STORE,PRIVATE_LIMITED,Jalandhar,Punjab,2023-11-21 00:00:00,,ACTIVE,9611.45,True,False,False,False,True,False
MCH3292,Ravi-Keer,5311,DEPARTMENT_STORE,PRIVATE_LIMITED,Jalandhar,Punjab,2023-11-21 00:00:00,,INACTIVE,9611.45,True,False,False,False,True,False
MCH3308,Setty LLC,5942,BOOKS_STATIONERY,PARTNERSHIP,Pune,Maharashtra,2023-06-28 00:00:00,,ACTIVE,883.84,False,False,False,False,True,False
MCH3308,Misra Inc,5311,DEPARTMENT_STORE,SOLE_PROPRIETOR,Ludhiana,Punjab,,XXXX8437,ACTIVE,8756.33,False,False,False,False,False,True
MCH3311,"Agarwal, Bhandari and Varma",5699,APPAREL,INDIVIDUAL,Lucknow,Uttar Pradesh,2023-10-16 00:00:00,XXXX2693,ACTIVE,1187.8,False,False,False,False,False,False
MCH3324,"Thaman, Rajagopal and Borde",7011,HOTEL,PRIVATE_LIMITED,Jalandhar,Punjab,2023-10-09 00:00:00,,INACTIVE,366.78,False,False,False,False,True,False
MCH3325,Varty-Vig,5912,PHARMACY,PARTNERSHIP,Kolkata,West Bengal,2023-10-29 00:00:00,XXXX1753,INACTIVE,4212.0,False,False,False,False,False,False
MCH3328,"NARANG, LAL AND BHALLA",5942,BOOKS_STATIONERY,SOLE_PROPRIETOR,Kolkata,West Bengal,2024-10-20 00:00:00,XXXX6467,ACTIVE,3697.78,False,False,False,False,False,False
MCH3328,Yadav and Sons,4814,TELECOM,PARTNERSHIP,Lucknow,Uttar Pradesh,2023-04-20 00:00:00,XXXX2123,ACTIVE,1324.81,False,False,False,False,False,False
MCH3328,Jha-Chaha1,5311,DEPARTMENT_STORE,INDIVIDUAL,Kolkata,West Bengal,2023-04-13 00:00:00,XXXX2857,ACTIVE,,False,False,False,True,False,False
MCH3340,VARTY-CHOKSHI,5999,MISC_RETAIL,PARTNERSHIP,Chennai,Tamil Nadu,2023-04-07 03:02:50,,ACTIVE,311.76,False,False,False,False,True,False
MCH3353,bhardwaj and sons,5912,PHARMACY,PARTNERSHIP,Bengaluru,Karnataka,2023-02-23 13:02:00,,INACTIVE,4012.28,True,False,False,False,True,False
MCH3357,"Batta, Kannan and Srinivas",4814,TELECOM,PARTNERSHIP,Delhi,Delhi,2023-10-27 00:00:00,,ACTIVE,2454.25,False,False,False,False,True,False
MCH3369,Hans LLC,5942,BOOKS_STATIONERY,SOLE_PROPRIETOR,Mumbai,Maharashtra,,XXXX3349,ACTIVE,3188.62,False,False,False,False,False,True
MCH3371,Bath PLC,4814,TELECOM,PRIVATE_LIMITED,Chennai,Tamil Nadu,2024-06-16 00:00:00,XXXX9871,ACTIVE,1557.07,True,False,False,False,False,False
MCH3371,Ganguly Group,5699,APPAREL,SOLE_PROPRIETOR,Lucknow,Uttar Pradesh,2024-11-18 12:48:12,,ACTIVE,304.02,False,False,False,False,True,False
MCH3382,Walla-Rau,5311,DEPARTMENT_STORE,INDIVIDUAL,Mumbai,Maharashtra,,,INACTIVE,2452.74,False,False,False,False,True,True
MCH3384,BALA-DHALIWAL,5942,BOOKS_STATIONERY,INDIVIDUAL,Mumbai,Maharashtra,,,ACTIVE,635.55,False,False,False,False,True,True
MCH3386,Mody LLC,5311,DEPARTMENT_STORE,SOLE_PROPRIETOR,Mumbai,Maharashtra,2023-12-21 00:00:00,XXXX6450,ACTIVE,1737.99,False,False,False,False,False,False
MCH3388,"Chaudhary, Patel and Bhatti",7011,HOTEL,PARTNERSHIP,Delhi,Delhi,2026-02-10 03:56:14,,INACTIVE,2198.14,False,False,False,False,True,False
MCH3388,Prakash Inc,5999,MISC_RETAIL,INDIVIDUAL,Kolkata,West Bengal,2024-02-14 00:00:00,,INACTIVE,1438.0,False,False,False,False,True,False
MCH3389,Korpal-Hegde,5912,PHARMACY,INDIVIDUAL,Ludhiana,Punjab,2023-11-04 00:37:00,,ACTIVE,-877.98,True,False,True,False,True,False
MCH3395,Merchant-Johal,4131,TRANSPORT,INDIVIDUAL,Lucknow,Uttar Pradesh,,XXXX5972,ACTIVE,2176.33,False,False,False,False,False,True
MCH3399,Rana-Talwar,5912,PHARMACY,PRIVATE_LIMITED,Mumbai,Maharashtra,2024-03-30 09:48:22,XXXX6984,ACTIVE,575.9,False,False,False,False,False,False
MCH3438,Kapur-Mangat,4131,TRANSPORT,PARTNERSHIP,Hyderabad,Telangana,,XXXX6916,ACTIVE,1153.19,False,False,False,False,False,True
MCH3438,Sodhi-Khosla,5311,DEPARTMENT_STORE,PRIVATE_LIMITED,Amritsar,Punjab,,XXXX2260,ACTIVE,,False,False,False,True,False,True
MCH3439,"Grewal, Kar and Krishnan",4814,TELECOM,PARTNERSHIP,Ludhiana,Punjab,2025-08-08 00:00:00,,INACTIVE,761.0,False,False,False,False,True,False
MCH3442,"Thaman, Tata and Divan",5411,GROCERY,SOLE_PROPRIETOR,Jalandhar,Punjab,2024-07-01 05:17:00,XXXX9606,INACTIVE,486.0,False,False,False,False,False,False
MCH3442,Garg-Borah,4131,TRANSPORT,PARTNERSHIP,Chennai,Tamil Nadu,2023-09-29 10:20:54,XXXX1583,ACTIVE,3562.63,False,False,False,False,False,False
MCH3442,Kuruvilla Ltd,5411,GROCERY,PARTNERSHIP,Hyderabad,Telangana,2023-11-04 00:00:00,,INACTIVE,1281.68,False,False,False,False,True,False
MCH3449,"Sundaram, Dasgupta and Dutt",5999,MISC_RETAIL,INDIVIDUAL,Chennai,Tamil Nadu,2025-06-14 00:00:00,XXXX3739,INACTIVE,436.0,False,False,False,False,False,False
MCH3487,Subramanian Inc,5812,RESTAURANT,INDIVIDUAL,Pune,Maharashtra,2025-07-26 00:00:00,,ACTIVE,1612.87,False,False,False,False,True,False
MCH3487,Mutti Inc,5699,APPAREL,SOLE_PROPRIETOR,Kolkata,West Bengal,2023-07-24 00:00:00,,ACTIVE,-1198.59,False,False,True,False,True,False
MCH3499,"Gaba, Nanda and Pillay",5812,RESTAURANT,PRIVATE_LIMITED,Mumbai,Maharashtra,2023-09-30 00:00:00,,ACTIVE,804.98,False,False,False,False,True,False
MCH3509,Dara-Rajagopalan,5912,PHARMACY,SOLE_PROPRIETOR,Kolkata,West Bengal,2023-09-09 00:00:00,XXXX7088,ACTIVE,1651.56,False,False,False,False,False,False
MCH3520,Jhaveri and Sons,7011,HOTEL,INDIVIDUAL,Bengaluru,Karnataka,2023-03-22 00:00:00,XXXX2357,ACTIVE,1231.0,False,False,False,False,False,False
MCH3535,"Mammen, Patla and Kala",4131,TRANSPORT,SOLE_PROPRIETOR,Jaipur,Rajasthan,2025-08-08 00:00:00,,ACTIVE,1091.98,False,False,False,False,True,False
MCH3536,Shankar Group,5942,BOOKS_STATIONERY,PARTNERSHIP,Kolkata,West Bengal,2024-11-03 17:18:07,,ACTIVE,1640.82,False,False,False,False,True,False
MCH3541,"SRIVASTAVA, TELLA AND KONDA",4814,TELECOM,PRIVATE_LIMITED,Delhi,Delhi,2024-10-31 00:00:00,XXXX6960,INACTIVE,2341.43,False,False,False,False,False,False
MCH3553,"Goda, Padmanabhan and Goswami",4131,TRANSPORT,INDIVIDUAL,Jaipur,Rajasthan,,,INACTIVE,1035.0,False,False,False,False,True,True
MCH3556,"Sant, 0ak and Jani",4814,TELECOM,PRIVATE_LIMITED,Kolkata,West Bengal,2024-03-29 00:00:00,,ACTIVE,-515.95,False,False,True,False,True,False
MCH3558,Balakrishnan LLC,5311,DEPARTMENT_STORE,SOLE_PROPRIETOR,Bengaluru,Karnataka,2023-06-17 00:45:00,XXXX0210,INACTIVE,918.0,False,False,False,False,False,False
MCH3558,BRAHMBHATT-PERI,7011,HOTEL,SOLE_PROPRIETOR,Pune,Maharashtra,2025-10-14 11:56:55,XXXX2637,ACTIVE,,False,False,False,True,False,False
MCH3559,Chokshi Inc,5812,RESTAURANT,PRIVATE_LIMITED,Bengaluru,Karnataka,2024-12-23 00:00:00,XXXX5330,ACTIVE,-535.7,False,False,True,False,False,False
MCH3561,"KEER, NATT AND KADAKIA",4814,TELECOM,INDIVIDUAL,Kolkata,West Bengal,2023-03-04 00:00:00,,ACTIVE,277.0,False,False,False,False,True,False
MCH3563,Dhar-Wable,5812,RESTAURANT,SOLE_PROPRIETOR,Chennai,Tamil Nadu,2023-12-25 00:00:00,XXXX0345,ACTIVE,748.96,True,False,False,False,False,False
MCH3563,Devi-Dasgupta,4131,TRANSPORT,PARTNERSHIP,Jalandhar,Punjab,2023-08-09 08:21:00,,ACTIVE,418.41,False,False,False,False,True,False
MCH3564,"Konda, Natarajan and Chawla",5999,MISC_RETAIL,PRIVATE_LIMITED,Amritsar,Punjab,2025-10-08 00:00:00,,ACTIVE,982.65,False,False,False,False,True,False
MCH3567,Kala Ltd,4814,TELECOM,SOLE_PROPRIETOR,Amritsar,Punjab,2023-05-15 00:00:00,XXXX4197,INACTIVE,1794.62,False,False,False,False,False,False
MCH3567,"Ahuja, Mody and Radhakrishnan",5411,GROCERY,SOLE_PROPRIETOR,Lucknow,Uttar Pradesh,2023-09-24 03:33:54,,ACTIVE,1060.67,False,False,False,False,True,False
MCH3572,"V0hra, Chander and Padmanabhan",5812,RESTAURANT,SOLE_PROPRIETOR,Hyderabad,Telangana,2024-05-16 11:42:00,,ACTIVE,793.52,False,False,False,False,True,False
MCH3577,"Ratta, Mane and Kapadia",5812,RESTAURANT,INDIVIDUAL,Amritsar,Punjab,,XXXX9384,ACTIVE,1820.36,False,False,False,False,False,True
MCH3586,"Ghose, Ganesh and Edwin",4814,TELECOM,SOLE_PROPRIETOR,Kolkata,West Bengal,2023-09-15 06:20:33,XXXX8243,INACTIVE,1437.0,False,False,False,False,False,False
MCH3587,Sagar-Raval,7011,HOTEL,PARTNERSHIP,Jalandhar,Punjab,2024-07-31 00:00:00,,INACTIVE,1064.25,False,False,False,False,True,False
MCH3593,"Kara,BrarandApte",4814,TELECOM,PRIVATE_LIMITED,Mumbai,Maharashtra,2023-12-04 15:44:19,,INACTIVE,474.6,False,False,False,False,True,False
MCH3594,Khalsa Inc,5999,MISC_RETAIL,PARTNERSHIP,Chennai,Tamil Nadu,,XXXX4056,ACTIVE,381.0,False,False,False,False,False,True
MCH3596,"S01anki, Singha1 and S0man",5699,APPAREL,INDIVIDUAL,Jaipur,Rajasthan,2023-04-03 00:00:00,,INACTIVE,330.41,False,False,False,False,True,False
MCH3600,Bhat-Naik,5999,MISC_RETAIL,PRIVATE_LIMITED,Amritsar,Punjab,,XXXX0331,ACTIVE,3889.22,False,False,False,False,False,True
MCH3601,Lanka Inc,5942,BOOKS_STATIONERY,INDIVIDUAL,Pune,Maharashtra,2025-05-14 07:26:19,,ACTIVE,4672.85,False,False,False,False,True,False
MCH3604,"Shetty, Bali and Sama",5411,GROCERY,PARTNERSHIP,Ludhiana,Punjab,2023-01-04 01:07:44,XXXX7557,INACTIVE,394.0,False,False,False,False,False,False
MCH3604,Dara-Borde,5942,BOOKS_STATIONERY,SOLE_PROPRIETOR,Ludhiana,Punjab,2025-10-03 00:00:00,,ACTIVE,,False,False,False,True,True,False
MCH3610,KHANNA-GOSWAMI,4814,TELECOM,SOLE_PROPRIETOR,Amritsar,Punjab,2023-07-11 00:00:00,,ACTIVE,940.6,True,False,False,False,True,False
MCH3612,Lal Inc,4814,TELECOM,INDIVIDUAL,Pune,Maharashtra,2025-01-07 06:10:00,XXXX1339,ACTIVE,354.59,False,False,False,False,False,False
MCH3612,Vaidya-Arya,5311,DEPARTMENT_STORE,PRIVATE_LIMITED,Kolkata,West Bengal,2023-09-01 00:00:00,XXXX2199,ACTIVE,695.7,False,False,False,False,False,False
MCH3612,"Manne, Dutt and Sah0ta",7011,HOTEL,SOLE_PROPRIETOR,Jaipur,Rajasthan,2023-06-13 00:00:00,XXXX3586,ACTIVE,605.01,False,False,False,False,False,False
MCH3612,Dara-Rama,5942,BOOKS_STATIONERY,SOLE_PROPRIETOR,Delhi,Delhi,2024-04-10 00:00:00,,ACTIVE,2252.16,False,False,False,False,True,False
MCH3616,DUA GROUP,5942,BOOKS_STATIONERY,PRIVATE_LIMITED,Lucknow,Uttar Pradesh,2026-02-24 20:51:00,XXXX9891,ACTIVE,,False,False,False,True,False,False
MCH3616,Bakshi Group,4131,TRANSPORT,PRIVATE_LIMITED,Hyderabad,Telangana,2024-03-13 21:36:11,,ACTIVE,1136.19,True,False,False,False,True,False
MCH3616,"Comar, Munshi and Kakar",5311,DEPARTMENT_STORE,PRIVATE_LIMITED,Amritsar,Punjab,2023-09-07 00:00:00,,ACTIVE,377.75,False,False,False,False,True,False
MCH3625,Lall Inc,5699,APPAREL,INDIVIDUAL,Kolkata,West Bengal,2023-07-16 00:00:00,XXXX9876,INACTIVE,691.1,False,False,False,False,False,False
MCH3637,Pai-Parikh,5812,RESTAURANT,SOLE_PROPRIETOR,Hyderabad,Telangana,2024-06-26 00:00:00,,ACTIVE,3420.81,False,False,False,False,True,False
MCH3656,Agrawal Ltd,4814,TELECOM,PRIVATE_LIMITED,Ludhiana,Punjab,2024-08-05 00:00:00,XXXX7009,ACTIVE,3644.12,False,False,False,False,False,False
MCH3656,kurian-chad,5812,RESTAURANT,INDIVIDUAL,Kolkata,West Bengal,2024-12-18 00:21:00,,ACTIVE,,True,False,False,True,True,False
MCH3659,Ch0udhary-Sama,5912,PHARMACY,SOLE_PROPRIETOR,Chennai,Tamil Nadu,2024-06-13 05:48:52,XXXX0305,INACTIVE,1376.76,False,False,False,False,False,False
MCH3659,Samra Inc,5812,RESTAURANT,INDIVIDUAL,Chennai,Tamil Nadu,2023-04-11 10:53:00,XXXX6049,ACTIVE,2958.27,False,False,False,False,False,False
MCH3659,Kashyap LLC,4131,TRANSPORT,PARTNERSHIP,Pune,Maharashtra,2025-07-06 00:00:00,,ACTIVE,403.54,False,False,False,False,True,False
MCH3659,TANDON PLC,5411,GROCERY,INDIVIDUAL,Lucknow,Uttar Pradesh,2024-01-30 00:00:00,,INACTIVE,1421.27,False,False,False,False,True,False
MCH3661,"Tak, Sandhu and Baria",5311,DEPARTMENT_STORE,INDIVIDUAL,Bengaluru,Karnataka,2023-04-02 00:00:00,XXXX5285,INACTIVE,865.02,False,False,False,False,False,False
MCH3662,Dalal-Arora,4814,TELECOM,SOLE_PROPRIETOR,Kolkata,West Bengal,2024-09-01 00:00:00,,ACTIVE,4799.31,True,False,False,False,True,False
MCH3662,Banerjee LLC,5699,APPAREL,INDIVIDUAL,Hyderabad,Telangana,2024-03-15 00:00:00,,INACTIVE,1998.0,False,False,False,False,True,False
MCH3662,dey llc,5999,MISC_RETAIL,SOLE_PROPRIETOR,Kolkata,West Bengal,2023-09-24 17:57:18,XXXX8815,INACTIVE,,False,False,False,True,False,False
MCH3663,Kunda-Chaudhuri,7011,HOTEL,PARTNERSHIP,Jaipur,Rajasthan,2024-11-20 00:00:00,,INACTIVE,1356.0,True,False,False,False,True,False
MCH3672,"Ray, Radhakrishnan and Parmar",7011,HOTEL,PRIVATE_LIMITED,Lucknow,Uttar Pradesh,2024-11-30 20:09:36,XXXX1446,ACTIVE,-801.35,False,False,True,False,False,False
MCH3675,Soman LLC,5999,MISC_RETAIL,INDIVIDUAL,Hyderabad,Telangana,2026-02-13 00:00:00,,INACTIVE,223.0,False,False,False,False,True,False
MCH3677,Choudhury-Radhakrishnan,7011,HOTEL,PARTNERSHIP,Jalandhar,Punjab,2025-01-29 00:00:00,,ACTIVE,226.71,False,False,False,False,True,False
MCH3680,Gala and Sons,4131,TRANSPORT,PARTNERSHIP,Delhi,Delhi,2023-12-31 00:00:00,,ACTIVE,962.0,False,False,False,False,True,False
MCH3682,"Upadhyay, Soni and Dhawan",4131,TRANSPORT,SOLE_PROPRIETOR,Chennai,Tamil Nadu,2025-09-16 00:00:00,XXXX0969,INACTIVE,3236.27,False,False,False,False,False,False
MCH3698,Khanna-Bail,5912,PHARMACY,PARTNERSHIP,Lucknow,Uttar Pradesh,2024-11-10 00:00:00,,ACTIVE,2901.24,False,False,False,False,True,False
MCH3699,borra and sons,5942,BOOKS_STATIONERY,PRIVATE_LIMITED,Pune,Maharashtra,2025-12-17 22:31:06,,INACTIVE,790.7,False,False,False,False,True,False
MCH3700,Nath-Chakrabarti,5812,RESTAURANT,PARTNERSHIP,Chennai,Tamil Nadu,2025-03-25 03:11:06,,ACTIVE,1733.0,False,False,False,False,True,False
MCH3705,Vig Ltd,5942,BOOKS_STATIONERY,INDIVIDUAL,Chennai,Tamil Nadu,,,ACTIVE,1102.78,False,False,False,False,True,True
MCH3722,Upadhyay-Issac,5999,MISC_RETAIL,PRIVATE_LIMITED,Amritsar,Punjab,2024-01-13 00:00:00,XXXX8072,INACTIVE,2279.6,False,False,False,False,False,False
MCH3722,"BEN, DHINGRA AND GARDE",5942,BOOKS_STATIONERY,PRIVATE_LIMITED,Delhi,Delhi,2025-01-28 00:00:00,,INACTIVE,163.22,False,False,False,False,True,False
MCH3725,Puri PLC,5812,RESTAURANT,SOLE_PROPRIETOR,Amritsar,Punjab,2023-01-23 00:00:00,XXXX0142,ACTIVE,6457.0,False,False,False,False,False,False
MCH3736,Goyal-Thakur,5411,GROCERY,INDIVIDUAL,Bengaluru,Karnataka,2023-12-08 00:00:00,,ACTIVE,1865.39,False,False,False,False,True,False
MCH3736,"Chanda, Bandi and Pandya",4814,TELECOM,PARTNERSHIP,Hyderabad,Telangana,2023-04-25 00:48:36,,ACTIVE,812.06,False,False,False,False,True,False
MCH3736,"Chanda, Bandi and Pandya",4814,TELECOM,PARTNERSHIP,Hyderabad,Telangana,2023-04-25 00:48:36,,INACTIVE,812.06,False,False,False,False,True,False
MCH3753,"Raj, Gole and Bansal",5411,GROCERY,PRIVATE_LIMITED,Jalandhar,Punjab,2024-12-02 00:00:00,XXXX3925,ACTIVE,2699.51,False,False,False,False,False,False
MCH3753,Kala Ltd,4814,TELECOM,INDIVIDUAL,Kolkata,West Bengal,2024-03-20 00:00:00,XXXX7019,ACTIVE,411.14,False,False,False,False,False,False
MCH3778,Karnik Inc,5912,PHARMACY,SOLE_PROPRIETOR,Jaipur,Rajasthan,,XXXX9060,INACTIVE,1211.0,False,False,False,False,False,True
MCH3780,HEGDE GROUP,5311,DEPARTMENT_STORE,PRIVATE_LIMITED,Lucknow,Uttar Pradesh,2026-02-27 20:38:00,XXXX3079,ACTIVE,315.62,False,False,False,False,False,False
MCH3780,"DASS, BATH AND HALDER",5311,DEPARTMENT_STORE,SOLE_PROPRIETOR,Chennai,Tamil Nadu,2024-02-11 00:00:00,,ACTIVE,2876.39,False,False,False,False,True,False
MCH3787,Rajan-Swaminathan,7011,HOTEL,PRIVATE_LIMITED,Kolkata,West Bengal,2024-02-07 11:49:11,,ACTIVE,,False,False,False,True,True,False
MCH3788,"Divan, Kadakia and Kuruvilla",5311,DEPARTMENT_STORE,PRIVATE_LIMITED,Chennai,Tamil Nadu,2025-06-27 00:00:00,,ACTIVE,10161.82,False,False,False,False,True,False
MCH3788,Kuruvilla Ltd,5411,GROCERY,SOLE_PROPRIETOR,Hyderabad,Telangana,2024-10-03 00:00:00,,ACTIVE,4329.09,False,False,False,False,True,False
MCH3788,Kuruvilla Ltd,5411,GROCERY,SOLE_PROPRIETOR,Hyderabad,Telangana,2024-10-03 00:00:00,,INACTIVE,4329.09,False,False,False,False,True,False
MCH3796,Swaminathan Ltd,5699,APPAREL,PARTNERSHIP,Pune,Maharashtra,2023-02-04 20:17:32,,ACTIVE,1024.22,False,False,False,False,True,False
MCH3806,Thakkar-Kara,5942,BOOKS_STATIONERY,SOLE_PROPRIETOR,Jaipur,Rajasthan,2024-09-06 10:40:33,XXXX0788,ACTIVE,2156.0,False,False,False,False,False,False
MCH3829,"Seshadri, Bansal and Ahluwalia",5311,DEPARTMENT_STORE,SOLE_PROPRIETOR,Pune,Maharashtra,2024-09-20 00:00:00,XXXX3092,INACTIVE,1296.0,False,False,False,False,False,False
MCH3837,Bhat Group,5311,DEPARTMENT_STORE,INDIVIDUAL,Delhi,Delhi,2026-01-17 00:00:00,XXXX7816,ACTIVE,-2613.11,False,False,True,False,False,False
MCH3837,Bhat Group,5311,DEPARTMENT_STORE,INDIVIDUAL,Delhi,Delhi,2026-01-17 00:00:00,XXXX7816,INACTIVE,-2613.11,False,False,True,False,False,False
MCH3837,"Balakrishnan, Mane and Ranganathan",5812,RESTAURANT,PARTNERSHIP,Delhi,Delhi,2025-03-22 23:37:10,XXXX2369,ACTIVE,866.44,False,False,False,False,False,False
MCH3837,"Sankar, Dass and Sarna",7011,HOTEL,SOLE_PROPRIETOR,Lucknow,Uttar Pradesh,2024-04-01 00:00:00,,ACTIVE,568.41,False,False,False,False,True,False
MCH3841,"SANDHU, KHOSLA AND GUHA",5999,MISC_RETAIL,PARTNERSHIP,Bengaluru,Karnataka,2024-09-16 00:00:00,XXXX3593,ACTIVE,2207.18,False,False,False,False,False,False
MCH3842,"Walia, Khatri and Dey",4131,TRANSPORT,INDIVIDUAL,Ludhiana,Punjab,2023-05-20 20:08:15,,INACTIVE,,False,False,False,True,True,False
MCH3845,Barad-Hayre,5999,MISC_RETAIL,PRIVATE_LIMITED,Hyderabad,Telangana,,XXXX9720,INACTIVE,-1429.41,False,False,True,False,False,True
MCH3846,Nagi-Chacko,5411,GROCERY,PRIVATE_LIMITED,Hyderabad,Telangana,2024-08-21 00:00:00,XXXX3021,ACTIVE,1055.18,False,False,False,False,False,False
MCH3856,"Pandit, Karnik and Kurian",5912,PHARMACY,INDIVIDUAL,Ludhiana,Punjab,2025-07-07 00:00:00,,ACTIVE,755.4,False,False,False,False,True,False
MCH3856,"MUKHOPADHYAY, LOYAL AND PARSA",5812,RESTAURANT,SOLE_PROPRIETOR,Delhi,Delhi,2024-10-12 00:00:00,,ACTIVE,9442.27,False,False,False,False,True,False
MCH3875,Kade and Sons,4814,TELECOM,PRIVATE_LIMITED,Pune,Maharashtra,2024-01-12 14:12:35,,ACTIVE,3073.34,False,False,False,False,True,False
MCH3880,Gole and Sons,5999,MISC_RETAIL,PARTNERSHIP,Hyderabad,Telangana,2024-10-02 00:00:00,,ACTIVE,4989.21,False,False,False,False,True,False
MCH3880,Raja and Sons,5912,PHARMACY,PRIVATE_LIMITED,Jaipur,Rajasthan,,,ACTIVE,641.53,False,False,False,False,True,True
MCH3889,upadhyay-chaudhry,4131,TRANSPORT,INDIVIDUAL,Ludhiana,Punjab,2026-01-16 00:00:00,XXXX4049,ACTIVE,,False,False,False,True,False,False
MCH3893,"Kapadia, Keer and Oak",5812,RESTAURANT,PRIVATE_LIMITED,Amritsar,Punjab,2023-12-10 00:00:00,XXXX1012,ACTIVE,-590.57,False,False,True,False,False,False
MCH3907,"Andra, Chakrabarti and Khalsa",5311,DEPARTMENT_STORE,SOLE_PROPRIETOR,Mumbai,Maharashtra,,XXXX9430,ACTIVE,1320.29,False,False,False,False,False,True
MCH3907,"oza, sachdev and sarkar",5812,RESTAURANT,PRIVATE_LIMITED,Jalandhar,Punjab,,XXXX6224,ACTIVE,2184.56,False,False,False,False,False,True
MCH3911,Bera-Pingle,5912,PHARMACY,PRIVATE_LIMITED,Hyderabad,Telangana,2023-09-13 22:36:02,,INACTIVE,1548.45,False,False,False,False,True,False
MCH3917,CHOWDHURY-PANDIT,5699,APPAREL,PRIVATE_LIMITED,Hyderabad,Telangana,2023-04-02 00:00:00,XXXX2174,INACTIVE,-445.99,True,False,True,False,False,False
MCH3925,Rana-Sehga1,5912,PHARMACY,INDIVIDUAL,Chennai,Tamil Nadu,,XXXX0326,INACTIVE,-1111.78,False,False,True,False,False,True
MCH3935,Natarajan-Karnik,4814,TELECOM,SOLE_PROPRIETOR,Delhi,Delhi,2025-04-23 00:23:30,,ACTIVE,461.4,False,False,False,False,True,False
MCH3941,"Khanna, Sama and Korpal",5999,MISC_RETAIL,SOLE_PROPRIETOR,Pune,Maharashtra,,,ACTIVE,1016.43,True,False,False,False,True,True
MCH3955,"Dutta, Boase and Jha",5812,RESTAURANT,PARTNERSHIP,Jaipur,Rajasthan,,XXXX5828,ACTIVE,935.24,False,False,False,False,False,True
MCH3955,"Dutta, Boase and Jha",5812,RESTAURANT,PARTNERSHIP,Jaipur,Rajasthan,,XXXX5828,INACTIVE,935.24,False,False,False,False,False,True
MCH3964,"Bala, Chanda and Loyal",5942,BOOKS_STATIONERY,PARTNERSHIP,Jaipur,Rajasthan,2023-09-05 00:00:00,XXXX4388,INACTIVE,2002.33,False,False,False,False,False,False
MCH3971,Sura PLC,7011,HOTEL,INDIVIDUAL,Delhi,Delhi,2024-04-17 13:25:57,,INACTIVE,748.82,False,False,False,False,True,False
MCH3983,Behl-Viswanathan,5411,GROCERY,PARTNERSHIP,Ludhiana,Punjab,2024-04-23 00:00:00,XXXX9714,ACTIVE,1037.83,False,False,False,False,False,False
MCH3987,Pandya Inc,5912,PHARMACY,PARTNERSHIP,Amritsar,Punjab,2025-10-14 00:00:00,,ACTIVE,,True,False,False,True,True,False
MCH3997,Chatterjee Group,5999,MISC_RETAIL,INDIVIDUAL,Ludhiana,Punjab,2023-04-30 00:00:00,XXXX5796,INACTIVE,,False,False,False,True,False,False
MCH4006,"Guha, Bumb and Bora",4131,TRANSPORT,SOLE_PROPRIETOR,Jaipur,Rajasthan,2023-05-02 00:00:00,XXXX3723,ACTIVE,2379.0,True,False,False,False,False,False
MCH4009,Deo PLC,4814,TELECOM,SOLE_PROPRIETOR,Kolkata,West Bengal,2025-10-10 23:14:50,,ACTIVE,1937.0,False,False,False,False,True,False
MCH4022,"Kade, Sethi and Balakrishnan",5411,GROCERY,SOLE_PROPRIETOR,Ludhiana,Punjab,2025-03-27 00:00:00,XXXX9200,ACTIVE,-1344.13,True,False,True,False,False,False
MCH4043,Sodhi Group,5942,BOOKS_STATIONERY,PARTNERSHIP,Ludhiana,Punjab,,XXXX8668,INACTIVE,-524.55,False,False,True,False,False,True
MCH4050,"ARYA, DYAL AND AURORA",5411,GROCERY,PARTNERSHIP,Kolkata,West Bengal,2026-01-23 02:54:00,,ACTIVE,980.29,False,False,False,False,True,False
MCH4051,Sharma-Viswanathan,4131,TRANSPORT,INDIVIDUAL,Delhi,Delhi,2025-02-23 00:00:00,,ACTIVE,1135.12,False,False,False,False,True,False
MCH4051,Dixit-Chaudry,5311,DEPARTMENT_STORE,PRIVATE_LIMITED,Lucknow,Uttar Pradesh,2024-08-17 00:00:00,XXXX1346,ACTIVE,,True,False,False,True,False,False
MCH4055,Sinha-Sundaram,7011,HOTEL,INDIVIDUAL,Chennai,Tamil Nadu,,XXXX9064,INACTIVE,978.27,False,False,False,False,False,True
MCH4064,"Sastry, Sibal and Rajagopal",4131,TRANSPORT,PARTNERSHIP,Lucknow,Uttar Pradesh,2024-11-23 00:00:00,XXXX7853,INACTIVE,-460.13,False,False,True,False,False,False
MCH4066,Swaminathan and Sons,5311,DEPARTMENT_STORE,PARTNERSHIP,Hyderabad,Telangana,2025-05-24 14:56:00,,ACTIVE,972.63,False,False,False,False,True,False
MCH4077,Din LLC,4131,TRANSPORT,SOLE_PROPRIETOR,Jaipur,Rajasthan,2024-09-21 00:00:00,,ACTIVE,640.73,False,False,False,False,True,False
MCH4077,"Khalsa, Jaggi and Bumb",5812,RESTAURANT,SOLE_PROPRIETOR,Jaipur,Rajasthan,2023-10-26 00:00:00,,ACTIVE,583.76,False,False,False,False,True,False
MCH4080,Jhaveri-Andra,5311,DEPARTMENT_STORE,SOLE_PROPRIETOR,Jalandhar,Punjab,2024-06-18 00:00:00,,ACTIVE,4912.37,False,False,False,False,True,False
MCH4090,DubeGroup,5311,DEPARTMENT_STORE,INDIVIDUAL,Jaipur,Rajasthan,2024-12-06 00:00:00,XXXX8653,ACTIVE,5497.54,False,False,False,False,False,False
MCH4090,Panchal-Gera,5942,BOOKS_STATIONERY,PRIVATE_LIMITED,Mumbai,Maharashtra,2023-11-23 00:00:00,XXXX0223,INACTIVE,976.5,False,False,False,False,False,False
MCH4090,MittalLLC,4131,TRANSPORT,INDIVIDUAL,Delhi,Delhi,2025-02-03 19:44:00,XXXX8621,ACTIVE,,False,False,False,True,False,False
MCH4092,"Badami, Prabhakar and Grover",5942,BOOKS_STATIONERY,INDIVIDUAL,Chennai,Tamil Nadu,2024-10-30 07:51:00,XXXX7785,INACTIVE,5822.31,False,False,False,False,False,False
MCH4094,jani-mistry,5311,DEPARTMENT_STORE,PARTNERSHIP,Amritsar,Punjab,2024-05-06 00:00:00,,ACTIVE,5482.47,False,False,False,False,True,False
MCH4096,Raman Inc,5699,APPAREL,PRIVATE_LIMITED,Chennai,Tamil Nadu,,XXXX1272,ACTIVE,2014.0,True,False,False,False,False,True
MCH4097,Venkataraman PLC,5912,PHARMACY,SOLE_PROPRIETOR,Bengaluru,Karnataka,2025-05-25 04:58:00,,ACTIVE,405.21,False,False,False,False,True,False
MCH4097,Nori PLC,5912,PHARMACY,PRIVATE_LIMITED,Pune,Maharashtra,,,ACTIVE,930.77,False,False,False,False,True,True
MCH4101,raval plc,7011,HOTEL,INDIVIDUAL,Bengaluru,Karnataka,2023-11-26 00:00:00,XXXX6243,ACTIVE,1096.15,False,False,False,False,False,False
MCH4102,Pandya-Kapoor,5942,BOOKS_STATIONERY,SOLE_PROPRIETOR,Amritsar,Punjab,2025-06-03 00:00:00,XXXX5590,ACTIVE,1618.63,True,False,False,False,False,False
MCH4102,Oza-Sarna,5699,APPAREL,INDIVIDUAL,Delhi,Delhi,2025-01-20 00:00:00,XXXX9735,ACTIVE,1950.82,False,False,False,False,False,False
MCH4102,Om Ltd,4814,TELECOM,PRIVATE_LIMITED,Bengaluru,Karnataka,2023-03-20 00:00:00,,ACTIVE,1056.57,False,False,False,False,True,False
MCH4104,"Som, Rege and Thaker",7011,HOTEL,INDIVIDUAL,Bengaluru,Karnataka,2024-07-21 00:00:00,,ACTIVE,,True,False,False,True,True,False
MCH4106,"Ramanathan, Bava and Dasgupta",5912,PHARMACY,PRIVATE_LIMITED,Ludhiana,Punjab,2023-09-23 03:53:36,,INACTIVE,902.18,False,False,False,False,True,False
MCH4114,Pate1 PLC,4131,TRANSPORT,PRIVATE_LIMITED,Chennai,Tamil Nadu,2023-03-17 00:00:00,,ACTIVE,2658.88,False,False,False,False,True,False
MCH4124,kakar-prabhu,7011,HOTEL,PARTNERSHIP,Jalandhar,Punjab,2023-01-21 00:00:00,XXXX0492,ACTIVE,930.0,False,False,False,False,False,False
MCH4126,Sen Group,5699,APPAREL,INDIVIDUAL,Jaipur,Rajasthan,2023-06-08 00:00:00,,ACTIVE,236.05,False,False,False,False,True,False
MCH4127,Subramaniam-Jhaveri,4131,TRANSPORT,SOLE_PROPRIETOR,Jaipur,Rajasthan,2024-05-22 00:00:00,XXXX1628,ACTIVE,5333.88,False,False,False,False,False,False
MCH4131,ChaudhryInc,5999,MISC_RETAIL,PARTNERSHIP,Amritsar,Punjab,2023-01-07 00:00:00,,ACTIVE,1561.61,False,False,False,False,True,False
MCH4133,"NAYAK, PRABHU AND SOM",4131,TRANSPORT,INDIVIDUAL,Mumbai,Maharashtra,2023-12-20 07:08:02,,ACTIVE,570.23,False,False,False,False,True,False
MCH4148,"Wali, Babu and Tank",4814,TELECOM,PARTNERSHIP,Jaipur,Rajasthan,2023-01-08 00:00:00,XXXX2306,ACTIVE,2368.62,False,False,False,False,False,False
MCH4163,Kamdar-Jhaveri,7011,HOTEL,SOLE_PROPRIETOR,Jalandhar,Punjab,,,ACTIVE,390.74,False,False,False,False,True,True
MCH4165,nayar plc,5311,DEPARTMENT_STORE,PRIVATE_LIMITED,Delhi,Delhi,2023-06-03 00:00:00,,INACTIVE,1388.15,False,False,False,False,True,False
MCH4167,BanerjeePLC,5812,RESTAURANT,PRIVATE_LIMITED,Jaipur,Rajasthan,2023-10-26 06:05:00,XXXX3913,ACTIVE,3120.61,False,False,False,False,False,False
MCH4168,"Jani, Khalsa and Minhas",5912,PHARMACY,INDIVIDUAL,Jaipur,Rajasthan,2023-05-28 00:00:00,,INACTIVE,-358.74,False,False,True,False,True,False
MCH4170,Saha-Sangha,5311,DEPARTMENT_STORE,INDIVIDUAL,Lucknow,Uttar Pradesh,2024-05-31 00:00:00,XXXX4742,ACTIVE,1858.07,False,False,False,False,False,False
MCH4170,Bahri-Mangat,5812,RESTAURANT,SOLE_PROPRIETOR,Pune,Maharashtra,2023-03-15 00:00:00,XXXX2954,ACTIVE,926.11,False,False,False,False,False,False
MCH4180,Dave-Oza,5942,BOOKS_STATIONERY,SOLE_PROPRIETOR,Delhi,Delhi,2024-01-08 00:00:00,,ACTIVE,394.99,True,False,False,False,True,False
MCH4184,SACHDEVA-KARA,5812,RESTAURANT,PARTNERSHIP,Jaipur,Rajasthan,2025-02-02 04:25:00,,ACTIVE,704.96,False,False,False,False,True,False
MCH4185,Khanna and S0ns,5942,BOOKS_STATIONERY,PRIVATE_LIMITED,Pune,Maharashtra,2025-12-24 00:00:00,,ACTIVE,1148.06,False,False,False,False,True,False
MCH4194,Hegde-Chahal,5912,PHARMACY,SOLE_PROPRIETOR,Amritsar,Punjab,2025-11-15 00:00:00,,INACTIVE,,True,False,False,True,True,False
MCH4200,Mahajan Group,5942,BOOKS_STATIONERY,SOLE_PROPRIETOR,Pune,Maharashtra,2024-05-21 03:12:53,XXXX4189,ACTIVE,839.74,False,False,False,False,False,False
MCH4200,Karnik Ltd,4131,TRANSPORT,SOLE_PROPRIETOR,Pune,Maharashtra,2024-04-27 00:00:00,XXXX9544,ACTIVE,951.15,True,False,False,False,False,False
MCH4209,Bahri-Kari,4131,TRANSPORT,INDIVIDUAL,Jaipur,Rajasthan,2025-12-29 00:00:00,,ACTIVE,1717.86,False,False,False,False,True,False
MCH4220,chaudry ltd,7011,HOTEL,INDIVIDUAL,Lucknow,Uttar Pradesh,,,ACTIVE,788.42,True,False,False,False,True,True
MCH4223,"Bajwa, Khurana and Sinha",5311,DEPARTMENT_STORE,SOLE_PROPRIETOR,Bengaluru,Karnataka,2025-03-15 00:00:00,,INACTIVE,585.1,True,False,False,False,True,False
MCH4227,Bora-Sood,5999,MISC_RETAIL,PARTNERSHIP,Jaipur,Rajasthan,2023-02-11 00:00:00,,ACTIVE,1928.46,False,False,False,False,True,False
MCH4232,Raj Group,5912,PHARMACY,INDIVIDUAL,Hyderabad,Telangana,2023-06-23 00:00:00,,INACTIVE,-479.88,False,False,True,False,True,False
MCH4233,Parmar and Sons,5912,PHARMACY,SOLE_PROPRIETOR,Bengaluru,Karnataka,2024-07-30 22:30:00,XXXX3121,INACTIVE,3068.07,False,False,False,False,False,False
MCH4233,Shankar and Sons,5411,GROCERY,SOLE_PROPRIETOR,Jalandhar,Punjab,2023-12-10 00:00:00,XXXX4137,INACTIVE,2257.76,False,False,False,False,False,False
MCH4236,Arora PLC,5942,BOOKS_STATIONERY,PARTNERSHIP,Amritsar,Punjab,2024-09-20 00:00:00,,ACTIVE,1427.88,False,False,False,False,True,False
MCH4244,Kade-Devan,7011,HOTEL,SOLE_PROPRIETOR,Chennai,Tamil Nadu,2025-07-12 00:00:00,XXXX5695,ACTIVE,1429.19,True,False,False,False,False,False
MCH4249,Jhaveri Ltd,5812,RESTAURANT,SOLE_PROPRIETOR,Bengaluru,Karnataka,2024-01-04 01:29:00,,ACTIVE,6385.99,False,False,False,False,True,False
MCH4250,"Mani, Roy and Manne",4131,TRANSPORT,PRIVATE_LIMITED,Bengaluru,Karnataka,2023-04-12 00:00:00,,ACTIVE,77.0,False,False,False,False,True,False
MCH4261,More Ltd,5311,DEPARTMENT_STORE,PARTNERSHIP,Pune,Maharashtra,2023-04-06 04:55:30,XXXX6193,ACTIVE,761.11,False,False,False,False,False,False
MCH4261,"Kar, Krishnan and Nadig",5411,GROCERY,PARTNERSHIP,Mumbai,Maharashtra,2024-10-07 08:24:11,,ACTIVE,1395.9,False,False,False,False,True,False
MCH4274,BHAT-TAILOR,5411,GROCERY,PRIVATE_LIMITED,Ludhiana,Punjab,2025-03-17 00:00:00,XXXX7905,INACTIVE,168.98,True,False,False,False,False,False
MCH4275,RAVAL-BORA,5812,RESTAURANT,SOLE_PROPRIETOR,Jaipur,Rajasthan,2024-04-18 04:43:05,XXXX6989,ACTIVE,1335.0,False,False,False,False,False,False
MCH4277,"Lad, Krish and Lad",4131,TRANSPORT,PRIVATE_LIMITED,Hyderabad,Telangana,2024-06-04 00:00:00,,ACTIVE,472.96,False,False,False,False,True,False
MCH4277,Chaudhry-Karpe,4131,TRANSPORT,PRIVATE_LIMITED,Ludhiana,Punjab,2023-11-09 07:01:01,,ACTIVE,-3362.42,False,False,True,False,True,False
MCH4284,Tand0n Inc,5999,MISC_RETAIL,PARTNERSHIP,Kolkata,West Bengal,2024-09-16 00:58:24,,INACTIVE,-429.03,False,False,True,False,True,False
MCH4290,Konda-Memon,5311,DEPARTMENT_STORE,PRIVATE_LIMITED,Delhi,Delhi,2024-08-11 22:16:00,,INACTIVE,3295.4,False,False,False,False,True,False
MCH4298,YadavLLC,5999,MISC_RETAIL,SOLE_PROPRIETOR,Mumbai,Maharashtra,2023-07-19 00:00:00,,ACTIVE,,False,False,False,True,True,False
MCH4319,"CHAUDHRY, RAJAN AND LAD",5812,RESTAURANT,PRIVATE_LIMITED,Jaipur,Rajasthan,2025-07-13 00:00:00,,INACTIVE,1128.44,False,False,False,False,True,False
MCH4319,Luthra-D’Alia,5699,APPAREL,PARTNERSHIP,Chennai,Tamil Nadu,2024-07-23 16:12:09,,ACTIVE,5413.24,True,False,False,False,True,False
MCH4322,Bumb-Arya,5411,GROCERY,SOLE_PROPRIETOR,Kolkata,West Bengal,2024-12-06 00:00:00,XXXX0050,ACTIVE,2473.26,False,False,False,False,False,False
MCH4322,Khanna-Sarma,5311,DEPARTMENT_STORE,SOLE_PROPRIETOR,Jalandhar,Punjab,2025-05-02 00:00:00,,ACTIVE,575.07,False,False,False,False,True,False
MCH4322,Mane PLC,7011,HOTEL,INDIVIDUAL,Lucknow,Uttar Pradesh,2023-10-12 00:00:00,,ACTIVE,1793.0,False,False,False,False,True,False
MCH4336,"Dube, Baria and Nath",5411,GROCERY,PRIVATE_LIMITED,Jalandhar,Punjab,2026-01-06 20:58:43,,ACTIVE,-1545.59,False,False,True,False,True,False
MCH4342,"bhavsar, mital and garde",4131,TRANSPORT,PRIVATE_LIMITED,Kolkata,West Bengal,2025-10-06 00:00:00,,INACTIVE,-341.44,False,False,True,False,True,False
MCH4349,"naik, pandey and din",4131,TRANSPORT,PARTNERSHIP,Bengaluru,Karnataka,2023-06-30 20:31:00,,ACTIVE,2172.69,False,False,False,False,True,False
MCH4356,"Basak, Sur and Sundaram",4814,TELECOM,PARTNERSHIP,Delhi,Delhi,2024-07-22 00:00:00,,ACTIVE,1661.0,True,False,False,False,True,False
MCH4361,Shukla-Venkatesh,5699,APPAREL,PARTNERSHIP,Pune,Maharashtra,2023-08-31 10:30:03,,ACTIVE,714.55,False,False,False,False,True,False
MCH4363,NARAYAN-SANGHA,7011,HOTEL,SOLE_PROPRIETOR,Jalandhar,Punjab,,,ACTIVE,598.32,False,False,False,False,True,True
MCH4367,"wason, chanda and panchal",5411,GROCERY,SOLE_PROPRIETOR,Lucknow,Uttar Pradesh,2023-09-29 00:00:00,XXXX4128,ACTIVE,1778.0,False,False,False,False,False,False
MCH4369,"Gupta,ManeandBhasin",5812,RESTAURANT,INDIVIDUAL,Hyderabad,Telangana,2025-03-03 00:00:00,,ACTIVE,950.76,False,False,False,False,True,False
MCH4382,"Bahl, Ratta and Mann",5912,PHARMACY,INDIVIDUAL,Mumbai,Maharashtra,2023-07-18 20:54:40,,ACTIVE,1094.0,False,False,False,False,True,False
MCH4383,"Sabharwal, Patla and Nagy",5812,RESTAURANT,INDIVIDUAL,Jaipur,Rajasthan,2024-12-13 00:00:00,,ACTIVE,4027.8,False,False,False,False,True,False
MCH4401,"Misra, Sama and Shetty",4814,TELECOM,INDIVIDUAL,Pune,Maharashtra,2023-10-12 00:00:00,XXXX2821,ACTIVE,4329.0,False,False,False,False,False,False
MCH4413,Bedi-Chanda,4131,TRANSPORT,PRIVATE_LIMITED,Chennai,Tamil Nadu,2024-01-16 00:17:39,,ACTIVE,3646.52,False,False,False,False,True,False
MCH4419,Sankaran Inc,5912,PHARMACY,PARTNERSHIP,Chennai,Tamil Nadu,2023-08-04 00:00:00,,ACTIVE,291.65,False,False,False,False,True,False
MCH4421,natarajan-borah,5999,MISC_RETAIL,SOLE_PROPRIETOR,Mumbai,Maharashtra,2024-11-21 00:00:00,,ACTIVE,1261.07,False,False,False,False,True,False
MCH4421,"Dua, Lad and Bassi",5411,GROCERY,SOLE_PROPRIETOR,Amritsar,Punjab,2024-06-21 18:21:57,,ACTIVE,1610.18,False,False,False,False,True,False
MCH4440,"Dey, Bala and Shan",5699,APPAREL,SOLE_PROPRIETOR,Mumbai,Maharashtra,2023-04-01 22:57:00,XXXX8761,ACTIVE,,False,False,False,True,False,False
MCH4444,Khalsa PLC,5999,MISC_RETAIL,PARTNERSHIP,Ludhiana,Punjab,2023-05-25 00:00:00,XXXX2938,ACTIVE,2332.61,False,False,False,False,False,False
MCH4454,"varghese, shenoy and mahajan",5812,RESTAURANT,PARTNERSHIP,Mumbai,Maharashtra,2025-06-21 20:18:19,,ACTIVE,1952.0,False,False,False,False,True,False
MCH4459,suresh-mane,5311,DEPARTMENT_STORE,INDIVIDUAL,Kolkata,West Bengal,2023-12-25 00:00:00,XXXX4959,INACTIVE,3983.0,False,False,False,False,False,False
MCH4459,"Gola, Dara and Anne",5411,GROCERY,PRIVATE_LIMITED,Amritsar,Punjab,2024-10-20 16:40:00,XXXX6419,ACTIVE,,False,False,False,True,False,False
MCH4463,"KANT, VARMA AND MADAN",5411,GROCERY,INDIVIDUAL,Amritsar,Punjab,2023-01-26 00:00:00,XXXX8058,INACTIVE,703.89,False,False,False,False,False,False
MCH4463,Bera-Kota,5699,APPAREL,PARTNERSHIP,Amritsar,Punjab,2024-08-03 00:00:00,,INACTIVE,4533.0,False,False,False,False,True,False
MCH4477,Edwin Group,5912,PHARMACY,PARTNERSHIP,Pune,Maharashtra,2025-12-19 00:00:00,,ACTIVE,1145.96,False,False,False,False,True,False
MCH4487,Subramanian-Kannan,4814,TELECOM,PRIVATE_LIMITED,Jaipur,Rajasthan,2023-03-31 00:00:00,XXXX3677,ACTIVE,259.0,False,False,False,False,False,False
MCH4487,RANDHAWA-MALLICK,5311,DEPARTMENT_STORE,INDIVIDUAL,Ludhiana,Punjab,2023-08-22 21:49:04,,ACTIVE,1290.99,False,False,False,False,True,False
MCH4490,"Chawla, Prabhakar and Gupta",5812,RESTAURANT,PRIVATE_LIMITED,Chennai,Tamil Nadu,,XXXX6406,ACTIVE,279.0,False,False,False,False,False,True
MCH4496,"Pandya, Bhalla and Malhotra",4814,TELECOM,PARTNERSHIP,Jaipur,Rajasthan,2025-07-23 09:17:00,XXXX5188,ACTIVE,,False,False,False,True,False,False
MCH4503,Acharya LLC,5411,GROCERY,PRIVATE_LIMITED,Delhi,Delhi,2024-09-12 20:47:57,,ACTIVE,241.19,False,False,False,False,True,False
MCH4503,"Varghese, Hora and Narayanan",7011,HOTEL,SOLE_PROPRIETOR,Ludhiana,Punjab,,,ACTIVE,1258.0,False,False,False,False,True,True
MCH4529,Wali LLC,5999,MISC_RETAIL,SOLE_PROPRIETOR,Delhi,Delhi,2023-02-13 00:00:00,XXXX0169,INACTIVE,468.55,False,False,False,False,False,False
MCH4530,Kadakia Group,5942,BOOKS_STATIONERY,PARTNERSHIP,Jalandhar,Punjab,2023-10-26 18:53:21,XXXX6663,ACTIVE,-2165.16,False,False,True,False,False,False
MCH4530,"Mangal, Sehgal and Vohra",5942,BOOKS_STATIONERY,SOLE_PROPRIETOR,Delhi,Delhi,,,ACTIVE,4172.0,False,False,False,False,True,True
MCH4548,Sarin Ltd,5912,PHARMACY,PRIVATE_LIMITED,Delhi,Delhi,,XXXX0948,INACTIVE,,False,False,False,True,False,True
MCH4556,Bhakta Inc,5942,BOOKS_STATIONERY,PRIVATE_LIMITED,Mumbai,Maharashtra,2026-02-03 00:00:00,,ACTIVE,881.89,False,False,False,False,True,False
MCH4573,"Borde, Patil and Taneja",4814,TELECOM,INDIVIDUAL,Chennai,Tamil Nadu,2023-10-27 00:00:00,XXXX0767,ACTIVE,642.81,False,False,False,False,False,False
MCH4577,"Atwal, Sura and Bhatti",5812,RESTAURANT,PARTNERSHIP,Hyderabad,Telangana,2026-01-03 18:58:00,XXXX3063,INACTIVE,316.9,False,False,False,False,False,False
MCH4577,"Acharya, Apte and Bajwa",5999,MISC_RETAIL,SOLE_PROPRIETOR,Chennai,Tamil Nadu,2025-09-14 00:00:00,XXXX2492,ACTIVE,461.44,True,False,False,False,False,False
MCH4578,"Pancha1, Ch0pra and Ma11",5942,BOOKS_STATIONERY,PRIVATE_LIMITED,Chennai,Tamil Nadu,2023-07-22 00:00:00,XXXX9811,INACTIVE,2039.12,False,False,False,False,False,False
MCH4578,Bedi LLC,5942,BOOKS_STATIONERY,PRIVATE_LIMITED,Kolkata,West Bengal,2023-11-29 04:19:56,,ACTIVE,360.0,False,False,False,False,True,False
MCH4583,Badal Inc,5699,APPAREL,PARTNERSHIP,Amritsar,Punjab,2025-07-08 00:00:00,XXXX8674,ACTIVE,2513.6,False,False,False,False,False,False
MCH4587,Karnik and Sons,5311,DEPARTMENT_STORE,PARTNERSHIP,Jaipur,Rajasthan,2025-02-07 00:00:00,,INACTIVE,2493.1,False,False,False,False,True,False
MCH4589,GeraLtd,4814,TELECOM,PARTNERSHIP,Jalandhar,Punjab,2024-01-12 17:18:35,,ACTIVE,504.98,False,False,False,False,True,False
MCH4606,"MORAR, DALAL AND MUKHERJEE",5912,PHARMACY,PARTNERSHIP,Bengaluru,Karnataka,2023-05-26 00:00:00,,INACTIVE,1103.98,False,False,False,False,True,False
MCH4606,"johal, kapur and chhabra",4814,TELECOM,PARTNERSHIP,Jalandhar,Punjab,,,ACTIVE,-2162.35,False,False,True,False,True,True
MCH4613,"Kapadia, Sankar and Nadig",5311,DEPARTMENT_STORE,INDIVIDUAL,Lucknow,Uttar Pradesh,2023-09-02 15:38:00,XXXX1328,ACTIVE,1451.15,False,False,False,False,False,False
MCH4614,"Savant, Sur and Sani",5411,GROCERY,SOLE_PROPRIETOR,Chennai,Tamil Nadu,2023-03-05 00:00:00,,INACTIVE,1483.0,False,False,False,False,True,False
MCH4623,Bath-Keer,5942,BOOKS_STATIONERY,SOLE_PROPRIETOR,Mumbai,Maharashtra,2023-07-08 23:12:59,,ACTIVE,233.65,False,False,False,False,True,False
MCH4624,"Loke, Swamy and Mishra",5411,GROCERY,SOLE_PROPRIETOR,Bengaluru,Karnataka,2023-03-09 15:05:00,,ACTIVE,228.0,False,False,False,False,True,False
MCH4630,bhandari group,7011,HOTEL,PARTNERSHIP,Hyderabad,Telangana,2025-07-13 12:30:35,XXXX5086,INACTIVE,,False,False,False,True,False,False
MCH4630,MODI AND SONS,5699,APPAREL,SOLE_PROPRIETOR,Jalandhar,Punjab,2023-03-01 00:00:00,,ACTIVE,333.91,False,False,False,False,True,False
MCH4643,Sandhu-Kakar,4131,TRANSPORT,PRIVATE_LIMITED,Bengaluru,Karnataka,2024-03-30 00:00:00,,ACTIVE,551.11,False,False,False,False,True,False
MCH4643,"Dha1iwa1, Pathak and Ping1e",7011,HOTEL,PARTNERSHIP,Chennai,Tamil Nadu,,,ACTIVE,382.94,False,False,False,False,True,True
MCH4652,Mistry Inc,5812,RESTAURANT,PRIVATE_LIMITED,Ludhiana,Punjab,2024-07-25 18:24:49,XXXX1593,ACTIVE,3458.11,False,False,False,False,False,False
MCH4656,Purohit-Sinha,4131,TRANSPORT,SOLE_PROPRIETOR,Lucknow,Uttar Pradesh,,XXXX3837,ACTIVE,1533.86,False,False,False,False,False,True
MCH4667,solanki-batta,5699,APPAREL,INDIVIDUAL,Kolkata,West Bengal,2025-07-05 00:00:00,XXXX0302,ACTIVE,-1692.44,False,False,True,False,False,False
MCH4669,"Sidhu, Subramanian and Chakraborty",7011,HOTEL,PRIVATE_LIMITED,Bengaluru,Karnataka,2023-03-20 14:14:52,,ACTIVE,,False,False,False,True,True,False
MCH4681,"Raja, Ramanathan and Koshy",5942,BOOKS_STATIONERY,SOLE_PROPRIETOR,Mumbai,Maharashtra,2023-09-13 00:00:00,,ACTIVE,554.63,True,False,False,False,True,False
MCH4682,Dora-Chander,4814,TELECOM,INDIVIDUAL,Mumbai,Maharashtra,2023-03-08 00:00:00,,ACTIVE,1036.09,False,False,False,False,True,False
MCH4688,Hora PLC,5912,PHARMACY,INDIVIDUAL,Ludhiana,Punjab,2024-05-18 00:00:00,XXXX6054,INACTIVE,1146.0,True,False,False,False,False,False
MCH4690,Natt-Bhattacharyya,5311,DEPARTMENT_STORE,PRIVATE_LIMITED,Amritsar,Punjab,,XXXX0203,INACTIVE,150.96,False,False,False,False,False,True
MCH4692,Bhat Inc,4131,TRANSPORT,SOLE_PROPRIETOR,Hyderabad,Telangana,2024-05-06 00:00:00,,ACTIVE,3808.17,False,False,False,False,True,False
MCH4706,GHOSH-TAILOR,5912,PHARMACY,PARTNERSHIP,Chennai,Tamil Nadu,2025-07-17 00:00:00,,ACTIVE,418.32,False,False,False,False,True,False
MCH4709,DEWAN-JAIN,4131,TRANSPORT,PARTNERSHIP,Lucknow,Uttar Pradesh,2025-11-02 05:55:00,XXXX2288,ACTIVE,108.08,False,False,False,False,False,False
MCH4712,"Gulati, Koshy and Purohit",5812,RESTAURANT,INDIVIDUAL,Lucknow,Uttar Pradesh,2023-06-13 19:51:00,,INACTIVE,576.59,False,False,False,False,True,False
MCH4716,Goda-Agate,5411,GROCERY,SOLE_PROPRIETOR,Delhi,Delhi,2026-01-07 00:00:00,XXXX2062,INACTIVE,1438.61,False,False,False,False,False,False
MCH4716,Ahuja-Konda,5411,GROCERY,PRIVATE_LIMITED,Hyderabad,Telangana,2025-05-05 09:10:35,XXXX0135,ACTIVE,1206.68,False,False,False,False,False,False
MCH4727,Dua-Mishra,5311,DEPARTMENT_STORE,SOLE_PROPRIETOR,Pune,Maharashtra,2024-05-18 00:00:00,XXXX8246,INACTIVE,1242.0,False,False,False,False,False,False
MCH4729,parmer-kulkarni,5311,DEPARTMENT_STORE,INDIVIDUAL,Bengaluru,Karnataka,2023-09-03 15:34:00,,ACTIVE,1384.93,False,False,False,False,True,False
MCH4729,deshpande inc,7011,HOTEL,SOLE_PROPRIETOR,Mumbai,Maharashtra,,XXXX6726,INACTIVE,1506.61,False,False,False,False,False,True
MCH4736,"Jani, Chaudhry and Chaudhuri",4131,TRANSPORT,INDIVIDUAL,Delhi,Delhi,2025-07-06 00:00:00,,ACTIVE,,False,False,False,True,True,False
MCH4739,Karpe-Doshi,5411,GROCERY,INDIVIDUAL,Lucknow,Uttar Pradesh,2023-10-20 00:00:00,XXXX6471,INACTIVE,-1100.69,False,False,True,False,False,False
MCH4745,"Krishnamurthy, Nath and Chahal",5699,APPAREL,SOLE_PROPRIETOR,Chennai,Tamil Nadu,,,ACTIVE,1604.97,False,False,False,False,True,True
MCH4754,Menon Inc,5999,MISC_RETAIL,PRIVATE_LIMITED,Hyderabad,Telangana,2023-03-24 00:00:00,XXXX5608,ACTIVE,-1804.69,False,False,True,False,False,False
MCH4765,Baral Inc,4131,TRANSPORT,PRIVATE_LIMITED,Ludhiana,Punjab,,,INACTIVE,2514.87,False,False,False,False,True,True
MCH4769,"Venkataraman, Dey and Patil",7011,HOTEL,PARTNERSHIP,Ludhiana,Punjab,2023-11-01 00:00:00,,ACTIVE,145.49,False,False,False,False,True,False
MCH4776,Lall Inc,5912,PHARMACY,PRIVATE_LIMITED,Amritsar,Punjab,2023-07-22 00:00:00,XXXX4741,ACTIVE,4262.37,False,False,False,False,False,False
MCH4781,Pillai Group,5311,DEPARTMENT_STORE,INDIVIDUAL,Jalandhar,Punjab,2023-03-20 00:00:00,,ACTIVE,541.83,True,False,False,False,True,False
MCH4786,Peri-Kannan,5999,MISC_RETAIL,PARTNERSHIP,Lucknow,Uttar Pradesh,2025-10-04 00:00:00,XXXX6653,ACTIVE,,False,False,False,True,False,False
MCH4802,Jain Inc,5411,GROCERY,INDIVIDUAL,Mumbai,Maharashtra,,XXXX6020,INACTIVE,1158.19,False,False,False,False,False,True
MCH4805,JOSHI PLC,5999,MISC_RETAIL,SOLE_PROPRIETOR,Hyderabad,Telangana,2023-08-26 00:00:00,,ACTIVE,4206.25,False,False,False,False,True,False
MCH4811,Chaudhry-Majumdar,5912,PHARMACY,PRIVATE_LIMITED,Delhi,Delhi,2024-06-26 00:00:00,XXXX5566,ACTIVE,615.9,False,False,False,False,False,False
MCH4811,Bhavsar-Seshadri,4814,TELECOM,PRIVATE_LIMITED,Ludhiana,Punjab,2023-08-25 10:08:48,XXXX5938,ACTIVE,388.63,False,False,False,False,False,False
MCH4811,"rege, misra and mander",7011,HOTEL,SOLE_PROPRIETOR,Amritsar,Punjab,,,ACTIVE,458.06,False,False,False,False,True,True
MCH4815,"Mohan, Gaba and Banik",4131,TRANSPORT,SOLE_PROPRIETOR,Jalandhar,Punjab,2025-01-13 00:00:00,,ACTIVE,4426.57,False,False,False,False,True,False
MCH4818,Trivedi-Randhawa,5411,GROCERY,PARTNERSHIP,Bengaluru,Karnataka,,XXXX9024,ACTIVE,1275.92,False,False,False,False,False,True
MCH4831,GALA GROUP,5311,DEPARTMENT_STORE,SOLE_PROPRIETOR,Pune,Maharashtra,2025-05-05 00:00:00,,ACTIVE,1889.75,False,False,False,False,True,False
MCH4842,Lall-Bakshi,7011,HOTEL,SOLE_PROPRIETOR,Jaipur,Rajasthan,2023-04-11 04:37:40,,ACTIVE,346.23,False,False,False,False,True,False
MCH4843,Dugar-Master,5912,PHARMACY,SOLE_PROPRIETOR,Hyderabad,Telangana,2024-05-18 00:00:00,XXXX1795,ACTIVE,1023.41,False,False,False,False,False,False
MCH4856,Gera-Nanda,5311,DEPARTMENT_STORE,PRIVATE_LIMITED,Pune,Maharashtra,2024-02-08 00:00:00,XXXX7129,ACTIVE,711.0,False,False,False,False,False,False
MCH4859,VASA-RAJU,5812,RESTAURANT,SOLE_PROPRIETOR,Hyderabad,Telangana,2025-03-17 02:59:45,XXXX9523,INACTIVE,214.0,False,False,False,False,False,False
MCH4867,"Bedi, Ganesan and Radhakrishnan",7011,HOTEL,PRIVATE_LIMITED,Pune,Maharashtra,2023-05-04 00:00:00,,ACTIVE,2651.67,False,False,False,False,True,False
MCH4888,chanda and sons,5912,PHARMACY,SOLE_PROPRIETOR,Kolkata,West Bengal,2023-08-14 00:00:00,,ACTIVE,2635.13,False,False,False,False,True,False
MCH4897,Bedi-Mitra,5912,PHARMACY,INDIVIDUAL,Lucknow,Uttar Pradesh,,,INACTIVE,-851.98,True,False,True,False,True,True
MCH4900,Issac-Venkataraman,5912,PHARMACY,SOLE_PROPRIETOR,Kolkata,West Bengal,2023-08-15 07:39:24,,ACTIVE,1519.72,False,False,False,False,True,False
MCH4904,"Verma, Tak and Morar",4814,TELECOM,PARTNERSHIP,Mumbai,Maharashtra,,,ACTIVE,457.36,False,False,False,False,True,True
MCH4909,"Sharaf, Lalla and Rattan",5942,BOOKS_STATIONERY,SOLE_PROPRIETOR,Kolkata,West Bengal,2025-02-16 20:04:00,XXXX0715,ACTIVE,650.04,True,False,False,False,False,False
MCH4934,Gill LLC,5812,RESTAURANT,PRIVATE_LIMITED,Ludhiana,Punjab,2024-07-29 00:00:00,XXXX9958,ACTIVE,,False,False,False,True,False,False
MCH4936,Batra-Patla,4814,TELECOM,INDIVIDUAL,Mumbai,Maharashtra,2023-02-05 00:00:00,XXXX9602,ACTIVE,2064.79,False,False,False,False,False,False
MCH4947,"DADA, SHROFF AND LALL",5699,APPAREL,INDIVIDUAL,Hyderabad,Telangana,2023-03-17 00:00:00,,ACTIVE,1747.23,True,False,False,False,True,False
MCH4951,"Sha, Shan and D’Alia",4814,TELECOM,PRIVATE_LIMITED,Mumbai,Maharashtra,2023-08-05 18:25:08,XXXX9678,INACTIVE,,False,False,False,True,False,False
MCH4951,Cheema-Dugal,5311,DEPARTMENT_STORE,INDIVIDUAL,Amritsar,Punjab,2024-04-03 00:00:00,,ACTIVE,,False,False,False,True,True,False
MCH4958,Saini LLC,4131,TRANSPORT,PRIVATE_LIMITED,Hyderabad,Telangana,2023-06-24 00:00:00,,ACTIVE,440.09,True,False,False,False,True,False
MCH4964,SARKAR-GODA,5311,DEPARTMENT_STORE,PRIVATE_LIMITED,Pune,Maharashtra,2025-07-14 00:00:00,,ACTIVE,1517.0,False,False,False,False,True,False
MCH4972,Prabhu-Murty,5812,RESTAURANT,PARTNERSHIP,Amritsar,Punjab,2023-05-01 04:53:55,XXXX2176,ACTIVE,-327.77,False,False,True,False,False,False
MCH4975,Bhakta-Sidhu,5699,APPAREL,PARTNERSHIP,Jalandhar,Punjab,2024-09-18 00:00:00,,ACTIVE,280.66,False,False,False,False,True,False
MCH4980,Gaba-Sankaran,5912,PHARMACY,SOLE_PROPRIETOR,Amritsar,Punjab,,,INACTIVE,857.86,True,False,False,False,True,True
MCH4984,Rege-Mane,7011,HOTEL,INDIVIDUAL,Bengaluru,Karnataka,2023-08-14 00:00:00,,INACTIVE,-693.28,False,False,True,False,True,False
MCH4989,Khanna and Sons,7011,HOTEL,PRIVATE_LIMITED,Ludhiana,Punjab,2025-09-25 00:00:00,,ACTIVE,1981.95,False,False,False,False,True,False
MCH5001,Prabhakar-Badami,5699,APPAREL,SOLE_PROPRIETOR,Kolkata,West Bengal,2023-03-12 00:00:00,XXXX5583,ACTIVE,4621.27,False,False,False,False,False,False
MCH5019,Bah1-L0ya1,5411,GROCERY,SOLE_PROPRIETOR,Bengaluru,Karnataka,2025-05-12 09:53:54,,ACTIVE,1093.52,False,False,False,False,True,False
MCH5019,"Mahajan, Gulati and Chakrabarti",5411,GROCERY,PARTNERSHIP,Amritsar,Punjab,2024-08-08 00:00:00,,ACTIVE,448.34,False,False,False,False,True,False
MCH5019,Parikh Group,4814,TELECOM,PARTNERSHIP,Hyderabad,Telangana,2023-05-07 05:57:41,,ACTIVE,1075.9,False,False,False,False,True,False
MCH5021,"Badami, Chatterjee and Handa",4814,TELECOM,SOLE_PROPRIETOR,Hyderabad,Telangana,2024-08-22 22:52:16,,ACTIVE,443.63,False,False,False,False,True,False
MCH5023,rastogi ltd,5411,GROCERY,INDIVIDUAL,Ludhiana,Punjab,2024-09-22 20:08:35,XXXX4276,ACTIVE,532.62,False,False,False,False,False,False
MCH5023,"B0rde, Venkataraman and Sura",7011,HOTEL,PRIVATE_LIMITED,Chennai,Tamil Nadu,2024-06-07 00:00:00,,ACTIVE,1983.28,True,False,False,False,True,False
MCH5036,Dutt-Nagy,5812,RESTAURANT,INDIVIDUAL,Delhi,Delhi,2023-03-15 00:48:00,,ACTIVE,1947.0,False,False,False,False,True,False
MCH5037,"SEKHON, DHILLON AND BATH",5812,RESTAURANT,PARTNERSHIP,Delhi,Delhi,2024-10-01 00:00:00,XXXX1595,INACTIVE,,False,False,False,True,False,False
MCH5040,Kumer-M0rar,4131,TRANSPORT,PRIVATE_LIMITED,Chennai,Tamil Nadu,2023-01-08 04:01:00,,ACTIVE,5948.0,False,False,False,False,True,False
MCH5040,Lala-Pandit,5411,GROCERY,INDIVIDUAL,Kolkata,West Bengal,,,ACTIVE,709.71,False,False,False,False,True,True
MCH5040,Oza-Gulati,5699,APPAREL,PARTNERSHIP,Mumbai,Maharashtra,,,ACTIVE,1665.61,False,False,False,False,True,True
MCH5042,Narasimhan Ltd,7011,HOTEL,PRIVATE_LIMITED,Pune,Maharashtra,2025-11-03 00:00:00,,ACTIVE,,False,False,False,True,True,False
MCH5064,bassi inc,5812,RESTAURANT,INDIVIDUAL,Delhi,Delhi,2025-12-27 16:24:04,,INACTIVE,1024.0,False,False,False,False,True,False
MCH5070,krishnan group,4814,TELECOM,PARTNERSHIP,Delhi,Delhi,2024-06-18 16:41:00,,ACTIVE,1597.64,True,False,False,False,True,False
MCH5081,Grewal-Dutt,5942,BOOKS_STATIONERY,PARTNERSHIP,Jaipur,Rajasthan,2024-09-22 00:00:00,,ACTIVE,624.18,False,False,False,False,True,False
MCH5106,Sagar LLC,5912,PHARMACY,INDIVIDUAL,Jalandhar,Punjab,2026-02-23 06:38:00,,ACTIVE,1707.71,False,False,False,False,True,False
MCH5108,"Te11a, Naik and Rajag0pa1",7011,HOTEL,PRIVATE_LIMITED,Delhi,Delhi,2023-02-17 06:26:08,,ACTIVE,1054.85,False,False,False,False,True,False
MCH5110,"anne, nayak and chada",5311,DEPARTMENT_STORE,PRIVATE_LIMITED,Amritsar,Punjab,2023-04-26 00:00:00,XXXX7674,ACTIVE,478.0,False,False,False,False,False,False
MCH5110,"deshpande, verma and shenoy",5942,BOOKS_STATIONERY,PRIVATE_LIMITED,Pune,Maharashtra,2024-11-11 00:00:00,,INACTIVE,-555.9,False,False,True,False,True,False
MCH5112,Agarwa1 Ltd,5311,DEPARTMENT_STORE,PRIVATE_LIMITED,Chennai,Tamil Nadu,2026-02-18 00:00:00,,ACTIVE,782.67,False,False,False,False,True,False
MCH5112,nigam-chawla,4131,TRANSPORT,PRIVATE_LIMITED,Chennai,Tamil Nadu,2025-09-06 00:00:00,,INACTIVE,353.3,False,False,False,False,True,False
MCH5114,Lal Group,5411,GROCERY,PRIVATE_LIMITED,Bengaluru,Karnataka,2024-06-23 01:46:15,XXXX3035,ACTIVE,1143.5,False,False,False,False,False,False
MCH5117,"Parikh, Sengupta and Chander",7011,HOTEL,PARTNERSHIP,Chennai,Tamil Nadu,2023-01-26 23:39:00,,INACTIVE,266.62,False,False,False,False,True,False
MCH5121,Din-Dar,5812,RESTAURANT,INDIVIDUAL,Jalandhar,Punjab,,,ACTIVE,2367.99,False,False,False,False,True,True
MCH5122,Garde Ltd,5699,APPAREL,PARTNERSHIP,Mumbai,Maharashtra,2024-09-06 00:00:00,XXXX0316,ACTIVE,957.5,False,False,False,False,False,False
MCH5122,"Chand, Gupta and Bhargava",5812,RESTAURANT,INDIVIDUAL,Jalandhar,Punjab,2024-04-01 00:00:00,XXXX9761,ACTIVE,2946.92,False,False,False,False,False,False
MCH5127,Sarkar-Vaidya,5699,APPAREL,INDIVIDUAL,Bengaluru,Karnataka,2023-11-23 00:00:00,,ACTIVE,465.12,False,False,False,False,True,False
MCH5129,dayal-saran,5912,PHARMACY,SOLE_PROPRIETOR,Chennai,Tamil Nadu,2024-09-30 00:00:00,XXXX9127,ACTIVE,1504.46,False,False,False,False,False,False
MCH5135,swaminathan-kashyap,5942,BOOKS_STATIONERY,SOLE_PROPRIETOR,Mumbai,Maharashtra,2024-01-22 00:00:00,XXXX9306,ACTIVE,727.31,False,False,False,False,False,False
MCH5137,"GREWAL, CHHABRA AND SAWHNEY",4131,TRANSPORT,SOLE_PROPRIETOR,Ludhiana,Punjab,2023-06-29 00:00:00,,ACTIVE,551.72,False,False,False,False,True,False
MCH5141,Gera-Kashyap,4814,TELECOM,PARTNERSHIP,Ludhiana,Punjab,2024-08-01 00:21:00,,ACTIVE,2000.07,False,False,False,False,True,False
MCH5154,Bhargava-Dey,5912,PHARMACY,PARTNERSHIP,Jalandhar,Punjab,2025-03-22 00:00:00,XXXX7453,ACTIVE,861.82,False,False,False,False,False,False
MCH5154,Chauhan Inc,4814,TELECOM,PARTNERSHIP,Jalandhar,Punjab,2023-02-18 00:00:00,,ACTIVE,1206.43,True,False,False,False,True,False
MCH5166,Roy-Srinivasan,4814,TELECOM,INDIVIDUAL,Bengaluru,Karnataka,2025-09-24 00:00:00,,INACTIVE,1501.14,False,False,False,False,True,False
MCH5180,"Gaba, Chacko and Khatri",5699,APPAREL,PRIVATE_LIMITED,Pune,Maharashtra,2025-02-12 00:00:00,XXXX8144,ACTIVE,753.85,False,False,False,False,False,False
MCH5186,Dey-Bansal,5912,PHARMACY,SOLE_PROPRIETOR,Chennai,Tamil Nadu,2025-09-21 00:00:00,,ACTIVE,365.0,False,False,False,False,True,False
MCH5190,"Saini,RanaandAggarwal",5411,GROCERY,SOLE_PROPRIETOR,Mumbai,Maharashtra,,XXXX7368,ACTIVE,1844.01,False,False,False,False,False,True
MCH5196,Sagar-Kohli,4131,TRANSPORT,PARTNERSHIP,Delhi,Delhi,2024-02-14 00:00:00,XXXX8139,ACTIVE,3536.0,False,False,False,False,False,False
MCH5204,Gokhale Ltd,5411,GROCERY,SOLE_PROPRIETOR,Hyderabad,Telangana,,XXXX9492,ACTIVE,955.33,False,False,False,False,False,True
MCH5210,Rege-Sridhar,5942,BOOKS_STATIONERY,PRIVATE_LIMITED,Jalandhar,Punjab,2024-05-10 00:00:00,XXXX0223,ACTIVE,1199.73,False,False,False,False,False,False
MCH5210,NATARAJAN LLC,4131,TRANSPORT,PARTNERSHIP,Lucknow,Uttar Pradesh,2023-08-25 00:00:00,,ACTIVE,2522.68,False,False,False,False,True,False
MCH5217,Swamy Ltd,5411,GROCERY,PRIVATE_LIMITED,Kolkata,West Bengal,2023-02-22 00:00:00,XXXX6120,ACTIVE,1618.62,False,False,False,False,False,False
MCH5219,Pillay Group,4814,TELECOM,PARTNERSHIP,Jalandhar,Punjab,,XXXX0337,ACTIVE,834.97,False,False,False,False,False,True
MCH5227,Gala PLC,7011,HOTEL,PARTNERSHIP,Kolkata,West Bengal,2026-01-21 00:00:00,,ACTIVE,,False,False,False,True,True,False
MCH5231,Varghese-Rattan,5411,GROCERY,PARTNERSHIP,Delhi,Delhi,2026-02-05 00:00:00,,ACTIVE,692.04,True,False,False,False,True,False
MCH5235,Yogi-Dutt,4131,TRANSPORT,SOLE_PROPRIETOR,Ludhiana,Punjab,2023-10-19 00:25:55,,ACTIVE,-1341.4,False,False,True,False,True,False
MCH5236,Basak-Madan,5999,MISC_RETAIL,PRIVATE_LIMITED,Delhi,Delhi,,XXXX9420,ACTIVE,389.03,False,False,False,False,False,True
MCH5237,Deep-Raja,5999,MISC_RETAIL,INDIVIDUAL,Mumbai,Maharashtra,2025-02-13 16:43:39,XXXX0515,ACTIVE,986.24,False,False,False,False,False,False
MCH5245,Aggarwal Inc,5411,GROCERY,SOLE_PROPRIETOR,Kolkata,West Bengal,2024-07-15 00:00:00,,ACTIVE,,False,False,False,True,True,False
MCH5251,"Rana, Chandra and Tank",4131,TRANSPORT,PARTNERSHIP,Mumbai,Maharashtra,,,INACTIVE,3641.26,False,False,False,False,True,True
MCH5265,"Jain, Jaggi and Gara",5699,APPAREL,INDIVIDUAL,Jaipur,Rajasthan,2023-10-05 00:00:00,XXXX8547,ACTIVE,617.01,False,False,False,False,False,False
MCH5269,Swaminathan-Barman,5942,BOOKS_STATIONERY,SOLE_PROPRIETOR,Pune,Maharashtra,2024-05-04 00:00:00,XXXX9395,ACTIVE,526.0,True,False,False,False,False,False
MCH5274,Thakur and Sons,4814,TELECOM,SOLE_PROPRIETOR,Chennai,Tamil Nadu,2025-04-21 09:59:18,,ACTIVE,983.36,False,False,False,False,True,False
MCH5281,RAMASWAMY-BHANDARI,5411,GROCERY,PARTNERSHIP,Bengaluru,Karnataka,2023-04-04 00:00:00,,ACTIVE,113.91,False,False,False,False,True,False
MCH5283,"Verma, Narasimhan and Balan",5912,PHARMACY,INDIVIDUAL,Delhi,Delhi,2026-02-05 00:00:00,,ACTIVE,1266.0,True,False,False,False,True,False
MCH5283,"Ganesh, Parekh and Subramanian",5912,PHARMACY,PARTNERSHIP,Hyderabad,Telangana,2025-03-02 00:00:00,,ACTIVE,307.25,False,False,False,False,True,False
MCH5287,Dhillon Inc,5812,RESTAURANT,PARTNERSHIP,Chennai,Tamil Nadu,2025-05-25 09:00:23,XXXX4505,ACTIVE,,False,False,False,True,False,False
MCH5292,Shankar-Dhawan,5411,GROCERY,INDIVIDUAL,Delhi,Delhi,,XXXX7847,ACTIVE,,False,False,False,True,False,True
MCH5293,Palla-Dhar,4131,TRANSPORT,PRIVATE_LIMITED,Bengaluru,Karnataka,2024-12-07 00:00:00,XXXX9392,INACTIVE,1936.57,False,False,False,False,False,False
MCH5293,PINGLE PLC,5999,MISC_RETAIL,INDIVIDUAL,Delhi,Delhi,2023-09-03 16:02:00,XXXX2228,ACTIVE,1088.29,False,False,False,False,False,False
MCH5316,Madan Ltd,5311,DEPARTMENT_STORE,INDIVIDUAL,Kolkata,West Bengal,2023-05-11 17:42:55,,INACTIVE,706.61,False,False,False,False,True,False
MCH5316,"Mand, Banerjee and Bhandari",5699,APPAREL,PRIVATE_LIMITED,Chennai,Tamil Nadu,,XXXX7441,ACTIVE,1934.84,False,False,False,False,False,True
MCH5328,Kaur Group,5699,APPAREL,PARTNERSHIP,Lucknow,Uttar Pradesh,2025-04-07 20:09:14,,ACTIVE,1594.0,False,False,False,False,True,False
MCH5335,Daya1-Gera,7011,HOTEL,PARTNERSHIP,Delhi,Delhi,,,ACTIVE,699.3,True,False,False,False,True,True
MCH5354,Khatri-De0,5942,BOOKS_STATIONERY,PARTNERSHIP,Jalandhar,Punjab,,XXXX1084,ACTIVE,,False,False,False,True,False,True
MCH5356,Rege LLC,5411,GROCERY,SOLE_PROPRIETOR,Ludhiana,Punjab,2024-10-02 00:00:00,,INACTIVE,917.24,False,False,False,False,True,False
MCH5362,"kunda, tiwari and nagi",5912,PHARMACY,PRIVATE_LIMITED,Jaipur,Rajasthan,2024-08-09 20:44:38,,ACTIVE,1922.99,False,False,False,False,True,False
MCH5362,"Date, Gandhi and Bath",5942,BOOKS_STATIONERY,PARTNERSHIP,Delhi,Delhi,2023-03-27 14:31:00,XXXX8502,ACTIVE,,False,False,False,True,False,False
MCH5367,Varughese-Kala,5942,BOOKS_STATIONERY,SOLE_PROPRIETOR,Ludhiana,Punjab,2024-09-24 20:00:00,,ACTIVE,1142.44,False,False,False,False,True,False
MCH5370,Lala LLC,5311,DEPARTMENT_STORE,INDIVIDUAL,Delhi,Delhi,2025-05-07 03:36:09,,ACTIVE,1448.94,False,False,False,False,True,False
MCH5378,Chaudhari Inc,7011,HOTEL,INDIVIDUAL,Bengaluru,Karnataka,2023-12-12 00:00:00,XXXX0207,ACTIVE,,False,False,False,True,False,False
MCH5387,Hayre-Chaudry,5699,APPAREL,SOLE_PROPRIETOR,Amritsar,Punjab,2023-06-11 00:00:00,XXXX7071,ACTIVE,1445.17,False,False,False,False,False,False
MCH5390,"Choudhry, Dube and Morar",4131,TRANSPORT,PARTNERSHIP,Ludhiana,Punjab,2024-08-26 00:00:00,,ACTIVE,420.78,True,False,False,False,True,False
MCH5390,bajwa group,5942,BOOKS_STATIONERY,SOLE_PROPRIETOR,Jaipur,Rajasthan,,XXXX7220,ACTIVE,2643.0,False,False,False,False,False,True
MCH5401,Dave PLC,5311,DEPARTMENT_STORE,PARTNERSHIP,Mumbai,Maharashtra,2023-06-03 00:00:00,,ACTIVE,3231.0,False,False,False,False,True,False
MCH5408,"Mani, Reddy and Shah",4814,TELECOM,PARTNERSHIP,Mumbai,Maharashtra,2025-03-02 16:18:24,,ACTIVE,1405.07,False,False,False,False,True,False
MCH5416,Yadav LLC,4131,TRANSPORT,PRIVATE_LIMITED,Jalandhar,Punjab,,,ACTIVE,898.37,False,False,False,False,True,True
MCH5442,Sarkar-Prabhu,5311,DEPARTMENT_STORE,PRIVATE_LIMITED,Ludhiana,Punjab,2023-12-19 20:53:00,,ACTIVE,3121.0,False,False,False,False,True,False
MCH5447,Ram-Shetty,7011,HOTEL,PARTNERSHIP,Bengaluru,Karnataka,2023-03-11 00:00:00,,ACTIVE,-606.16,True,False,True,False,True,False
MCH5477,CHOPRA INC,5411,GROCERY,INDIVIDUAL,Ludhiana,Punjab,2025-01-14 15:06:24,XXXX9590,ACTIVE,878.29,False,False,False,False,False,False
MCH5482,"tiwari, jain and hayer",4131,TRANSPORT,SOLE_PROPRIETOR,Chennai,Tamil Nadu,,XXXX2186,ACTIVE,249.86,False,False,False,False,False,True
MCH5488,Pradhan-Nagy,4814,TELECOM,PRIVATE_LIMITED,Lucknow,Uttar Pradesh,,,ACTIVE,1893.0,False,False,False,False,True,True
MCH5493,"Choudhury, Nayak and Hayer",5699,APPAREL,INDIVIDUAL,Jalandhar,Punjab,,XXXX9708,ACTIVE,954.13,True,False,False,False,False,True
MCH5493,KANT-BHANDARI,7011,HOTEL,INDIVIDUAL,Chennai,Tamil Nadu,,,ACTIVE,2521.07,False,False,False,False,True,True
MCH5494,palan-bhatnagar,4814,TELECOM,PRIVATE_LIMITED,Kolkata,West Bengal,2024-10-02 09:53:00,XXXX3349,ACTIVE,720.88,False,False,False,False,False,False
MCH5494,Bhavsar-Jhaveri,5912,PHARMACY,INDIVIDUAL,Ludhiana,Punjab,2023-05-23 00:00:00,XXXX7439,ACTIVE,325.0,False,False,False,False,False,False
MCH5496,Dar PLC,5912,PHARMACY,SOLE_PROPRIETOR,Jalandhar,Punjab,2023-03-01 00:43:00,,ACTIVE,374.06,False,False,False,False,True,False
MCH5497,Devan Ltd,5912,PHARMACY,PARTNERSHIP,Kolkata,West Bengal,2023-11-20 00:00:00,,ACTIVE,266.7,False,False,False,False,True,False
MCH5502,KAUL-NAYAR,5912,PHARMACY,SOLE_PROPRIETOR,Chennai,Tamil Nadu,2024-10-18 20:35:14,XXXX3457,ACTIVE,716.0,False,False,False,False,False,False
MCH5505,Wagle Ltd,4131,TRANSPORT,PARTNERSHIP,Lucknow,Uttar Pradesh,2025-01-06 00:00:00,,INACTIVE,318.93,False,False,False,False,True,False
MCH5505,Shan-Cherian,5311,DEPARTMENT_STORE,INDIVIDUAL,Delhi,Delhi,2023-08-19 00:00:00,,ACTIVE,3177.98,False,False,False,False,True,False
MCH5518,Mannan Inc,5999,MISC_RETAIL,PARTNERSHIP,Hyderabad,Telangana,2024-03-28 22:25:18,,ACTIVE,1107.87,False,False,False,False,True,False
MCH5546,"Brar, Rajan and Bhat",4814,TELECOM,PRIVATE_LIMITED,Bengaluru,Karnataka,2024-10-16 00:00:00,,ACTIVE,843.23,False,False,False,False,True,False
MCH5547,Chander-Menon,5912,PHARMACY,PARTNERSHIP,Pune,Maharashtra,2024-03-02 00:00:00,,INACTIVE,1421.71,True,False,False,False,True,False
MCH5553,Salvi-Contractor,5411,GROCERY,INDIVIDUAL,Kolkata,West Bengal,2024-03-21 00:00:00,,ACTIVE,3894.89,False,False,False,False,True,False
MCH5555,"Banerjee, Kurian and Tara",4814,TELECOM,SOLE_PROPRIETOR,Jalandhar,Punjab,2025-05-21 00:00:00,,ACTIVE,,False,False,False,True,True,False
MCH5559,Grewal-Mohanty,5999,MISC_RETAIL,PRIVATE_LIMITED,Jalandhar,Punjab,2024-04-23 00:00:00,,ACTIVE,1466.58,False,False,False,False,True,False
MCH5559,"GANGULY, BAKSHI AND CHOPRA",5699,APPAREL,INDIVIDUAL,Jalandhar,Punjab,2023-11-14 13:22:00,,INACTIVE,,True,False,False,True,True,False
MCH5559,Kata Ltd,7011,HOTEL,SOLE_PROPRIETOR,Ludhiana,Punjab,,XXXX7757,ACTIVE,,False,False,False,True,False,True
MCH5567,"Apte, Sanghvi and Varkey",5812,RESTAURANT,PARTNERSHIP,Chennai,Tamil Nadu,2023-06-05 00:00:00,XXXX9947,INACTIVE,2121.0,False,False,False,False,False,False
MCH5567,"Kibe, Halder and Saraf",5912,PHARMACY,SOLE_PROPRIETOR,Bengaluru,Karnataka,2023-01-28 02:44:29,XXXX4938,ACTIVE,1983.35,False,False,False,False,False,False
MCH5573,Vora-Natarajan,4814,TELECOM,INDIVIDUAL,Delhi,Delhi,,,INACTIVE,2579.11,False,False,False,False,True,True
MCH5587,"Rama, Bail and Garde",5812,RESTAURANT,SOLE_PROPRIETOR,Jaipur,Rajasthan,2024-11-26 10:05:00,,INACTIVE,3401.0,False,False,False,False,True,False
MCH5587,"Parmar,BobalandBatra",5912,PHARMACY,PRIVATE_LIMITED,Bengaluru,Karnataka,2024-06-25 00:00:00,,ACTIVE,996.25,False,False,False,False,True,False
MCH5594,ANNE LTD,4814,TELECOM,PRIVATE_LIMITED,Hyderabad,Telangana,2024-03-16 00:00:00,XXXX4539,ACTIVE,1557.37,False,False,False,False,False,False
MCH5606,"Hayer, Mukherjee and Kohli",5812,RESTAURANT,PARTNERSHIP,Kolkata,West Bengal,2023-06-16 00:00:00,,ACTIVE,1765.0,False,False,False,False,True,False
MCH5607,Ba1a and S0ns,4131,TRANSPORT,INDIVIDUAL,Delhi,Delhi,2023-07-24 00:00:00,,ACTIVE,2712.11,True,False,False,False,True,False
MCH5611,"Bawa, Grewal and Chakrabarti",5311,DEPARTMENT_STORE,PARTNERSHIP,Mumbai,Maharashtra,,,ACTIVE,764.0,False,False,False,False,True,True
MCH5618,Mital-Sandhu,5411,GROCERY,PARTNERSHIP,Pune,Maharashtra,,XXXX4715,ACTIVE,862.0,False,False,False,False,False,True
MCH5622,"Biswas, Shetty and Nazareth",5912,PHARMACY,PARTNERSHIP,Lucknow,Uttar Pradesh,2025-11-13 00:00:00,,ACTIVE,1250.67,False,False,False,False,True,False
MCH5629,Barman Ltd,4131,TRANSPORT,PARTNERSHIP,Delhi,Delhi,2024-10-16 20:12:00,,ACTIVE,1135.33,False,False,False,False,True,False
MCH5631,CHADA-BUCH,7011,HOTEL,SOLE_PROPRIETOR,Lucknow,Uttar Pradesh,2023-03-06 00:00:00,XXXX4981,INACTIVE,2202.48,False,False,False,False,False,False
MCH5637,Desai-Sankaran,5942,BOOKS_STATIONERY,INDIVIDUAL,Kolkata,West Bengal,2025-12-05 00:00:00,,ACTIVE,-485.95,False,False,True,False,True,False
MCH5641,Thaker and Sons,4131,TRANSPORT,PARTNERSHIP,Chennai,Tamil Nadu,2024-02-20 00:00:00,XXXX0270,ACTIVE,1143.48,False,False,False,False,False,False
MCH5642,Swaminathan-Ratti,7011,HOTEL,SOLE_PROPRIETOR,Bengaluru,Karnataka,2024-09-16 00:00:00,,ACTIVE,1651.14,False,False,False,False,True,False
MCH5646,Luthra PLC,5942,BOOKS_STATIONERY,SOLE_PROPRIETOR,Chennai,Tamil Nadu,2024-04-06 00:00:00,,ACTIVE,2198.41,False,False,False,False,True,False
MCH5648,Jain-Bera,5912,PHARMACY,SOLE_PROPRIETOR,Ludhiana,Punjab,,,ACTIVE,1745.3,False,False,False,False,True,True
MCH5648,Jain-Bera,5912,PHARMACY,SOLE_PROPRIETOR,Ludhiana,Punjab,,,INACTIVE,1745.3,False,False,False,False,True,True
MCH5656,Narayanan Group,4814,TELECOM,PARTNERSHIP,Lucknow,Uttar Pradesh,2023-11-12 08:59:00,XXXX9825,ACTIVE,509.12,False,False,False,False,False,False
MCH5660,Sama LLC,5699,APPAREL,PRIVATE_LIMITED,Lucknow,Uttar Pradesh,,,ACTIVE,18060.85,True,False,False,False,True,True
MCH5662,Kannan-Yogi,4131,TRANSPORT,INDIVIDUAL,Chennai,Tamil Nadu,2025-08-01 00:00:00,,ACTIVE,1393.63,False,False,False,False,True,False
MCH5676,Kohli-Bir,4814,TELECOM,PRIVATE_LIMITED,Lucknow,Uttar Pradesh,2024-04-29 20:08:00,XXXX1129,ACTIVE,-1466.78,False,False,True,False,False,False
MCH5678,Kumar and Sons,5311,DEPARTMENT_STORE,PRIVATE_LIMITED,Jaipur,Rajasthan,2024-03-25 00:00:00,XXXX2633,ACTIVE,6122.0,False,False,False,False,False,False
MCH5683,subramanian group,5311,DEPARTMENT_STORE,PRIVATE_LIMITED,Lucknow,Uttar Pradesh,2024-10-24 15:26:50,XXXX3623,INACTIVE,774.44,False,False,False,False,False,False
MCH5683,"Magar, Cherian and Wable",5912,PHARMACY,PARTNERSHIP,Amritsar,Punjab,2024-08-07 00:00:00,XXXX0905,ACTIVE,1544.64,False,False,False,False,False,False
MCH5683,"ramesh, bhalla and murthy",4131,TRANSPORT,PRIVATE_LIMITED,Kolkata,West Bengal,2025-12-02 00:00:00,,ACTIVE,3635.0,False,False,False,False,True,False
MCH5683,Chauhan-Chakraborty,5912,PHARMACY,PRIVATE_LIMITED,Chennai,Tamil Nadu,2025-06-06 00:35:00,XXXX7299,ACTIVE,,False,False,False,True,False,False
MCH5684,Dua-Ghose,5311,DEPARTMENT_STORE,PARTNERSHIP,Pune,Maharashtra,2024-10-07 04:56:00,,ACTIVE,465.0,False,False,False,False,True,False
MCH5704,Bhardwaj and Sons,5942,BOOKS_STATIONERY,SOLE_PROPRIETOR,Delhi,Delhi,2024-03-09 10:41:04,XXXX2621,ACTIVE,885.73,False,False,False,False,False,False
MCH5704,Biswas-Yohannan,7011,HOTEL,SOLE_PROPRIETOR,Kolkata,West Bengal,,XXXX3443,ACTIVE,751.57,False,False,False,False,False,True
MCH5705,MUKHOPADHYAY AND SONS,5699,APPAREL,SOLE_PROPRIETOR,Jalandhar,Punjab,2025-02-25 00:00:00,,ACTIVE,716.31,False,False,False,False,True,False
MCH5707,varughese-hegde,4814,TELECOM,PRIVATE_LIMITED,Lucknow,Uttar Pradesh,2025-07-12 22:37:37,XXXX0262,ACTIVE,,True,False,False,True,False,False
MCH5737,"Chaudhary, Raghavan and Brahmbhatt",5912,PHARMACY,INDIVIDUAL,Amritsar,Punjab,2026-02-25 00:00:00,,ACTIVE,1419.52,False,False,False,False,True,False
MCH5737,"Barad, Majumdar and Barad",5699,APPAREL,PRIVATE_LIMITED,Jaipur,Rajasthan,2025-12-18 00:00:00,,ACTIVE,589.94,False,False,False,False,True,False
MCH5737,"Mangat, Parmer and Khosla",5311,DEPARTMENT_STORE,SOLE_PROPRIETOR,Pune,Maharashtra,,XXXX0912,ACTIVE,2850.24,False,False,False,False,False,True
MCH5741,Uppal Group,5942,BOOKS_STATIONERY,INDIVIDUAL,Mumbai,Maharashtra,2023-05-30 00:00:00,XXXX1724,ACTIVE,,True,False,False,True,False,False
MCH5745,"Bahri, Dutta and Narang",4131,TRANSPORT,INDIVIDUAL,Bengaluru,Karnataka,2024-03-27 07:33:00,XXXX2721,ACTIVE,955.1,False,False,False,False,False,False
MCH5745,"Mahal, Gokhale and Shah",5699,APPAREL,SOLE_PROPRIETOR,Lucknow,Uttar Pradesh,2023-05-04 02:35:30,XXXX1251,ACTIVE,1104.0,False,False,False,False,False,False
MCH5749,"Bir, Sibal and Arya",5942,BOOKS_STATIONERY,PARTNERSHIP,Mumbai,Maharashtra,2024-05-10 03:51:33,,ACTIVE,1490.24,False,False,False,False,True,False
MCH5749,"Chaudry, Minhas and Chatterjee",5812,RESTAURANT,PRIVATE_LIMITED,Mumbai,Maharashtra,2024-05-09 00:00:00,,ACTIVE,1621.0,False,False,False,False,True,False
MCH5753,Handa Inc,5812,RESTAURANT,SOLE_PROPRIETOR,Hyderabad,Telangana,2025-11-04 23:27:50,XXXX3053,ACTIVE,3518.1,False,False,False,False,False,False
MCH5753,Zachariah-Rai,5812,RESTAURANT,PRIVATE_LIMITED,Hyderabad,Telangana,2023-12-01 00:00:00,,ACTIVE,3163.49,False,False,False,False,True,False
MCH5762,Dyal-Loke,5812,RESTAURANT,INDIVIDUAL,Kolkata,West Bengal,2023-06-29 00:00:00,,ACTIVE,5081.8,False,False,False,False,True,False
MCH5768,brar inc,5812,RESTAURANT,SOLE_PROPRIETOR,Hyderabad,Telangana,2023-04-04 00:00:00,XXXX6916,ACTIVE,1354.3,False,False,False,False,False,False
MCH5775,Aurora-Dhillon,4131,TRANSPORT,INDIVIDUAL,Bengaluru,Karnataka,2024-01-15 00:58:00,,INACTIVE,470.32,False,False,False,False,True,False
MCH5776,Date-Mangat,7011,HOTEL,PRIVATE_LIMITED,Ludhiana,Punjab,2025-01-15 00:00:00,,ACTIVE,-1509.26,False,False,True,False,True,False
MCH5780,Tara-Palan,5699,APPAREL,INDIVIDUAL,Bengaluru,Karnataka,2024-01-11 00:00:00,,ACTIVE,1736.15,False,False,False,False,True,False
MCH5780,Oak-Mody,5999,MISC_RETAIL,PARTNERSHIP,Pune,Maharashtra,2023-02-07 00:00:00,XXXX4121,INACTIVE,,False,False,False,True,False,False
MCH5793,Hayre and Sons,4131,TRANSPORT,INDIVIDUAL,Amritsar,Punjab,2023-10-23 00:00:00,XXXX4734,ACTIVE,2411.65,False,False,False,False,False,False
MCH5797,Bhatt Ltd,5942,BOOKS_STATIONERY,INDIVIDUAL,Chennai,Tamil Nadu,,XXXX5629,ACTIVE,1641.0,False,False,False,False,False,True
MCH5799,"Sankaran, Kadakia and Banerjee",7011,HOTEL,PARTNERSHIP,Amritsar,Punjab,2026-01-26 00:00:00,,ACTIVE,1412.02,False,False,False,False,True,False
MCH5809,Buch PLC,4131,TRANSPORT,INDIVIDUAL,Bengaluru,Karnataka,2025-01-22 00:00:00,,ACTIVE,461.99,False,False,False,False,True,False
MCH5823,Sen LLC,4814,TELECOM,SOLE_PROPRIETOR,Pune,Maharashtra,2024-08-30 01:05:00,,ACTIVE,7119.48,False,False,False,False,True,False
MCH5829,Mall LLC,5699,APPAREL,SOLE_PROPRIETOR,Chennai,Tamil Nadu,2023-07-12 00:00:00,,ACTIVE,-940.71,False,False,True,False,True,False
MCH5845,kara group,5999,MISC_RETAIL,PRIVATE_LIMITED,Amritsar,Punjab,2023-12-31 03:38:30,XXXX0508,ACTIVE,1557.96,False,False,False,False,False,False
MCH5847,Andra-Tata,5699,APPAREL,PRIVATE_LIMITED,Jaipur,Rajasthan,2023-01-02 11:44:45,,ACTIVE,693.92,False,False,False,False,True,False
MCH5851,Sani Ltd,5999,MISC_RETAIL,PARTNERSHIP,Jaipur,Rajasthan,2023-02-06 00:00:00,XXXX1540,ACTIVE,1306.04,False,False,False,False,False,False
MCH5851,"Dugar, Shanker and Bedi",5999,MISC_RETAIL,SOLE_PROPRIETOR,Pune,Maharashtra,2024-07-24 00:00:00,,ACTIVE,-1000.2,True,False,True,False,True,False
MCH5872,KaleLLC,4131,TRANSPORT,PARTNERSHIP,Bengaluru,Karnataka,,,ACTIVE,1429.88,False,False,False,False,True,True
MCH5874,Pathak Group,4814,TELECOM,INDIVIDUAL,Jalandhar,Punjab,2025-03-16 00:00:00,,INACTIVE,814.38,False,False,False,False,True,False
MCH5874,pandya plc,7011,HOTEL,PARTNERSHIP,Hyderabad,Telangana,,XXXX1960,INACTIVE,-3183.86,False,False,True,False,False,True
MCH5881,"Bandi, Krishnamurthy and Saran",5411,GROCERY,PARTNERSHIP,Amritsar,Punjab,2025-12-13 00:00:00,XXXX6576,ACTIVE,345.76,False,False,False,False,False,False
MCH5881,Baria-Keer,4131,TRANSPORT,PRIVATE_LIMITED,Jaipur,Rajasthan,2026-02-09 03:41:16,,INACTIVE,2633.32,False,False,False,False,True,False
MCH5892,Mangat-Dutta,5942,BOOKS_STATIONERY,SOLE_PROPRIETOR,Jaipur,Rajasthan,2023-10-08 00:00:00,XXXX7194,ACTIVE,2243.17,True,False,False,False,False,False
MCH5892,"Dara, Goswami and Purohit",5812,RESTAURANT,INDIVIDUAL,Bengaluru,Karnataka,2025-02-21 11:15:43,,ACTIVE,1175.0,False,False,False,False,True,False
MCH5898,"Dalal, Bhavsar and Taneja",5999,MISC_RETAIL,PRIVATE_LIMITED,Kolkata,West Bengal,2025-05-19 00:00:00,,ACTIVE,2660.29,False,False,False,False,True,False
MCH5905,"Hayer, Char and Jain",5999,MISC_RETAIL,PRIVATE_LIMITED,Pune,Maharashtra,2025-03-01 00:00:00,,ACTIVE,2191.84,False,False,False,False,True,False
MCH5912,shenoy plc,4814,TELECOM,INDIVIDUAL,Bengaluru,Karnataka,2023-12-12 00:00:00,,ACTIVE,551.95,False,False,False,False,True,False
MCH5914,Ku1karni-Deshmukh,5699,APPAREL,INDIVIDUAL,Jaipur,Rajasthan,2025-04-24 21:08:53,,ACTIVE,386.71,False,False,False,False,True,False
MCH5929,"Natt, Iyengar and Desai",5699,APPAREL,SOLE_PROPRIETOR,Delhi,Delhi,2024-02-21 00:00:00,XXXX9723,ACTIVE,1050.02,False,False,False,False,False,False
MCH5934,Halder LLC,7011,HOTEL,PRIVATE_LIMITED,Amritsar,Punjab,2023-03-22 00:00:00,XXXX5759,ACTIVE,1201.69,False,False,False,False,False,False
MCH5934,"bandi, devi and gulati",4131,TRANSPORT,INDIVIDUAL,Chennai,Tamil Nadu,2023-08-08 00:06:00,,ACTIVE,306.36,False,False,False,False,True,False
MCH5938,RAMA-PANDEY,4131,TRANSPORT,INDIVIDUAL,Jaipur,Rajasthan,2024-02-12 12:51:22,,ACTIVE,712.0,False,False,False,False,True,False
MCH5944,Jayaraman-Bhattacharyya,4131,TRANSPORT,PRIVATE_LIMITED,Hyderabad,Telangana,2023-09-04 00:00:00,XXXX9192,ACTIVE,545.7,False,False,False,False,False,False
MCH5944,Arya Inc,5699,APPAREL,PARTNERSHIP,Jaipur,Rajasthan,2025-03-31 04:07:17,,ACTIVE,394.63,False,False,False,False,True,False
MCH5950,Nath-Lad,5812,RESTAURANT,INDIVIDUAL,Jalandhar,Punjab,2023-12-17 00:00:00,,ACTIVE,318.0,False,False,False,False,True,False
MCH5955,Lad-K0nda,5411,GROCERY,SOLE_PROPRIETOR,Jaipur,Rajasthan,2023-07-26 00:00:00,,ACTIVE,1069.21,False,False,False,False,True,False
MCH5963,Mukhopadhyay Ltd,5999,MISC_RETAIL,PARTNERSHIP,Pune,Maharashtra,2023-04-09 00:00:00,XXXX5492,INACTIVE,5714.63,False,False,False,False,False,False
MCH5972,Parmar-Ramanathan,4814,TELECOM,SOLE_PROPRIETOR,Mumbai,Maharashtra,,,INACTIVE,3048.92,False,False,False,False,True,True
MCH5980,Arya LLC,7011,HOTEL,PRIVATE_LIMITED,Ludhiana,Punjab,,,ACTIVE,2432.63,False,False,False,False,True,True
MCH5984,acharya-badal,5999,MISC_RETAIL,SOLE_PROPRIETOR,Kolkata,West Bengal,2023-01-03 00:00:00,,INACTIVE,515.0,False,False,False,False,True,False
MCH5995,Palla Group,5812,RESTAURANT,INDIVIDUAL,Kolkata,West Bengal,2023-06-12 00:00:00,XXXX6833,ACTIVE,,False,False,False,True,False,False
MCH6002,Ch0kshi-Kibe,5699,APPAREL,SOLE_PROPRIETOR,Pune,Maharashtra,2023-05-17 16:17:04,,ACTIVE,864.81,False,False,False,False,True,False
MCH6016,Batta-Roy,5942,BOOKS_STATIONERY,PRIVATE_LIMITED,Jalandhar,Punjab,2023-07-02 00:00:00,,ACTIVE,3694.66,False,False,False,False,True,False
MCH6017,Hayer Group,5812,RESTAURANT,PRIVATE_LIMITED,Mumbai,Maharashtra,2024-11-24 00:00:00,,ACTIVE,-944.21,False,False,True,False,True,False
MCH6024,THAKKAR-KUNDA,5411,GROCERY,SOLE_PROPRIETOR,Chennai,Tamil Nadu,2025-05-14 00:00:00,,ACTIVE,-1751.16,False,False,True,False,True,False
MCH6024,"Doshi, Peri and Keer",4131,TRANSPORT,PARTNERSHIP,Pune,Maharashtra,2025-01-01 16:46:07,,ACTIVE,142.5,False,False,False,False,True,False
MCH6025,Wable and Sons,4814,TELECOM,SOLE_PROPRIETOR,Pune,Maharashtra,2026-01-14 04:31:00,,ACTIVE,2018.15,False,False,False,False,True,False
MCH6025,korpal-mutti,5812,RESTAURANT,PRIVATE_LIMITED,Delhi,Delhi,2024-02-16 00:00:00,,INACTIVE,3367.31,False,False,False,False,True,False
MCH6035,Brar-Kohli,5812,RESTAURANT,PARTNERSHIP,Ludhiana,Punjab,2023-10-06 04:49:23,,ACTIVE,4518.69,True,False,False,False,True,False
MCH6043,NATT INC,5311,DEPARTMENT_STORE,SOLE_PROPRIETOR,Mumbai,Maharashtra,2024-01-24 00:00:00,,ACTIVE,766.54,False,False,False,False,True,False
MCH6053,Sehgal-Pathak,5699,APPAREL,INDIVIDUAL,Mumbai,Maharashtra,2023-02-18 08:22:28,,ACTIVE,379.97,False,False,False,False,True,False
MCH6061,Basu and Sons,7011,HOTEL,PRIVATE_LIMITED,Amritsar,Punjab,2023-01-29 00:00:00,XXXX6131,ACTIVE,-2357.91,False,False,True,False,False,False
MCH6061,Anand-Savant,5411,GROCERY,SOLE_PROPRIETOR,Amritsar,Punjab,2026-02-08 12:13:00,,ACTIVE,-625.71,False,False,True,False,True,False
MCH6061,nazareth plc,4131,TRANSPORT,SOLE_PROPRIETOR,Pune,Maharashtra,2025-02-02 12:44:57,,INACTIVE,1189.87,False,False,False,False,True,False
MCH6061,nazareth plc,4131,TRANSPORT,SOLE_PROPRIETOR,Pune,Maharashtra,2025-02-02 12:44:57,,ACTIVE,1189.87,False,False,False,False,True,False
MCH6061,"Nadkarni, Tella and Padmanabhan",4131,TRANSPORT,INDIVIDUAL,Chennai,Tamil Nadu,2024-11-22 00:00:00,XXXX5407,ACTIVE,,False,False,False,True,False,False
MCH6062,"Suresh, Kibe and Sa1vi",5311,DEPARTMENT_STORE,PRIVATE_LIMITED,Amritsar,Punjab,2023-11-27 01:28:22,XXXX9135,ACTIVE,3660.19,True,False,False,False,False,False
MCH6064,Viswanathan-Tak,5942,BOOKS_STATIONERY,SOLE_PROPRIETOR,Chennai,Tamil Nadu,,XXXX5934,INACTIVE,519.38,False,False,False,False,False,True
MCH6079,"SESHADRI, MUNI AND BANIK",7011,HOTEL,INDIVIDUAL,Kolkata,West Bengal,2026-02-24 00:00:00,,ACTIVE,434.97,False,False,False,False,True,False
MCH6079,"Chaudhuri, Mody and Goswami",5912,PHARMACY,PARTNERSHIP,Ludhiana,Punjab,2025-10-04 05:27:15,XXXX0260,INACTIVE,,False,False,False,True,False,False
MCH6084,"Jaggi, Ganguly and Mall",5699,APPAREL,PRIVATE_LIMITED,Ludhiana,Punjab,2023-08-30 00:27:10,,ACTIVE,1089.53,False,False,False,False,True,False
MCH6084,"Jaggi, Ganguly and Mall",5699,APPAREL,PRIVATE_LIMITED,Ludhiana,Punjab,2023-08-30 00:27:10,,INACTIVE,1089.53,False,False,False,False,True,False
MCH6090,Nigam-Balakrishnan,5942,BOOKS_STATIONERY,PARTNERSHIP,Jalandhar,Punjab,2024-07-14 00:00:00,XXXX2994,ACTIVE,3151.0,False,False,False,False,False,False
MCH6091,Dutt-Nair,5699,APPAREL,PRIVATE_LIMITED,Kolkata,West Bengal,2023-01-30 00:00:00,XXXX5375,ACTIVE,1466.59,False,False,False,False,False,False
MCH6101,Rout-Barman,5812,RESTAURANT,SOLE_PROPRIETOR,Kolkata,West Bengal,2024-10-11 00:00:00,,ACTIVE,2918.42,False,False,False,False,True,False
MCH6102,andra-sachar,5699,APPAREL,SOLE_PROPRIETOR,Jaipur,Rajasthan,2023-12-12 00:00:00,,ACTIVE,926.97,False,False,False,False,True,False
MCH6105,upadhyay plc,7011,HOTEL,SOLE_PROPRIETOR,Kolkata,West Bengal,2024-02-07 00:26:26,,INACTIVE,527.81,False,False,False,False,True,False
MCH6105,lala group,7011,HOTEL,SOLE_PROPRIETOR,Bengaluru,Karnataka,2023-01-25 00:00:00,,ACTIVE,1595.66,False,False,False,False,True,False
MCH6107,"Bhattacharyya, Narayanan and Samra",5812,RESTAURANT,PARTNERSHIP,Pune,Maharashtra,2025-02-21 00:00:00,,ACTIVE,1215.85,False,False,False,False,True,False
MCH6107,Bassi and Sons,5912,PHARMACY,SOLE_PROPRIETOR,Hyderabad,Telangana,,,INACTIVE,1888.0,False,False,False,False,True,True
MCH6113,Tara-Kala,5699,APPAREL,PRIVATE_LIMITED,Amritsar,Punjab,,,ACTIVE,915.2,False,False,False,False,True,True
MCH6119,"Hans, Gokhale and Shanker",5999,MISC_RETAIL,PARTNERSHIP,Mumbai,Maharashtra,2024-01-28 00:00:00,,INACTIVE,1753.67,False,False,False,False,True,False
MCH6121,"more, sandhu and dugar",5699,APPAREL,PRIVATE_LIMITED,Jalandhar,Punjab,2023-07-26 00:00:00,XXXX6022,ACTIVE,-836.27,True,False,True,False,False,False
MCH6122,Som-Seth,4131,TRANSPORT,INDIVIDUAL,Amritsar,Punjab,2023-09-15 17:43:52,,ACTIVE,1086.57,False,False,False,False,True,False
MCH6131,"Dhar, Dada and Bakshi",5699,APPAREL,PARTNERSHIP,Bengaluru,Karnataka,2024-03-10 19:58:24,XXXX0161,INACTIVE,1921.0,True,False,False,False,False,False
MCH6137,"Saxena, Aggarwa1 and Sem",5812,RESTAURANT,INDIVIDUAL,Hyderabad,Telangana,,XXXX4690,ACTIVE,421.31,False,False,False,False,False,True
MCH6143,"MURTHY, KALA AND MANGAT",5812,RESTAURANT,INDIVIDUAL,Hyderabad,Telangana,2023-03-26 16:00:36,XXXX2115,ACTIVE,-618.37,False,False,True,False,False,False
MCH6148,GANESAN-JOHAL,4814,TELECOM,PARTNERSHIP,Mumbai,Maharashtra,2023-10-08 00:00:00,XXXX8688,ACTIVE,778.99,False,False,False,False,False,False
MCH6148,KEER AND SONS,4814,TELECOM,PRIVATE_LIMITED,Kolkata,West Bengal,2024-10-08 00:00:00,,ACTIVE,2790.1,False,False,False,False,True,False
MCH6150,Nagarajan-Peri,4814,TELECOM,SOLE_PROPRIETOR,Delhi,Delhi,2024-04-19 00:00:00,XXXX0784,ACTIVE,414.2,True,False,False,False,False,False
MCH6152,"Hayer, Jha and Tata",5411,GROCERY,PRIVATE_LIMITED,Lucknow,Uttar Pradesh,2025-06-23 08:59:29,XXXX7550,ACTIVE,2396.0,False,False,False,False,False,False
MCH6152,Dasgupta-Das,5942,BOOKS_STATIONERY,PRIVATE_LIMITED,Jaipur,Rajasthan,2024-10-26 00:00:00,XXXX8744,ACTIVE,344.11,False,False,False,False,False,False
MCH6155,"Varghese, Mahal and Nadkarni",5812,RESTAURANT,PRIVATE_LIMITED,Jaipur,Rajasthan,2024-07-20 05:18:20,XXXX7943,ACTIVE,,False,False,False,True,False,False
MCH6155,Kari-Basu,5699,APPAREL,SOLE_PROPRIETOR,Hyderabad,Telangana,2023-06-20 00:00:00,,ACTIVE,-705.71,False,False,True,False,True,False
MCH6161,More PLC,5311,DEPARTMENT_STORE,PARTNERSHIP,Jaipur,Rajasthan,2024-04-15 02:52:06,,ACTIVE,849.42,False,False,False,False,True,False
MCH6163,Raju and Sons,4131,TRANSPORT,INDIVIDUAL,Ludhiana,Punjab,2025-02-06 00:00:00,XXXX6380,ACTIVE,1659.71,False,False,False,False,False,False
MCH6165,"Luthra, Bala and Khurana",7011,HOTEL,INDIVIDUAL,Lucknow,Uttar Pradesh,2025-01-29 00:00:00,XXXX9557,ACTIVE,1785.07,True,False,False,False,False,False
MCH6165,Sibal-Bora,7011,HOTEL,SOLE_PROPRIETOR,Jaipur,Rajasthan,2024-06-17 04:49:02,XXXX5672,ACTIVE,-820.87,False,False,True,False,False,False
MCH6183,Nayar and Sons,4131,TRANSPORT,INDIVIDUAL,Jalandhar,Punjab,2023-06-07 00:00:00,XXXX7204,ACTIVE,2423.0,False,False,False,False,False,False
MCH6183,DUTT PLC,7011,HOTEL,SOLE_PROPRIETOR,Kolkata,West Bengal,2026-02-23 00:00:00,,ACTIVE,-1191.35,False,False,True,False,True,False
MCH6188,Balay LLC,7011,HOTEL,PARTNERSHIP,Pune,Maharashtra,2023-04-30 10:37:50,XXXX0361,ACTIVE,3749.0,False,False,False,False,False,False
MCH6197,VIRK-VERMA,4131,TRANSPORT,PARTNERSHIP,Hyderabad,Telangana,,,ACTIVE,661.04,False,False,False,False,True,True
MCH6200,"Sen, Walla and Bath",5999,MISC_RETAIL,PRIVATE_LIMITED,Delhi,Delhi,2024-01-29 20:38:00,,ACTIVE,,False,False,False,True,True,False
MCH6200,"Sen, Walla and Bath",5999,MISC_RETAIL,PRIVATE_LIMITED,Delhi,Delhi,2024-01-29 20:38:00,,INACTIVE,,False,False,False,True,True,False
MCH6205,"Manne, Zachariah and Arora",5311,DEPARTMENT_STORE,PRIVATE_LIMITED,Mumbai,Maharashtra,2025-06-23 00:00:00,XXXX5727,ACTIVE,756.0,False,False,False,False,False,False
MCH6206,"Sanghvi, Dugar and Rajagopal",4814,TELECOM,INDIVIDUAL,Chennai,Tamil Nadu,2025-03-31 00:00:00,XXXX2096,INACTIVE,683.76,False,False,False,False,False,False
MCH6206,"chander, bawa and setty",7011,HOTEL,SOLE_PROPRIETOR,Lucknow,Uttar Pradesh,2025-12-08 05:06:00,,ACTIVE,1545.95,False,False,False,False,True,False
MCH6206,"Johal, Verma and Sane",5812,RESTAURANT,PRIVATE_LIMITED,Jalandhar,Punjab,2024-04-26 14:53:55,,ACTIVE,-765.75,False,False,True,False,True,False
MCH6216,Agarwal Group,5812,RESTAURANT,PRIVATE_LIMITED,Amritsar,Punjab,2024-03-28 00:00:00,XXXX1409,ACTIVE,1210.0,False,False,False,False,False,False
MCH6221,Shukla and Sons,4131,TRANSPORT,SOLE_PROPRIETOR,Chennai,Tamil Nadu,2025-01-25 13:39:54,,ACTIVE,1793.34,False,False,False,False,True,False
MCH6224,"Khatri, Swaminathan and Loke",4131,TRANSPORT,SOLE_PROPRIETOR,Amritsar,Punjab,2024-12-02 00:00:00,XXXX6703,ACTIVE,561.32,False,False,False,False,False,False
MCH6228,"Kar, Agarwal and Karpe",5812,RESTAURANT,PRIVATE_LIMITED,Bengaluru,Karnataka,2024-08-05 00:00:00,,INACTIVE,1145.75,False,False,False,False,True,False
MCH6233,"Arora, Agarwal and Padmanabhan",5942,BOOKS_STATIONERY,SOLE_PROPRIETOR,Amritsar,Punjab,2024-05-03 00:00:00,,ACTIVE,1090.35,False,False,False,False,True,False
MCH6239,"MAJUMDAR, LANKA AND SEHGAL",5942,BOOKS_STATIONERY,PARTNERSHIP,Amritsar,Punjab,2024-01-21 00:00:00,,ACTIVE,1181.24,False,False,False,False,True,False
MCH6240,"Dutta, Aggarwal and Devan",5812,RESTAURANT,SOLE_PROPRIETOR,Amritsar,Punjab,2025-09-04 19:02:29,,ACTIVE,905.07,False,False,False,False,True,False
MCH6244,maharaj ltd,7011,HOTEL,INDIVIDUAL,Jaipur,Rajasthan,2023-07-29 00:00:00,,INACTIVE,-1112.58,False,False,True,False,True,False
MCH6246,Zachariah Group,5699,APPAREL,INDIVIDUAL,Chennai,Tamil Nadu,2025-06-16 00:00:00,,ACTIVE,1510.7,False,False,False,False,True,False
MCH6256,MANDA INC,5912,PHARMACY,PARTNERSHIP,Ludhiana,Punjab,2024-09-27 22:23:00,,ACTIVE,574.96,False,False,False,False,True,False
MCH6257,"Ba1i, Ahuja and Natarajan",4131,TRANSPORT,INDIVIDUAL,Delhi,Delhi,2025-11-27 00:00:00,,INACTIVE,1050.0,False,False,False,False,True,False
MCH6268,"Pillay, Borah and Roy",5812,RESTAURANT,SOLE_PROPRIETOR,Amritsar,Punjab,2024-07-08 00:00:00,XXXX2404,ACTIVE,1108.0,False,False,False,False,False,False
MCH6277,"PARMER, BERA AND NORI",4131,TRANSPORT,PARTNERSHIP,Mumbai,Maharashtra,2024-04-02 00:00:00,,ACTIVE,514.01,True,False,False,False,True,False
MCH6282,Madan-Din,7011,HOTEL,PARTNERSHIP,Amritsar,Punjab,2026-01-20 00:00:00,,ACTIVE,955.08,False,False,False,False,True,False
MCH6284,Grewal-Kulkarni,7011,HOTEL,PRIVATE_LIMITED,Chennai,Tamil Nadu,2025-02-07 00:00:00,,ACTIVE,1068.79,True,False,False,False,True,False
MCH6291,"Bal, Divan and Natt",7011,HOTEL,PRIVATE_LIMITED,Amritsar,Punjab,2023-01-18 00:00:00,XXXX0407,ACTIVE,908.0,False,False,False,False,False,False
MCH6299,Pathak-Mukherjee,5999,MISC_RETAIL,INDIVIDUAL,Delhi,Delhi,2025-02-02 00:00:00,,INACTIVE,256.83,False,False,False,False,True,False
MCH6308,Panchal PLC,5999,MISC_RETAIL,PARTNERSHIP,Jaipur,Rajasthan,,,ACTIVE,3549.84,False,False,False,False,True,True
MCH6314,Tella-Sachdeva,4131,TRANSPORT,SOLE_PROPRIETOR,Lucknow,Uttar Pradesh,2023-01-22 00:00:00,,ACTIVE,2661.98,False,False,False,False,True,False
MCH6315,PRABHAKAR-SOMAN,5942,BOOKS_STATIONERY,PARTNERSHIP,Mumbai,Maharashtra,,XXXX3336,INACTIVE,341.33,False,False,False,False,False,True
MCH6325,"Sathe, Seth and Varghese",5311,DEPARTMENT_STORE,PARTNERSHIP,Delhi,Delhi,2025-04-03 00:00:00,,INACTIVE,422.65,False,False,False,False,True,False
MCH6331,"varughese, sandhu and issac",5942,BOOKS_STATIONERY,INDIVIDUAL,Hyderabad,Telangana,2025-09-01 00:00:00,,ACTIVE,868.0,True,False,False,False,True,False
MCH6332,Varkey-Jha,5699,APPAREL,SOLE_PROPRIETOR,Amritsar,Punjab,2025-10-13 15:26:59,,ACTIVE,-304.48,False,False,True,False,True,False
MCH6343,bains plc,4814,TELECOM,PARTNERSHIP,Mumbai,Maharashtra,2024-07-10 00:00:00,,ACTIVE,4598.19,False,False,False,False,True,False
MCH6352,Brar-Kale,5699,APPAREL,PARTNERSHIP,Chennai,Tamil Nadu,2023-10-08 20:03:14,,ACTIVE,2366.79,False,False,False,False,True,False
MCH6360,"Garg, Char and Sharaf",5912,PHARMACY,SOLE_PROPRIETOR,Mumbai,Maharashtra,2024-02-14 01:39:00,XXXX2913,ACTIVE,242.87,False,False,False,False,False,False
MCH6360,Sur Ltd,4814,TELECOM,PARTNERSHIP,Pune,Maharashtra,2024-01-13 00:00:00,,ACTIVE,2499.76,False,False,False,False,True,False
MCH6365,Raghavan LLC,4131,TRANSPORT,PARTNERSHIP,Hyderabad,Telangana,2023-10-28 00:00:00,,ACTIVE,2729.02,False,False,False,False,True,False
MCH6372,"MEMON, MASTER AND OAK",5311,DEPARTMENT_STORE,PARTNERSHIP,Amritsar,Punjab,2024-02-16 01:17:00,,ACTIVE,-2524.29,False,False,True,False,True,False
MCH6376,"Buch, Raj and Karan",5699,APPAREL,PARTNERSHIP,Hyderabad,Telangana,2024-01-08 06:57:35,XXXX5293,ACTIVE,1366.82,False,False,False,False,False,False
MCH6377,"Sharma, Bedi and Pandya",5812,RESTAURANT,PARTNERSHIP,Hyderabad,Telangana,2023-10-03 00:00:00,,INACTIVE,531.47,False,False,False,False,True,False
MCH6383,Char PLC,4814,TELECOM,SOLE_PROPRIETOR,Bengaluru,Karnataka,2023-10-28 04:05:00,,ACTIVE,266.0,False,False,False,False,True,False
MCH6388,Raval-Cherian,5812,RESTAURANT,PARTNERSHIP,Mumbai,Maharashtra,2023-11-15 00:49:17,,ACTIVE,2297.8,True,False,False,False,True,False
MCH6391,"SAXENA, SARMA AND MENON",5411,GROCERY,INDIVIDUAL,Hyderabad,Telangana,2023-05-31 16:32:17,,ACTIVE,337.0,False,False,False,False,True,False
MCH6392,Thaman Ltd,7011,HOTEL,PARTNERSHIP,Kolkata,West Bengal,2023-08-03 00:00:00,XXXX9067,ACTIVE,691.37,False,False,False,False,False,False
MCH6392,NAZARETH PLC,7011,HOTEL,INDIVIDUAL,Hyderabad,Telangana,2023-05-06 00:00:00,XXXX5611,ACTIVE,3645.82,False,False,False,False,False,False
MCH6396,Ganesan-Lad,5311,DEPARTMENT_STORE,PRIVATE_LIMITED,Jaipur,Rajasthan,2023-03-16 23:22:53,XXXX9777,INACTIVE,3700.61,False,False,False,False,False,False
MCH6397,"SURI, AGRAWAL AND NATARAJAN",5942,BOOKS_STATIONERY,PARTNERSHIP,Delhi,Delhi,2024-08-19 00:00:00,,ACTIVE,547.0,False,False,False,False,True,False
MCH6397,"CHACKO, GANGULY AND GALA",4814,TELECOM,SOLE_PROPRIETOR,Delhi,Delhi,2023-06-18 10:02:06,XXXX7068,ACTIVE,,False,False,False,True,False,False
MCH6401,"Shenoy, Doctor and Gola",5912,PHARMACY,INDIVIDUAL,Mumbai,Maharashtra,2025-02-09 13:26:39,,INACTIVE,690.47,False,False,False,False,True,False
MCH6422,"Bhatnagar, Bora and Venkataraman",5912,PHARMACY,SOLE_PROPRIETOR,Pune,Maharashtra,2025-05-11 11:45:00,,ACTIVE,1587.75,False,False,False,False,True,False
MCH6440,"Rajagopalan,ParsaandRana",5311,DEPARTMENT_STORE,PARTNERSHIP,Kolkata,West Bengal,,XXXX7920,ACTIVE,,False,False,False,True,False,True
MCH6441,Boase Group,5942,BOOKS_STATIONERY,SOLE_PROPRIETOR,Amritsar,Punjab,2024-10-18 00:00:00,XXXX1328,ACTIVE,4755.4,False,False,False,False,False,False
MCH6441,Bhatia and Sons,7011,HOTEL,PARTNERSHIP,Lucknow,Uttar Pradesh,2025-12-20 07:37:00,,ACTIVE,995.16,False,False,False,False,True,False
MCH6446,CONTRACTOR LLC,5311,DEPARTMENT_STORE,INDIVIDUAL,Jaipur,Rajasthan,2024-09-23 11:13:22,,ACTIVE,1356.41,False,False,False,False,True,False
MCH6447,Kant-Tella,7011,HOTEL,PARTNERSHIP,Delhi,Delhi,2026-01-22 00:00:00,,ACTIVE,994.25,False,False,False,False,True,False
MCH6448,Pal LLC,4814,TELECOM,PARTNERSHIP,Mumbai,Maharashtra,2024-09-07 00:00:00,XXXX5021,ACTIVE,1680.84,False,False,False,False,False,False
MCH6450,"Goel, Madan and Gola",5942,BOOKS_STATIONERY,INDIVIDUAL,Chennai,Tamil Nadu,2025-10-15 00:00:00,,INACTIVE,855.0,False,False,False,False,True,False
MCH6450,"Goel, Madan and Gola",5942,BOOKS_STATIONERY,INDIVIDUAL,Chennai,Tamil Nadu,2025-10-15 00:00:00,,ACTIVE,855.0,False,False,False,False,True,False
MCH6450,Mishra PLC,5411,GROCERY,INDIVIDUAL,Chennai,Tamil Nadu,2024-04-02 01:49:04,,INACTIVE,,False,False,False,True,True,False
MCH6451,Cheema Ltd,4814,TELECOM,PARTNERSHIP,Mumbai,Maharashtra,,,ACTIVE,,False,False,False,True,True,True
MCH6465,Mody Ltd,5699,APPAREL,SOLE_PROPRIETOR,Chennai,Tamil Nadu,2025-03-01 00:00:00,,INACTIVE,307.0,False,False,False,False,True,False
MCH6474,Soni-Raja,5999,MISC_RETAIL,INDIVIDUAL,Amritsar,Punjab,2024-01-29 07:23:52,,ACTIVE,696.57,False,False,False,False,True,False
MCH6474,Dewan-Khatri,4131,TRANSPORT,PARTNERSHIP,Lucknow,Uttar Pradesh,2023-02-09 22:28:51,,ACTIVE,-231.31,True,False,True,False,True,False
MCH6481,"Virk, Shan and Chopra",5812,RESTAURANT,INDIVIDUAL,Pune,Maharashtra,2024-08-07 14:41:31,XXXX3900,ACTIVE,2726.92,False,False,False,False,False,False
MCH6498,Sankaran-Gupta,5411,GROCERY,PARTNERSHIP,Hyderabad,Telangana,2023-10-29 00:00:00,XXXX5327,INACTIVE,992.12,True,False,False,False,False,False
MCH6498,"Banik, Nadig and Mann",5812,RESTAURANT,INDIVIDUAL,Ludhiana,Punjab,2024-10-30 00:59:00,,ACTIVE,1076.6,False,False,False,False,True,False
MCH6507,Kadakia PLC,5812,RESTAURANT,PARTNERSHIP,Chennai,Tamil Nadu,2023-05-01 00:00:00,XXXX3350,ACTIVE,740.55,False,False,False,False,False,False
MCH6507,Kadakia PLC,5812,RESTAURANT,PARTNERSHIP,Chennai,Tamil Nadu,2023-05-01 00:00:00,XXXX3350,INACTIVE,740.55,False,False,False,False,False,False
MCH6508,Kalla-Ramachandran,5699,APPAREL,SOLE_PROPRIETOR,Lucknow,Uttar Pradesh,2024-02-04 12:15:51,,ACTIVE,321.73,False,False,False,False,True,False
MCH6513,Ch0pra-Kannan,5699,APPAREL,SOLE_PROPRIETOR,Pune,Maharashtra,2024-12-11 00:00:00,XXXX5329,ACTIVE,240.8,False,False,False,False,False,False
MCH6519,Mane-Madan,5699,APPAREL,PARTNERSHIP,Ludhiana,Punjab,2024-12-25 00:00:00,,ACTIVE,978.4,False,False,False,False,True,False
MCH6527,"Menon, Subramanian and Pai",7011,HOTEL,INDIVIDUAL,Ludhiana,Punjab,,,ACTIVE,1220.94,False,False,False,False,True,True
MCH6530,Yogi-D’Alia,4131,TRANSPORT,PRIVATE_LIMITED,Jaipur,Rajasthan,2024-06-16 00:00:00,,INACTIVE,828.59,False,False,False,False,True,False
MCH6543,Nagi-Pradhan,5411,GROCERY,PRIVATE_LIMITED,Mumbai,Maharashtra,2025-07-17 01:33:23,,ACTIVE,2785.85,False,False,False,False,True,False
MCH6545,"Chanda, Mittal and Venkatesh",5912,PHARMACY,INDIVIDUAL,Kolkata,West Bengal,,XXXX1993,ACTIVE,909.37,False,False,False,False,False,True
MCH6548,"Nayak, Kannan and Chatterjee",5999,MISC_RETAIL,PRIVATE_LIMITED,Jaipur,Rajasthan,2025-07-28 00:00:00,,ACTIVE,2065.28,False,False,False,False,True,False
MCH6551,Kala LLC,4131,TRANSPORT,PRIVATE_LIMITED,Jaipur,Rajasthan,2025-09-11 00:00:00,,ACTIVE,,False,False,False,True,True,False
MCH6556,"Andra, Chaudhary and Kunda",4814,TELECOM,PARTNERSHIP,Bengaluru,Karnataka,2023-12-31 00:00:00,XXXX7293,INACTIVE,327.82,False,False,False,False,False,False
MCH6556,"gala, kale and manne",5699,APPAREL,PARTNERSHIP,Delhi,Delhi,2025-08-22 00:00:00,,ACTIVE,760.0,False,False,False,False,True,False
MCH6559,"Master, Dutta and Dash",5999,MISC_RETAIL,INDIVIDUAL,Ludhiana,Punjab,2024-05-12 00:00:00,,ACTIVE,521.0,False,False,False,False,True,False
MCH6566,"Kala, Talwar and Keer",5311,DEPARTMENT_STORE,PRIVATE_LIMITED,Chennai,Tamil Nadu,2024-02-15 00:00:00,XXXX7590,ACTIVE,-2110.86,False,False,True,False,False,False
MCH6572,"Sawhney, Bala and Krish",7011,HOTEL,INDIVIDUAL,Hyderabad,Telangana,2024-06-08 05:53:00,XXXX3772,INACTIVE,874.21,False,False,False,False,False,False
MCH6575,"Nagarajan, Rout and Suri",7011,HOTEL,INDIVIDUAL,Bengaluru,Karnataka,2025-01-09 00:00:00,,ACTIVE,-1355.19,True,False,True,False,True,False
MCH6578,"Varty, Mutti and Banik",5942,BOOKS_STATIONERY,SOLE_PROPRIETOR,Lucknow,Uttar Pradesh,2025-01-21 04:22:00,,INACTIVE,1771.19,True,False,False,False,True,False
MCH6582,MUKHOPADHYAY PLC,4814,TELECOM,INDIVIDUAL,Ludhiana,Punjab,,,ACTIVE,572.51,False,False,False,False,True,True
MCH6583,"Iyengar, Puri and Tiwari",5311,DEPARTMENT_STORE,PARTNERSHIP,Jalandhar,Punjab,2025-07-20 00:00:00,XXXX4065,INACTIVE,4193.64,False,False,False,False,False,False
MCH6585,KARA-NATH,5699,APPAREL,PRIVATE_LIMITED,Kolkata,West Bengal,2024-12-29 01:18:00,XXXX6334,INACTIVE,2202.59,False,False,False,False,False,False
MCH6593,"Bajaj, Kha1sa and Wab1e",5699,APPAREL,PARTNERSHIP,Mumbai,Maharashtra,2024-10-27 13:25:29,XXXX6331,ACTIVE,-842.7,False,False,True,False,False,False
MCH6593,"Thakur, V0hra and Kar",5411,GROCERY,PRIVATE_LIMITED,Hyderabad,Telangana,2025-05-26 00:00:00,,ACTIVE,5861.0,False,False,False,False,True,False
MCH6598,"Sachar, Thakkar and Sachar",5699,APPAREL,PRIVATE_LIMITED,Amritsar,Punjab,2024-01-26 00:00:00,XXXX8360,ACTIVE,421.0,False,False,False,False,False,False
MCH6598,Rajagopalan Inc,5812,RESTAURANT,INDIVIDUAL,Hyderabad,Telangana,2023-04-27 00:00:00,,ACTIVE,2194.0,False,False,False,False,True,False
MCH6617,"Aurora, Bhakta and Bawa",5311,DEPARTMENT_STORE,PRIVATE_LIMITED,Pune,Maharashtra,2023-11-30 00:00:00,,ACTIVE,324.91,False,False,False,False,True,False
MCH6634,Dave-Sundaram,5999,MISC_RETAIL,PRIVATE_LIMITED,Ludhiana,Punjab,2024-12-10 00:00:00,,INACTIVE,1276.14,False,False,False,False,True,False
MCH6645,buch llc,4131,TRANSPORT,PRIVATE_LIMITED,Amritsar,Punjab,2024-09-25 00:00:00,,ACTIVE,102.32,False,False,False,False,True,False
MCH6650,Reddy LLC,5411,GROCERY,SOLE_PROPRIETOR,Pune,Maharashtra,2024-02-28 00:00:00,XXXX5775,ACTIVE,3251.25,True,False,False,False,False,False
MCH6651,"Mahajan, Vig and Balakrishnan",5411,GROCERY,PARTNERSHIP,Delhi,Delhi,2023-02-17 00:00:00,XXXX4757,ACTIVE,1407.45,False,False,False,False,False,False
MCH6654,Tella Group,5812,RESTAURANT,SOLE_PROPRIETOR,Hyderabad,Telangana,,,ACTIVE,1438.0,False,False,False,False,True,True
MCH6660,BISWAS GROUP,4131,TRANSPORT,SOLE_PROPRIETOR,Chennai,Tamil Nadu,2025-03-18 22:30:52,,ACTIVE,204.05,False,False,False,False,True,False
MCH6666,"atwal, sahni and baral",5311,DEPARTMENT_STORE,PRIVATE_LIMITED,Mumbai,Maharashtra,2025-03-03 00:00:00,,INACTIVE,2735.37,False,False,False,False,True,False
MCH6672,nagarajan inc,5812,RESTAURANT,PARTNERSHIP,Lucknow,Uttar Pradesh,2024-10-11 00:00:00,,ACTIVE,9245.49,False,False,False,False,True,False
MCH6683,Konda-Nagar,4814,TELECOM,INDIVIDUAL,Ludhiana,Punjab,2025-09-20 10:19:00,,ACTIVE,4740.89,False,False,False,False,True,False
MCH6692,"Mohan, Ravi and Sinha",7011,HOTEL,PARTNERSHIP,Jalandhar,Punjab,2023-05-10 00:00:00,XXXX6488,ACTIVE,641.51,False,False,False,False,False,False
MCH6692,Kamdar Inc,5999,MISC_RETAIL,PRIVATE_LIMITED,Lucknow,Uttar Pradesh,2023-09-02 00:00:00,,ACTIVE,116.28,False,False,False,False,True,False
MCH6697,ANDRA-SENGUPTA,5411,GROCERY,PARTNERSHIP,Bengaluru,Karnataka,2025-10-09 00:00:00,,INACTIVE,1006.44,False,False,False,False,True,False
MCH6707,Chandra Group,4814,TELECOM,PRIVATE_LIMITED,Ludhiana,Punjab,2024-02-10 21:32:02,,ACTIVE,648.63,False,False,False,False,True,False
MCH6708,Wali LLC,7011,HOTEL,SOLE_PROPRIETOR,Amritsar,Punjab,2023-04-09 00:00:00,XXXX1583,ACTIVE,469.66,False,False,False,False,False,False
MCH6721,Pradhan-Taneja,5411,GROCERY,INDIVIDUAL,Bengaluru,Karnataka,,XXXX4118,ACTIVE,433.36,False,False,False,False,False,True
MCH6722,bhagat llc,5999,MISC_RETAIL,SOLE_PROPRIETOR,Mumbai,Maharashtra,2023-05-13 00:00:00,,ACTIVE,211.13,False,False,False,False,True,False
MCH6729,Sharma and Sons,5311,DEPARTMENT_STORE,PARTNERSHIP,Amritsar,Punjab,2023-01-27 00:00:00,,ACTIVE,442.47,False,False,False,False,True,False
MCH6731,Wagle-Pau,5812,RESTAURANT,PRIVATE_LIMITED,Amritsar,Punjab,2025-09-26 23:01:57,,ACTIVE,2980.89,False,False,False,False,True,False
MCH6731,dhar llc,5311,DEPARTMENT_STORE,PRIVATE_LIMITED,Kolkata,West Bengal,2023-11-03 18:37:00,,ACTIVE,1373.69,False,False,False,False,True,False
MCH6738,Bhavsar LLC,5699,APPAREL,INDIVIDUAL,Lucknow,Uttar Pradesh,2024-05-29 00:00:00,,ACTIVE,,False,False,False,True,True,False
MCH6742,"Garde, Chaudhry and Mistry",7011,HOTEL,SOLE_PROPRIETOR,Jalandhar,Punjab,2024-05-03 00:00:00,,ACTIVE,646.0,False,False,False,False,True,False
MCH6743,"mistry, acharya and rau",5999,MISC_RETAIL,PRIVATE_LIMITED,Kolkata,West Bengal,2025-07-25 00:00:00,XXXX9521,INACTIVE,-1997.32,True,False,True,False,False,False
MCH6743,Zacharia Inc,5411,GROCERY,INDIVIDUAL,Delhi,Delhi,2024-03-31 03:21:00,XXXX6034,ACTIVE,1075.68,False,False,False,False,False,False
MCH6743,Patla Inc,4814,TELECOM,PRIVATE_LIMITED,Mumbai,Maharashtra,2026-02-20 00:00:00,XXXX3242,ACTIVE,,False,False,False,True,False,False
MCH6743,Manne-Prasad,5999,MISC_RETAIL,INDIVIDUAL,Amritsar,Punjab,2025-07-14 00:03:11,XXXX4125,INACTIVE,,False,False,False,True,False,False
MCH6765,Handa PLC,5912,PHARMACY,INDIVIDUAL,Kolkata,West Bengal,2023-10-30 00:00:00,,ACTIVE,-2771.02,False,False,True,False,True,False
MCH6765,KONDA-MANDAL,4814,TELECOM,SOLE_PROPRIETOR,Mumbai,Maharashtra,2025-01-23 00:00:00,,ACTIVE,,False,False,False,True,True,False
MCH6776,"Bhat, Hans and Maharaj",5812,RESTAURANT,INDIVIDUAL,Ludhiana,Punjab,2024-09-17 21:52:50,XXXX5302,INACTIVE,699.0,False,False,False,False,False,False
MCH6776,"Khanna, Kadakia and Hans",5942,BOOKS_STATIONERY,PARTNERSHIP,Jalandhar,Punjab,2024-12-16 14:27:00,,ACTIVE,7527.28,False,False,False,False,True,False
MCH6782,Basu PLC,5812,RESTAURANT,PRIVATE_LIMITED,Delhi,Delhi,2025-08-30 00:00:00,,ACTIVE,-406.96,False,False,True,False,True,False
MCH6783,Raju Group,5812,RESTAURANT,INDIVIDUAL,Mumbai,Maharashtra,2025-05-17 11:49:22,XXXX7297,ACTIVE,,False,False,False,True,False,False
MCH6806,Badal-Bhasin,5411,GROCERY,INDIVIDUAL,Hyderabad,Telangana,2025-12-05 00:00:00,,ACTIVE,23208.4,False,False,False,False,True,False
MCH6818,"Halder, Tata and Chand",7011,HOTEL,SOLE_PROPRIETOR,Kolkata,West Bengal,2025-04-20 00:00:00,,ACTIVE,233.0,False,False,False,False,True,False
MCH6818,Kaur Ltd,5311,DEPARTMENT_STORE,INDIVIDUAL,Ludhiana,Punjab,2024-02-23 00:00:00,,ACTIVE,333.34,True,False,False,False,True,False
MCH6819,"Krishnan, Pal and Nayar",5812,RESTAURANT,SOLE_PROPRIETOR,Hyderabad,Telangana,2025-10-17 18:49:43,,ACTIVE,499.0,False,False,False,False,True,False
MCH6825,Viswanathan Ltd,5912,PHARMACY,PARTNERSHIP,Mumbai,Maharashtra,2023-01-10 00:00:00,XXXX3493,ACTIVE,1083.22,False,False,False,False,False,False
MCH6831,Kurian and Sons,4131,TRANSPORT,PRIVATE_LIMITED,Pune,Maharashtra,2024-09-08 00:00:00,,ACTIVE,350.65,False,False,False,False,True,False
MCH6837,Oommen-Thaker,5942,BOOKS_STATIONERY,INDIVIDUAL,Jalandhar,Punjab,2025-10-11 16:08:00,XXXX6769,ACTIVE,1750.4,True,False,False,False,False,False
MCH6837,"Wali, Upadhyay and Shukla",5411,GROCERY,SOLE_PROPRIETOR,Hyderabad,Telangana,2025-05-22 00:00:00,XXXX2232,INACTIVE,-413.96,False,False,True,False,False,False
MCH6839,VARUGHESE LLC,5912,PHARMACY,INDIVIDUAL,Jaipur,Rajasthan,2025-05-05 00:00:00,XXXX1250,ACTIVE,1354.0,False,False,False,False,False,False
MCH6839,Kapoor-Dubey,4814,TELECOM,PARTNERSHIP,Delhi,Delhi,2024-10-13 00:00:00,,INACTIVE,2336.23,False,False,False,False,True,False
MCH6843,TATA-BORAH,5942,BOOKS_STATIONERY,SOLE_PROPRIETOR,Mumbai,Maharashtra,2023-04-25 00:00:00,,ACTIVE,395.55,True,False,False,False,True,False
MCH6843,Gupta Gr0up,5942,BOOKS_STATIONERY,SOLE_PROPRIETOR,Jaipur,Rajasthan,,XXXX4628,ACTIVE,825.48,False,False,False,False,False,True
MCH6861,Gandhi-Shukla,5411,GROCERY,PARTNERSHIP,Kolkata,West Bengal,2024-01-09 00:00:00,,ACTIVE,1540.0,True,False,False,False,True,False
MCH6862,"Agrawal, Butala and Ravi",5912,PHARMACY,PRIVATE_LIMITED,Mumbai,Maharashtra,2025-01-25 00:00:00,,ACTIVE,1279.37,False,False,False,False,True,False
MCH6866,Shroff PLC,5912,PHARMACY,PARTNERSHIP,Ludhiana,Punjab,2023-01-16 00:00:00,XXXX3649,ACTIVE,1819.8,False,False,False,False,False,False
MCH6866,Thaker-Behl,5999,MISC_RETAIL,SOLE_PROPRIETOR,Pune,Maharashtra,2024-03-22 00:00:00,,ACTIVE,221.31,False,False,False,False,True,False
MCH6875,BUCH LTD,5912,PHARMACY,INDIVIDUAL,Lucknow,Uttar Pradesh,2023-02-07 00:00:00,,ACTIVE,2704.27,False,False,False,False,True,False
MCH6877,Jain PLC,5699,APPAREL,PARTNERSHIP,Delhi,Delhi,2023-11-23 17:40:08,,ACTIVE,3249.89,False,False,False,False,True,False
MCH6889,Behl-Deep,5942,BOOKS_STATIONERY,PARTNERSHIP,Bengaluru,Karnataka,2023-12-22 00:00:00,XXXX1861,ACTIVE,,False,False,False,True,False,False
MCH6896,Dugar-Minhas,5699,APPAREL,SOLE_PROPRIETOR,Mumbai,Maharashtra,2025-03-17 00:00:00,XXXX5745,ACTIVE,,True,False,False,True,False,False
MCH6903,Lata-Raja,4131,TRANSPORT,SOLE_PROPRIETOR,Pune,Maharashtra,2023-06-08 00:00:00,XXXX0937,ACTIVE,2296.0,False,False,False,False,False,False
MCH6903,Gu1ati-Thaker,5812,RESTAURANT,PARTNERSHIP,Chennai,Tamil Nadu,2023-07-07 00:00:00,,ACTIVE,,False,False,False,True,True,False
MCH6904,"dora, buch and dara",5411,GROCERY,INDIVIDUAL,Lucknow,Uttar Pradesh,2026-01-27 22:18:05,XXXX3912,ACTIVE,,False,False,False,True,False,False
MCH6904,Master-Bhat,5311,DEPARTMENT_STORE,PARTNERSHIP,Mumbai,Maharashtra,2023-05-08 00:00:00,,ACTIVE,252.96,False,False,False,False,True,False
MCH6922,"Walia, Mukherjee and Sodhi",5912,PHARMACY,PRIVATE_LIMITED,Mumbai,Maharashtra,,XXXX7854,INACTIVE,371.0,False,False,False,False,False,True
MCH6928,"Mutti, Palla and Zacharia",4814,TELECOM,PARTNERSHIP,Kolkata,West Bengal,2023-11-12 00:00:00,XXXX7882,ACTIVE,2042.85,False,False,False,False,False,False
MCH6930,Dave and Sons,5699,APPAREL,PRIVATE_LIMITED,Delhi,Delhi,2025-01-17 00:00:00,XXXX5588,ACTIVE,,True,False,False,True,False,False
MCH6939,Sampath Ltd,5999,MISC_RETAIL,SOLE_PROPRIETOR,Lucknow,Uttar Pradesh,2025-07-01 11:23:00,XXXX8052,INACTIVE,2962.51,False,False,False,False,False,False
MCH6939,"Memon, Gole and Pingle",5812,RESTAURANT,PRIVATE_LIMITED,Lucknow,Uttar Pradesh,2023-09-13 00:00:00,XXXX3460,INACTIVE,1508.63,False,False,False,False,False,False
MCH6944,"Ghosh, Hayre and Seth",5699,APPAREL,INDIVIDUAL,Jaipur,Rajasthan,2024-06-29 00:00:00,,INACTIVE,,False,False,False,True,True,False
MCH6947,"DESAI, DARA AND DANI",4814,TELECOM,INDIVIDUAL,Bengaluru,Karnataka,2023-10-13 16:09:00,,ACTIVE,947.15,True,False,False,False,True,False
MCH6970,CHOPRA-LOKE,5311,DEPARTMENT_STORE,PARTNERSHIP,Jaipur,Rajasthan,2025-02-13 00:00:00,,ACTIVE,564.18,False,False,False,False,True,False
MCH6979,Nadig Ltd,5912,PHARMACY,SOLE_PROPRIETOR,Chennai,Tamil Nadu,2023-05-18 00:42:04,XXXX9953,ACTIVE,640.32,True,False,False,False,False,False
MCH6979,Tiwari and Sons,5999,MISC_RETAIL,SOLE_PROPRIETOR,Mumbai,Maharashtra,,XXXX1209,ACTIVE,2312.0,False,False,False,False,False,True
MCH6982,Manda and Sons,4814,TELECOM,PARTNERSHIP,Delhi,Delhi,2024-01-30 20:46:00,XXXX1002,INACTIVE,-474.53,False,False,True,False,False,False
MCH6986,Shetty Group,4814,TELECOM,PRIVATE_LIMITED,Bengaluru,Karnataka,2024-09-13 00:00:00,,ACTIVE,547.81,False,False,False,False,True,False
MCH6999,srinivasan-agate,5812,RESTAURANT,PARTNERSHIP,Hyderabad,Telangana,2023-02-22 17:51:00,,ACTIVE,1015.19,False,False,False,False,True,False
MCH7003,"Koshy, Samra and Chana",5942,BOOKS_STATIONERY,PRIVATE_LIMITED,Jalandhar,Punjab,2024-06-29 00:00:00,XXXX7569,INACTIVE,776.99,False,False,False,False,False,False
MCH7013,"Menon, Bahri and Pal",7011,HOTEL,PARTNERSHIP,Lucknow,Uttar Pradesh,2024-02-23 00:00:00,XXXX8123,ACTIVE,419.34,True,False,False,False,False,False
MCH7017,DeepGroup,7011,HOTEL,INDIVIDUAL,Delhi,Delhi,,,ACTIVE,1258.92,True,False,False,False,True,True
MCH7023,Mannan-Mallick,5999,MISC_RETAIL,INDIVIDUAL,Hyderabad,Telangana,,XXXX9250,ACTIVE,1891.27,False,False,False,False,False,True
MCH7028,"Mohanty, Ray and Prabhu",5942,BOOKS_STATIONERY,INDIVIDUAL,Hyderabad,Telangana,2024-03-22 00:00:00,,ACTIVE,174.0,False,False,False,False,True,False
MCH7029,"Vasa, Zachariah and Narula",5812,RESTAURANT,PRIVATE_LIMITED,Kolkata,West Bengal,2025-01-15 00:00:00,XXXX2833,ACTIVE,2526.83,False,False,False,False,False,False
MCH7034,Deol LLC,5942,BOOKS_STATIONERY,INDIVIDUAL,Pune,Maharashtra,2026-01-27 00:00:00,,ACTIVE,856.21,False,False,False,False,True,False
MCH7034,BHAVSAR LLC,5999,MISC_RETAIL,PARTNERSHIP,Delhi,Delhi,2025-06-11 00:00:00,,ACTIVE,251.0,False,False,False,False,True,False
MCH7042,Halder-Kalla,5999,MISC_RETAIL,PRIVATE_LIMITED,Pune,Maharashtra,2023-09-26 00:00:00,,ACTIVE,1230.3,True,False,False,False,True,False
MCH7044,"Anne, Som and Ganesan",7011,HOTEL,INDIVIDUAL,Jalandhar,Punjab,2025-08-08 00:00:00,XXXX5911,ACTIVE,,False,False,False,True,False,False
MCH7058,"Biswas, Arya and Chaudhary",5812,RESTAURANT,SOLE_PROPRIETOR,Hyderabad,Telangana,2023-04-09 00:00:00,,ACTIVE,822.57,False,False,False,False,True,False
MCH7058,Chatterjee PLC,5699,APPAREL,INDIVIDUAL,Jalandhar,Punjab,,,ACTIVE,587.63,True,False,False,False,True,True
MCH7062,"Karpe, Sekhon and Memon",5999,MISC_RETAIL,PARTNERSHIP,Chennai,Tamil Nadu,2024-07-18 00:00:00,XXXX5569,ACTIVE,2267.0,False,False,False,False,False,False
MCH7062,"upadhyay, sethi and tella",5812,RESTAURANT,PARTNERSHIP,Amritsar,Punjab,2024-06-03 00:00:00,,ACTIVE,84.66,False,False,False,False,True,False
MCH7063,"THAKER, GROVER AND MOHANTY",5999,MISC_RETAIL,INDIVIDUAL,Delhi,Delhi,2024-01-19 00:00:00,,INACTIVE,,True,False,False,True,True,False
MCH7074,CHAKRABARTI-RAMA,4131,TRANSPORT,INDIVIDUAL,Pune,Maharashtra,2025-06-08 00:00:00,XXXX0380,ACTIVE,843.0,False,False,False,False,False,False
MCH7074,Yogi Group,5999,MISC_RETAIL,INDIVIDUAL,Bengaluru,Karnataka,2024-04-19 00:00:00,XXXX7029,ACTIVE,3900.0,False,False,False,False,False,False
MCH7074,tripathi-nayar,4131,TRANSPORT,INDIVIDUAL,Kolkata,West Bengal,2023-09-15 21:13:08,XXXX6196,INACTIVE,3455.86,True,False,False,False,False,False
MCH7077,raman and sons,5942,BOOKS_STATIONERY,PARTNERSHIP,Chennai,Tamil Nadu,2023-07-12 00:00:00,XXXX9700,ACTIVE,359.0,False,False,False,False,False,False
MCH7094,"D’Alia, Talwar and Mukherjee",5942,BOOKS_STATIONERY,INDIVIDUAL,Amritsar,Punjab,2023-02-02 00:00:00,,ACTIVE,577.91,False,False,False,False,True,False
MCH7095,SONI-DUBEY,5812,RESTAURANT,INDIVIDUAL,Mumbai,Maharashtra,2025-05-01 00:00:00,,ACTIVE,589.1,False,False,False,False,True,False
MCH7095,Deshmukh-Sarna,5999,MISC_RETAIL,INDIVIDUAL,Bengaluru,Karnataka,2023-06-10 00:00:00,,ACTIVE,560.73,False,False,False,False,True,False
MCH7096,Saxena-Kara,5942,BOOKS_STATIONERY,PARTNERSHIP,Jaipur,Rajasthan,2025-01-25 02:10:00,,ACTIVE,1167.73,False,False,False,False,True,False
MCH7098,"Bora, Char and Dube",7011,HOTEL,PRIVATE_LIMITED,Bengaluru,Karnataka,2024-09-24 00:00:00,,ACTIVE,2947.0,False,False,False,False,True,False
MCH7105,"Banerjee, Kurian and Bhatt",5699,APPAREL,SOLE_PROPRIETOR,Amritsar,Punjab,2025-03-24 02:31:11,XXXX0806,ACTIVE,265.52,False,False,False,False,False,False
MCH7105,Mann-Oommen,4814,TELECOM,PRIVATE_LIMITED,Chennai,Tamil Nadu,2025-11-09 10:45:31,,ACTIVE,461.62,False,False,False,False,True,False
MCH7105,Saini PLC,5812,RESTAURANT,PARTNERSHIP,Kolkata,West Bengal,2023-09-17 00:00:00,,ACTIVE,717.73,False,False,False,False,True,False
MCH7106,Master and Sons,5812,RESTAURANT,PARTNERSHIP,Lucknow,Uttar Pradesh,2023-01-27 00:00:00,XXXX4489,ACTIVE,1328.09,False,False,False,False,False,False
MCH7126,Deol Ltd,5999,MISC_RETAIL,PARTNERSHIP,Delhi,Delhi,2025-06-25 00:00:00,,ACTIVE,495.33,False,False,False,False,True,False
MCH7127,"Thakur, Hayre and Kalla",5912,PHARMACY,INDIVIDUAL,Chennai,Tamil Nadu,2023-07-15 00:00:00,,ACTIVE,1116.33,False,False,False,False,True,False
MCH7137,Nanda-Nazareth,4814,TELECOM,PRIVATE_LIMITED,Pune,Maharashtra,2025-02-09 00:00:00,,ACTIVE,1165.18,False,False,False,False,True,False
MCH7146,"Brar, Chadha and Choudhary",5311,DEPARTMENT_STORE,PARTNERSHIP,Hyderabad,Telangana,2024-05-09 00:00:00,,ACTIVE,573.35,False,False,False,False,True,False
MCH7149,Keer-Dua,4131,TRANSPORT,PRIVATE_LIMITED,Delhi,Delhi,2026-02-10 17:58:00,,ACTIVE,-852.06,False,False,True,False,True,False
MCH7149,Shanker-Kala,5942,BOOKS_STATIONERY,SOLE_PROPRIETOR,Amritsar,Punjab,2023-07-09 09:54:42,,ACTIVE,1819.0,False,False,False,False,True,False
MCH7152,dewan-garde,4131,TRANSPORT,SOLE_PROPRIETOR,Delhi,Delhi,2024-01-14 22:30:00,,ACTIVE,628.75,False,False,False,False,True,False
MCH7156,Lata-Som,5812,RESTAURANT,PRIVATE_LIMITED,Bengaluru,Karnataka,2023-02-24 00:00:00,,ACTIVE,739.29,False,False,False,False,True,False
MCH7156,Lata-Som,5812,RESTAURANT,PRIVATE_LIMITED,Bengaluru,Karnataka,2023-02-24 00:00:00,,INACTIVE,739.29,False,False,False,False,True,False
MCH7162,panchal-ratti,5411,GROCERY,PRIVATE_LIMITED,Delhi,Delhi,2023-03-11 00:12:00,XXXX2506,ACTIVE,1176.97,False,False,False,False,False,False
MCH7162,"SANKAR, MUNI AND MANDAL",5942,BOOKS_STATIONERY,SOLE_PROPRIETOR,Jalandhar,Punjab,2023-01-14 06:07:30,XXXX6383,ACTIVE,4267.24,True,False,False,False,False,False
MCH7164,lata-parmar,5812,RESTAURANT,INDIVIDUAL,Chennai,Tamil Nadu,2023-11-18 00:00:00,XXXX5291,ACTIVE,,True,False,False,True,False,False
MCH7185,Krishnamurthy PLC,5942,BOOKS_STATIONERY,SOLE_PROPRIETOR,Jaipur,Rajasthan,2023-03-06 00:00:00,XXXX2381,INACTIVE,1581.12,False,False,False,False,False,False
MCH7185,agarwal plc,7011,HOTEL,INDIVIDUAL,Pune,Maharashtra,2025-08-26 00:00:00,,ACTIVE,1255.08,False,False,False,False,True,False
MCH7192,Subramaniam and S0ns,5942,BOOKS_STATIONERY,PRIVATE_LIMITED,Delhi,Delhi,2025-09-20 00:00:00,,ACTIVE,2702.97,False,False,False,False,True,False
MCH7196,Kurian-Trivedi,4814,TELECOM,PARTNERSHIP,Jaipur,Rajasthan,2023-06-09 00:00:00,,ACTIVE,1000.33,False,False,False,False,True,False
MCH7198,Rama and Sons,5912,PHARMACY,PARTNERSHIP,Jaipur,Rajasthan,2023-02-15 00:00:00,XXXX3689,ACTIVE,1594.96,False,False,False,False,False,False
MCH7198,"Thakkar, Mistry and Sinha",5942,BOOKS_STATIONERY,SOLE_PROPRIETOR,Pune,Maharashtra,2023-02-21 00:00:00,,ACTIVE,3029.62,True,False,False,False,True,False
MCH7211,Nagar-Bhagat,5699,APPAREL,PARTNERSHIP,Bengaluru,Karnataka,2024-01-16 09:01:52,,ACTIVE,585.46,False,False,False,False,True,False
MCH7233,Kamdar-Bhakta,5411,GROCERY,PRIVATE_LIMITED,Kolkata,West Bengal,2024-03-08 21:38:06,,ACTIVE,,False,False,False,True,True,False
MCH7236,"Ramanathan, Varkey and Iyengar",5812,RESTAURANT,PARTNERSHIP,Ludhiana,Punjab,2024-01-17 20:37:00,XXXX4129,ACTIVE,843.44,False,False,False,False,False,False
MCH7239,"Trivedi, Ramesh and Prabhakar",5699,APPAREL,SOLE_PROPRIETOR,Lucknow,Uttar Pradesh,2026-02-23 22:14:44,,ACTIVE,-918.27,True,False,True,False,True,False
MCH7272,Bansal-Das,5912,PHARMACY,SOLE_PROPRIETOR,Ludhiana,Punjab,2023-12-20 21:43:00,XXXX6496,ACTIVE,391.71,False,False,False,False,False,False
MCH7273,Keer and S0ns,7011,HOTEL,PRIVATE_LIMITED,Chennai,Tamil Nadu,2024-08-24 09:54:21,,ACTIVE,3146.24,False,False,False,False,True,False
MCH7280,Baral Ltd,5812,RESTAURANT,INDIVIDUAL,Jalandhar,Punjab,2025-12-18 14:28:00,,ACTIVE,5521.6,False,False,False,False,True,False
MCH7281,Kalita-Mistry,4814,TELECOM,PRIVATE_LIMITED,Hyderabad,Telangana,2024-11-24 00:00:00,XXXX5201,INACTIVE,2941.71,False,False,False,False,False,False
MCH7288,Sandhu Inc,5812,RESTAURANT,PARTNERSHIP,Bengaluru,Karnataka,2025-02-16 00:00:00,,ACTIVE,1887.15,False,False,False,False,True,False
MCH7288,"Kumar, Sachdeva and Natarajan",5999,MISC_RETAIL,PRIVATE_LIMITED,Kolkata,West Bengal,2026-02-01 06:24:52,,INACTIVE,,False,False,False,True,True,False
MCH7289,Rajagopal-Contractor,5812,RESTAURANT,PRIVATE_LIMITED,Lucknow,Uttar Pradesh,2023-04-20 01:30:24,XXXX9166,ACTIVE,1484.26,True,False,False,False,False,False
MCH7294,"Singh, Ramanathan and Setty",5942,BOOKS_STATIONERY,PRIVATE_LIMITED,Jalandhar,Punjab,2025-04-02 00:00:00,,INACTIVE,1690.0,False,False,False,False,True,False
MCH7297,"Bhasin, Sankar and Pradhan",5812,RESTAURANT,PRIVATE_LIMITED,Delhi,Delhi,2025-05-03 21:06:30,,ACTIVE,,False,False,False,True,True,False
MCH7311,Dhar PLC,5411,GROCERY,PRIVATE_LIMITED,Mumbai,Maharashtra,,,ACTIVE,148.28,False,False,False,False,True,True
MCH7313,Sarma LLC,4131,TRANSPORT,INDIVIDUAL,Kolkata,West Bengal,2025-07-04 00:00:00,XXXX9480,INACTIVE,1073.87,False,False,False,False,False,False
MCH7323,Buch PLC,7011,HOTEL,PARTNERSHIP,Amritsar,Punjab,2023-08-11 12:36:40,XXXX4242,ACTIVE,552.97,False,False,False,False,False,False
MCH7323,Koshy-Comar,5311,DEPARTMENT_STORE,SOLE_PROPRIETOR,Chennai,Tamil Nadu,2026-02-15 00:00:00,,ACTIVE,973.0,False,False,False,False,True,False
MCH7327,"Krish, Dhar and Choudhury",4814,TELECOM,INDIVIDUAL,Kolkata,West Bengal,2023-05-22 13:42:22,XXXX4685,INACTIVE,440.0,False,False,False,False,False,False
MCH7331,"Bakshi,PillaiandDhaliwal",5812,RESTAURANT,SOLE_PROPRIETOR,Lucknow,Uttar Pradesh,,XXXX7765,INACTIVE,490.55,False,False,False,False,False,True
MCH7335,Keer-Goyal,5411,GROCERY,SOLE_PROPRIETOR,Mumbai,Maharashtra,2025-01-25 13:25:00,XXXX8870,ACTIVE,470.18,False,False,False,False,False,False
MCH7344,Rama-Shukla,5699,APPAREL,SOLE_PROPRIETOR,Hyderabad,Telangana,2023-10-11 00:00:00,,ACTIVE,1447.45,False,False,False,False,True,False
MCH7350,Toor-Sachar,4814,TELECOM,PARTNERSHIP,Bengaluru,Karnataka,2023-10-29 00:11:00,XXXX7567,ACTIVE,1079.19,False,False,False,False,False,False
MCH7353,"Tara, Rajag0pa1an and Ramanathan",5311,DEPARTMENT_STORE,PARTNERSHIP,Mumbai,Maharashtra,2024-10-16 00:00:00,XXXX3860,ACTIVE,840.14,False,False,False,False,False,False
MCH7353,Gh0se LLC,5411,GROCERY,PRIVATE_LIMITED,Pune,Maharashtra,2025-11-01 00:00:00,,INACTIVE,1477.74,True,False,False,False,True,False
MCH7353,Bhat-Munshi,5912,PHARMACY,PARTNERSHIP,Chennai,Tamil Nadu,2023-09-08 00:00:00,,ACTIVE,,False,False,False,True,True,False
MCH7355,"rastogi, ahluwalia and tata",5311,DEPARTMENT_STORE,PRIVATE_LIMITED,Mumbai,Maharashtra,,XXXX7179,ACTIVE,2172.0,False,False,False,False,False,True
MCH7359,Chacko-Dugar,5942,BOOKS_STATIONERY,PRIVATE_LIMITED,Mumbai,Maharashtra,,XXXX0069,ACTIVE,654.0,False,False,False,False,False,True
MCH7362,"Rege, Thaker and Sinha",5912,PHARMACY,PRIVATE_LIMITED,Pune,Maharashtra,2025-01-29 00:00:00,,ACTIVE,1915.79,False,False,False,False,True,False
MCH7366,"Shetty, Pa11 and Pi11ay",5699,APPAREL,PARTNERSHIP,Delhi,Delhi,2024-01-14 00:00:00,,ACTIVE,,False,False,False,True,True,False
MCH7371,"Anand, Bains and Parmer",5311,DEPARTMENT_STORE,PARTNERSHIP,Lucknow,Uttar Pradesh,2023-04-13 04:10:55,XXXX8460,ACTIVE,-1724.45,False,False,True,False,False,False
MCH7379,tella-mahal,5699,APPAREL,PARTNERSHIP,Jaipur,Rajasthan,2024-03-06 00:00:00,XXXX3549,ACTIVE,,False,False,False,True,False,False
MCH7383,"SRIVASTAVA, VENKATARAMAN AND ROY",5699,APPAREL,INDIVIDUAL,Chennai,Tamil Nadu,2023-10-07 00:00:00,,ACTIVE,241.13,False,False,False,False,True,False
MCH7383,Mannan Ltd,5999,MISC_RETAIL,INDIVIDUAL,Jalandhar,Punjab,,,ACTIVE,2867.55,False,False,False,False,True,True
MCH7384,Seshadri-Rai,4814,TELECOM,SOLE_PROPRIETOR,Kolkata,West Bengal,2024-01-13 00:00:00,,ACTIVE,4458.94,False,False,False,False,True,False
MCH7386,Thaman Group,7011,HOTEL,SOLE_PROPRIETOR,Jalandhar,Punjab,,XXXX9096,ACTIVE,3859.08,False,False,False,False,False,True
MCH7394,Dhar-Saxena,5311,DEPARTMENT_STORE,INDIVIDUAL,Lucknow,Uttar Pradesh,2024-06-28 00:00:00,XXXX8622,ACTIVE,1562.3,False,False,False,False,False,False
MCH7395,Bera Group,5912,PHARMACY,PARTNERSHIP,Jalandhar,Punjab,,,ACTIVE,-307.59,False,False,True,False,True,True
MCH7400,"Kunda, Ramachandran and Khurana",5942,BOOKS_STATIONERY,PRIVATE_LIMITED,Pune,Maharashtra,2024-02-11 00:00:00,,INACTIVE,9167.75,False,False,False,False,True,False
MCH7403,"Raval, Hari and Khurana",5942,BOOKS_STATIONERY,INDIVIDUAL,Chennai,Tamil Nadu,2023-07-12 00:00:00,,ACTIVE,697.8,False,False,False,False,True,False
MCH7403,"Naik, Badami and Raj",5311,DEPARTMENT_STORE,SOLE_PROPRIETOR,Pune,Maharashtra,,,ACTIVE,1191.42,False,False,False,False,True,True
MCH7411,"Bhasin, Soman and Savant",4814,TELECOM,SOLE_PROPRIETOR,Chennai,Tamil Nadu,,,INACTIVE,2298.88,False,False,False,False,True,True
MCH7428,VOHRA LTD,5311,DEPARTMENT_STORE,SOLE_PROPRIETOR,Kolkata,West Bengal,,,ACTIVE,1227.52,False,False,False,False,True,True
MCH7430,"Seshadri, Kakar and Sarin",5699,APPAREL,SOLE_PROPRIETOR,Amritsar,Punjab,2024-08-07 00:00:00,XXXX0830,ACTIVE,2698.18,False,False,False,False,False,False
MCH7430,"gill, mutti and nagy",4814,TELECOM,SOLE_PROPRIETOR,Delhi,Delhi,2024-05-08 00:00:00,,ACTIVE,298.83,False,False,False,False,True,False
MCH7430,Arya Group,5699,APPAREL,INDIVIDUAL,Kolkata,West Bengal,,,ACTIVE,1727.74,False,False,False,False,True,True
MCH7432,taneja-hari,5699,APPAREL,SOLE_PROPRIETOR,Bengaluru,Karnataka,2025-11-24 07:34:00,,ACTIVE,1291.31,False,False,False,False,True,False
MCH7432,sidhu-aurora,5942,BOOKS_STATIONERY,SOLE_PROPRIETOR,Delhi,Delhi,,XXXX2042,ACTIVE,611.3,False,False,False,False,False,True
MCH7442,"Tand0n, Tak and Mane",5699,APPAREL,PARTNERSHIP,Chennai,Tamil Nadu,2024-09-12 00:00:00,,ACTIVE,1620.41,False,False,False,False,True,False
MCH7452,Vora-Gill,5999,MISC_RETAIL,PRIVATE_LIMITED,Ludhiana,Punjab,2024-12-05 11:38:47,XXXX8400,ACTIVE,254.79,False,False,False,False,False,False
MCH7470,"Din,GuptaandRatti",5311,DEPARTMENT_STORE,PARTNERSHIP,Delhi,Delhi,2023-09-21 00:00:00,XXXX9180,INACTIVE,684.47,False,False,False,False,False,False
MCH7473,"Goswami, Narang and Chaudhari",5411,GROCERY,PARTNERSHIP,Hyderabad,Telangana,,,ACTIVE,1709.42,False,False,False,False,True,True
MCH7493,Nanda LLC,5411,GROCERY,PARTNERSHIP,Delhi,Delhi,2024-12-01 00:24:51,,ACTIVE,537.94,False,False,False,False,True,False
MCH7495,DHINGRA AND SONS,5999,MISC_RETAIL,SOLE_PROPRIETOR,Jalandhar,Punjab,,XXXX0797,INACTIVE,3168.53,False,False,False,False,False,True
MCH7495,"Biswas, Mane and Hari",5311,DEPARTMENT_STORE,PRIVATE_LIMITED,Delhi,Delhi,,,ACTIVE,993.25,False,False,False,False,True,True
MCH7503,Dixit-Lala,7011,HOTEL,INDIVIDUAL,Mumbai,Maharashtra,2024-10-06 00:00:00,XXXX3560,ACTIVE,-2699.2,False,False,True,False,False,False
MCH7504,"MANDAL, TRIPATHI AND BHATNAGAR",7011,HOTEL,SOLE_PROPRIETOR,Amritsar,Punjab,2023-04-23 10:04:42,XXXX7315,ACTIVE,8261.29,False,False,False,False,False,False
MCH7521,"Sawhney, Desai and Andra",5999,MISC_RETAIL,PRIVATE_LIMITED,Ludhiana,Punjab,2024-02-12 00:00:00,XXXX3945,ACTIVE,1639.0,False,False,False,False,False,False
MCH7523,"sharaf, chad and prashad",5912,PHARMACY,SOLE_PROPRIETOR,Lucknow,Uttar Pradesh,2023-09-11 00:00:00,XXXX3383,ACTIVE,2848.66,False,False,False,False,False,False
MCH7524,"Babu, Banerjee and Parsa",5812,RESTAURANT,INDIVIDUAL,Kolkata,West Bengal,2023-06-04 00:00:00,XXXX7557,ACTIVE,811.7,False,False,False,False,False,False
MCH7540,Solanki Inc,5999,MISC_RETAIL,PARTNERSHIP,Jalandhar,Punjab,2024-08-04 07:31:00,XXXX7550,ACTIVE,579.73,False,False,False,False,False,False
MCH7544,NARAYAN-OOMMEN,4814,TELECOM,INDIVIDUAL,Jalandhar,Punjab,2023-06-29 00:00:00,XXXX8538,INACTIVE,1478.06,False,False,False,False,False,False
MCH7548,Kalla LLC,5411,GROCERY,INDIVIDUAL,Bengaluru,Karnataka,2024-05-26 00:00:00,XXXX8020,ACTIVE,3106.71,True,False,False,False,False,False
MCH7558,Lanka-Dixit,5812,RESTAURANT,SOLE_PROPRIETOR,Pune,Maharashtra,2024-04-21 08:12:32,XXXX1231,ACTIVE,1010.63,False,False,False,False,False,False
MCH7558,Keer-Krish,5942,BOOKS_STATIONERY,PRIVATE_LIMITED,Chennai,Tamil Nadu,2024-03-29 10:23:34,XXXX0444,ACTIVE,777.64,False,False,False,False,False,False
MCH7558,Bandi-Khanna,5999,MISC_RETAIL,PARTNERSHIP,Bengaluru,Karnataka,2025-05-19 00:00:00,,ACTIVE,1002.06,False,False,False,False,True,False
MCH7566,Minhas Group,5912,PHARMACY,PARTNERSHIP,Mumbai,Maharashtra,2024-03-08 07:53:44,,ACTIVE,880.25,False,False,False,False,True,False
MCH7567,Bora-Venkatesh,5912,PHARMACY,PARTNERSHIP,Lucknow,Uttar Pradesh,,,ACTIVE,664.14,False,False,False,False,True,True
MCH7568,Kumer-Gandhi,7011,HOTEL,SOLE_PROPRIETOR,Mumbai,Maharashtra,2025-05-23 00:00:00,,ACTIVE,1278.0,False,False,False,False,True,False
MCH7574,Loke Ltd,5311,DEPARTMENT_STORE,SOLE_PROPRIETOR,Kolkata,West Bengal,,XXXX9656,ACTIVE,-302.53,True,False,True,False,False,True
MCH7580,"Setty, Kala and Ramesh",7011,HOTEL,PARTNERSHIP,Jaipur,Rajasthan,2025-10-20 00:00:00,,ACTIVE,-377.84,False,False,True,False,True,False
MCH7586,RandhawaInc,5812,RESTAURANT,PARTNERSHIP,Chennai,Tamil Nadu,2025-06-21 00:00:00,,INACTIVE,629.75,False,False,False,False,True,False
MCH7589,"Mangat, Din and Chatterjee",7011,HOTEL,PARTNERSHIP,Mumbai,Maharashtra,2024-01-17 00:00:00,XXXX6278,ACTIVE,1692.13,False,False,False,False,False,False
MCH7600,SALVI-MISHRA,5912,PHARMACY,PRIVATE_LIMITED,Bengaluru,Karnataka,2025-05-25 03:49:40,,ACTIVE,577.0,True,False,False,False,True,False
MCH7600,Bora Inc,5999,MISC_RETAIL,PRIVATE_LIMITED,Jalandhar,Punjab,2025-01-09 00:00:00,,ACTIVE,582.46,False,False,False,False,True,False
MCH7600,Panchal Ltd,5912,PHARMACY,INDIVIDUAL,Lucknow,Uttar Pradesh,2023-10-13 00:00:00,,ACTIVE,1148.2,False,False,False,False,True,False
MCH7600,"Karnik, Thakur and Palla",5912,PHARMACY,SOLE_PROPRIETOR,Hyderabad,Telangana,2023-04-24 05:46:43,,ACTIVE,1154.91,False,False,False,False,True,False
MCH7605,Beh1-D’A1ia,5311,DEPARTMENT_STORE,PARTNERSHIP,Chennai,Tamil Nadu,2023-03-05 00:00:00,,ACTIVE,6345.68,False,False,False,False,True,False
MCH7609,"Nagy, Bhat and Chaudhuri",4131,TRANSPORT,INDIVIDUAL,Delhi,Delhi,2024-01-10 21:47:11,XXXX5106,ACTIVE,3649.36,False,False,False,False,False,False
MCH7618,MUTTI-MOHAN,5942,BOOKS_STATIONERY,INDIVIDUAL,Hyderabad,Telangana,2023-03-14 00:00:00,XXXX5035,ACTIVE,664.0,False,False,False,False,False,False
MCH7620,"Vaidya, Deshmukh and Cherian",5942,BOOKS_STATIONERY,INDIVIDUAL,Pune,Maharashtra,2024-10-20 02:51:25,XXXX1026,INACTIVE,1771.87,False,False,False,False,False,False
MCH7621,"Sankaran, Sur and Panchal",5812,RESTAURANT,INDIVIDUAL,Jaipur,Rajasthan,2023-01-03 00:00:00,XXXX7790,ACTIVE,1992.6,False,False,False,False,False,False
MCH7622,Banerjee-Raman,5812,RESTAURANT,SOLE_PROPRIETOR,Pune,Maharashtra,2023-11-24 00:00:00,,ACTIVE,1374.5,False,False,False,False,True,False
MCH7627,Maharaj-Narain,5311,DEPARTMENT_STORE,INDIVIDUAL,Lucknow,Uttar Pradesh,2023-03-26 02:43:00,XXXX5810,ACTIVE,508.95,False,False,False,False,False,False
MCH7627,CHANDA-MURTY,5812,RESTAURANT,PARTNERSHIP,Jaipur,Rajasthan,2024-10-15 00:00:00,,ACTIVE,3236.88,False,False,False,False,True,False
MCH7628,"Chawla, Datta and Ahuja",5411,GROCERY,PARTNERSHIP,Pune,Maharashtra,2024-01-05 00:00:00,,ACTIVE,979.26,False,False,False,False,True,False
MCH7631,DOSHI-VERMA,5942,BOOKS_STATIONERY,PARTNERSHIP,Kolkata,West Bengal,2024-01-27 00:00:00,,ACTIVE,2548.32,False,False,False,False,True,False
MCH7635,Pant and Sons,7011,HOTEL,INDIVIDUAL,Jalandhar,Punjab,2023-03-04 20:51:37,XXXX1612,ACTIVE,4941.43,False,False,False,False,False,False
MCH7639,Guha and Sons,5699,APPAREL,PRIVATE_LIMITED,Jalandhar,Punjab,2024-04-10 00:29:00,XXXX2158,ACTIVE,2082.39,True,False,False,False,False,False
MCH7639,Dewan-Ravi,5699,APPAREL,PARTNERSHIP,Kolkata,West Bengal,2023-07-31 00:00:00,XXXX1970,ACTIVE,-545.41,False,False,True,False,False,False
MCH7639,Comar PLC,5411,GROCERY,PRIVATE_LIMITED,Delhi,Delhi,2023-11-29 00:00:00,,ACTIVE,2058.56,False,False,False,False,True,False
MCH7653,Sama-Yogi,5999,MISC_RETAIL,SOLE_PROPRIETOR,Hyderabad,Telangana,2025-01-05 00:00:00,,ACTIVE,1041.79,False,False,False,False,True,False
MCH7659,"Pandya, Bakshi and Chaudhary",4131,TRANSPORT,PRIVATE_LIMITED,Chennai,Tamil Nadu,2023-04-16 18:19:00,XXXX9957,ACTIVE,1564.19,False,False,False,False,False,False
MCH7661,Brahmbhatt and Sons,5699,APPAREL,INDIVIDUAL,Jaipur,Rajasthan,2024-02-13 00:00:00,,ACTIVE,825.29,True,False,False,False,True,False
MCH7661,Mutti Group,5912,PHARMACY,SOLE_PROPRIETOR,Ludhiana,Punjab,2023-12-19 19:07:43,,ACTIVE,1349.43,False,False,False,False,True,False
MCH7667,LALLA AND SONS,5311,DEPARTMENT_STORE,INDIVIDUAL,Hyderabad,Telangana,2023-01-20 00:00:00,,ACTIVE,1676.0,False,False,False,False,True,False
MCH7679,"Bal, Ganesh and Malhotra",5942,BOOKS_STATIONERY,PRIVATE_LIMITED,Mumbai,Maharashtra,2025-12-15 23:24:32,XXXX5573,ACTIVE,3308.0,False,False,False,False,False,False
MCH7679,Sodhi-Dugal,5411,GROCERY,INDIVIDUAL,Jalandhar,Punjab,2023-01-23 00:00:00,XXXX3994,ACTIVE,975.38,False,False,False,False,False,False
MCH7681,"Aggarwal, Raj and Mand",5311,DEPARTMENT_STORE,INDIVIDUAL,Amritsar,Punjab,2023-07-26 00:00:00,XXXX4938,ACTIVE,148.0,False,False,False,False,False,False
MCH7681,Kala PLC,4814,TELECOM,PRIVATE_LIMITED,Hyderabad,Telangana,2023-04-12 14:59:00,,ACTIVE,2015.68,False,False,False,False,True,False
MCH7687,Pant-Mukherjee,5999,MISC_RETAIL,PARTNERSHIP,Hyderabad,Telangana,2023-08-15 00:00:00,XXXX2434,ACTIVE,,False,False,False,True,False,False
MCH7698,SACHDEV AND SONS,5812,RESTAURANT,SOLE_PROPRIETOR,Amritsar,Punjab,2023-07-23 00:00:00,,ACTIVE,,False,False,False,True,True,False
MCH7699,chakraborty llc,7011,HOTEL,SOLE_PROPRIETOR,Bengaluru,Karnataka,2023-01-29 00:00:00,,ACTIVE,145.86,False,False,False,False,True,False
MCH7709,Sangha LLC,5812,RESTAURANT,SOLE_PROPRIETOR,Jalandhar,Punjab,2024-07-11 00:00:00,XXXX4726,ACTIVE,968.83,False,False,False,False,False,False
MCH7709,Kala LLC,5411,GROCERY,PARTNERSHIP,Jalandhar,Punjab,2023-06-21 15:24:12,,ACTIVE,,False,False,False,True,True,False
MCH7715,Patla-Memon,5699,APPAREL,PRIVATE_LIMITED,Chennai,Tamil Nadu,2024-02-28 04:11:46,,ACTIVE,-1669.66,False,False,True,False,True,False
MCH7720,"Gulati, Kothari and Mital",7011,HOTEL,SOLE_PROPRIETOR,Pune,Maharashtra,2025-02-21 00:00:00,,ACTIVE,501.87,False,False,False,False,True,False
MCH7724,Kapoor-Parmar,5311,DEPARTMENT_STORE,INDIVIDUAL,Hyderabad,Telangana,2025-11-30 00:00:00,XXXX6986,ACTIVE,431.71,False,False,False,False,False,False
MCH7724,Gade-Tata,5912,PHARMACY,SOLE_PROPRIETOR,Delhi,Delhi,2023-07-04 00:00:00,XXXX3720,ACTIVE,1191.59,False,False,False,False,False,False
MCH7724,Bir-Mitra,5812,RESTAURANT,PRIVATE_LIMITED,Chennai,Tamil Nadu,2023-04-04 00:59:22,XXXX2960,ACTIVE,347.01,False,False,False,False,False,False
MCH7724,"Thaman,ParsaandAurora",4814,TELECOM,INDIVIDUAL,Pune,Maharashtra,2025-01-08 00:00:00,,ACTIVE,1482.24,True,False,False,False,True,False
MCH7728,Gaba Ltd,7011,HOTEL,PARTNERSHIP,Jalandhar,Punjab,2024-06-07 00:00:00,,ACTIVE,970.98,False,False,False,False,True,False
MCH7729,Keer LLC,5942,BOOKS_STATIONERY,PRIVATE_LIMITED,Mumbai,Maharashtra,,,ACTIVE,884.0,False,False,False,False,True,True
MCH7731,"Issac, Muni and Natt",5942,BOOKS_STATIONERY,INDIVIDUAL,Hyderabad,Telangana,,XXXX4637,ACTIVE,236.08,True,False,False,False,False,True
MCH7735,Nanda PLC,5912,PHARMACY,INDIVIDUAL,Kolkata,West Bengal,,XXXX3364,ACTIVE,763.99,False,False,False,False,False,True
MCH7737,Pal-Rama,5311,DEPARTMENT_STORE,PARTNERSHIP,Ludhiana,Punjab,2023-01-09 00:00:00,XXXX1213,ACTIVE,1196.31,False,False,False,False,False,False
MCH7746,suresh-atwal,5942,BOOKS_STATIONERY,SOLE_PROPRIETOR,Amritsar,Punjab,2023-08-28 00:00:00,XXXX1031,INACTIVE,4023.0,False,False,False,False,False,False
MCH7749,"dhaliwal, chaudhari and lad",4131,TRANSPORT,PRIVATE_LIMITED,Lucknow,Uttar Pradesh,2023-03-28 01:45:50,,ACTIVE,472.27,False,False,False,False,True,False
MCH7773,Goel-Srivastava,5999,MISC_RETAIL,INDIVIDUAL,Jaipur,Rajasthan,2024-07-18 00:00:00,XXXX1201,INACTIVE,,False,False,False,True,False,False
MCH7773,"Mannan, Rout and Dara",7011,HOTEL,INDIVIDUAL,Jalandhar,Punjab,,XXXX9436,ACTIVE,649.31,False,False,False,False,False,True
MCH7780,Jain PLC,5912,PHARMACY,SOLE_PROPRIETOR,Lucknow,Uttar Pradesh,2025-07-19 13:23:49,,ACTIVE,,False,False,False,True,True,False
MCH7784,DAYAL PLC,4814,TELECOM,PARTNERSHIP,Pune,Maharashtra,2024-09-23 00:20:11,XXXX9570,ACTIVE,,False,False,False,True,False,False
MCH7795,Prakash LLC,4131,TRANSPORT,SOLE_PROPRIETOR,Jaipur,Rajasthan,2025-06-28 04:41:24,,ACTIVE,956.79,False,False,False,False,True,False
MCH7795,Maharaj PLC,5812,RESTAURANT,SOLE_PROPRIETOR,Amritsar,Punjab,2023-01-14 00:00:00,,ACTIVE,1446.0,False,False,False,False,True,False
MCH7802,"Kapur, Sarna and Chandra",5942,BOOKS_STATIONERY,INDIVIDUAL,Ludhiana,Punjab,2023-06-30 21:33:28,,INACTIVE,9218.28,True,False,False,False,True,False
MCH7803,Naik LLC,5999,MISC_RETAIL,PARTNERSHIP,Delhi,Delhi,,,ACTIVE,-285.6,False,False,True,False,True,True
MCH7804,Deo-Pandya,5812,RESTAURANT,PARTNERSHIP,Jaipur,Rajasthan,,XXXX1482,INACTIVE,492.54,False,False,False,False,False,True
MCH7810,Bora-Chawla,5942,BOOKS_STATIONERY,INDIVIDUAL,Amritsar,Punjab,2023-04-11 21:20:23,XXXX1077,ACTIVE,631.58,True,False,False,False,False,False
MCH7828,Samra Ltd,5912,PHARMACY,PRIVATE_LIMITED,Kolkata,West Bengal,2023-10-03 00:00:00,,ACTIVE,2295.0,False,False,False,False,True,False
MCH7829,"Tara, Deo and More",5812,RESTAURANT,PRIVATE_LIMITED,Delhi,Delhi,2024-01-13 00:00:00,,ACTIVE,1127.59,False,False,False,False,True,False
MCH7830,Hegde Ltd,4131,TRANSPORT,SOLE_PROPRIETOR,Bengaluru,Karnataka,,,ACTIVE,,True,False,False,True,True,True
MCH7832,More-Cherian,5311,DEPARTMENT_STORE,SOLE_PROPRIETOR,Amritsar,Punjab,2024-12-21 00:00:00,,ACTIVE,1748.94,False,False,False,False,True,False
MCH7837,Wali Group,5999,MISC_RETAIL,INDIVIDUAL,Kolkata,West Bengal,2023-06-03 00:00:00,,INACTIVE,803.03,True,False,False,False,True,False
MCH7839,Chandra-Borra,5311,DEPARTMENT_STORE,SOLE_PROPRIETOR,Lucknow,Uttar Pradesh,2024-11-02 00:00:00,,ACTIVE,710.2,False,False,False,False,True,False
MCH7863,KADE-SAXENA,7011,HOTEL,PARTNERSHIP,Amritsar,Punjab,,XXXX0838,INACTIVE,432.77,False,False,False,False,False,True
MCH7864,"Joshi, Warrior and Guha",5699,APPAREL,SOLE_PROPRIETOR,Jalandhar,Punjab,2023-10-18 00:00:00,,ACTIVE,785.07,True,False,False,False,True,False
MCH7864,"Saini, Yohannan and Tank",5942,BOOKS_STATIONERY,INDIVIDUAL,Ludhiana,Punjab,,XXXX1455,ACTIVE,1130.3,False,False,False,False,False,True
MCH7866,Mangal and Sons,4814,TELECOM,SOLE_PROPRIETOR,Amritsar,Punjab,2024-10-21 00:00:00,XXXX2681,ACTIVE,8914.37,False,False,False,False,False,False
MCH7866,"Raval, Sane and Dua",5411,GROCERY,PARTNERSHIP,Amritsar,Punjab,2025-01-27 18:48:57,,ACTIVE,292.43,False,False,False,False,True,False
MCH7868,Ah1uwa1ia Inc,5812,RESTAURANT,PRIVATE_LIMITED,Hyderabad,Telangana,2023-02-24 00:00:00,XXXX7914,INACTIVE,-4268.0,False,False,True,False,False,False
MCH7870,Sahota-Chand,5311,DEPARTMENT_STORE,SOLE_PROPRIETOR,Delhi,Delhi,2024-06-12 00:00:00,XXXX1045,ACTIVE,1123.31,False,False,False,False,False,False
MCH7870,Vyas Inc,4814,TELECOM,INDIVIDUAL,Amritsar,Punjab,2023-08-26 09:30:35,,ACTIVE,926.49,True,False,False,False,True,False
MCH7876,"Deshpande, Nagar and Parsa",4814,TELECOM,INDIVIDUAL,Jaipur,Rajasthan,2024-08-22 00:00:00,,ACTIVE,502.95,True,False,False,False,True,False
MCH7877,Bajwa Ltd,5942,BOOKS_STATIONERY,PARTNERSHIP,Chennai,Tamil Nadu,,XXXX1582,ACTIVE,565.69,False,False,False,False,False,True
MCH7880,TIWARI-DUA,4131,TRANSPORT,SOLE_PROPRIETOR,Ludhiana,Punjab,,XXXX1699,ACTIVE,12814.22,False,False,False,False,False,True
MCH7885,Vaidya-Bhatt,5411,GROCERY,SOLE_PROPRIETOR,Lucknow,Uttar Pradesh,2025-08-25 08:23:00,,ACTIVE,648.72,False,False,False,False,True,False
MCH7885,Atwal-Jha,4131,TRANSPORT,PRIVATE_LIMITED,Jalandhar,Punjab,2023-08-15 00:00:00,XXXX1162,INACTIVE,,False,False,False,True,False,False
MCH7900,Lala-Kashyap,5912,PHARMACY,INDIVIDUAL,Chennai,Tamil Nadu,2024-06-01 00:00:00,XXXX3934,ACTIVE,1298.0,True,False,False,False,False,False
MCH7912,"dewan, tak and subramanian",5912,PHARMACY,PARTNERSHIP,Chennai,Tamil Nadu,2025-01-17 15:12:23,XXXX4839,ACTIVE,,False,False,False,True,False,False
MCH7912,"Raju, Bhakta and Kaul",5942,BOOKS_STATIONERY,PARTNERSHIP,Jaipur,Rajasthan,2024-10-13 23:08:28,,ACTIVE,1561.88,False,False,False,False,True,False
MCH7912,Jaggi-Khare,4814,TELECOM,INDIVIDUAL,Kolkata,West Bengal,2023-04-29 03:51:00,,INACTIVE,993.76,False,False,False,False,True,False
MCH7912,Som-Mistry,5999,MISC_RETAIL,PARTNERSHIP,Jaipur,Rajasthan,2025-08-29 09:32:35,,ACTIVE,,True,False,False,True,True,False
MCH7913,Ganesan-S00d,5912,PHARMACY,INDIVIDUAL,Delhi,Delhi,2024-08-15 00:00:00,,ACTIVE,562.1,False,False,False,False,True,False
MCH7919,"Dugar, Buch and Bhatti",5812,RESTAURANT,PRIVATE_LIMITED,Hyderabad,Telangana,2023-11-17 17:05:00,,ACTIVE,3138.05,False,False,False,False,True,False
MCH7919,Nadkarni Group,5912,PHARMACY,PRIVATE_LIMITED,Mumbai,Maharashtra,2023-05-22 17:33:55,,ACTIVE,-4687.28,False,False,True,False,True,False
MCH7919,mistry-bhatt,4814,TELECOM,INDIVIDUAL,Lucknow,Uttar Pradesh,2023-04-01 00:00:00,,ACTIVE,563.19,False,False,False,False,True,False
MCH7925,BADAMI GROUP,7011,HOTEL,SOLE_PROPRIETOR,Hyderabad,Telangana,2023-07-01 00:00:00,XXXX2057,ACTIVE,,False,False,False,True,False,False
MCH7930,"Boase, Barman and Virk",5812,RESTAURANT,PRIVATE_LIMITED,Amritsar,Punjab,2025-05-02 00:00:00,,ACTIVE,1076.5,False,False,False,False,True,False
MCH7932,Kaur-De,5411,GROCERY,SOLE_PROPRIETOR,Delhi,Delhi,2024-06-20 12:33:00,XXXX1961,ACTIVE,883.0,True,False,False,False,False,False
MCH7955,Sura Gr0up,5812,RESTAURANT,INDIVIDUAL,Amritsar,Punjab,,XXXX3851,ACTIVE,833.11,False,False,False,False,False,True
MCH7957,Varty-Natarajan,7011,HOTEL,PRIVATE_LIMITED,Chennai,Tamil Nadu,2024-06-28 09:08:00,,ACTIVE,410.29,False,False,False,False,True,False
MCH7967,Datta LLC,4814,TELECOM,INDIVIDUAL,Amritsar,Punjab,2025-09-04 00:00:00,,ACTIVE,,False,False,False,True,True,False
MCH7974,Kari Inc,5699,APPAREL,INDIVIDUAL,Delhi,Delhi,2023-05-19 00:00:00,XXXX1546,ACTIVE,4305.95,False,False,False,False,False,False
MCH7978,K0rpa1-Bassi,4814,TELECOM,PRIVATE_LIMITED,Jalandhar,Punjab,2025-10-26 14:25:48,,ACTIVE,4486.97,False,False,False,False,True,False
MCH8007,hans group,4131,TRANSPORT,SOLE_PROPRIETOR,Chennai,Tamil Nadu,2023-11-09 00:00:00,XXXX3423,INACTIVE,2825.02,False,False,False,False,False,False
MCH8024,Char-Sehgal,4814,TELECOM,PRIVATE_LIMITED,Pune,Maharashtra,2024-08-19 18:28:51,XXXX1983,ACTIVE,-2309.37,True,False,True,False,False,False
MCH8024,"Basu, Magar and Venkatesh",4814,TELECOM,INDIVIDUAL,Hyderabad,Telangana,2025-09-13 23:45:00,,ACTIVE,1611.07,True,False,False,False,True,False
MCH8033,"Kala, Mahal and Dash",5311,DEPARTMENT_STORE,INDIVIDUAL,Hyderabad,Telangana,2025-02-12 00:00:00,XXXX2251,INACTIVE,1390.13,False,False,False,False,False,False
MCH8033,"Kala, Mahal and Dash",5311,DEPARTMENT_STORE,INDIVIDUAL,Hyderabad,Telangana,2025-02-12 00:00:00,XXXX2251,ACTIVE,1390.13,False,False,False,False,False,False
MCH8033,Murty-Grover,5999,MISC_RETAIL,PARTNERSHIP,Amritsar,Punjab,2024-11-06 00:00:00,XXXX4084,ACTIVE,2125.0,True,False,False,False,False,False
MCH8037,Hans LLC,7011,HOTEL,SOLE_PROPRIETOR,Kolkata,West Bengal,2024-08-09 00:00:00,XXXX4915,ACTIVE,2212.52,True,False,False,False,False,False
MCH8037,Srinivas Ltd,4131,TRANSPORT,INDIVIDUAL,Pune,Maharashtra,2023-01-14 16:19:08,,INACTIVE,671.2,False,False,False,False,True,False
MCH8038,"sane, bir and singhal",5311,DEPARTMENT_STORE,INDIVIDUAL,Amritsar,Punjab,,,INACTIVE,1346.16,False,False,False,False,True,True
MCH8055,Sankaran-Sachar,5999,MISC_RETAIL,PRIVATE_LIMITED,Ludhiana,Punjab,2023-11-11 00:00:00,XXXX9762,ACTIVE,1036.97,False,False,False,False,False,False
MCH8058,"Jayaraman, Pall and Goel",5912,PHARMACY,PARTNERSHIP,Kolkata,West Bengal,2023-06-25 00:00:00,XXXX8730,ACTIVE,1476.23,False,False,False,False,False,False
MCH8058,"Tripathi, Bhagat and Kala",5999,MISC_RETAIL,PRIVATE_LIMITED,Hyderabad,Telangana,2024-07-28 00:00:00,,ACTIVE,259.88,False,False,False,False,True,False
MCH8060,"Bal, Garde and Puri",5699,APPAREL,PRIVATE_LIMITED,Kolkata,West Bengal,2024-12-06 00:00:00,XXXX9739,ACTIVE,1604.68,False,False,False,False,False,False
MCH8060,"Pall, Lal and Ahluwalia",5812,RESTAURANT,INDIVIDUAL,Lucknow,Uttar Pradesh,2023-10-07 00:00:00,XXXX0582,ACTIVE,4990.63,False,False,False,False,False,False
MCH8065,Parekh Group,4131,TRANSPORT,PRIVATE_LIMITED,Jaipur,Rajasthan,2024-03-11 16:19:57,,ACTIVE,1217.53,False,False,False,False,True,False
MCH8066,Bandi-Zacharia,4814,TELECOM,INDIVIDUAL,Pune,Maharashtra,,XXXX1940,ACTIVE,10687.04,True,False,False,False,False,True
MCH8073,Prabhakar-B0ra,5942,BOOKS_STATIONERY,SOLE_PROPRIETOR,Kolkata,West Bengal,2024-12-26 22:17:38,,ACTIVE,,False,False,False,True,True,False
MCH8076,Banerjee Group,4814,TELECOM,PRIVATE_LIMITED,Lucknow,Uttar Pradesh,2025-06-08 00:00:00,,ACTIVE,1709.68,False,False,False,False,True,False
MCH8076,Seshadri LLC,5942,BOOKS_STATIONERY,PARTNERSHIP,Jaipur,Rajasthan,2025-02-21 13:03:15,,INACTIVE,4406.44,False,False,False,False,True,False
MCH8080,"koshy, das and handa",5311,DEPARTMENT_STORE,PARTNERSHIP,Amritsar,Punjab,2023-10-07 00:00:00,,ACTIVE,3825.94,False,False,False,False,True,False
MCH8086,Contractor-Narain,5812,RESTAURANT,PARTNERSHIP,Pune,Maharashtra,2024-08-28 09:47:00,,ACTIVE,1394.0,False,False,False,False,True,False
MCH8091,"TRIVEDI, VOHRA AND DASH",5812,RESTAURANT,SOLE_PROPRIETOR,Ludhiana,Punjab,2023-03-26 00:00:00,XXXX3774,ACTIVE,1507.11,False,False,False,False,False,False
MCH8098,"chauhan, magar and parsa",5411,GROCERY,PRIVATE_LIMITED,Delhi,Delhi,2024-06-29 00:00:00,XXXX5902,ACTIVE,,False,False,False,True,False,False
MCH8098,"Babu, Gupta and Bir",5812,RESTAURANT,PARTNERSHIP,Lucknow,Uttar Pradesh,,XXXX5447,ACTIVE,320.71,False,False,False,False,False,True
MCH8098,mittal-konda,5699,APPAREL,PRIVATE_LIMITED,Kolkata,West Bengal,,,ACTIVE,925.94,False,False,False,False,True,True
MCH8125,Nagi-Ranganathan,4814,TELECOM,SOLE_PROPRIETOR,Kolkata,West Bengal,2024-10-04 00:00:00,XXXX7501,INACTIVE,7428.0,False,False,False,False,False,False
MCH8125,"Jaggi, Samra and Narula",4131,TRANSPORT,SOLE_PROPRIETOR,Chennai,Tamil Nadu,2023-10-19 00:00:00,XXXX6695,ACTIVE,983.23,False,False,False,False,False,False
MCH8125,"NADIG, ARORA AND RAJ",5411,GROCERY,PRIVATE_LIMITED,Ludhiana,Punjab,2023-03-13 08:50:20,XXXX3993,INACTIVE,1340.53,False,False,False,False,False,False
MCH8125,"Sane, Misra and Mitter",5912,PHARMACY,INDIVIDUAL,Bengaluru,Karnataka,2025-10-29 14:28:47,,ACTIVE,2004.37,False,False,False,False,True,False
MCH8125,Sahni-Ahuja,5311,DEPARTMENT_STORE,PARTNERSHIP,Hyderabad,Telangana,2025-07-23 00:00:00,,ACTIVE,6045.0,True,False,False,False,True,False
MCH8126,bassi-hari,5411,GROCERY,INDIVIDUAL,Jalandhar,Punjab,2024-12-31 00:00:00,XXXX4037,ACTIVE,502.0,True,False,False,False,False,False
MCH8132,BISWAS PLC,5411,GROCERY,SOLE_PROPRIETOR,Pune,Maharashtra,2024-11-22 00:00:00,XXXX8218,ACTIVE,1347.49,False,False,False,False,False,False
MCH8132,VENKATARAMAN-YADAV,5942,BOOKS_STATIONERY,PARTNERSHIP,Kolkata,West Bengal,2023-10-30 00:00:00,XXXX6232,INACTIVE,2105.69,False,False,False,False,False,False
MCH8132,Jain-Peri,5912,PHARMACY,SOLE_PROPRIETOR,Ludhiana,Punjab,2024-10-25 00:00:00,,ACTIVE,594.94,False,False,False,False,True,False
MCH8137,"Sankar,GuhaandKara",5912,PHARMACY,PRIVATE_LIMITED,Hyderabad,Telangana,2023-08-20 00:00:00,XXXX6914,ACTIVE,425.78,False,False,False,False,False,False
MCH8138,deol and sons,5812,RESTAURANT,PARTNERSHIP,Chennai,Tamil Nadu,2023-07-23 14:47:00,,ACTIVE,1238.62,False,False,False,False,True,False
MCH8151,"Sangha, Master and Chand",5999,MISC_RETAIL,SOLE_PROPRIETOR,Delhi,Delhi,2024-02-04 00:00:00,,ACTIVE,606.88,False,False,False,False,True,False
MCH8157,Lall-Char,5942,BOOKS_STATIONERY,PRIVATE_LIMITED,Jalandhar,Punjab,2023-07-08 23:15:42,XXXX8584,ACTIVE,3861.94,True,False,False,False,False,False
MCH8159,"Gade, Gala and Bhatti",5812,RESTAURANT,INDIVIDUAL,Jaipur,Rajasthan,2024-01-31 09:10:22,,ACTIVE,1186.29,False,False,False,False,True,False
MCH8159,Yogi Group,5699,APPAREL,INDIVIDUAL,Kolkata,West Bengal,,,INACTIVE,8386.41,False,False,False,False,True,True
MCH8174,"banerjee, brahmbhatt and dave",7011,HOTEL,INDIVIDUAL,Jaipur,Rajasthan,2024-09-09 00:00:00,XXXX7104,ACTIVE,,False,False,False,True,False,False
MCH8177,Bera PLC,4814,TELECOM,INDIVIDUAL,Amritsar,Punjab,2023-07-14 00:00:00,XXXX8376,INACTIVE,491.01,False,False,False,False,False,False
MCH8177,"Ghose, Om and Dada",5912,PHARMACY,INDIVIDUAL,Jaipur,Rajasthan,2023-01-25 03:52:09,XXXX4974,ACTIVE,578.46,False,False,False,False,False,False
MCH8198,Buch-Sengupta,5311,DEPARTMENT_STORE,INDIVIDUAL,Kolkata,West Bengal,2023-01-18 00:00:00,,ACTIVE,2004.67,False,False,False,False,True,False
MCH8209,Pai-Gokhale,5311,DEPARTMENT_STORE,PRIVATE_LIMITED,Jaipur,Rajasthan,2023-03-22 21:49:14,,INACTIVE,426.65,False,False,False,False,True,False
MCH8210,"Dave, Bath and Cherian",4131,TRANSPORT,SOLE_PROPRIETOR,Hyderabad,Telangana,2025-04-10 00:00:00,XXXX2318,ACTIVE,3204.47,False,False,False,False,False,False
MCH8210,Kannan Inc,5311,DEPARTMENT_STORE,PARTNERSHIP,Ludhiana,Punjab,2025-02-04 00:00:00,,INACTIVE,370.0,False,False,False,False,True,False
MCH8211,Seth LLC,5999,MISC_RETAIL,PARTNERSHIP,Pune,Maharashtra,2024-09-08 00:27:35,,ACTIVE,2939.69,False,False,False,False,True,False
MCH8241,Bhasin and Sons,5999,MISC_RETAIL,PRIVATE_LIMITED,Jaipur,Rajasthan,2025-07-28 07:43:00,,ACTIVE,509.62,False,False,False,False,True,False
MCH8245,BRAR LLC,5942,BOOKS_STATIONERY,INDIVIDUAL,Bengaluru,Karnataka,2024-01-18 00:00:00,,ACTIVE,,False,False,False,True,True,False
MCH8255,Sastry Group,5912,PHARMACY,PARTNERSHIP,Ludhiana,Punjab,2023-08-13 22:30:59,,ACTIVE,1386.59,False,False,False,False,True,False
MCH8263,"Kapoor, Khanna and Mohan",5311,DEPARTMENT_STORE,INDIVIDUAL,Ludhiana,Punjab,2025-01-08 00:00:00,,ACTIVE,5404.0,False,False,False,False,True,False
MCH8272,"Kaur, Barad and Sengupta",5411,GROCERY,PARTNERSHIP,Amritsar,Punjab,2023-04-11 00:00:00,XXXX6386,ACTIVE,2250.0,False,False,False,False,False,False
MCH8281,Tara-Mander,4131,TRANSPORT,PRIVATE_LIMITED,Pune,Maharashtra,2023-03-11 00:00:00,XXXX3492,ACTIVE,3216.91,False,False,False,False,False,False
MCH8281,Kakar and S0ns,4814,TELECOM,INDIVIDUAL,Hyderabad,Telangana,2023-01-12 00:00:00,,ACTIVE,968.0,False,False,False,False,True,False
MCH8283,Nagar Group,4814,TELECOM,PARTNERSHIP,Kolkata,West Bengal,2026-02-08 06:11:47,,ACTIVE,1032.5,False,False,False,False,True,False
MCH8296,D’Alia-Kannan,5999,MISC_RETAIL,PARTNERSHIP,Mumbai,Maharashtra,2023-07-29 00:00:00,,ACTIVE,659.86,True,False,False,False,True,False
MCH8297,Rai and Sons,5942,BOOKS_STATIONERY,PARTNERSHIP,Chennai,Tamil Nadu,2024-07-20 05:48:00,XXXX4899,ACTIVE,618.85,False,False,False,False,False,False
MCH8297,Natarajan-Gill,4814,TELECOM,INDIVIDUAL,Lucknow,Uttar Pradesh,2024-05-14 00:00:00,XXXX5501,ACTIVE,558.71,False,False,False,False,False,False
MCH8297,Desai Ltd,5311,DEPARTMENT_STORE,SOLE_PROPRIETOR,Amritsar,Punjab,2023-06-24 00:00:00,,INACTIVE,8921.0,True,False,False,False,True,False
MCH8297,NAYAR LTD,5912,PHARMACY,PARTNERSHIP,Kolkata,West Bengal,,XXXX2297,INACTIVE,465.08,False,False,False,False,False,True
MCH8306,"Wason, Saraf and Dube",7011,HOTEL,PARTNERSHIP,Bengaluru,Karnataka,2025-02-15 00:00:00,XXXX2511,INACTIVE,67.35,True,False,False,False,False,False
MCH8306,Magar-Gaba,4131,TRANSPORT,PRIVATE_LIMITED,Delhi,Delhi,2025-11-22 00:00:00,,INACTIVE,840.15,False,False,False,False,True,False
MCH8308,"Ganguly, Raj and Keer",4814,TELECOM,INDIVIDUAL,Amritsar,Punjab,2023-04-02 00:00:00,XXXX6719,ACTIVE,3204.8,True,False,False,False,False,False
MCH8308,"MUKHOPADHYAY, KOTHARI AND RAVAL",5311,DEPARTMENT_STORE,INDIVIDUAL,Amritsar,Punjab,2023-01-21 00:00:00,XXXX2998,ACTIVE,764.32,True,False,False,False,False,False
MCH8314,Mahajan-Batta,4131,TRANSPORT,INDIVIDUAL,Lucknow,Uttar Pradesh,2024-04-01 00:00:00,,ACTIVE,856.24,False,False,False,False,True,False
MCH8316,Bakshi-Rout,5311,DEPARTMENT_STORE,PRIVATE_LIMITED,Delhi,Delhi,2024-11-10 02:40:36,,ACTIVE,618.0,False,False,False,False,True,False
MCH8325,"Kaul, Bumb and Bal",5411,GROCERY,SOLE_PROPRIETOR,Amritsar,Punjab,2025-03-19 00:00:00,,INACTIVE,183.98,False,False,False,False,True,False
MCH8330,"Dhawan, Tella and Rau",4131,TRANSPORT,PRIVATE_LIMITED,Chennai,Tamil Nadu,2023-01-20 20:57:00,,ACTIVE,1437.59,False,False,False,False,True,False
MCH8337,Date-Mand,5999,MISC_RETAIL,PARTNERSHIP,Ludhiana,Punjab,2023-01-31 03:03:00,XXXX4110,INACTIVE,333.78,False,False,False,False,False,False
MCH8338,"sastry, deo and char",7011,HOTEL,INDIVIDUAL,Mumbai,Maharashtra,2024-07-23 00:00:00,,ACTIVE,3821.74,False,False,False,False,True,False
MCH8341,TARA-BEN,5311,DEPARTMENT_STORE,INDIVIDUAL,Kolkata,West Bengal,2023-06-26 00:00:00,,ACTIVE,1137.47,False,False,False,False,True,False
MCH8346,Sawhney-Pillai,5699,APPAREL,INDIVIDUAL,Lucknow,Uttar Pradesh,2023-03-06 03:04:06,,ACTIVE,2613.63,False,False,False,False,True,False
MCH8355,"Virk, Sarna and Sangha",5812,RESTAURANT,INDIVIDUAL,Mumbai,Maharashtra,2023-09-10 00:00:00,XXXX0119,ACTIVE,3279.0,False,False,False,False,False,False
MCH8355,DADA AND SONS,5699,APPAREL,SOLE_PROPRIETOR,Chennai,Tamil Nadu,2023-01-27 00:00:00,,ACTIVE,1302.55,False,False,False,False,True,False
MCH8358,Tripathi-Borah,5912,PHARMACY,PRIVATE_LIMITED,Kolkata,West Bengal,2025-06-12 00:00:00,XXXX6733,ACTIVE,1758.66,False,False,False,False,False,False
MCH8365,"Kashyap,SharmaandBalasubramanian",4814,TELECOM,PRIVATE_LIMITED,Jalandhar,Punjab,2023-01-24 00:00:00,XXXX5913,ACTIVE,786.29,False,False,False,False,False,False
MCH8365,Som-Dhar,5999,MISC_RETAIL,INDIVIDUAL,Pune,Maharashtra,2025-08-30 00:00:00,,ACTIVE,269.48,False,False,False,False,True,False
MCH8365,"Luthra, Kota and Choudhary",5311,DEPARTMENT_STORE,PRIVATE_LIMITED,Amritsar,Punjab,2024-10-17 00:00:00,,INACTIVE,,False,False,False,True,True,False
MCH8369,"Vyas, Dutt and Ganesan",5912,PHARMACY,INDIVIDUAL,Kolkata,West Bengal,2023-09-15 22:56:57,XXXX2317,ACTIVE,410.34,False,False,False,False,False,False
MCH8370,"ramaswamy, dugal and upadhyay",4131,TRANSPORT,SOLE_PROPRIETOR,Delhi,Delhi,,XXXX7519,ACTIVE,538.41,False,False,False,False,False,True
MCH8372,BanerjeeLtd,5912,PHARMACY,INDIVIDUAL,Hyderabad,Telangana,2023-10-26 00:00:00,,ACTIVE,4531.0,False,False,False,False,True,False
MCH8374,"KOHLI, CHAKRABORTY AND WALI",5942,BOOKS_STATIONERY,SOLE_PROPRIETOR,Lucknow,Uttar Pradesh,2025-02-16 16:31:03,,ACTIVE,838.62,False,False,False,False,True,False
MCH8377,"garde, varty and vyas",4131,TRANSPORT,INDIVIDUAL,Mumbai,Maharashtra,2025-08-01 20:50:41,,ACTIVE,1200.23,False,False,False,False,True,False
MCH8379,"B0rah, Kaur and Gera",5912,PHARMACY,INDIVIDUAL,Jaipur,Rajasthan,,,ACTIVE,351.15,False,False,False,False,True,True
MCH8380,Chaudhari-Behl,7011,HOTEL,PARTNERSHIP,Mumbai,Maharashtra,2024-05-18 00:00:00,XXXX2808,ACTIVE,780.2,False,False,False,False,False,False
MCH8380,"kar, patil and karan",4131,TRANSPORT,INDIVIDUAL,Jalandhar,Punjab,2024-01-22 00:00:00,XXXX2544,ACTIVE,9540.15,False,False,False,False,False,False
MCH8401,Pandey PLC,7011,HOTEL,PARTNERSHIP,Chennai,Tamil Nadu,2025-09-09 00:00:00,XXXX3862,ACTIVE,625.0,True,False,False,False,False,False
MCH8410,"Bhargava, Srinivasan and Desai",4131,TRANSPORT,PRIVATE_LIMITED,Lucknow,Uttar Pradesh,2024-01-20 00:00:00,XXXX7516,ACTIVE,1024.56,False,False,False,False,False,False
MCH8410,Dugal and Sons,5942,BOOKS_STATIONERY,PARTNERSHIP,Bengaluru,Karnataka,,XXXX4064,ACTIVE,853.16,False,False,False,False,False,True
MCH8416,Kha1sa-Prashad,5411,GROCERY,PRIVATE_LIMITED,Delhi,Delhi,2023-12-02 00:00:00,XXXX4033,ACTIVE,478.64,False,False,False,False,False,False
MCH8421,"KANNAN, NATH AND KALA",4131,TRANSPORT,PRIVATE_LIMITED,Amritsar,Punjab,2024-01-31 00:00:00,,INACTIVE,612.51,False,False,False,False,True,False
MCH8427,Sankaran-Rai,5942,BOOKS_STATIONERY,SOLE_PROPRIETOR,Hyderabad,Telangana,2023-10-17 00:00:00,XXXX7264,ACTIVE,302.0,False,False,False,False,False,False
MCH8427,Sankaran-Rai,5942,BOOKS_STATIONERY,SOLE_PROPRIETOR,Hyderabad,Telangana,2023-10-17 00:00:00,XXXX7264,INACTIVE,302.0,False,False,False,False,False,False
MCH8427,"Hegde, Bajaj and Sura",5699,APPAREL,PARTNERSHIP,Jalandhar,Punjab,2024-10-07 00:00:00,,ACTIVE,557.6,False,False,False,False,True,False
MCH8431,"Bail, Sura and Misra",5411,GROCERY,PARTNERSHIP,Lucknow,Uttar Pradesh,2023-02-24 00:00:00,XXXX6713,ACTIVE,6861.27,False,False,False,False,False,False
MCH8431,"Brahmbhatt, Ranganathan and Sangha",5912,PHARMACY,PARTNERSHIP,Hyderabad,Telangana,2023-04-29 00:00:00,,ACTIVE,1715.36,False,False,False,False,True,False
MCH8436,Kapoor Inc,7011,HOTEL,INDIVIDUAL,Bengaluru,Karnataka,2025-07-27 00:00:00,XXXX0100,ACTIVE,7117.0,False,False,False,False,False,False
MCH8436,Sagar PLC,5999,MISC_RETAIL,SOLE_PROPRIETOR,Pune,Maharashtra,2025-04-14 00:00:00,XXXX0850,ACTIVE,642.69,False,False,False,False,False,False
MCH8436,sangha plc,5942,BOOKS_STATIONERY,PRIVATE_LIMITED,Hyderabad,Telangana,2025-08-16 00:00:00,,ACTIVE,,False,False,False,True,True,False
MCH8437,"Kurian, Yadav and Sidhu",5812,RESTAURANT,PARTNERSHIP,Amritsar,Punjab,2024-09-09 00:00:00,,ACTIVE,1382.63,False,False,False,False,True,False
MCH8446,Kuruvi11a Gr0up,5999,MISC_RETAIL,SOLE_PROPRIETOR,Chennai,Tamil Nadu,2025-07-07 00:00:00,,ACTIVE,979.24,False,False,False,False,True,False
MCH8449,Vaidya-Gulati,5812,RESTAURANT,PRIVATE_LIMITED,Chennai,Tamil Nadu,2024-04-06 00:00:00,XXXX1209,ACTIVE,118.49,True,False,False,False,False,False
MCH8450,narayanan llc,5912,PHARMACY,SOLE_PROPRIETOR,Ludhiana,Punjab,,XXXX4013,ACTIVE,-1022.45,False,False,True,False,False,True
MCH8451,setty inc,4814,TELECOM,PRIVATE_LIMITED,Ludhiana,Punjab,2023-06-05 00:00:00,,ACTIVE,196.48,False,False,False,False,True,False
MCH8453,Manne LLC,5699,APPAREL,PRIVATE_LIMITED,Amritsar,Punjab,,,ACTIVE,397.0,False,False,False,False,True,True
MCH8467,Gara-Sarkar,5912,PHARMACY,INDIVIDUAL,Pune,Maharashtra,2025-12-03 17:00:00,,ACTIVE,826.0,False,False,False,False,True,False
MCH8470,"GARG, SURI AND SAGAR",5699,APPAREL,INDIVIDUAL,Ludhiana,Punjab,2023-11-19 00:00:00,,ACTIVE,,False,False,False,True,True,False
MCH8489,"Nadkarni, Murty and Chad",5912,PHARMACY,PARTNERSHIP,Ludhiana,Punjab,2023-11-29 00:00:00,,ACTIVE,713.56,False,False,False,False,True,False
MCH8504,gala-bath,5411,GROCERY,PRIVATE_LIMITED,Bengaluru,Karnataka,2023-05-24 00:00:00,XXXX9815,ACTIVE,4220.0,True,False,False,False,False,False
MCH8505,"Dora, Bhatia and Bhatia",5411,GROCERY,PARTNERSHIP,Amritsar,Punjab,2023-05-17 00:00:00,XXXX2318,ACTIVE,2376.66,False,False,False,False,False,False
MCH8505,"Joshi, Sarin and Krishnamurthy",5311,DEPARTMENT_STORE,PARTNERSHIP,Jaipur,Rajasthan,2023-04-08 00:00:00,,ACTIVE,811.55,False,False,False,False,True,False
MCH8509,"Majumdar, Deshpande and Solanki",5311,DEPARTMENT_STORE,PARTNERSHIP,Bengaluru,Karnataka,2024-09-17 00:00:00,XXXX5135,INACTIVE,-1098.85,False,False,True,False,False,False
MCH8509,RAMAN-HANS,5699,APPAREL,INDIVIDUAL,Lucknow,Uttar Pradesh,2024-05-16 00:00:00,XXXX2100,INACTIVE,882.0,False,False,False,False,False,False
MCH8511,Narain-Nori,5411,GROCERY,PARTNERSHIP,Kolkata,West Bengal,2023-04-02 14:35:12,,ACTIVE,4133.84,False,False,False,False,True,False
MCH8521,Rao Ltd,5812,RESTAURANT,SOLE_PROPRIETOR,Jaipur,Rajasthan,2023-02-05 00:00:00,XXXX5515,INACTIVE,2388.44,False,False,False,False,False,False
MCH8527,Tella-Mani,5912,PHARMACY,PARTNERSHIP,Ludhiana,Punjab,2025-11-09 00:00:00,,ACTIVE,,False,False,False,True,True,False
MCH8529,Pradhan PLC,5942,BOOKS_STATIONERY,SOLE_PROPRIETOR,Delhi,Delhi,2025-07-13 03:13:00,,ACTIVE,476.91,False,False,False,False,True,False
MCH8536,"BASAK, SAMI AND CHAR",5311,DEPARTMENT_STORE,PRIVATE_LIMITED,Mumbai,Maharashtra,,,ACTIVE,335.5,False,False,False,False,True,True
MCH8537,Sunder LLC,4131,TRANSPORT,PRIVATE_LIMITED,Chennai,Tamil Nadu,2025-09-16 00:00:00,XXXX0694,INACTIVE,1072.34,False,False,False,False,False,False
MCH8537,Mital and Sons,5411,GROCERY,PARTNERSHIP,Jalandhar,Punjab,2023-05-14 00:00:00,XXXX8286,ACTIVE,-3683.74,False,False,True,False,False,False
MCH8549,"Tandon, Tella and Srinivas",5311,DEPARTMENT_STORE,PARTNERSHIP,Jalandhar,Punjab,2025-09-22 11:22:00,,ACTIVE,-649.65,False,False,True,False,True,False
MCH8553,"Sane, Chaudhari and Rai",4814,TELECOM,PRIVATE_LIMITED,Lucknow,Uttar Pradesh,2025-01-05 00:00:00,,INACTIVE,375.66,False,False,False,False,True,False
MCH8555,Gopal LLC,5942,BOOKS_STATIONERY,PRIVATE_LIMITED,Chennai,Tamil Nadu,2025-06-13 00:00:00,XXXX9283,ACTIVE,,False,False,False,True,False,False
MCH8558,"JHA, BHAT AND SWAMINATHAN",4814,TELECOM,SOLE_PROPRIETOR,Bengaluru,Karnataka,2024-11-13 00:00:00,,ACTIVE,2933.92,True,False,False,False,True,False
MCH8561,Mahal-Talwar,5912,PHARMACY,INDIVIDUAL,Pune,Maharashtra,2024-11-21 00:00:00,XXXX1106,ACTIVE,892.64,False,False,False,False,False,False
MCH8563,Brar PLC,5812,RESTAURANT,PARTNERSHIP,Pune,Maharashtra,2024-11-21 02:24:00,,INACTIVE,943.44,True,False,False,False,True,False
MCH8571,"Sahni, Arya and Guha",4131,TRANSPORT,PRIVATE_LIMITED,Kolkata,West Bengal,,XXXX6085,ACTIVE,1192.48,False,False,False,False,False,True
MCH8592,Rajagopal-Nagarajan,5912,PHARMACY,INDIVIDUAL,Hyderabad,Telangana,2023-11-20 00:23:03,,ACTIVE,1002.86,False,False,False,False,True,False
MCH8592,ramaswamy plc,4814,TELECOM,INDIVIDUAL,Amritsar,Punjab,,,INACTIVE,661.0,False,False,False,False,True,True
MCH8598,Chanda-Parekh,5942,BOOKS_STATIONERY,PARTNERSHIP,Ludhiana,Punjab,,XXXX1765,ACTIVE,1205.19,True,False,False,False,False,True
MCH8600,Lata-Khurana,5411,GROCERY,INDIVIDUAL,Jalandhar,Punjab,2023-06-16 00:00:00,XXXX2374,ACTIVE,861.64,False,False,False,False,False,False
MCH8607,"Wali,ManeandThakur",5699,APPAREL,INDIVIDUAL,Delhi,Delhi,2023-10-15 00:00:00,XXXX4911,ACTIVE,2981.0,False,False,False,False,False,False
MCH8607,Dash-Dora,5411,GROCERY,PRIVATE_LIMITED,Delhi,Delhi,2023-01-29 00:00:00,XXXX9578,ACTIVE,3092.32,False,False,False,False,False,False
MCH8614,Singhal Group,5912,PHARMACY,SOLE_PROPRIETOR,Bengaluru,Karnataka,2025-03-27 00:00:00,XXXX4582,ACTIVE,4570.35,False,False,False,False,False,False
MCH8615,Anand Inc,5699,APPAREL,PARTNERSHIP,Chennai,Tamil Nadu,2024-11-02 00:00:00,XXXX8444,INACTIVE,1493.0,False,False,False,False,False,False
MCH8615,Kurian Inc,4814,TELECOM,PRIVATE_LIMITED,Hyderabad,Telangana,2024-03-25 00:00:00,,ACTIVE,3051.58,True,False,False,False,True,False
MCH8628,Pai-Upadhyay,7011,HOTEL,SOLE_PROPRIETOR,Amritsar,Punjab,,,ACTIVE,12455.57,False,False,False,False,True,True
MCH8639,"SODHI, KALA AND RAMASWAMY",5411,GROCERY,PARTNERSHIP,Pune,Maharashtra,2023-09-18 00:00:00,,ACTIVE,1544.0,False,False,False,False,True,False
MCH8648,MUKHOPADHYAY PLC,4131,TRANSPORT,SOLE_PROPRIETOR,Mumbai,Maharashtra,2023-11-21 00:00:00,XXXX3400,ACTIVE,1325.0,False,False,False,False,False,False
MCH8654,"Deshpande, Comar and Pandya",4814,TELECOM,INDIVIDUAL,Delhi,Delhi,,XXXX6217,ACTIVE,898.0,False,False,False,False,False,True
MCH8654,Bal-Rastogi,5942,BOOKS_STATIONERY,INDIVIDUAL,Lucknow,Uttar Pradesh,,XXXX3530,INACTIVE,619.2,False,False,False,False,False,True
MCH8656,"Sarma, Krish and Ranganathan",5942,BOOKS_STATIONERY,SOLE_PROPRIETOR,Kolkata,West Bengal,2025-02-04 00:00:00,XXXX5740,ACTIVE,,False,False,False,True,False,False
MCH8673,"Bahl, Chopra and Jaggi",5942,BOOKS_STATIONERY,SOLE_PROPRIETOR,Amritsar,Punjab,2024-11-16 00:00:00,,ACTIVE,1166.72,False,False,False,False,True,False
MCH8679,MANGAL-GOLE,5942,BOOKS_STATIONERY,PRIVATE_LIMITED,Jaipur,Rajasthan,2023-11-01 00:00:00,XXXX0473,ACTIVE,971.58,False,False,False,False,False,False
MCH8692,"Dubey, Nair and Bobal",5812,RESTAURANT,SOLE_PROPRIETOR,Ludhiana,Punjab,2023-04-17 00:00:00,XXXX5917,ACTIVE,2839.54,False,False,False,False,False,False
MCH8693,"Chawla, Goyal and Pau",7011,HOTEL,INDIVIDUAL,Mumbai,Maharashtra,2024-01-22 00:00:00,,ACTIVE,818.0,False,False,False,False,True,False
MCH8705,"Sankar, Srinivas and Kanda",4814,TELECOM,PRIVATE_LIMITED,Delhi,Delhi,2024-02-05 00:00:00,XXXX6491,ACTIVE,-207.41,False,False,True,False,False,False
MCH8724,"Ganesh, Sarin and Gera",5411,GROCERY,PARTNERSHIP,Delhi,Delhi,2024-11-20 00:00:00,XXXX8584,ACTIVE,639.73,False,False,False,False,False,False
MCH8724,"GOLE, ROY AND KHURANA",5411,GROCERY,SOLE_PROPRIETOR,Bengaluru,Karnataka,2024-03-31 00:00:00,XXXX8526,ACTIVE,926.44,False,False,False,False,False,False
MCH8725,"SHAH, KRISHNA AND BORRA",5699,APPAREL,SOLE_PROPRIETOR,Lucknow,Uttar Pradesh,2024-02-15 00:00:00,,ACTIVE,-508.73,False,False,True,False,True,False
MCH8725,Ganesan Inc,5411,GROCERY,PRIVATE_LIMITED,Jalandhar,Punjab,2023-02-24 14:18:57,,INACTIVE,-1002.32,False,False,True,False,True,False
MCH8730,Banerjee-Kapoor,5942,BOOKS_STATIONERY,SOLE_PROPRIETOR,Amritsar,Punjab,,XXXX6051,ACTIVE,2386.59,False,False,False,False,False,True
MCH8735,Ha1der-Mane,5411,GROCERY,PARTNERSHIP,Pune,Maharashtra,2023-04-12 04:45:53,XXXX9653,ACTIVE,7303.0,False,False,False,False,False,False
MCH8736,Mitter-Sura,5812,RESTAURANT,INDIVIDUAL,Jalandhar,Punjab,2023-07-22 00:00:00,XXXX0698,ACTIVE,801.85,True,False,False,False,False,False
MCH8741,VenkateshGroup,5411,GROCERY,PRIVATE_LIMITED,Ludhiana,Punjab,2024-08-03 03:48:35,,ACTIVE,1511.0,False,False,False,False,True,False
MCH8750,NAIR LTD,5699,APPAREL,INDIVIDUAL,Jaipur,Rajasthan,2024-03-22 00:00:00,,ACTIVE,3874.0,False,False,False,False,True,False
MCH8755,Guha-Dara,5999,MISC_RETAIL,SOLE_PROPRIETOR,Amritsar,Punjab,2023-08-07 00:00:00,,ACTIVE,3411.15,False,False,False,False,True,False
MCH8761,Pal LLC,5999,MISC_RETAIL,PRIVATE_LIMITED,Ludhiana,Punjab,,,ACTIVE,759.79,False,False,False,False,True,True
MCH8768,"Rout, Dixit and Malhotra",7011,HOTEL,PRIVATE_LIMITED,Jalandhar,Punjab,2024-06-05 00:00:00,,INACTIVE,556.74,False,False,False,False,True,False
MCH8768,"GARDE, MOHAN AND SRIDHAR",5311,DEPARTMENT_STORE,INDIVIDUAL,Kolkata,West Bengal,2024-05-12 00:00:00,,INACTIVE,1569.36,False,False,False,False,True,False
MCH8792,NagarLLC,5411,GROCERY,SOLE_PROPRIETOR,Jaipur,Rajasthan,2025-01-22 21:40:00,XXXX7012,ACTIVE,,False,False,False,True,False,False
MCH8794,"Mandal, Dalal and Sane",4131,TRANSPORT,PARTNERSHIP,Pune,Maharashtra,2025-02-27 00:00:00,,INACTIVE,10132.54,False,False,False,False,True,False
MCH8798,"Taneja, Maharaj and Sa1vi",5942,BOOKS_STATIONERY,PARTNERSHIP,Mumbai,Maharashtra,,,INACTIVE,2125.0,False,False,False,False,True,True
MCH8799,"Tailor,RattiandAnne",5912,PHARMACY,SOLE_PROPRIETOR,Kolkata,West Bengal,2023-03-13 00:00:00,XXXX2356,INACTIVE,1556.57,False,False,False,False,False,False
MCH8809,"Doshi, Ghose and Amble",5411,GROCERY,INDIVIDUAL,Mumbai,Maharashtra,,,ACTIVE,3965.67,False,False,False,False,True,True
MCH8820,"Sarkar, Arya and Chand",4131,TRANSPORT,PRIVATE_LIMITED,Ludhiana,Punjab,2024-12-07 00:00:00,XXXX8518,ACTIVE,3994.88,False,False,False,False,False,False
MCH8832,KALA LLC,4814,TELECOM,INDIVIDUAL,Hyderabad,Telangana,2025-10-12 00:00:00,XXXX8743,ACTIVE,292.25,True,False,False,False,False,False
MCH8832,Gour Ltd,5942,BOOKS_STATIONERY,INDIVIDUAL,Pune,Maharashtra,2024-10-19 08:26:23,XXXX2047,ACTIVE,,False,False,False,True,False,False
MCH8844,Bains PLC,5812,RESTAURANT,INDIVIDUAL,Delhi,Delhi,2023-08-25 11:37:14,,ACTIVE,1442.98,True,False,False,False,True,False
MCH8854,Sabharwal-Mitter,7011,HOTEL,SOLE_PROPRIETOR,Jaipur,Rajasthan,2023-12-01 17:23:56,,ACTIVE,1003.79,True,False,False,False,True,False
MCH8870,Sandhu Inc,5699,APPAREL,PRIVATE_LIMITED,Ludhiana,Punjab,2023-02-14 00:00:00,,INACTIVE,,True,False,False,True,True,False
MCH8876,Rai LLC,4131,TRANSPORT,SOLE_PROPRIETOR,Mumbai,Maharashtra,2025-02-17 00:00:00,XXXX9705,ACTIVE,1825.17,False,False,False,False,False,False
MCH8876,Apte and Sons,5812,RESTAURANT,PARTNERSHIP,Kolkata,West Bengal,2024-02-03 09:35:16,,ACTIVE,2620.0,False,False,False,False,True,False
MCH8880,Hayer-Walia,4131,TRANSPORT,PARTNERSHIP,Jalandhar,Punjab,2023-04-08 11:08:14,,ACTIVE,2616.91,False,False,False,False,True,False
MCH8890,"Kumar, Yogi and Seshadri",5999,MISC_RETAIL,SOLE_PROPRIETOR,Lucknow,Uttar Pradesh,2025-01-12 18:31:00,,ACTIVE,535.53,False,False,False,False,True,False
MCH8890,Mane-Sheth,5999,MISC_RETAIL,INDIVIDUAL,Jaipur,Rajasthan,,XXXX2596,INACTIVE,-475.08,False,False,True,False,False,True
MCH8896,Savant PLC,5411,GROCERY,INDIVIDUAL,Ludhiana,Punjab,2023-08-20 12:44:00,XXXX3971,ACTIVE,2636.98,False,False,False,False,False,False
MCH8896,"Luthra, Kata and Bansal",5812,RESTAURANT,PRIVATE_LIMITED,Jaipur,Rajasthan,2025-09-18 00:00:00,,ACTIVE,,False,False,False,True,True,False
MCH8900,Murthy-Vala,5699,APPAREL,PARTNERSHIP,Kolkata,West Bengal,2024-09-27 00:00:00,XXXX0971,ACTIVE,314.81,False,False,False,False,False,False
MCH8901,Raghavan-Bhavsar,5912,PHARMACY,PRIVATE_LIMITED,Jalandhar,Punjab,2023-12-13 16:08:56,,INACTIVE,2886.4,False,False,False,False,True,False
MCH8910,Hayer-Mandal,5411,GROCERY,SOLE_PROPRIETOR,Ludhiana,Punjab,,XXXX1730,ACTIVE,597.8,False,False,False,False,False,True
MCH8910,"Sinha, Sen and Mander",4814,TELECOM,PRIVATE_LIMITED,Delhi,Delhi,2023-09-01 00:00:00,,ACTIVE,,False,False,False,True,True,False
MCH8912,Nagar PLC,5942,BOOKS_STATIONERY,PRIVATE_LIMITED,Mumbai,Maharashtra,2024-02-17 00:00:00,,ACTIVE,196.56,False,False,False,False,True,False
MCH8912,"Wable, Sule and Mani",5699,APPAREL,INDIVIDUAL,Hyderabad,Telangana,2023-08-11 03:31:35,,ACTIVE,510.28,True,False,False,False,True,False
MCH8915,"Chadha, Patil and Bose",4131,TRANSPORT,SOLE_PROPRIETOR,Jaipur,Rajasthan,2025-10-19 00:00:00,,ACTIVE,-775.66,False,False,True,False,True,False
MCH8923,Raja-Sur,4131,TRANSPORT,INDIVIDUAL,Hyderabad,Telangana,2023-05-29 00:00:00,,ACTIVE,1033.58,False,False,False,False,True,False
MCH8926,Roy-Nagarajan,5699,APPAREL,SOLE_PROPRIETOR,Pune,Maharashtra,2023-05-11 05:53:00,,INACTIVE,217.41,True,False,False,False,True,False
MCH8929,Suri-Toor,5999,MISC_RETAIL,INDIVIDUAL,Hyderabad,Telangana,,,ACTIVE,447.0,True,False,False,False,True,True
MCH8931,"Pau, Chatterjee and Deol",7011,HOTEL,PARTNERSHIP,Pune,Maharashtra,2024-03-02 00:00:00,,ACTIVE,1739.01,False,False,False,False,True,False
MCH8933,Karpe Inc,5912,PHARMACY,PRIVATE_LIMITED,Amritsar,Punjab,,XXXX7104,ACTIVE,2968.0,False,False,False,False,False,True
MCH8934,kakar group,5812,RESTAURANT,SOLE_PROPRIETOR,Ludhiana,Punjab,,XXXX4849,ACTIVE,1507.45,False,False,False,False,False,True
MCH8941,mutti-sharaf,7011,HOTEL,SOLE_PROPRIETOR,Bengaluru,Karnataka,2025-01-26 19:23:00,,ACTIVE,153.27,False,False,False,False,True,False
MCH8945,KRISH AND SONS,5912,PHARMACY,PARTNERSHIP,Mumbai,Maharashtra,2024-01-11 00:00:00,XXXX9324,ACTIVE,411.91,False,False,False,False,False,False
MCH8945,"Deol, Pant and Parekh",4814,TELECOM,SOLE_PROPRIETOR,Amritsar,Punjab,2026-01-18 00:00:00,,ACTIVE,707.94,False,False,False,False,True,False
MCH8953,Sibal Group,5699,APPAREL,PARTNERSHIP,Kolkata,West Bengal,2023-02-28 00:00:00,XXXX5095,INACTIVE,1723.81,False,False,False,False,False,False
MCH8953,Oak Inc,5912,PHARMACY,PARTNERSHIP,Mumbai,Maharashtra,2025-04-18 00:00:00,,ACTIVE,-1051.63,False,False,True,False,True,False
MCH8955,"Gade, Venkatesh and Bedi",5999,MISC_RETAIL,SOLE_PROPRIETOR,Bengaluru,Karnataka,2023-05-13 13:02:00,XXXX6886,ACTIVE,455.69,True,False,False,False,False,False
MCH8957,Brar-Lanka,5999,MISC_RETAIL,INDIVIDUAL,Jalandhar,Punjab,,,ACTIVE,1494.31,False,False,False,False,True,True
MCH8965,Lal and Sons,5942,BOOKS_STATIONERY,SOLE_PROPRIETOR,Chennai,Tamil Nadu,2025-09-07 00:00:00,,ACTIVE,,True,False,False,True,True,False
MCH8967,Kade-Sama,5699,APPAREL,PARTNERSHIP,Delhi,Delhi,2023-02-18 00:00:00,,ACTIVE,,False,False,False,True,True,False
MCH8968,"Mukherjee,MorarandDesai",5411,GROCERY,INDIVIDUAL,Amritsar,Punjab,2023-04-09 00:00:00,,ACTIVE,8122.94,False,False,False,False,True,False
MCH8968,Sankar-Zachariah,5411,GROCERY,INDIVIDUAL,Chennai,Tamil Nadu,,XXXX0434,ACTIVE,7171.02,False,False,False,False,False,True
MCH8974,"Kota, Varty and Mangal",7011,HOTEL,INDIVIDUAL,Jaipur,Rajasthan,2024-06-27 23:13:00,,ACTIVE,1353.93,False,False,False,False,True,False
MCH8980,SIBAL AND SONS,5999,MISC_RETAIL,SOLE_PROPRIETOR,Kolkata,West Bengal,,XXXX4841,ACTIVE,-972.53,False,False,True,False,False,True
MCH8999,Babu and Sons,7011,HOTEL,PRIVATE_LIMITED,Jaipur,Rajasthan,2023-02-19 00:00:00,XXXX7055,ACTIVE,1204.0,False,False,False,False,False,False
MCH8999,"panchal, aurora and kamdar",5311,DEPARTMENT_STORE,PRIVATE_LIMITED,Lucknow,Uttar Pradesh,2023-10-25 05:37:20,XXXX8730,ACTIVE,,False,False,False,True,False,False
MCH9001,Sangha-Ravi,5912,PHARMACY,INDIVIDUAL,Bengaluru,Karnataka,2024-10-17 00:00:00,,ACTIVE,242.09,False,False,False,False,True,False
MCH9004,KaurInc,5699,APPAREL,PARTNERSHIP,Bengaluru,Karnataka,2023-10-07 00:00:00,XXXX9308,ACTIVE,1124.44,False,False,False,False,False,False
MCH9004,"Nigam, Hegde and Sura",5912,PHARMACY,PARTNERSHIP,Hyderabad,Telangana,,,INACTIVE,926.37,False,False,False,False,True,True
MCH9009,Badami-Sani,5411,GROCERY,INDIVIDUAL,Mumbai,Maharashtra,2024-03-31 00:00:00,XXXX8465,ACTIVE,1732.46,False,False,False,False,False,False
MCH9012,"Bada1, Saxena and Banik",5912,PHARMACY,SOLE_PROPRIETOR,Chennai,Tamil Nadu,2023-04-06 00:00:00,XXXX3194,ACTIVE,275.88,False,False,False,False,False,False
MCH9012,nagy-master,5999,MISC_RETAIL,PRIVATE_LIMITED,Mumbai,Maharashtra,2023-01-10 02:07:00,XXXX7097,INACTIVE,297.61,False,False,False,False,False,False
MCH9018,TAK PLC,5999,MISC_RETAIL,PARTNERSHIP,Amritsar,Punjab,2023-11-25 00:00:00,,ACTIVE,354.66,False,False,False,False,True,False
MCH9021,Sandhu-Jayaraman,5311,DEPARTMENT_STORE,PRIVATE_LIMITED,Delhi,Delhi,,,ACTIVE,1258.68,False,False,False,False,True,True
MCH9036,Banerjee-Shenoy,5912,PHARMACY,SOLE_PROPRIETOR,Pune,Maharashtra,2025-11-19 00:00:00,,ACTIVE,1613.75,False,False,False,False,True,False
MCH9038,"Dara, Pai and Saxena",5699,APPAREL,SOLE_PROPRIETOR,Ludhiana,Punjab,2024-04-18 00:00:00,XXXX0438,INACTIVE,2740.86,True,False,False,False,False,False
MCH9038,DarGroup,5942,BOOKS_STATIONERY,SOLE_PROPRIETOR,Amritsar,Punjab,2024-02-06 00:00:00,XXXX8260,ACTIVE,1037.27,False,False,False,False,False,False
MCH9038,NAIDU GROUP,4131,TRANSPORT,PRIVATE_LIMITED,Mumbai,Maharashtra,2024-12-07 00:00:00,,ACTIVE,225.16,False,False,False,False,True,False
MCH9048,Sastry-Prakash,5812,RESTAURANT,PRIVATE_LIMITED,Pune,Maharashtra,2023-02-01 00:00:00,,INACTIVE,469.83,True,False,False,False,True,False
MCH9049,"Badami, Pathak and Murty",5912,PHARMACY,PARTNERSHIP,Pune,Maharashtra,2023-03-10 00:00:00,XXXX1304,ACTIVE,-2072.82,False,False,True,False,False,False
MCH9050,"Oza, Shukla and Chandra",7011,HOTEL,INDIVIDUAL,Jalandhar,Punjab,2024-05-12 00:00:00,XXXX1789,ACTIVE,2974.94,False,False,False,False,False,False
MCH9067,Boase-Sule,5942,BOOKS_STATIONERY,INDIVIDUAL,Jalandhar,Punjab,2025-09-06 00:00:00,,ACTIVE,1045.82,False,False,False,False,True,False
MCH9068,Rege-Rao,7011,HOTEL,PRIVATE_LIMITED,Delhi,Delhi,2023-03-09 00:00:00,XXXX6536,ACTIVE,,True,False,False,True,False,False
MCH9074,Thaman-Ramesh,5411,GROCERY,PRIVATE_LIMITED,Delhi,Delhi,2024-08-04 00:00:00,XXXX9766,ACTIVE,2298.62,True,False,False,False,False,False
MCH9080,Sarraf Group,4814,TELECOM,PRIVATE_LIMITED,Jalandhar,Punjab,2023-09-06 11:01:24,XXXX1930,ACTIVE,-2602.3,False,False,True,False,False,False
MCH9080,"Goswami, Nagy and Sathe",4131,TRANSPORT,SOLE_PROPRIETOR,Jaipur,Rajasthan,2023-11-07 00:00:00,,ACTIVE,6603.0,False,False,False,False,True,False
MCH9082,SESHADRI GROUP,5812,RESTAURANT,SOLE_PROPRIETOR,Jaipur,Rajasthan,2025-11-24 03:08:55,,ACTIVE,862.0,False,False,False,False,True,False
MCH9082,"dutt, behl and sant",5311,DEPARTMENT_STORE,INDIVIDUAL,Hyderabad,Telangana,,XXXX0374,ACTIVE,621.31,False,False,False,False,False,True
MCH9083,Vohra-Mishra,5812,RESTAURANT,PARTNERSHIP,Pune,Maharashtra,2024-06-16 00:00:00,,ACTIVE,2189.0,False,False,False,False,True,False
MCH9088,Bajaj-Karnik,5912,PHARMACY,INDIVIDUAL,Mumbai,Maharashtra,2025-03-11 00:00:00,,INACTIVE,1838.62,False,False,False,False,True,False
MCH9092,Deshmukh Inc,7011,HOTEL,INDIVIDUAL,Jalandhar,Punjab,2024-02-11 00:00:00,XXXX7348,INACTIVE,859.52,False,False,False,False,False,False
MCH9096,"Boase, Swaminathan and Yohannan",5999,MISC_RETAIL,INDIVIDUAL,Chennai,Tamil Nadu,2024-08-04 18:56:27,,ACTIVE,1547.45,False,False,False,False,True,False
MCH9098,Ghosh-Roy,7011,HOTEL,PARTNERSHIP,Kolkata,West Bengal,,XXXX2154,ACTIVE,372.61,False,False,False,False,False,True
MCH9104,Goel PLC,5311,DEPARTMENT_STORE,PRIVATE_LIMITED,Bengaluru,Karnataka,2025-06-30 21:37:07,,ACTIVE,2640.29,False,False,False,False,True,False
MCH9104,Parmar and Sons,5411,GROCERY,SOLE_PROPRIETOR,Pune,Maharashtra,,XXXX4687,ACTIVE,1913.35,False,False,False,False,False,True
MCH9107,Apte-Pathak,5699,APPAREL,PRIVATE_LIMITED,Jalandhar,Punjab,2023-05-25 21:09:31,,ACTIVE,4111.02,False,False,False,False,True,False
MCH9112,Saini-Sinha,5699,APPAREL,PRIVATE_LIMITED,Pune,Maharashtra,2024-08-03 00:00:00,,ACTIVE,1129.73,False,False,False,False,True,False
MCH9114,Tiwari-0ak,4814,TELECOM,INDIVIDUAL,Pune,Maharashtra,2026-01-16 00:00:00,,ACTIVE,7090.63,False,False,False,False,True,False
MCH9125,"mallick, walia and kanda",5311,DEPARTMENT_STORE,PARTNERSHIP,Chennai,Tamil Nadu,2023-10-21 19:24:00,,ACTIVE,3007.21,False,False,False,False,True,False
MCH9140,Dugar-Uppal,5411,GROCERY,PARTNERSHIP,Jaipur,Rajasthan,2024-12-06 06:26:10,,ACTIVE,1470.42,False,False,False,False,True,False
MCH9143,Kibe and Sons,4814,TELECOM,INDIVIDUAL,Jalandhar,Punjab,2025-06-12 00:00:00,,ACTIVE,924.79,True,False,False,False,True,False
MCH9145,"Naik, Bhargava and Cherian",5912,PHARMACY,PARTNERSHIP,Lucknow,Uttar Pradesh,2024-06-13 09:31:54,XXXX4682,ACTIVE,1754.6,False,False,False,False,False,False
MCH9145,"Yadav, Bhatti and Atwal",4814,TELECOM,PARTNERSHIP,Delhi,Delhi,2025-11-24 00:00:00,,ACTIVE,845.36,False,False,False,False,True,False
MCH9147,BORDE GROUP,5942,BOOKS_STATIONERY,SOLE_PROPRIETOR,Chennai,Tamil Nadu,,,ACTIVE,193.0,False,False,False,False,True,True
MCH9149,Bandi Inc,5999,MISC_RETAIL,PARTNERSHIP,Jaipur,Rajasthan,2025-03-15 00:00:00,,ACTIVE,2169.18,False,False,False,False,True,False
MCH9154,"Mangat, Sarkar and Vasa",5311,DEPARTMENT_STORE,SOLE_PROPRIETOR,Hyderabad,Telangana,2023-03-09 00:00:00,XXXX9834,ACTIVE,1303.87,False,False,False,False,False,False
MCH9165,Batta PLC,4131,TRANSPORT,PRIVATE_LIMITED,Chennai,Tamil Nadu,2023-11-06 11:40:00,XXXX0607,INACTIVE,,True,False,False,True,False,False
MCH9180,RamaswamyPLC,5699,APPAREL,INDIVIDUAL,Pune,Maharashtra,2025-08-08 00:00:00,,INACTIVE,-1761.26,False,False,True,False,True,False
MCH9193,Shroff Inc,5411,GROCERY,SOLE_PROPRIETOR,Jalandhar,Punjab,2023-02-10 00:00:00,,ACTIVE,-804.73,False,False,True,False,True,False
MCH9196,Brahmbhatt Inc,5411,GROCERY,PARTNERSHIP,Bengaluru,Karnataka,2023-03-16 06:41:42,,ACTIVE,-4354.3,False,False,True,False,True,False
MCH9199,"BAIL, PERI AND BARIA",5311,DEPARTMENT_STORE,PARTNERSHIP,Chennai,Tamil Nadu,2024-01-14 00:00:00,XXXX0818,ACTIVE,7748.66,True,False,False,False,False,False
MCH9203,Lad LLC,5812,RESTAURANT,INDIVIDUAL,Chennai,Tamil Nadu,2023-09-29 00:00:00,,ACTIVE,-12917.19,False,False,True,False,True,False
MCH9207,"JANI, MITTAL AND NARASIMHAN",5411,GROCERY,PARTNERSHIP,Bengaluru,Karnataka,2025-01-15 11:22:00,XXXX2745,INACTIVE,1049.45,False,False,False,False,False,False
MCH9223,Ram LLC,5912,PHARMACY,SOLE_PROPRIETOR,Delhi,Delhi,,,ACTIVE,633.68,False,False,False,False,True,True
MCH9226,Bhatnagar-Magar,5812,RESTAURANT,PARTNERSHIP,Chennai,Tamil Nadu,2024-11-27 00:00:00,XXXX8272,INACTIVE,500.21,False,False,False,False,False,False
MCH9234,"Jhaveri, Chandran and Shukla",7011,HOTEL,PARTNERSHIP,Lucknow,Uttar Pradesh,2024-07-26 00:00:00,XXXX3221,INACTIVE,762.04,False,False,False,False,False,False
MCH9266,Nazareth Ltd,5942,BOOKS_STATIONERY,SOLE_PROPRIETOR,Lucknow,Uttar Pradesh,2023-07-07 00:00:00,,ACTIVE,1049.97,False,False,False,False,True,False
MCH9266,Chatterjee Group,5411,GROCERY,SOLE_PROPRIETOR,Bengaluru,Karnataka,,XXXX2510,INACTIVE,726.18,False,False,False,False,False,True
MCH9276,TRIVEDI-KUNDA,5699,APPAREL,INDIVIDUAL,Delhi,Delhi,2025-12-31 04:58:00,XXXX9182,INACTIVE,2310.01,False,False,False,False,False,False
MCH9276,Bandi Inc,5942,BOOKS_STATIONERY,PRIVATE_LIMITED,Jalandhar,Punjab,,XXXX2980,ACTIVE,2777.32,False,False,False,False,False,True
MCH9278,Oza-Gera,4131,TRANSPORT,PARTNERSHIP,Mumbai,Maharashtra,2024-04-20 00:00:00,,ACTIVE,13241.0,False,False,False,False,True,False
MCH9287,Sathe Group,4814,TELECOM,PRIVATE_LIMITED,Jaipur,Rajasthan,2023-04-16 13:53:00,,INACTIVE,-2266.77,False,False,True,False,True,False
MCH9289,Baria-Nagy,5999,MISC_RETAIL,SOLE_PROPRIETOR,Chennai,Tamil Nadu,,,ACTIVE,620.71,False,False,False,False,True,True
MCH9291,"Mukhopadhyay, Dua and Dada",5699,APPAREL,SOLE_PROPRIETOR,Delhi,Delhi,2023-12-24 00:00:00,XXXX4318,ACTIVE,875.0,False,False,False,False,False,False
MCH9296,Ramanathan Ltd,5912,PHARMACY,INDIVIDUAL,Jaipur,Rajasthan,2025-01-29 16:04:16,,ACTIVE,1253.48,False,False,False,False,True,False
MCH9311,Sathe Group,5942,BOOKS_STATIONERY,PRIVATE_LIMITED,Ludhiana,Punjab,2025-05-31 23:35:00,,ACTIVE,595.82,False,False,False,False,True,False
MCH9319,LadInc,5699,APPAREL,SOLE_PROPRIETOR,Jalandhar,Punjab,2025-07-20 00:00:00,XXXX7774,INACTIVE,839.54,False,False,False,False,False,False
MCH9319,Cherian and Sons,5699,APPAREL,INDIVIDUAL,Jaipur,Rajasthan,2025-03-07 00:00:00,XXXX4972,ACTIVE,1697.03,False,False,False,False,False,False
MCH9332,Gupta Inc,5912,PHARMACY,PRIVATE_LIMITED,Pune,Maharashtra,2023-09-24 00:00:00,,ACTIVE,1393.93,False,False,False,False,True,False
MCH9335,srinivasan-shere,5311,DEPARTMENT_STORE,PARTNERSHIP,Ludhiana,Punjab,2024-04-13 00:00:00,,ACTIVE,1875.12,True,False,False,False,True,False
MCH9335,"Sarraf, Wable and Deshmukh",5912,PHARMACY,INDIVIDUAL,Amritsar,Punjab,2023-05-03 00:00:00,,ACTIVE,399.0,False,False,False,False,True,False
MCH9348,"Solanki, Chaudhary and Nori",5912,PHARMACY,PARTNERSHIP,Pune,Maharashtra,2023-09-09 14:53:51,XXXX9093,ACTIVE,1188.0,False,False,False,False,False,False
MCH9349,Mahajan-Ghosh,5812,RESTAURANT,INDIVIDUAL,Chennai,Tamil Nadu,2023-02-21 00:00:00,,INACTIVE,3266.0,False,False,False,False,True,False
MCH9352,Chaudhary-Munshi,7011,HOTEL,SOLE_PROPRIETOR,Hyderabad,Telangana,2025-12-27 00:00:00,XXXX8228,INACTIVE,295.19,True,False,False,False,False,False
MCH9352,Bains Group,5311,DEPARTMENT_STORE,INDIVIDUAL,Chennai,Tamil Nadu,2026-01-13 00:00:00,,INACTIVE,1537.37,True,False,False,False,True,False
MCH9353,"Baral, Raj and Mishra",5411,GROCERY,PARTNERSHIP,Bengaluru,Karnataka,2025-03-19 22:49:10,XXXX0452,ACTIVE,,False,False,False,True,False,False
MCH9377,"Badal, Mitter and Mitter",5912,PHARMACY,SOLE_PROPRIETOR,Lucknow,Uttar Pradesh,2024-08-22 00:00:00,XXXX4902,ACTIVE,,False,False,False,True,False,False
MCH9383,"Sarraf, Mand and Dalal",4131,TRANSPORT,PARTNERSHIP,Lucknow,Uttar Pradesh,2025-11-25 00:00:00,,ACTIVE,-548.73,False,False,True,False,True,False
MCH9386,"Kothari,SantandLoyal",5699,APPAREL,INDIVIDUAL,Bengaluru,Karnataka,2023-01-04 07:17:00,XXXX0692,ACTIVE,2792.0,False,False,False,False,False,False
MCH9393,SUBRAMANIAN LLC,7011,HOTEL,INDIVIDUAL,Bengaluru,Karnataka,2025-01-10 00:00:00,XXXX4684,ACTIVE,1268.96,False,False,False,False,False,False
MCH9393,Chand-Vasa,5942,BOOKS_STATIONERY,INDIVIDUAL,Ludhiana,Punjab,2024-12-23 11:24:00,XXXX4669,ACTIVE,2868.44,False,False,False,False,False,False
MCH9393,Narasimhan Inc,4131,TRANSPORT,PARTNERSHIP,Kolkata,West Bengal,2024-09-18 13:34:26,XXXX0742,ACTIVE,1156.0,False,False,False,False,False,False
MCH9393,Vala-Bahri,4814,TELECOM,SOLE_PROPRIETOR,Kolkata,West Bengal,2024-06-09 10:37:28,XXXX2378,INACTIVE,1926.43,False,False,False,False,False,False
MCH9394,Balay Group,5311,DEPARTMENT_STORE,SOLE_PROPRIETOR,Chennai,Tamil Nadu,2023-08-08 00:00:00,,ACTIVE,279.0,False,False,False,False,True,False
MCH9396,"Solanki, Kara and Saha",7011,HOTEL,SOLE_PROPRIETOR,Bengaluru,Karnataka,2024-07-08 07:13:36,XXXX6974,ACTIVE,1428.59,False,False,False,False,False,False
MCH9398,"Suresh, Khosla and Kadakia",7011,HOTEL,SOLE_PROPRIETOR,Bengaluru,Karnataka,,XXXX1590,ACTIVE,1404.91,True,False,False,False,False,True
MCH9400,SACHAR PLC,5942,BOOKS_STATIONERY,SOLE_PROPRIETOR,Kolkata,West Bengal,2023-03-28 00:00:00,,ACTIVE,872.66,False,False,False,False,True,False
MCH9406,Goyal-Bhakta,5912,PHARMACY,INDIVIDUAL,Delhi,Delhi,2023-11-20 00:00:00,,ACTIVE,280.93,False,False,False,False,True,False
MCH9418,Dixit-Ranganathan,5912,PHARMACY,PARTNERSHIP,Delhi,Delhi,2024-02-24 00:00:00,,ACTIVE,1164.23,False,False,False,False,True,False
MCH9426,Singh-Narula,7011,HOTEL,SOLE_PROPRIETOR,Chennai,Tamil Nadu,2023-07-08 00:00:00,XXXX4896,ACTIVE,615.87,False,False,False,False,False,False
MCH9429,"Sachar, Borra and Raj",4814,TELECOM,PRIVATE_LIMITED,Bengaluru,Karnataka,,,ACTIVE,1031.66,False,False,False,False,True,True
MCH9439,Dhingra Inc,5411,GROCERY,INDIVIDUAL,Mumbai,Maharashtra,2023-06-06 00:00:00,,INACTIVE,619.52,False,False,False,False,True,False
MCH9443,"Chowdhury, Kapadia and Chada",5812,RESTAURANT,PARTNERSHIP,Chennai,Tamil Nadu,2024-02-20 00:00:00,,ACTIVE,1660.16,False,False,False,False,True,False
MCH9444,NarainandSons,5812,RESTAURANT,PRIVATE_LIMITED,Hyderabad,Telangana,2023-08-09 00:00:00,XXXX4479,INACTIVE,1056.16,False,False,False,False,False,False
MCH9447,Singh and Sons,7011,HOTEL,PRIVATE_LIMITED,Chennai,Tamil Nadu,2023-01-10 00:00:00,XXXX0990,ACTIVE,1158.32,False,False,False,False,False,False
MCH9456,Anne Group,5999,MISC_RETAIL,SOLE_PROPRIETOR,Chennai,Tamil Nadu,2024-05-16 00:00:00,,ACTIVE,896.81,False,False,False,False,True,False
MCH9457,Som-Ravi,5311,DEPARTMENT_STORE,SOLE_PROPRIETOR,Jaipur,Rajasthan,2025-02-19 05:25:00,,ACTIVE,672.31,False,False,False,False,True,False
MCH9457,"Rege, Kalita and Sibal",7011,HOTEL,PARTNERSHIP,Hyderabad,Telangana,,,ACTIVE,3319.89,True,False,False,False,True,True
MCH9458,"Basak, Natarajan and Golla",4814,TELECOM,INDIVIDUAL,Mumbai,Maharashtra,2024-06-10 13:29:00,XXXX0189,ACTIVE,1528.67,False,False,False,False,False,False
MCH9459,Bala and Sons,5411,GROCERY,PARTNERSHIP,Chennai,Tamil Nadu,2023-11-12 00:00:00,,ACTIVE,558.21,False,False,False,False,True,False
MCH9471,Sarma Ltd,5699,APPAREL,PARTNERSHIP,Hyderabad,Telangana,2023-10-26 00:00:00,XXXX5808,ACTIVE,2136.82,False,False,False,False,False,False
MCH9474,"dutta, ramesh and buch",7011,HOTEL,SOLE_PROPRIETOR,Hyderabad,Telangana,2024-10-13 00:00:00,,INACTIVE,290.21,False,False,False,False,True,False
MCH9481,"Seshadri, Hora and Magar",4814,TELECOM,SOLE_PROPRIETOR,Jalandhar,Punjab,2024-02-09 00:00:00,,ACTIVE,927.01,True,False,False,False,True,False
MCH9492,Sahni-Ravel,5311,DEPARTMENT_STORE,INDIVIDUAL,Lucknow,Uttar Pradesh,2024-03-01 00:00:00,XXXX0223,ACTIVE,3080.63,False,False,False,False,False,False
MCH9494,"Wable, Warrior and Parmer",4814,TELECOM,INDIVIDUAL,Pune,Maharashtra,2024-05-27 00:00:00,,ACTIVE,455.01,True,False,False,False,True,False
MCH9503,"Lanka, Bhasin and Srinivas",5411,GROCERY,PARTNERSHIP,Kolkata,West Bengal,2024-10-29 00:00:00,,ACTIVE,1065.1,False,False,False,False,True,False
MCH9537,"Kohli, Bedi and Khatri",5812,RESTAURANT,PARTNERSHIP,Lucknow,Uttar Pradesh,2023-02-03 00:00:00,XXXX4902,ACTIVE,-2200.76,False,False,True,False,False,False
MCH9537,Mahal Group,5999,MISC_RETAIL,PRIVATE_LIMITED,Jalandhar,Punjab,2023-05-13 00:00:00,,ACTIVE,777.57,False,False,False,False,True,False
MCH9542,"Buch, Singhal and Bhardwaj",5812,RESTAURANT,INDIVIDUAL,Chennai,Tamil Nadu,2023-01-05 00:00:00,XXXX0525,INACTIVE,2703.0,False,False,False,False,False,False
MCH9543,"G0ur, Raju and Dara",4131,TRANSPORT,INDIVIDUAL,Amritsar,Punjab,2024-02-10 00:00:00,,ACTIVE,-458.0,False,False,True,False,True,False
MCH9548,Sur PLC,5912,PHARMACY,SOLE_PROPRIETOR,Bengaluru,Karnataka,2024-08-14 00:00:00,,ACTIVE,,False,False,False,True,True,False
MCH9551,Chaudhry-Vaidya,5942,BOOKS_STATIONERY,SOLE_PROPRIETOR,Pune,Maharashtra,2023-04-23 05:10:39,XXXX2092,ACTIVE,1013.07,False,False,False,False,False,False
MCH9555,"nadig, kumer and nath",5912,PHARMACY,PARTNERSHIP,Lucknow,Uttar Pradesh,2023-02-01 00:00:00,XXXX7253,ACTIVE,,False,False,False,True,False,False
MCH9560,Kaul PLC,5942,BOOKS_STATIONERY,INDIVIDUAL,Bengaluru,Karnataka,2024-10-24 00:00:00,XXXX3864,INACTIVE,735.59,False,False,False,False,False,False
MCH9563,"Singh, Issac and Murty",4131,TRANSPORT,PRIVATE_LIMITED,Kolkata,West Bengal,2023-02-01 00:00:00,,ACTIVE,1366.02,False,False,False,False,True,False
MCH9565,Subramanian-Bakshi,4814,TELECOM,PRIVATE_LIMITED,Hyderabad,Telangana,2025-06-26 00:00:00,XXXX4080,INACTIVE,1964.93,False,False,False,False,False,False
MCH9565,Gaba LLC,5912,PHARMACY,INDIVIDUAL,Kolkata,West Bengal,2025-03-08 00:00:00,XXXX3069,INACTIVE,715.93,False,False,False,False,False,False
MCH9583,"Borra, Mutti and Chaudhary",5812,RESTAURANT,PRIVATE_LIMITED,Ludhiana,Punjab,2023-05-13 01:02:41,XXXX9465,ACTIVE,1408.6,False,False,False,False,False,False
MCH9584,Kakar PLC,5812,RESTAURANT,INDIVIDUAL,Pune,Maharashtra,2024-05-13 06:31:00,XXXX4704,INACTIVE,653.19,True,False,False,False,False,False
MCH9593,"Vora, Natt and Butala",5411,GROCERY,SOLE_PROPRIETOR,Ludhiana,Punjab,2023-06-03 00:00:00,XXXX8685,ACTIVE,-2670.56,False,False,True,False,False,False
MCH9593,Daya1 Inc,4131,TRANSPORT,PARTNERSHIP,Kolkata,West Bengal,2024-05-06 00:00:00,,ACTIVE,2414.51,True,False,False,False,True,False
MCH9601,Murthy-Sagar,5999,MISC_RETAIL,PRIVATE_LIMITED,Delhi,Delhi,,XXXX7650,ACTIVE,2574.06,False,False,False,False,False,True
MCH9609,Mohanty LLC,5942,BOOKS_STATIONERY,PARTNERSHIP,Mumbai,Maharashtra,2025-02-23 00:00:00,XXXX6606,ACTIVE,-503.9,True,False,True,False,False,False
MCH9609,"Taneja, Parsa and Chaudhry",4814,TELECOM,PRIVATE_LIMITED,Mumbai,Maharashtra,2024-09-15 00:00:00,,ACTIVE,501.49,False,False,False,False,True,False
MCH9609,Saran-Iyengar,5812,RESTAURANT,SOLE_PROPRIETOR,Bengaluru,Karnataka,2023-11-14 00:00:00,,ACTIVE,3223.75,True,False,False,False,True,False
MCH9620,prakash group,5411,GROCERY,PARTNERSHIP,Ludhiana,Punjab,2023-02-02 08:54:57,,ACTIVE,2975.01,False,False,False,False,True,False
MCH9623,Mangat PLC,4814,TELECOM,SOLE_PROPRIETOR,Lucknow,Uttar Pradesh,2024-03-26 15:39:33,,ACTIVE,457.6,False,False,False,False,True,False
MCH9635,Parekh-Mammen,5411,GROCERY,PRIVATE_LIMITED,Pune,Maharashtra,2025-05-07 07:22:44,,ACTIVE,1533.7,False,False,False,False,True,False
MCH9640,Basu Group,5311,DEPARTMENT_STORE,SOLE_PROPRIETOR,Bengaluru,Karnataka,2025-05-21 00:00:00,,ACTIVE,8379.99,True,False,False,False,True,False
MCH9640,"Jain, Sant and Oak",5699,APPAREL,INDIVIDUAL,Bengaluru,Karnataka,,XXXX6262,ACTIVE,-714.89,False,False,True,False,False,True
MCH9692,Parekh-Kurian,5699,APPAREL,INDIVIDUAL,Jaipur,Rajasthan,2025-10-20 00:00:00,XXXX0036,ACTIVE,,False,False,False,True,False,False
MCH9704,"Wason, Upadhyay and Palla",5311,DEPARTMENT_STORE,PRIVATE_LIMITED,Mumbai,Maharashtra,2024-07-11 02:29:00,XXXX4202,ACTIVE,,False,False,False,True,False,False
MCH9710,Trivedi PLC,5411,GROCERY,PARTNERSHIP,Ludhiana,Punjab,2025-01-24 00:00:00,,ACTIVE,718.83,False,False,False,False,True,False
MCH9718,"Trivedi, Yohannan and Garde",5411,GROCERY,SOLE_PROPRIETOR,Pune,Maharashtra,2025-06-14 14:04:26,XXXX9963,ACTIVE,1881.34,False,False,False,False,False,False
MCH9718,Mammen and Sons,5411,GROCERY,SOLE_PROPRIETOR,Jalandhar,Punjab,2023-06-20 00:00:00,XXXX3891,ACTIVE,678.94,False,False,False,False,False,False
MCH9718,Bumb PLC,5699,APPAREL,PRIVATE_LIMITED,Jalandhar,Punjab,,XXXX7725,ACTIVE,,False,False,False,True,False,True
MCH9732,"Srinivasan,EdwinandRattan",4131,TRANSPORT,SOLE_PROPRIETOR,Amritsar,Punjab,2025-04-19 12:04:14,,ACTIVE,3076.5,True,False,False,False,True,False
MCH9744,Walia Inc,5942,BOOKS_STATIONERY,SOLE_PROPRIETOR,Bengaluru,Karnataka,2024-06-24 00:00:00,XXXX8765,ACTIVE,574.28,False,False,False,False,False,False
MCH9745,"Datta, Kibe and Barad",5912,PHARMACY,SOLE_PROPRIETOR,Ludhiana,Punjab,2023-03-05 00:00:00,XXXX9691,INACTIVE,1003.0,True,False,False,False,False,False
MCH9745,ramanathan-kara,4131,TRANSPORT,SOLE_PROPRIETOR,Chennai,Tamil Nadu,2023-11-27 13:35:38,,ACTIVE,,False,False,False,True,True,False
MCH9749,Virk Ltd,4131,TRANSPORT,PRIVATE_LIMITED,Pune,Maharashtra,2023-05-24 00:00:00,XXXX0126,ACTIVE,4831.0,True,False,False,False,False,False
MCH9755,"Mane, Dey and Nagy",7011,HOTEL,INDIVIDUAL,Lucknow,Uttar Pradesh,2023-09-05 00:00:00,,ACTIVE,2207.77,False,False,False,False,True,False
MCH9764,"Chaudhry, Samra and Garde",4814,TELECOM,PRIVATE_LIMITED,Jalandhar,Punjab,2024-07-15 00:00:00,XXXX9534,ACTIVE,-4596.71,False,False,True,False,False,False
MCH9769,Setty-Mistry,5311,DEPARTMENT_STORE,PARTNERSHIP,Mumbai,Maharashtra,2023-10-31 00:00:00,,ACTIVE,301.79,False,False,False,False,True,False
MCH9769,Yogi-Dixit,5411,GROCERY,PRIVATE_LIMITED,Amritsar,Punjab,,XXXX9610,INACTIVE,1299.88,False,False,False,False,False,True
MCH9772,Sachdeva LLC,5411,GROCERY,SOLE_PROPRIETOR,Kolkata,West Bengal,2025-10-23 00:00:00,XXXX8008,ACTIVE,,False,False,False,True,False,False
MCH9772,"Memon, Virk and Mital",5812,RESTAURANT,INDIVIDUAL,Amritsar,Punjab,,,ACTIVE,2402.93,True,False,False,False,True,True
MCH9782,"Prashad, Sura and Mutti",5311,DEPARTMENT_STORE,SOLE_PROPRIETOR,Amritsar,Punjab,2025-04-17 00:00:00,,ACTIVE,2734.0,False,False,False,False,True,False
MCH9785,Bains-Bhavsar,5999,MISC_RETAIL,PARTNERSHIP,Mumbai,Maharashtra,2023-08-07 00:00:00,,ACTIVE,54.42,False,False,False,False,True,False
MCH9787,Nigam LLC,7011,HOTEL,PRIVATE_LIMITED,Jaipur,Rajasthan,2023-06-18 00:00:00,,ACTIVE,717.19,False,False,False,False,True,False
MCH9790,Ganesh-La1,5999,MISC_RETAIL,SOLE_PROPRIETOR,Delhi,Delhi,2024-03-11 00:00:00,XXXX6953,ACTIVE,914.14,False,False,False,False,False,False
MCH9790,YOHANNAN-NARANG,7011,HOTEL,PRIVATE_LIMITED,Lucknow,Uttar Pradesh,2023-01-17 00:00:00,XXXX8274,ACTIVE,1704.7,False,False,False,False,False,False
MCH9800,"Om, Rana and Bhatti",5311,DEPARTMENT_STORE,PARTNERSHIP,Hyderabad,Telangana,,XXXX5409,ACTIVE,,False,False,False,True,False,True
MCH9802,Kashyap LLC,4814,TELECOM,PRIVATE_LIMITED,Amritsar,Punjab,,XXXX1194,INACTIVE,378.5,False,False,False,False,False,True
MCH9811,natarajan-goswami,5699,APPAREL,PARTNERSHIP,Mumbai,Maharashtra,2023-08-24 00:06:28,,ACTIVE,5908.31,False,False,False,False,True,False
MCH9813,"Padmanabhan,BrahmbhattandTrivedi",5411,GROCERY,PRIVATE_LIMITED,Ludhiana,Punjab,2025-01-27 10:19:00,XXXX5772,ACTIVE,2491.37,False,False,False,False,False,False
MCH9813,Modi Group,5912,PHARMACY,SOLE_PROPRIETOR,Kolkata,West Bengal,2023-01-13 00:00:00,XXXX8265,INACTIVE,3354.47,False,False,False,False,False,False
MCH9831,Kala-Wason,5942,BOOKS_STATIONERY,INDIVIDUAL,Chennai,Tamil Nadu,2024-09-21 00:00:00,XXXX7493,ACTIVE,1222.6,False,False,False,False,False,False
MCH9831,"Nayar, Sridhar and Shankar",5411,GROCERY,SOLE_PROPRIETOR,Bengaluru,Karnataka,2023-05-03 00:00:00,,ACTIVE,2558.5,False,False,False,False,True,False
MCH9834,Pau Ltd,5999,MISC_RETAIL,PRIVATE_LIMITED,Jalandhar,Punjab,2023-12-07 00:00:00,XXXX5411,ACTIVE,428.09,True,False,False,False,False,False
MCH9834,"Gill, Varghese and Ganesh",5912,PHARMACY,PRIVATE_LIMITED,Kolkata,West Bengal,2023-03-26 00:00:00,,ACTIVE,1416.0,False,False,False,False,True,False
MCH9835,MANDA INC,5912,PHARMACY,INDIVIDUAL,Kolkata,West Bengal,2024-10-22 00:00:00,,ACTIVE,293.75,False,False,False,False,True,False
MCH9846,"Nadig, Saran and Prabhakar",5411,GROCERY,PRIVATE_LIMITED,Amritsar,Punjab,2023-05-30 00:00:00,,ACTIVE,672.0,True,False,False,False,True,False
MCH9847,"Krish, Rau and Parsa",5999,MISC_RETAIL,PRIVATE_LIMITED,Kolkata,West Bengal,2024-12-26 00:00:00,,ACTIVE,1027.86,False,False,False,False,True,False
MCH9858,"Kapur, Doshi and Nayak",5812,RESTAURANT,PARTNERSHIP,Delhi,Delhi,2025-02-22 05:45:00,,ACTIVE,791.03,False,False,False,False,True,False
MCH9858,Nayar Group,7011,HOTEL,SOLE_PROPRIETOR,Pune,Maharashtra,2024-11-23 17:57:00,,ACTIVE,648.23,False,False,False,False,True,False
MCH9858,"Devi, Thaker and Master",5812,RESTAURANT,PRIVATE_LIMITED,Amritsar,Punjab,2024-07-20 00:00:00,,ACTIVE,255.83,False,False,False,False,True,False
MCH9866,"Lad,ShereandKarpe",5812,RESTAURANT,INDIVIDUAL,Lucknow,Uttar Pradesh,2023-07-07 23:38:23,,ACTIVE,1173.0,False,False,False,False,True,False
MCH9867,Loyal and Sons,5699,APPAREL,PARTNERSHIP,Pune,Maharashtra,2023-05-16 14:57:33,,ACTIVE,1984.39,False,False,False,False,True,False
MCH9868,"Bedi, Konda and Kant",5912,PHARMACY,INDIVIDUAL,Jaipur,Rajasthan,2023-01-02 06:58:00,XXXX9285,ACTIVE,444.97,False,False,False,False,False,False
MCH9877,Borra and Sons,4814,TELECOM,INDIVIDUAL,Bengaluru,Karnataka,2023-04-12 21:37:32,XXXX1168,ACTIVE,416.84,False,False,False,False,False,False
MCH9883,"K0rpa1, Bera and Sachdeva",4814,TELECOM,PARTNERSHIP,Bengaluru,Karnataka,2025-07-08 00:00:00,,ACTIVE,1595.57,False,False,False,False,True,False
MCH9888,"Contractor, Mohanty and Devi",5912,PHARMACY,SOLE_PROPRIETOR,Chennai,Tamil Nadu,2025-09-23 23:00:00,XXXX3253,INACTIVE,1367.96,False,False,False,False,False,False
MCH9888,"Majumdar, Sama and Narayanan",4814,TELECOM,SOLE_PROPRIETOR,Kolkata,West Bengal,2025-08-13 00:00:00,XXXX3073,INACTIVE,444.72,True,False,False,False,False,False
MCH9888,Lalla-Cherian,5411,GROCERY,SOLE_PROPRIETOR,Mumbai,Maharashtra,2023-09-01 20:16:39,,ACTIVE,2000.0,False,False,False,False,True,False
MCH9896,wali group,4814,TELECOM,SOLE_PROPRIETOR,Pune,Maharashtra,2023-08-15 00:00:00,,INACTIVE,1708.02,False,False,False,False,True,False
MCH9906,sani-tailor,5311,DEPARTMENT_STORE,PARTNERSHIP,Chennai,Tamil Nadu,2024-11-20 00:00:00,,ACTIVE,3953.0,False,False,False,False,True,False
MCH9909,CHAR-MOHANTY,5999,MISC_RETAIL,PARTNERSHIP,Delhi,Delhi,2023-02-18 05:54:00,XXXX7435,ACTIVE,1739.69,False,False,False,False,False,False
MCH9914,nayar group,5311,DEPARTMENT_STORE,INDIVIDUAL,Amritsar,Punjab,2024-05-26 03:30:00,XXXX7263,ACTIVE,5811.91,False,False,False,False,False,False
MCH9918,Lanka-Oommen,5411,GROCERY,PRIVATE_LIMITED,Amritsar,Punjab,2023-02-08 00:00:00,,ACTIVE,562.01,False,False,False,False,True,False
MCH9928,Kalita-Dave,5999,MISC_RETAIL,PRIVATE_LIMITED,Mumbai,Maharashtra,2023-02-14 00:00:00,,ACTIVE,2034.32,False,False,False,False,True,False
MCH9931,"Wadhwa, Loyal and Bhat",4814,TELECOM,PARTNERSHIP,Lucknow,Uttar Pradesh,2024-05-03 20:57:24,,INACTIVE,-1226.34,False,False,True,False,True,False
MCH9940,"Thakur, Chokshi and Char",5699,APPAREL,SOLE_PROPRIETOR,Jalandhar,Punjab,2023-01-16 00:00:00,,ACTIVE,1656.0,False,False,False,False,True,False
MCH9941,"prakash, ramakrishnan and shukla",4814,TELECOM,PARTNERSHIP,Ludhiana,Punjab,2023-08-19 00:00:00,,ACTIVE,414.88,False,False,False,False,True,False
MCH9942,Srinivas and Sons,7011,HOTEL,INDIVIDUAL,Amritsar,Punjab,2024-07-09 13:54:00,XXXX9837,ACTIVE,636.69,True,False,False,False,False,False
MCH9942,"Joshi,PradhanandBawa",5311,DEPARTMENT_STORE,PARTNERSHIP,Mumbai,Maharashtra,2023-08-22 00:00:00,XXXX6711,ACTIVE,289.38,False,False,False,False,False,False
MCH9942,"Sarma, Butala and Ganguly",5912,PHARMACY,SOLE_PROPRIETOR,Lucknow,Uttar Pradesh,2025-10-16 02:21:10,,ACTIVE,,False,False,False,True,True,False
MCH9946,Koshy Group,5942,BOOKS_STATIONERY,PRIVATE_LIMITED,Hyderabad,Telangana,,XXXX9561,INACTIVE,1728.0,True,False,False,False,False,True
MCH9949,Lanka Ltd,4131,TRANSPORT,SOLE_PROPRIETOR,Ludhiana,Punjab,2024-10-08 00:24:00,,ACTIVE,4386.14,False,False,False,False,True,False
MCH9954,Mitra LLC,5912,PHARMACY,SOLE_PROPRIETOR,Lucknow,Uttar Pradesh,2023-06-30 00:00:00,,ACTIVE,412.84,False,False,False,False,True,False
MCH9955,Bumb Ltd,5912,PHARMACY,INDIVIDUAL,Bengaluru,Karnataka,2024-02-20 00:00:00,,INACTIVE,5375.4,True,False,False,False,True,False
MCH9956,"Sanghvi, Ghose and Din",5311,DEPARTMENT_STORE,PRIVATE_LIMITED,Delhi,Delhi,2025-11-29 16:15:00,,ACTIVE,2309.81,False,False,False,False,True,False
MCH9957,"Choudhury, Doctor and Das",5942,BOOKS_STATIONERY,PARTNERSHIP,Jalandhar,Punjab,2023-03-15 00:00:00,XXXX1369,ACTIVE,,False,False,False,True,False,False
MCH9966,"Kara, Chanda and Hayre",4131,TRANSPORT,INDIVIDUAL,Kolkata,West Bengal,2024-01-16 20:22:00,XXXX6108,ACTIVE,3566.37,False,False,False,False,False,False
MCH9968,Swamy-Was0n,5311,DEPARTMENT_STORE,SOLE_PROPRIETOR,Mumbai,Maharashtra,2024-04-29 12:30:36,,INACTIVE,526.26,False,False,False,False,True,False
MCH9975,Nadkarni-Sane,5999,MISC_RETAIL,SOLE_PROPRIETOR,Delhi,Delhi,2025-08-02 00:00:00,XXXX7415,INACTIVE,4465.19,False,False,False,False,False,False
MCH9984,Samra and Sons,5942,BOOKS_STATIONERY,PRIVATE_LIMITED,Ludhiana,Punjab,2025-09-02 00:00:00,XXXX5493,ACTIVE,983.46,False,False,False,False,False,False
